lr,beta,dpo_step,elapsed_time_sec,model_name,ARC-C,GPQA,GSM8K,HellaSwag,PIQA,TruthfulQA,IFEval,Arena-Hard,MT-Bench,AlpacaEval,ELO,size
1e-06,0.01,200,1226.1,dpo-qwen3-0.6b-sft-lr3e5-ao-lr1e6-beta0.01-step200,45.81911262798635,32.82828282828283,,53.49531965743876,69.0424374319913,43.18077301539407,33.420103104207946,50.83333333333333,55.74324324324324,1.2905044486733648,607.5947446215871,0.6b
1e-06,0.01,400,2452.3,dpo-qwen3-0.6b-sft-lr3e5-ao-lr1e6-beta0.01-step400,46.2457337883959,32.323232323232325,,53.714399522007575,69.58650707290533,43.15272774047148,33.12034291236142,51.266666666666666,58.55263157894737,1.2694822903388534,612.0732513669307,0.6b
1e-06,0.01,600,3678.4,dpo-qwen3-0.6b-sft-lr3e5-ao-lr1e6-beta0.01-step600,46.160409556314,30.303030303030305,,53.82393945429197,69.36887921653971,43.218082728059166,33.30767918013095,47.46666666666667,59.523809523809526,1.0721513223342634,632.0272927992604,0.6b
1e-06,0.01,800,4904.5,dpo-qwen3-0.6b-sft-lr3e5-ao-lr1e6-beta0.01-step800,46.33105802047782,31.818181818181817,,53.833897629954194,69.53210010881394,43.21633288201323,32.39343829926816,47.93333333333333,62.66233766233766,1.5847418868137075,603.3895922898274,0.6b
1e-06,0.01,1000,6130.7,dpo-qwen3-0.6b-sft-lr3e5-ao-lr1e6-beta0.01-step1000,46.58703071672355,31.313131313131315,,53.804023102967534,69.47769314472254,43.24422684276389,31.46296271670279,49.46666666666666,61.82432432432432,1.320613272698451,638.6556253078936,0.6b
1e-06,0.01,1200,7356.8,dpo-qwen3-0.6b-sft-lr3e5-ao-lr1e6-beta0.01-step1200,46.33105802047782,32.323232323232325,,,69.26006528835691,43.25704371895354,32.741902596222474,48.83333333333333,60.85526315789473,1.3234149587184496,596.8879630348148,0.6b
1e-06,0.01,1400,8582.9,dpo-qwen3-0.6b-sft-lr3e5-ao-lr1e6-beta0.01-step1400,46.33105802047782,32.323232323232325,,53.82393945429197,69.80413492927094,43.218675220993255,33.34264196775666,48.99999999999999,60.810810810810814,1.495504934162171,627.5615294988329,0.6b
1e-06,0.01,1600,9809.0,dpo-qwen3-0.6b-sft-lr3e5-ao-lr1e6-beta0.01-step1600,46.160409556314,31.818181818181817,,53.89364668392751,69.26006528835691,43.300834421558406,33.06039087399212,46.6,62.5,1.5909759886408552,562.5751735960475,0.6b
1e-06,0.01,1800,11035.2,dpo-qwen3-0.6b-sft-lr3e5-ao-lr1e6-beta0.01-step1800,46.33105802047782,31.818181818181817,,53.7841067516431,69.1512513601741,43.21802751707688,33.2452337575411,50.8,60.47297297297297,1.628866890687403,600.2037154492623,0.6b
1e-06,0.01,2000,12261.3,dpo-qwen3-0.6b-sft-lr3e5-ao-lr1e6-beta0.01-step2000,46.33105802047782,33.33333333333333,,53.86377215694085,69.64091403699673,43.17190065706817,33.53623940034664,49.66666666666666,62.0,1.0593827999090644,643.6153886648397,0.6b
1e-06,0.01,2031,12451.4,dpo-qwen3-0.6b-sft-lr3e5-ao-lr1e6-beta0.01,46.2457337883959,31.818181818181817,43.59363153904473,53.75423222465644,69.42328618063112,43.173850760054414,32.266054069867955,48.66666666666666,61.25827814569536,1.3570068918696192,652.2110732583229,0.6b
1e-06,0.02,200,985.5,dpo-qwen3-0.6b-sft-lr3e5-ao-lr1e6-beta0.02-step200,45.64846416382253,32.82828282828283,,53.56502688707428,69.42328618063112,43.07357801269517,32.49710767430418,48.56666666666666,51.32450331125828,1.3079548530737697,614.8733418816573,0.6b
1e-06,0.02,400,1970.9,dpo-qwen3-0.6b-sft-lr3e5-ao-lr1e6-beta0.02-step400,46.160409556314,31.818181818181817,,53.75423222465644,69.64091403699673,43.18019078952451,32.79060670133024,50.7,56.80272108843537,1.228894379612416,610.2641547243841,0.6b
1e-06,0.02,600,2956.4,dpo-qwen3-0.6b-sft-lr3e5-ao-lr1e6-beta0.02-step600,46.2457337883959,31.818181818181817,,53.68452499502091,69.42328618063112,43.19803414888224,32.9729562006587,48.6,63.63636363636363,1.0954255804558268,615.4475094050568,0.6b
1e-06,0.02,800,3941.9,dpo-qwen3-0.6b-sft-lr3e5-ao-lr1e6-beta0.02-step800,46.2457337883959,31.818181818181817,,53.843855805616414,69.47769314472254,43.2794651816132,33.420103104207946,43.633333333333326,55.71428571428572,1.1931526177650391,630.6847667026393,0.6b
1e-06,0.02,1000,4927.3,dpo-qwen3-0.6b-sft-lr3e5-ao-lr1e6-beta0.02-step1000,46.33105802047782,31.818181818181817,,53.82393945429197,69.53210010881394,43.28269056009819,33.835999592193154,51.03333333333333,65.78947368421053,1.0549305149244044,602.5583328704806,0.6b
1e-06,0.02,1200,5912.8,dpo-qwen3-0.6b-sft-lr3e5-ao-lr1e6-beta0.02-step1200,46.33105802047782,32.323232323232325,,53.833897629954194,69.64091403699673,43.27151002084744,33.748564918859735,49.8,61.224489795918366,1.2044157394273178,572.7467232165419,0.6b
1e-06,0.02,1400,6898.3,dpo-qwen3-0.6b-sft-lr3e5-ao-lr1e6-beta0.02-step1400,46.2457337883959,31.313131313131315,,53.764190400318654,69.1512513601741,43.28004674684951,32.649481154447976,49.33333333333333,64.52702702702703,1.4684163137635122,607.0839272745434,0.6b
1e-06,0.02,1600,7883.7,dpo-qwen3-0.6b-sft-lr3e5-ao-lr1e6-beta0.02-step1600,46.33105802047782,31.818181818181817,,53.86377215694085,69.26006528835691,43.32121989439284,33.12782306502303,48.36666666666666,61.58940397350994,1.8400957554940047,605.2223509863226,0.6b
1e-06,0.02,1800,8869.2,dpo-qwen3-0.6b-sft-lr3e5-ao-lr1e6-beta0.02-step1800,46.58703071672355,32.323232323232325,,53.674566819358695,69.47769314472254,43.28704923081551,32.199840866678194,48.2,58.108108108108105,1.1338260957150368,615.9007684665831,0.6b
1e-06,0.02,2000,9854.6,dpo-qwen3-0.6b-sft-lr3e5-ao-lr1e6-beta0.02-step2000,46.07508532423208,31.818181818181817,,53.85381398127864,69.26006528835691,43.31175911245712,32.56703324955562,49.266666666666666,60.738255033557046,1.1709927054450964,597.1786179359067,0.6b
1e-06,0.02,2031,10007.4,dpo-qwen3-0.6b-sft-lr3e5-ao-lr1e6-beta0.02,46.41638225255973,30.303030303030305,42.380591357088704,53.73431587333201,69.31447225244831,43.39939296775846,33.01290575672549,47.93333333333333,64.62585034013605,1.2986337472358982,635.04062164546,0.6b
1e-06,0.04,200,983.2,dpo-qwen3-0.6b-sft-lr3e5-ao-lr1e6-beta0.04-step200,46.07508532423208,31.313131313131315,,53.53515236008764,69.26006528835691,43.090526737416965,33.914679716485594,48.73333333333333,57.71812080536913,1.9184241189029103,608.5735380973538,0.6b
1e-06,0.04,400,1966.5,dpo-qwen3-0.6b-sft-lr3e5-ao-lr1e6-beta0.04-step400,46.07508532423208,32.323232323232325,,53.714399522007575,69.1512513601741,43.197087117080336,34.36930677269645,48.333333333333336,56.25,1.3088369560906157,622.4568799134535,0.6b
1e-06,0.04,600,2949.7,dpo-qwen3-0.6b-sft-lr3e5-ao-lr1e6-beta0.04-step600,46.160409556314,31.818181818181817,42.30477634571645,53.77414857598089,69.64091403699673,43.298264829642335,33.457559276054205,49.0,62.08053691275168,1.1524479248530015,612.967579003823,0.6b
1e-06,0.04,800,3933.0,dpo-qwen3-0.6b-sft-lr3e5-ao-lr1e6-beta0.04-step800,46.67235494880546,30.80808080808081,41.54662623199393,53.804023102967534,69.58650707290533,43.293074683062,35.422179816220954,48.8,65.13157894736842,1.315869091927618,662.6360331946719,0.6b
1e-06,0.04,1000,4916.2,dpo-qwen3-0.6b-sft-lr3e5-ao-lr1e6-beta0.04-step1000,46.41638225255973,33.83838383838384,42.0773313115997,53.843855805616414,69.2056583242655,43.43589291987956,32.95422811473557,49.4,65.17241379310344,1.470491020294668,589.8226369141203,0.6b
1e-06,0.04,1200,5899.5,dpo-qwen3-0.6b-sft-lr3e5-ao-lr1e6-beta0.04-step1200,46.41638225255973,31.818181818181817,42.53222137983321,53.89364668392751,69.36887921653971,43.360071489403,31.950059176318835,49.86666666666666,62.24489795918368,0.8615665909090261,654.8585425285195,0.6b
1e-06,0.04,1400,6882.7,dpo-qwen3-0.6b-sft-lr3e5-ao-lr1e6-beta0.04-step1400,46.33105802047782,32.82828282828283,42.45640636846096,53.74427404899422,69.31447225244831,43.3584444132496,32.07245663727798,46.33333333333333,59.74025974025974,1.535840599615875,606.4561318687295,0.6b
1e-06,0.04,1600,7866.0,dpo-qwen3-0.6b-sft-lr3e5-ao-lr1e6-beta0.04-step1600,46.41638225255973,32.323232323232325,43.59363153904473,53.75423222465644,69.36887921653971,43.326424529931465,32.600777049340195,50.16666666666666,61.66666666666667,1.01228347985093,614.0248290143434,0.6b
1e-06,0.04,1800,8849.2,dpo-qwen3-0.6b-sft-lr3e5-ao-lr1e6-beta0.04-step1800,46.2457337883959,31.313131313131315,43.13874147081122,53.82393945429197,69.69532100108815,43.18141406852207,33.139070998284545,49.06666666666666,64.23841059602648,0.8890405543946193,628.4372475536622,0.6b
1e-06,0.04,2000,9832.4,dpo-qwen3-0.6b-sft-lr3e5-ao-lr1e6-beta0.04-step2000,46.33105802047782,31.818181818181817,42.00151630022744,53.64469229237204,69.74972796517955,43.24489720268516,33.16655363324867,50.3,61.564625850340136,1.3280091098801463,677.8009400902923,0.6b
1e-06,0.04,2031,9984.8,dpo-qwen3-0.6b-sft-lr3e5-ao-lr1e6-beta0.04,46.2457337883959,32.323232323232325,42.60803639120546,53.804023102967534,69.58650707290533,43.223861510880205,32.68693732629423,49.36666666666667,62.08053691275168,1.0636267609167742,638.1027551142575,0.6b
2e-06,0.01,200,982.8,dpo-qwen3-0.6b-sft-lr3e5-ao-lr2e6-beta0.01-step200,45.81911262798635,31.818181818181817,41.39499620924943,53.674566819358695,69.31447225244831,43.08722411546732,32.785619932889176,49.36666666666666,67.66666666666666,1.1733027900518742,646.760611823215,0.6b
2e-06,0.01,400,1965.5,dpo-qwen3-0.6b-sft-lr3e5-ao-lr2e6-beta0.01-step400,46.67235494880546,32.82828282828283,45.33737680060652,54.15255925114519,69.58650707290533,43.60001734636981,32.164878079052464,48.89999999999999,70.62937062937063,2.0617845228487206,624.9962117361185,0.6b
2e-06,0.01,600,2948.3,dpo-qwen3-0.6b-sft-lr3e5-ao-lr2e6-beta0.01-step600,47.01365187713311,30.303030303030305,45.640636846095525,54.26209918342959,69.64091403699673,44.08558906610148,35.37596909533372,49.4,66.66666666666666,2.059666178464033,642.6026296724809,0.6b
2e-06,0.01,800,3931.0,dpo-qwen3-0.6b-sft-lr3e5-ao-lr2e6-beta0.01-step800,46.92832764505119,30.303030303030305,45.109931766489765,54.31189006174069,69.80413492927094,44.28780094454384,35.80560690080098,53.4,77.21088435374149,2.4088514609286698,656.607394654308,0.6b
2e-06,0.01,1000,4913.8,dpo-qwen3-0.6b-sft-lr3e5-ao-lr2e6-beta0.01-step1000,46.84300341296928,29.7979797979798,45.56482183472328,54.49113722366062,69.64091403699673,44.498435038260745,35.71318545902649,51.2,71.72413793103448,2.5325595662012463,649.7134464888351,0.6b
2e-06,0.01,1200,5896.5,dpo-qwen3-0.6b-sft-lr3e5-ao-lr2e6-beta0.01-step1200,46.92832764505119,30.303030303030305,45.109931766489765,54.46126269667397,69.58650707290533,44.47971903521091,36.7673328989304,51.33333333333333,70.86330935251799,2.5307244144020578,671.2755275106272,0.6b
2e-06,0.01,1400,6879.3,dpo-qwen3-0.6b-sft-lr3e5-ao-lr2e6-beta0.01-step1400,47.01365187713311,33.33333333333333,46.70204700530705,54.38159729137622,69.80413492927094,44.38800909454814,36.6062048697456,51.36666666666667,76.59574468085107,2.857771262240586,666.8163978749795,0.6b
2e-06,0.01,1600,7862.0,dpo-qwen3-0.6b-sft-lr3e5-ao-lr2e6-beta0.01-step1600,46.75767918088737,31.818181818181817,45.79226686884003,54.43138816968731,69.74972796517955,44.52255590726424,37.58665895379815,51.7,70.8904109589041,3.318959812316719,643.5243805983657,0.6b
2e-06,0.01,1800,8844.8,dpo-qwen3-0.6b-sft-lr3e5-ao-lr2e6-beta0.01-step1800,46.92832764505119,30.80808080808081,46.39878695981805,54.39155546703845,69.91294885745376,44.41324932100968,36.73735687974574,52.46666666666667,73.3108108108108,2.7294684848309383,632.2434456679366,0.6b
2e-06,0.01,2000,9827.5,dpo-qwen3-0.6b-sft-lr3e5-ao-lr2e6-beta0.01-step2000,46.67235494880546,31.313131313131315,45.56482183472328,54.47122087233619,69.74972796517955,44.49385342380191,35.16364357682061,49.93333333333333,69.23076923076923,3.249818447729204,636.676869439096,0.6b
2e-06,0.01,2031,9979.8,dpo-qwen3-0.6b-sft-lr3e5-ao-lr2e6-beta0.01,46.67235494880546,31.818181818181817,45.41319181197877,54.44134634534953,69.96735582154517,44.433031565368566,36.67740484137644,52.33333333333333,76.01351351351352,2.713293975480722,655.4812647763208,0.6b
2e-06,0.02,200,989.2,dpo-qwen3-0.6b-sft-lr3e5-ao-lr2e6-beta0.02-step200,46.41638225255973,32.323232323232325,41.31918119787718,53.70444134634534,69.26006528835691,43.201687098261125,33.22024450679752,50.8,60.59602649006622,1.654086506007597,620.8505279336048,0.6b
2e-06,0.02,400,1978.4,dpo-qwen3-0.6b-sft-lr3e5-ao-lr2e6-beta0.02-step400,46.75767918088737,31.313131313131315,44.50341167551175,54.08285202150967,69.96735582154517,43.69085972486401,31.661546917733837,50.633333333333326,67.3469387755102,1.6421666313697718,657.8932779084896,0.6b
2e-06,0.02,600,2967.6,dpo-qwen3-0.6b-sft-lr3e5-ao-lr2e6-beta0.02-step600,46.75767918088737,31.313131313131315,46.32297194844579,54.31189006174069,69.74972796517955,44.15856983567495,33.9746317548549,48.9,68.12080536912751,2.154578753287579,639.2727363426,0.6b
2e-06,0.02,800,3956.8,dpo-qwen3-0.6b-sft-lr3e5-ao-lr2e6-beta0.02-step800,46.84300341296928,31.818181818181817,45.94389689158454,54.26209918342959,69.85854189336234,44.29191483747601,37.04082944365396,49.93333333333333,70.2054794520548,1.9373170031376847,666.7954641542385,0.6b
2e-06,0.02,1000,4946.0,dpo-qwen3-0.6b-sft-lr3e5-ao-lr2e6-beta0.02-step1000,46.75767918088737,32.323232323232325,44.806671721000754,54.38159729137622,69.74972796517955,44.38253939951497,36.445076840560816,51.56666666666666,66.55172413793103,2.2752469657573595,652.9516266399484,0.6b
2e-06,0.02,1200,5935.1,dpo-qwen3-0.6b-sft-lr3e5-ao-lr2e6-beta0.02-step1200,47.098976109215016,29.29292929292929,46.17134192570128,54.36168094005178,69.53210010881394,44.329735678219215,35.99543655279104,52.133333333333326,70.6081081081081,1.9495313578156,662.2618280455497,0.6b
2e-06,0.02,1400,6924.3,dpo-qwen3-0.6b-sft-lr3e5-ao-lr2e6-beta0.02-step1400,47.01365187713311,29.7979797979798,46.85367702805156,54.31189006174069,69.64091403699673,44.46679116451838,34.95381144252805,49.2,68.27586206896552,1.856629796481502,672.603863324807,0.6b
2e-06,0.02,1600,7913.5,dpo-qwen3-0.6b-sft-lr3e5-ao-lr2e6-beta0.02-step1600,46.67235494880546,31.313131313131315,45.26156178923426,54.29197371041625,69.91294885745376,44.3291022058325,35.808100285021524,50.266666666666666,68.83561643835617,2.448643276586206,621.0470676420978,0.6b
2e-06,0.02,1800,8902.7,dpo-qwen3-0.6b-sft-lr3e5-ao-lr2e6-beta0.02-step1800,46.92832764505119,31.313131313131315,45.48900682335103,54.29197371041625,69.26006528835691,44.36895393461704,35.7206656116881,49.266666666666666,68.24324324324324,2.2248194593692725,639.4819898078393,0.6b
2e-06,0.02,2000,9891.9,dpo-qwen3-0.6b-sft-lr3e5-ao-lr2e6-beta0.02-step2000,47.01365187713311,32.323232323232325,44.88248673237301,54.31189006174069,69.74972796517955,44.36453305401161,36.04292167005767,51.5,69.93006993006993,2.1241820669326152,636.7650329212895,0.6b
2e-06,0.02,2031,10045.2,dpo-qwen3-0.6b-sft-lr3e5-ao-lr2e6-beta0.02,46.67235494880546,29.29292929292929,46.01971190295679,54.28201553475404,69.80413492927094,44.42160621799143,37.07956001187959,52.93333333333334,71.37931034482759,1.9203776709385043,649.8674287392313,0.6b
2e-06,0.04,200,982.4,dpo-qwen3-0.6b-sft-lr3e5-ao-lr2e6-beta0.04-step200,46.160409556314,32.82828282828283,41.69825625473844,53.74427404899422,69.69532100108815,43.10437099728174,33.59120467027486,49.7,61.920529801324506,1.6463718845373707,597.6450989578154,0.6b
2e-06,0.04,400,1964.8,dpo-qwen3-0.6b-sft-lr3e5-ao-lr2e6-beta0.04-step400,46.2457337883959,32.323232323232325,43.21455648218348,54.02310296753635,69.53210010881394,43.54609111694271,32.515835760227304,50.56666666666666,67.11409395973155,1.5927794814776666,662.0638968929927,0.6b
2e-06,0.04,600,2947.2,dpo-qwen3-0.6b-sft-lr3e5-ao-lr2e6-beta0.04-step600,46.58703071672355,30.80808080808081,43.59363153904473,54.13264289982075,69.74972796517955,43.98910588081564,35.05620642118468,49.03333333333333,67.68707482993197,2.133163003667831,646.8252900780828,0.6b
2e-06,0.04,800,3929.5,dpo-qwen3-0.6b-sft-lr3e5-ao-lr2e6-beta0.04-step800,46.67235494880546,32.323232323232325,45.26156178923426,54.07289384584744,69.58650707290533,44.21391537813084,34.47170175135308,51.36666666666667,69.72789115646259,2.588769253689613,682.5672814240667,0.6b
2e-06,0.04,1000,4911.9,dpo-qwen3-0.6b-sft-lr3e5-ao-lr2e6-beta0.04-step1000,46.84300341296928,32.323232323232325,44.95830174374526,54.09281019717188,69.80413492927094,44.127832530578445,35.171123729482225,52.53333333333333,71.42857142857143,2.2035882401837266,691.2095015229544,0.6b
2e-06,0.04,1200,5894.3,dpo-qwen3-0.6b-sft-lr3e5-ao-lr2e6-beta0.04-step1200,46.50170648464164,31.313131313131315,45.03411675511752,54.172475602469625,69.47769314472254,44.120224167720856,34.988774230153766,50.56666666666666,70.06802721088435,2.293356606409362,633.0414526688785,0.6b
2e-06,0.04,1400,6876.7,dpo-qwen3-0.6b-sft-lr3e5-ao-lr2e6-beta0.04-step1400,46.75767918088737,30.80808080808081,45.109931766489765,54.25214100776737,69.80413492927094,44.1844589400792,34.85263545171257,49.3,70.27027027027027,2.392437515401615,651.6616750555747,0.6b
2e-06,0.04,1600,7859.1,dpo-qwen3-0.6b-sft-lr3e5-ao-lr2e6-beta0.04-step1600,46.41638225255973,31.313131313131315,45.640636846095525,54.212308305118505,69.91294885745376,44.22361035600319,35.32599059384655,50.86666666666666,67.56756756756756,2.5646652255751072,651.192710893847,0.6b
2e-06,0.04,1800,8841.5,dpo-qwen3-0.6b-sft-lr3e5-ao-lr2e6-beta0.04-step1800,46.84300341296928,29.29292929292929,44.88248673237301,54.13264289982075,69.64091403699673,44.17718616737206,34.39551501128118,48.83333333333333,66.10738255033557,2.9437655947757824,684.6902254437044,0.6b
2e-06,0.04,2000,9823.9,dpo-qwen3-0.6b-sft-lr3e5-ao-lr2e6-beta0.04-step2000,46.75767918088737,29.29292929292929,44.95830174374526,54.182433778131845,69.69532100108815,44.15045830241419,35.217334450369464,50.8,65.87837837837837,2.674373872842346,637.6314746383651,0.6b
2e-06,0.04,2031,9976.1,dpo-qwen3-0.6b-sft-lr3e5-ao-lr2e6-beta0.04,46.41638225255973,30.303030303030305,46.24715693707354,54.15255925114519,69.80413492927094,44.09891982724886,35.62076401725201,52.133333333333326,74.82758620689656,2.847505470103505,695.9365150677125,0.6b
4e-06,0.01,200,990.2,dpo-qwen3-0.6b-sft-lr3e5-ao-lr4e6-beta0.01-step200,46.84300341296928,31.818181818181817,44.655041698256255,54.30193188607847,69.74972796517955,43.81960629887181,31.435480081738675,49.06666666666666,64.86486486486487,2.014606841932736,620.3549261078182,0.6b
4e-06,0.01,400,1980.3,dpo-qwen3-0.6b-sft-lr3e5-ao-lr4e6-beta0.01-step400,47.6962457337884,30.303030303030305,47.91508718726308,54.86954789882493,69.69532100108815,45.497407866648814,37.614141588762266,56.23333333333333,72.69503546099291,3.66632860820246,640.5936567619774,0.6b
4e-06,0.01,600,2970.5,dpo-qwen3-0.6b-sft-lr3e5-ao-lr4e6-beta0.01-step600,47.269624573378834,30.303030303030305,47.83927217589083,54.93925512846046,69.47769314472254,45.80069194873059,41.69575614923957,55.4,72.69503546099291,3.0878076198828808,643.8753319671364,0.6b
4e-06,0.01,800,3960.6,dpo-qwen3-0.6b-sft-lr3e5-ao-lr4e6-beta0.01-step800,46.92832764505119,31.313131313131315,46.55041698256255,55.098585939055965,69.58650707290533,45.68058756548199,40.10331476039132,55.86666666666667,68.4931506849315,3.418747021116532,650.9503765484008,0.6b
4e-06,0.01,1000,4950.8,dpo-qwen3-0.6b-sft-lr3e5-ao-lr4e6-beta0.01-step1000,47.610921501706486,31.818181818181817,47.460197119029566,55.04879506074487,69.74972796517955,45.759640556476334,40.31564027890442,55.73333333333333,69.71830985915493,3.353680343645134,651.8001173297923,0.6b
4e-06,0.01,1200,5941.0,dpo-qwen3-0.6b-sft-lr3e5-ao-lr4e6-beta0.01-step1200,47.610921501706486,31.313131313131315,47.99090219863533,55.108544114718185,69.80413492927094,45.807200127469294,39.47259936967247,55.66666666666666,69.20289855072464,3.7333946011464496,637.9743459159024,0.6b
4e-06,0.01,1400,6931.1,dpo-qwen3-0.6b-sft-lr3e5-ao-lr4e6-beta0.01-step1400,47.269624573378834,30.303030303030305,46.7778620166793,55.098585939055965,69.64091403699673,45.974173563114704,39.41015394708263,57.43333333333333,65.54054054054053,4.13661392775232,637.5012863561873,0.6b
4e-06,0.01,1600,7921.3,dpo-qwen3-0.6b-sft-lr3e5-ao-lr4e6-beta0.01-step1600,47.44027303754266,31.313131313131315,46.85367702805156,54.929296952798246,69.85854189336234,45.87140103210871,38.67698816916892,58.69999999999999,70.27972027972028,3.1843021278809336,646.4625119272017,0.6b
4e-06,0.01,1800,8911.4,dpo-qwen3-0.6b-sft-lr3e5-ao-lr4e6-beta0.01-step1800,47.781569965870304,30.80808080808081,46.32297194844579,54.919338777136026,69.69532100108815,45.75496244052443,39.37768454367744,57.86666666666666,69.09722222222221,3.5620958384016124,653.8343280346028,0.6b
4e-06,0.01,2000,9901.6,dpo-qwen3-0.6b-sft-lr3e5-ao-lr4e6-beta0.01-step2000,47.44027303754266,31.313131313131315,46.7778620166793,54.86954789882493,69.91294885745376,46.04747880581933,39.89725040669867,56.63333333333333,69.79166666666666,3.6967689164375774,650.6763598347709,0.6b
4e-06,0.01,2031,10055.1,dpo-qwen3-0.6b-sft-lr3e5-ao-lr4e6-beta0.01,47.44027303754266,30.80808080808081,46.6262319939348,54.99900418243377,69.64091403699673,46.00130426228415,42.08544439864005,58.83333333333333,69.79166666666666,3.2986086298116883,665.9862105334089,0.6b
4e-06,0.02,200,987.6,dpo-qwen3-0.6b-sft-lr3e5-ao-lr4e6-beta0.02-step200,47.01365187713311,31.313131313131315,44.88248673237301,54.23222465644294,69.42328618063112,43.65722269064116,32.65197453866851,47.766666666666666,68.12080536912751,2.3462387583921984,644.2729560029923,0.6b
4e-06,0.02,400,1975.2,dpo-qwen3-0.6b-sft-lr3e5-ao-lr4e6-beta0.02-step400,47.35494880546075,30.80808080808081,46.70204700530705,54.67038438558056,69.42328618063112,45.07053846623656,36.74483703240735,53.83333333333333,69.93006993006993,3.1017833802678787,658.6330873583864,0.6b
4e-06,0.02,600,2962.9,dpo-qwen3-0.6b-sft-lr3e5-ao-lr4e6-beta0.02-step600,47.44027303754266,27.77777777777778,45.716451857467774,54.63055168293168,69.42328618063112,45.3014530632332,41.90808166775268,54.96666666666666,79.13669064748201,3.3298796683409195,644.2898651668905,0.6b
4e-06,0.02,800,3950.5,dpo-qwen3-0.6b-sft-lr3e5-ao-lr4e6-beta0.02-step800,47.525597269624576,30.80808080808081,44.579226686884006,54.690300736904994,69.91294885745376,45.47131326067365,39.49382083981613,55.33333333333333,70.50359712230215,3.678459400962468,664.7318252830015,0.6b
4e-06,0.02,1000,4938.1,dpo-qwen3-0.6b-sft-lr3e5-ao-lr4e6-beta0.02-step1000,47.18430034129693,31.818181818181817,44.88248673237301,54.76000796654053,69.85854189336234,45.46980476417865,38.90056162094354,56.5,71.78571428571429,3.5097464713481505,635.9950444673095,0.6b
4e-06,0.02,1200,5925.7,dpo-qwen3-0.6b-sft-lr3e5-ao-lr4e6-beta0.02-step1200,47.35494880546075,31.313131313131315,44.124336618650496,54.82971519617607,69.69532100108815,45.58109598115186,39.35895645775431,54.86666666666667,69.50354609929079,3.954345534471508,644.7766018929442,0.6b
4e-06,0.02,1400,6913.3,dpo-qwen3-0.6b-sft-lr3e5-ao-lr4e6-beta0.02-step1400,47.01365187713311,30.80808080808081,43.290371493555725,54.720175263891655,70.02176278563657,45.59615379648454,40.79774997007939,55.16666666666666,67.02898550724638,3.5306295730977864,664.6970779733731,0.6b
4e-06,0.02,1600,7901.0,dpo-qwen3-0.6b-sft-lr3e5-ao-lr4e6-beta0.02-step1600,47.01365187713311,30.80808080808081,44.73085670962851,54.720175263891655,69.85854189336234,45.48961917960559,41.21990762288505,57.9,74.45255474452554,4.002552866505142,613.23904400487,0.6b
4e-06,0.02,1800,8888.6,dpo-qwen3-0.6b-sft-lr3e5-ao-lr4e6-beta0.02-step1800,47.610921501706486,29.29292929292929,44.806671721000754,54.74009161521609,69.69532100108815,45.40051003703145,39.3477085244928,54.7,66.90140845070422,3.4549671901738903,649.4213074619959,0.6b
4e-06,0.02,2000,9876.2,dpo-qwen3-0.6b-sft-lr3e5-ao-lr4e6-beta0.02-step2000,47.269624573378834,30.303030303030305,44.579226686884006,54.85958972316271,69.85854189336234,45.53447914391133,38.93430542072811,58.3,70.8029197080292,3.8281694334779934,660.5633087091048,0.6b
4e-06,0.02,2031,10029.3,dpo-qwen3-0.6b-sft-lr3e5-ao-lr4e6-beta0.02,47.35494880546075,31.313131313131315,42.75966641394996,54.67038438558056,69.96735582154517,45.51168656823846,41.61707602494714,54.96666666666666,71.64179104477611,4.029270422976101,629.9740400674206,0.6b
4e-06,0.04,200,992.4,dpo-qwen3-0.6b-sft-lr3e5-ao-lr4e6-beta0.04-step200,46.67235494880546,32.323232323232325,43.06292645943897,53.97331208922525,69.80413492927094,43.779956416719855,31.800179080395573,48.2,69.0,2.0848027876270603,654.99832955586,0.6b
4e-06,0.04,400,1984.8,dpo-qwen3-0.6b-sft-lr3e5-ao-lr4e6-beta0.04-step400,47.01365187713311,31.818181818181817,44.95830174374526,54.54092810197172,69.96735582154517,44.61560841674114,38.05375293111168,51.0,74.64788732394366,3.0954085185586075,637.3377251868125,0.6b
4e-06,0.04,600,2977.3,dpo-qwen3-0.6b-sft-lr3e5-ao-lr4e6-beta0.04-step600,46.84300341296928,30.80808080808081,43.89689158453373,54.47122087233619,69.69532100108815,45.0330025778885,39.59998359907268,52.9,72.02797202797203,2.839635502570709,660.9268475819586,0.6b
4e-06,0.04,800,3969.7,dpo-qwen3-0.6b-sft-lr3e5-ao-lr4e6-beta0.04-step800,47.098976109215016,32.82828282828283,43.290371493555725,54.511053574985056,70.02176278563657,45.14098139510631,36.6386742731508,52.33333333333333,70.8904109589041,2.750412279829751,631.522211319234,0.6b
4e-06,0.04,1000,4962.1,dpo-qwen3-0.6b-sft-lr3e5-ao-lr4e6-beta0.04-step1000,47.35494880546075,29.7979797979798,43.97270659590599,54.56084445329616,69.74972796517955,45.31718039585008,37.510472213726246,55.73333333333333,72.6027397260274,2.7411363532893267,695.8038498723369,0.6b
4e-06,0.04,1200,5954.5,dpo-qwen3-0.6b-sft-lr3e5-ao-lr4e6-beta0.04-step1200,46.92832764505119,29.29292929292929,42.75966641394996,54.550886277633936,69.47769314472254,45.377977205358015,39.9322131943244,54.43333333333333,73.64864864864865,2.8606657383741583,634.3328304588064,0.6b
4e-06,0.04,1400,6946.9,dpo-qwen3-0.6b-sft-lr3e5-ao-lr4e6-beta0.04-step1400,47.18430034129693,30.80808080808081,41.24336618650493,54.68034256124278,69.74972796517955,45.27404610627994,38.849364131615225,53.6,70.27972027972028,3.096391665691653,645.9490570447875,0.6b
4e-06,0.04,1600,7939.3,dpo-qwen3-0.6b-sft-lr3e5-ao-lr4e6-beta0.04-step1600,47.01365187713311,31.313131313131315,41.39499620924943,54.66042620991834,69.69532100108815,45.22481814050688,39.57876212892902,56.13333333333333,70.14388489208633,2.531695706744334,645.7567819438162,0.6b
4e-06,0.04,1800,8931.8,dpo-qwen3-0.6b-sft-lr3e5-ao-lr4e6-beta0.04-step1800,47.35494880546075,30.303030303030305,40.86429112964367,54.5807608046206,70.23939064200218,45.25797943087569,38.57708657473282,55.03333333333333,69.58041958041959,2.443569950955035,651.2037101699767,0.6b
4e-06,0.04,2000,9924.2,dpo-qwen3-0.6b-sft-lr3e5-ao-lr4e6-beta0.04-step2000,46.84300341296928,30.80808080808081,41.09173616376042,54.67038438558056,70.18498367791078,45.251949714095,38.10871820103991,53.96666666666666,76.33333333333333,3.4414222870223767,648.4643907131725,0.6b
4e-06,0.04,2031,10078.0,dpo-qwen3-0.6b-sft-lr3e5-ao-lr4e6-beta0.04,47.01365187713311,31.818181818181817,41.47081122062168,54.62059350726947,70.02176278563657,45.40564348736282,39.33646059123127,54.0,71.63120567375887,2.7330265348708886,648.3466231443128,0.6b
1e-06,0.01,200,1234.7,dpo-qwen3-1.7b-sft-lr3e5-ao-lr1e6-beta0.01-step200,56.74061433447098,22.22222222222222,34.874905231235786,67.38697470623381,75.29923830250273,47.30731791258,40.24571470365298,51.99999999999999,54.63576158940398,4.814955547216571,727.1469132028778,1.7b
1e-06,0.01,400,2469.4,dpo-qwen3-1.7b-sft-lr3e5-ao-lr1e6-beta0.01-step400,57.16723549488054,23.737373737373737,37.37680060652009,67.50647281418044,75.62568008705114,47.19304311445048,40.60165915326889,55.133333333333326,60.13513513513513,5.776712732873563,792.3907540267903,1.7b
1e-06,0.01,600,3704.2,dpo-qwen3-1.7b-sft-lr3e5-ao-lr1e6-beta0.01-step600,57.76450511945392,20.707070707070702,39.72706595905989,67.66580362477595,75.62568008705114,47.24352352221783,39.82355705084731,58.3,66.22516556291392,5.3722733193908105,824.879337589205,1.7b
1e-06,0.01,800,4938.9,dpo-qwen3-1.7b-sft-lr3e5-ao-lr1e6-beta0.01-step800,57.5938566552901,23.232323232323232,41.015921152388174,67.67576180043817,75.73449401523395,47.33075755417174,41.83438831190131,57.93333333333332,66.78321678321679,6.011282608004024,819.5562748996696,1.7b
1e-06,0.01,1000,6173.6,dpo-qwen3-1.7b-sft-lr3e5-ao-lr1e6-beta0.01-step1000,57.67918088737202,21.71717171717172,42.15314632297195,67.51643098984266,75.68008705114254,47.31209748160815,40.71031529674597,59.23333333333333,68.70748299319727,6.773768844688542,832.6963103322948,1.7b
1e-06,0.01,1200,7408.3,dpo-qwen3-1.7b-sft-lr3e5-ao-lr1e6-beta0.01-step1200,57.16723549488054,23.737373737373737,41.16755117513268,67.66580362477595,75.73449401523395,47.37764095269204,39.98091729943217,59.23333333333333,63.60544217687075,6.023257882880414,798.9838837956462,1.7b
1e-06,0.01,1400,8643.0,dpo-qwen3-1.7b-sft-lr3e5-ao-lr1e6-beta0.01-step1400,57.76450511945392,21.71717171717172,40.86429112964367,67.79525990838479,75.62568008705114,47.40441334629296,39.21655651449266,58.93333333333332,70.74829931972789,5.722454813612539,791.2415940255275,1.7b
1e-06,0.01,1600,9877.7,dpo-qwen3-1.7b-sft-lr3e5-ao-lr1e6-beta0.01-step1600,57.67918088737202,21.21212121212121,41.69825625473844,67.57618004381597,75.84330794341676,47.38754493521216,39.75235707921648,55.43333333333333,68.83116883116884,5.679001299346672,802.5254368586698,1.7b
1e-06,0.01,1800,11112.5,dpo-qwen3-1.7b-sft-lr3e5-ao-lr1e6-beta0.01-step1800,57.5938566552901,20.707070707070702,41.9257012888552,67.54630551682932,75.51686615886834,47.33895819778529,39.82605043506784,57.83333333333333,58.333333333333336,6.087313537740224,831.6095274769929,1.7b
1e-06,0.01,2000,12347.2,dpo-qwen3-1.7b-sft-lr3e5-ao-lr1e6-beta0.01-step2000,57.508532423208194,20.707070707070702,41.77407126611069,67.59609639514042,75.62568008705114,47.3850730703105,40.21573868446833,60.33333333333333,66.11842105263158,5.762843260747009,797.3751567718045,1.7b
1e-06,0.01,2031,12538.6,dpo-qwen3-1.7b-sft-lr3e5-ao-lr1e6-beta0.01,57.5938566552901,19.696969696969692,40.33358605003791,67.54630551682932,75.40805223068553,47.26516381307624,41.40475050643404,58.1,63.85135135135135,6.037494891639752,854.5315118359919,1.7b
1e-06,0.02,200,1228.4,dpo-qwen3-1.7b-sft-lr3e5-ao-lr1e6-beta0.02-step200,56.8259385665529,21.71717171717172,34.950720242608035,67.3770165305716,75.62568008705114,47.36166358856151,40.41930965394043,55.56666666666666,56.9078947368421,4.155658162477762,801.44180380895,1.7b
1e-06,0.02,400,2456.7,dpo-qwen3-1.7b-sft-lr3e5-ao-lr1e6-beta0.02-step400,57.08191126279864,22.727272727272727,37.37680060652009,67.61601274646485,75.78890097932536,47.34722140973195,41.13745971799271,55.73333333333333,60.738255033557046,5.014910320631731,779.8867025130045,1.7b
1e-06,0.02,600,3685.1,dpo-qwen3-1.7b-sft-lr3e5-ao-lr1e6-beta0.02-step600,57.33788395904437,21.71717171717172,39.27217589082638,67.58613821947819,75.68008705114254,47.3403747795318,40.12581062691436,56.33333333333333,59.45945945945946,5.955979820875958,776.0720822547881,1.7b
1e-06,0.02,800,4913.5,dpo-qwen3-1.7b-sft-lr3e5-ao-lr1e6-beta0.02-step800,57.84982935153583,22.22222222222222,41.16755117513268,67.69567815176259,75.40805223068553,47.43539361943038,40.52547241319699,57.63333333333333,65.23178807947019,5.607003052315947,837.1340772043526,1.7b
1e-06,0.02,1000,6141.8,dpo-qwen3-1.7b-sft-lr3e5-ao-lr1e6-beta0.02-step1000,57.25255972696246,22.22222222222222,40.56103108415466,67.71559450308703,75.73449401523395,47.43629642871172,40.52048564475591,55.53333333333333,65.23178807947019,5.676340501375362,793.0686711312912,1.7b
1e-06,0.02,1200,7370.2,dpo-qwen3-1.7b-sft-lr3e5-ao-lr1e6-beta0.02-step1200,57.423208191126285,23.232323232323232,41.39499620924943,67.59609639514042,75.78890097932536,47.40734261989565,40.47926169230974,57.7,67.43421052631578,6.119511889033031,840.1005883062783,1.7b
1e-06,0.02,1400,8598.6,dpo-qwen3-1.7b-sft-lr3e5-ao-lr1e6-beta0.02-step1400,57.5938566552901,22.727272727272727,41.24336618650493,67.43676558454491,75.62568008705114,47.39520317768366,40.57417651830476,58.766666666666666,65.33333333333333,5.820692742287893,803.9638628899376,1.7b
1e-06,0.02,1600,9827.0,dpo-qwen3-1.7b-sft-lr3e5-ao-lr1e6-beta0.02-step1600,57.25255972696246,21.71717171717172,41.31918119787718,67.67576180043817,75.68008705114254,47.30697063616744,39.01547892924109,59.266666666666666,70.52980132450331,6.0040681060277805,809.6843867722997,1.7b
1e-06,0.02,1800,11055.3,dpo-qwen3-1.7b-sft-lr3e5-ao-lr1e6-beta0.02-step1800,57.67918088737202,21.21212121212121,42.0773313115997,67.60605457080263,75.51686615886834,47.41922548419532,40.557941816602174,59.83333333333333,69.33333333333334,6.261545394426249,813.3035689188825,1.7b
1e-06,0.02,2000,12283.7,dpo-qwen3-1.7b-sft-lr3e5-ao-lr1e6-beta0.02-step2000,57.508532423208194,22.727272727272727,41.84988627748294,67.69567815176259,75.40805223068553,47.39856202173208,41.679521447536985,59.96666666666667,68.83116883116884,5.762694648849291,806.3375989621456,1.7b
1e-06,0.02,2031,12474.1,dpo-qwen3-1.7b-sft-lr3e5-ao-lr1e6-beta0.02,57.33788395904437,21.21212121212121,41.84988627748294,67.65584544911373,75.73449401523395,47.50910793225431,39.50756215729819,58.2,65.2027027027027,6.019987427367459,815.4523458407135,1.7b
1e-06,0.04,200,1235.9,dpo-qwen3-1.7b-sft-lr3e5-ao-lr1e6-beta0.04-step200,57.08191126279864,23.232323232323232,34.42001516300228,67.34714200358495,75.46245919477693,47.35078652706834,40.626648404012464,51.2,56.333333333333336,4.999794575025382,746.4058345528723,1.7b
1e-06,0.04,400,2471.9,dpo-qwen3-1.7b-sft-lr3e5-ao-lr1e6-beta0.04-step400,57.16723549488054,23.232323232323232,38.28658074298711,67.57618004381597,75.1360174102285,47.29619181928549,40.860195392669226,55.76666666666666,62.903225806451616,4.926347067383874,808.5130063036171,1.7b
1e-06,0.04,600,3707.8,dpo-qwen3-1.7b-sft-lr3e5-ao-lr1e6-beta0.04-step600,57.508532423208194,23.232323232323232,39.57543593631539,67.65584544911373,75.46245919477693,47.26394356426257,41.67076689849599,59.2,63.1578947368421,5.932386511710762,825.1549246581271,1.7b
1e-06,0.04,800,4943.7,dpo-qwen3-1.7b-sft-lr3e5-ao-lr1e6-beta0.04-step800,57.423208191126285,23.232323232323232,40.78847611827142,67.5363473411671,75.40805223068553,47.43805867015536,39.65494886900092,59.53333333333333,63.90728476821192,5.6169047404978665,794.3094004921938,1.7b
1e-06,0.04,1000,6179.6,dpo-qwen3-1.7b-sft-lr3e5-ao-lr1e6-beta0.04-step1000,57.33788395904437,22.22222222222222,40.40940106141016,67.61601274646485,75.35364526659413,47.50045911465668,40.49300300979179,59.5,65.359477124183,6.264677478559364,807.8175272262567,1.7b
1e-06,0.04,1200,7415.6,dpo-qwen3-1.7b-sft-lr3e5-ao-lr1e6-beta0.04-step1200,57.25255972696246,21.71717171717172,40.94010614101592,67.62597092212707,75.46245919477693,47.46450796152283,40.0358825693604,58.2,62.5,6.666584724375714,790.6263777118986,1.7b
1e-06,0.04,1400,8651.5,dpo-qwen3-1.7b-sft-lr3e5-ao-lr1e6-beta0.04-step1400,57.67918088737202,20.707070707070702,39.80288097043215,67.63592909778929,75.46245919477693,47.44695893700877,39.49382083981613,56.06666666666666,61.8421052631579,6.1086660137973645,816.0263184852959,1.7b
1e-06,0.04,1600,9887.4,dpo-qwen3-1.7b-sft-lr3e5-ao-lr1e6-beta0.04-step1600,57.423208191126285,24.24242424242424,42.15314632297195,67.65584544911373,75.68008705114254,47.37997413149474,40.4168162697199,58.96666666666666,62.0,5.966423114197175,809.2255664335264,1.7b
1e-06,0.04,1800,11123.4,dpo-qwen3-1.7b-sft-lr3e5-ao-lr1e6-beta0.04-step1800,57.25255972696246,20.2020202020202,40.33358605003791,67.59609639514042,75.40805223068553,47.45379848565209,39.96717598195011,58.73333333333333,68.33333333333333,6.396544833336047,819.2184410904514,1.7b
1e-06,0.04,2000,12359.3,dpo-qwen3-1.7b-sft-lr3e5-ao-lr1e6-beta0.04-step2000,56.8259385665529,21.71717171717172,40.86429112964367,67.50647281418044,75.1904243743199,47.44381753824005,41.21990762288505,56.3,66.0,6.624421166285847,832.9813051235744,1.7b
1e-06,0.04,2031,12550.9,dpo-qwen3-1.7b-sft-lr3e5-ao-lr1e6-beta0.04,57.33788395904437,22.727272727272727,41.015921152388174,67.67576180043817,75.29923830250273,47.3650722914064,39.540031560703376,56.39999999999999,63.26530612244898,5.675274954313481,809.9902508035586,1.7b
2e-06,0.01,200,1228.2,dpo-qwen3-1.7b-sft-lr3e5-ao-lr2e6-beta0.01-step200,57.16723549488054,23.737373737373737,39.12054586808188,67.59609639514042,75.68008705114254,47.13689007732892,40.50923771149439,57.96666666666666,61.58940397350994,6.968786883099183,765.8002542059928,1.7b
2e-06,0.01,400,2456.4,dpo-qwen3-1.7b-sft-lr3e5-ao-lr2e6-beta0.01-step400,57.84982935153583,22.22222222222222,47.76345716451858,68.15375423222466,75.89771490750816,47.210308434914914,42.169111291373554,68.5,79.05405405405406,13.109597604479283,915.9602997274844,1.7b
2e-06,0.01,600,3684.6,dpo-qwen3-1.7b-sft-lr3e5-ao-lr2e6-beta0.01-step600,58.44709897610921,23.737373737373737,53.22213798332069,68.47241585341565,75.89771490750816,47.677372758789176,43.37812559564178,68.79999999999998,79.13907284768213,17.221611852454544,946.8224179288648,1.7b
2e-06,0.01,800,4912.8,dpo-qwen3-1.7b-sft-lr3e5-ao-lr2e6-beta0.01-step800,58.61774744027304,21.71717171717172,53.070507960576194,68.48237402907787,75.68008705114254,47.83585878860893,44.05255832302735,70.43333333333334,73.44827586206897,17.70606569951659,992.2612914472436,1.7b
2e-06,0.01,1000,6141.0,dpo-qwen3-1.7b-sft-lr3e5-ao-lr2e6-beta0.01-step1000,58.19112627986348,20.2020202020202,53.449583017437455,68.47241585341565,76.06093579978237,47.84375500935495,44.41476393746371,73.39999999999999,76.73611111111111,18.48103171962871,947.7426771993538,1.7b
2e-06,0.01,1200,7369.3,dpo-qwen3-1.7b-sft-lr3e5-ao-lr2e6-beta0.01-step1200,58.70307167235495,22.727272727272727,53.82865807429871,68.52220673172674,76.16974972796517,48.00653864846552,43.67788578748831,71.5,81.0,17.211167636260885,953.0322324146292,1.7b
2e-06,0.01,1400,8597.5,dpo-qwen3-1.7b-sft-lr3e5-ao-lr2e6-beta0.01-step1400,58.10580204778157,21.21212121212121,54.05610310841546,68.41266679944235,75.73449401523395,48.15225442498859,45.51135431765493,71.36666666666666,81.08108108108108,16.86494786656862,964.4430421788062,1.7b
2e-06,0.01,1600,9825.7,dpo-qwen3-1.7b-sft-lr3e5-ao-lr2e6-beta0.01-step1600,58.27645051194538,21.71717171717172,54.66262319939348,68.42262497510457,75.95212187159956,48.15607749563017,46.68413143791806,71.73333333333332,79.86577181208054,19.91665258930968,993.6011036438372,1.7b
2e-06,0.01,1800,11053.9,dpo-qwen3-1.7b-sft-lr3e5-ao-lr2e6-beta0.01-step1800,58.27645051194538,22.727272727272727,55.04169825625473,68.34295956980682,75.78890097932536,48.05981530189344,45.49013284751127,70.06666666666666,76.89655172413794,18.67877548809761,916.437360790178,1.7b
2e-06,0.01,2000,12282.1,dpo-qwen3-1.7b-sft-lr3e5-ao-lr2e6-beta0.01-step2000,58.53242320819113,20.707070707070702,54.66262319939348,68.5421230830512,76.06093579978237,48.16719730192082,45.08171651218766,72.93333333333334,77.3972602739726,18.7159955575238,930.2555883301308,1.7b
2e-06,0.01,2031,12472.5,dpo-qwen3-1.7b-sft-lr3e5-ao-lr2e6-beta0.01,58.19112627986348,21.71717171717172,53.904473085670965,68.5421230830512,76.278563656148,48.096198787851854,45.67746911528079,71.39999999999999,76.35135135135135,18.186984881396267,957.384794780104,1.7b
2e-06,0.02,200,1234.8,dpo-qwen3-1.7b-sft-lr3e5-ao-lr2e6-beta0.02-step200,57.76450511945392,22.22222222222222,37.75587566338135,67.486556462856,75.24483133841132,47.2600731031858,41.59208677420356,56.16666666666666,56.9078947368421,6.004581271837819,814.3231597582823,1.7b
2e-06,0.02,400,2469.6,dpo-qwen3-1.7b-sft-lr3e5-ao-lr2e6-beta0.02-step400,57.84982935153583,23.232323232323232,47.460197119029566,68.15375423222466,75.51686615886834,47.40495026602666,40.18576266528368,68.16666666666666,77.24137931034483,11.832208304334218,877.0066792213607,1.7b
2e-06,0.02,600,3704.4,dpo-qwen3-1.7b-sft-lr3e5-ao-lr2e6-beta0.02-step600,58.44709897610921,21.71717171717172,52.16072782410917,68.2832105158335,76.06093579978237,47.97808437020443,41.73947348590629,67.16666666666666,77.55102040816327,13.244790818675328,977.8430757037876,1.7b
2e-06,0.02,800,4939.2,dpo-qwen3-1.7b-sft-lr3e5-ao-lr2e6-beta0.02-step800,58.53242320819113,20.2020202020202,53.449583017437455,68.36287592113125,75.57127312295974,48.27852917480046,43.320666941493016,69.06666666666666,80.79470198675497,17.32224595107884,929.5146553663086,1.7b
2e-06,0.02,1000,6174.0,dpo-qwen3-1.7b-sft-lr3e5-ao-lr2e6-beta0.02-step1000,58.19112627986348,21.71717171717172,55.34495830174374,68.3927504481179,76.06093579978237,48.3717982037401,43.49176850755994,68.93333333333334,80.06756756756756,16.16497130871497,904.1557046915324,1.7b
2e-06,0.02,1200,7408.8,dpo-qwen3-1.7b-sft-lr3e5-ao-lr2e6-beta0.02-step1200,58.61774744027304,20.2020202020202,54.73843821076573,68.53216490738897,76.06093579978237,48.470995581256645,44.59960682101269,71.69999999999999,78.52112676056338,16.366930167970846,970.2378914719716,1.7b
2e-06,0.02,1400,8643.7,dpo-qwen3-1.7b-sft-lr3e5-ao-lr2e6-beta0.02-step1400,58.27645051194538,23.737373737373737,54.13191811978771,68.38279227245569,76.00652883569097,48.392222524279546,43.57044863185238,69.63333333333333,78.85906040268456,18.168123114062368,950.7773178889256,1.7b
2e-06,0.02,1600,9878.5,dpo-qwen3-1.7b-sft-lr3e5-ao-lr2e6-beta0.02-step1600,58.70307167235495,20.2020202020202,53.980288097043214,68.31308504282015,75.78890097932536,48.36026446093468,43.6578833051858,70.86666666666666,80.55555555555556,16.80552774528824,972.5573794157776,1.7b
2e-06,0.02,1800,11113.3,dpo-qwen3-1.7b-sft-lr3e5-ao-lr2e6-beta0.02-step1800,58.44709897610921,21.21212121212121,53.980288097043214,68.41266679944235,75.89771490750816,48.54993063209862,44.289873092284026,71.89999999999999,78.81944444444444,16.805481122276237,936.9572328680512,1.7b
2e-06,0.02,2000,12348.1,dpo-qwen3-1.7b-sft-lr3e5-ao-lr2e6-beta0.02-step2000,58.53242320819113,22.727272727272727,54.35936315390448,68.33300139414459,76.00652883569097,48.50445558791286,45.67746911528079,71.86666666666667,87.93103448275862,16.470451736766673,952.8264606529476,1.7b
2e-06,0.02,2031,12539.5,dpo-qwen3-1.7b-sft-lr3e5-ao-lr2e6-beta0.02,57.93515358361775,20.707070707070702,54.81425322213799,68.3927504481179,76.00652883569097,48.42071969809983,44.67579356108459,69.83333333333333,82.21476510067114,16.588951702511682,898.0144277815914,1.7b
2e-06,0.04,200,1230.0,dpo-qwen3-1.7b-sft-lr3e5-ao-lr2e6-beta0.04-step200,57.33788395904437,22.727272727272727,36.69446550416983,67.64588727345149,75.46245919477693,47.2292798147284,39.886002473437145,54.66666666666666,64.62585034013605,6.459564274674971,809.2971235488608,1.7b
2e-06,0.04,400,2460.0,dpo-qwen3-1.7b-sft-lr3e5-ao-lr2e6-beta0.04-step400,57.93515358361775,20.707070707070702,46.01971190295679,68.11392152957578,75.46245919477693,47.48384467816625,39.81230911758578,64.53333333333333,80.2919708029197,11.04991701837833,869.9483399307383,1.7b
2e-06,0.04,600,3690.0,dpo-qwen3-1.7b-sft-lr3e5-ao-lr2e6-beta0.04-step600,58.10580204778157,20.707070707070702,52.00909780136467,68.25333598884684,75.89771490750816,48.105522199121886,41.32607038214161,67.83333333333333,73.63013698630137,13.17648954529888,912.0650285673488,1.7b
2e-06,0.04,800,4920.0,dpo-qwen3-1.7b-sft-lr3e5-ao-lr2e6-beta0.04-step800,58.36177474402731,23.737373737373737,52.69143290371494,68.31308504282015,76.06093579978237,48.23924151457247,42.51757558832786,66.33333333333333,75.34246575342466,14.325414176967024,879.2319215347443,1.7b
2e-06,0.04,1000,6150.1,dpo-qwen3-1.7b-sft-lr3e5-ao-lr2e6-beta0.04-step1000,58.36177474402731,21.71717171717172,51.78165276724791,68.2832105158335,76.16974972796517,48.57491823499979,42.02299897605021,68.63333333333333,81.69014084507043,14.090952257630924,901.6324580394888,1.7b
2e-06,0.04,1200,7380.1,dpo-qwen3-1.7b-sft-lr3e5-ao-lr2e6-beta0.04-step1200,57.93515358361775,20.2020202020202,52.539802880970434,68.20354511053574,75.84330794341676,48.762681254481386,43.02467453024641,67.3,75.82781456953643,13.87747483989944,904.2942627347588,1.7b
2e-06,0.04,1400,8610.1,dpo-qwen3-1.7b-sft-lr3e5-ao-lr2e6-beta0.04-step1400,58.36177474402731,22.727272727272727,52.16072782410917,68.27325234017127,75.89771490750816,48.64252442804305,41.582113237321416,68.9,81.78807947019867,13.911036250749026,911.174771647968,1.7b
2e-06,0.04,1600,9840.1,dpo-qwen3-1.7b-sft-lr3e5-ao-lr2e6-beta0.04-step1600,58.02047781569966,21.71717171717172,52.91887793783169,68.2832105158335,76.06093579978237,48.53504892688127,44.64083077345887,67.23333333333332,76.64233576642336,13.071371224352218,927.8340489412112,1.7b
2e-06,0.04,1800,11070.1,dpo-qwen3-1.7b-sft-lr3e5-ao-lr2e6-beta0.04-step1800,58.44709897610921,20.707070707070702,52.69143290371494,68.47241585341565,75.84330794341676,48.62712896233462,42.46887148322008,67.79999999999998,78.47222222222221,14.088535374409542,874.8619170522912,1.7b
2e-06,0.04,2000,12300.1,dpo-qwen3-1.7b-sft-lr3e5-ao-lr2e6-beta0.04-step2000,58.19112627986348,21.21212121212121,53.29795299469296,68.2234614618602,75.89771490750816,48.66731887862329,41.796932140055056,68.16666666666666,81.04575163398692,13.114489640393234,948.3569470457404,1.7b
2e-06,0.04,2031,12490.8,dpo-qwen3-1.7b-sft-lr3e5-ao-lr2e6-beta0.04,58.36177474402731,25.252525252525253,53.22213798332069,68.19358693487352,75.78890097932536,48.52848678351275,42.75738374180508,66.63333333333333,79.53020134228188,12.64893594219592,888.3409673051383,1.7b
4e-06,0.01,200,1233.1,dpo-qwen3-1.7b-sft-lr3e5-ao-lr4e6-beta0.01-step200,58.10580204778157,20.707070707070702,48.52160727824109,68.2334196375224,75.35364526659413,47.08028603727018,43.26071490312371,67.69999999999999,77.36486486486487,13.21773221173372,911.6768552320142,1.7b
4e-06,0.01,400,2466.2,dpo-qwen3-1.7b-sft-lr3e5-ao-lr4e6-beta0.01-step400,59.0443686006826,24.24242424242424,53.60121304018196,69.3487353116909,75.84330794341676,49.2117828654024,49.65918208132201,76.06666666666666,85.23489932885906,22.847424093392743,982.0952020099828,1.7b
4e-06,0.01,600,3699.3,dpo-qwen3-1.7b-sft-lr3e5-ao-lr4e6-beta0.01-step600,58.44709897610921,20.2020202020202,54.66262319939348,69.42840071698865,75.68008705114254,50.07091351863675,51.618815853047685,78.13333333333333,85.57046979865773,21.25298199313395,959.6214867279684,1.7b
4e-06,0.01,800,4932.4,dpo-qwen3-1.7b-sft-lr3e5-ao-lr4e6-beta0.01-step800,58.87372013651877,23.232323232323232,55.799848369977255,69.5578570005975,75.89771490750816,50.3765392688946,51.517639862232215,76.86666666666666,87.5,20.7791961534312,958.3034702904482,1.7b
4e-06,0.01,1000,6165.5,dpo-qwen3-1.7b-sft-lr3e5-ao-lr4e6-beta0.01-step1000,59.30034129692833,22.727272727272727,56.33055344958302,69.63752240589524,76.16974972796517,50.58804365567418,50.796996413959405,75.83333333333334,82.6797385620915,21.76405256779205,982.0367217632212,1.7b
4e-06,0.01,1200,7398.5,dpo-qwen3-1.7b-sft-lr3e5-ao-lr4e6-beta0.01-step1200,58.95904436860068,21.21212121212121,55.49658832448825,69.63752240589524,75.95212187159956,50.74956101625345,52.105912312663726,76.9,84.76821192052981,22.15537513795536,935.5556115679256,1.7b
4e-06,0.01,1400,8631.6,dpo-qwen3-1.7b-sft-lr3e5-ao-lr4e6-beta0.01-step1400,59.38566552901023,19.19191919191919,56.25473843821076,69.62756423023302,75.68008705114254,50.86009688783778,50.72330305810804,78.06666666666666,84.35374149659864,22.747217469990755,945.9229380614082,1.7b
4e-06,0.01,1600,9864.7,dpo-qwen3-1.7b-sft-lr3e5-ao-lr4e6-beta0.01-step1600,59.21501706484642,22.727272727272727,56.48218347232752,69.64748058155746,76.44178454842219,50.844199659942944,51.75994139992997,74.89999999999999,83.66666666666667,20.047338997376908,947.623924982894,1.7b
4e-06,0.01,1800,11097.8,dpo-qwen3-1.7b-sft-lr3e5-ao-lr4e6-beta0.01-step1800,58.95904436860068,20.2020202020202,56.33055344958302,69.64748058155746,76.22415669205658,50.89586095300251,51.95353883251994,77.23333333333333,84.45945945945947,22.16496330338599,965.8385898865648,1.7b
4e-06,0.01,2000,12330.9,dpo-qwen3-1.7b-sft-lr3e5-ao-lr4e6-beta0.01-step2000,59.47098976109216,20.2020202020202,56.02729340409402,69.6176060545708,75.89771490750816,50.941472857712014,49.8115555614658,77.26666666666665,83.55263157894737,22.45423539348161,954.8702846074192,1.7b
4e-06,0.01,2031,12522.0,dpo-qwen3-1.7b-sft-lr3e5-ao-lr4e6-beta0.01,59.21501706484642,21.71717171717172,56.02729340409402,69.67735510854412,75.95212187159956,50.90242870086329,51.09049544098547,76.19999999999999,85.37414965986395,22.31462578031076,977.775819064024,1.7b
4e-06,0.02,200,1230.4,dpo-qwen3-1.7b-sft-lr3e5-ao-lr4e6-beta0.02-step200,57.84982935153583,21.21212121212121,45.86808188021228,68.18362875921132,75.62568008705114,47.1504584366737,40.85770200844869,67.53333333333333,76.6891891891892,12.021941866049644,875.9057683317047,1.7b
4e-06,0.02,400,2460.9,dpo-qwen3-1.7b-sft-lr3e5-ao-lr4e6-beta0.02-step400,59.30034129692833,20.707070707070702,53.449583017437455,69.16948814977097,76.16974972796517,49.70932060173853,47.42477736849337,75.73333333333332,85.95890410958904,20.03700506651204,992.2734443243252,1.7b
4e-06,0.02,600,3691.3,dpo-qwen3-1.7b-sft-lr3e5-ao-lr4e6-beta0.02-step600,58.61774744027304,22.22222222222222,56.40636846095527,69.48814977096195,76.06093579978237,50.78494585269952,49.988918292353176,75.43333333333334,83.91608391608392,20.579041120931084,929.0770776255964,1.7b
4e-06,0.02,800,4921.7,dpo-qwen3-1.7b-sft-lr3e5-ao-lr4e6-beta0.02-step800,59.21501706484642,22.22222222222222,56.55799848369977,69.5080661222864,76.22415669205658,51.00747173899699,48.5975544887565,74.3,88.43537414965986,20.3241291390448,959.6503206183812,1.7b
4e-06,0.02,1000,6152.2,dpo-qwen3-1.7b-sft-lr3e5-ao-lr4e6-beta0.02-step1000,59.30034129692833,22.22222222222222,55.724033358605006,69.67735510854412,75.95212187159956,51.19708966861681,50.118795905973926,73.39999999999999,84.93150684931507,20.34176872182908,971.8180771240944,1.7b
4e-06,0.02,1200,7382.6,dpo-qwen3-1.7b-sft-lr3e5-ao-lr4e6-beta0.02-step1200,59.47098976109216,21.71717171717172,57.24033358605004,69.60764787890858,75.51686615886834,51.39509984558583,50.02637446419943,76.56666666666666,89.1156462585034,21.39377133245337,937.7150813641996,1.7b
4e-06,0.02,1400,8613.0,dpo-qwen3-1.7b-sft-lr3e5-ao-lr4e6-beta0.02-step1400,59.64163822525597,22.22222222222222,57.16451857467779,69.60764787890858,75.78890097932536,51.43874571467085,49.43311524532684,74.86666666666666,85.57046979865773,21.769797103284407,995.8008009602768,1.7b
4e-06,0.02,1600,9843.5,dpo-qwen3-1.7b-sft-lr3e5-ao-lr4e6-beta0.02-step1600,59.21501706484642,22.727272727272727,57.16451857467779,69.54789882493527,75.84330794341676,51.514123607930514,49.29448308266511,75.83333333333333,82.5503355704698,21.66753003888093,934.383086807796,1.7b
4e-06,0.02,1800,11073.9,dpo-qwen3-1.7b-sft-lr3e5-ao-lr4e6-beta0.02-step1800,59.38566552901023,20.707070707070702,56.33055344958302,69.54789882493527,75.73449401523395,51.593643256969024,49.248272361777865,77.76666666666665,78.47682119205298,22.222584883971475,915.6757875354856,1.7b
4e-06,0.02,2000,12304.3,dpo-qwen3-1.7b-sft-lr3e5-ao-lr4e6-beta0.02-step2000,59.21501706484642,21.71717171717172,56.25473843821076,69.51802429794861,75.89771490750816,51.51912869790974,50.70457497218492,77.1,80.6896551724138,22.62755439351777,927.859032124414,1.7b
4e-06,0.02,2031,12495.0,dpo-qwen3-1.7b-sft-lr3e5-ao-lr4e6-beta0.02,59.38566552901023,19.696969696969692,57.39196360879454,69.57777335192192,76.16974972796517,51.5501961002773,50.391073462856326,77.33333333333333,85.13513513513513,22.30176892442122,1003.3123842130246,1.7b
4e-06,0.04,200,1231.1,dpo-qwen3-1.7b-sft-lr3e5-ao-lr4e6-beta0.04-step200,57.84982935153583,21.21212121212121,44.95830174374526,68.18362875921132,75.24483133841132,47.51016091216116,40.85770200844869,64.76666666666667,78.08219178082192,10.484080040192907,894.7715223313817,1.7b
4e-06,0.04,400,2462.1,dpo-qwen3-1.7b-sft-lr3e5-ao-lr4e6-beta0.04-step400,58.53242320819113,21.21212121212121,52.61561789234269,68.72137024497113,75.95212187159956,49.496485733836856,46.992646178805565,69.8,84.82758620689656,14.998665524730484,929.45403847793,1.7b
4e-06,0.04,600,3693.2,dpo-qwen3-1.7b-sft-lr3e5-ao-lr4e6-beta0.04-step600,58.87372013651877,21.21212121212121,56.02729340409402,69.06990639314877,75.57127312295974,50.728562205077225,48.897314680603024,73.3,82.51748251748252,17.01557610695798,906.6893627368432,1.7b
4e-06,0.04,800,4924.3,dpo-qwen3-1.7b-sft-lr3e5-ao-lr4e6-beta0.04-step800,58.70307167235495,23.232323232323232,56.33055344958302,69.32881896036646,76.16974972796517,51.254018598134,51.90982149585322,72.93333333333334,77.05479452054794,19.70793026130905,1005.714485524157,1.7b
4e-06,0.04,1000,6155.4,dpo-qwen3-1.7b-sft-lr3e5-ao-lr4e6-beta0.04-step1000,58.78839590443686,20.707070707070702,56.86125852918877,69.32881896036646,76.22415669205658,51.37511029169354,49.23453104429581,75.66666666666666,81.63265306122449,17.550583236508757,912.2001176126114,1.7b
4e-06,0.04,1200,7386.4,dpo-qwen3-1.7b-sft-lr3e5-ao-lr4e6-beta0.04-step1200,58.78839590443686,22.727272727272727,57.543593631539046,69.32881896036646,76.16974972796517,51.62947941744596,49.36568305429594,73.1,86.07142857142858,18.659196327882743,930.0617277232903,1.7b
4e-06,0.04,1400,8617.5,dpo-qwen3-1.7b-sft-lr3e5-ao-lr4e6-beta0.04-step1400,58.78839590443686,21.71717171717172,56.02729340409402,69.40848436566421,75.68008705114254,51.60336425734373,50.187502493384216,74.06666666666666,80.27210884353741,17.44075577657833,910.226407893602,1.7b
4e-06,0.04,1600,9848.6,dpo-qwen3-1.7b-sft-lr3e5-ao-lr4e6-beta0.04-step1600,58.44709897610921,22.727272727272727,55.95147839272176,69.37860983867755,75.84330794341676,51.57587486832729,49.19956825667008,73.1,76.6891891891892,17.937738134938105,908.6062178842224,1.7b
4e-06,0.04,1800,11079.7,dpo-qwen3-1.7b-sft-lr3e5-ao-lr4e6-beta0.04-step1800,58.36177474402731,24.24242424242424,56.70962850644428,69.33877713602868,76.11534276387377,51.54293510308043,49.90148361901976,73.6,82.06896551724138,18.250572680330208,961.3595759673055,1.7b
4e-06,0.04,2000,12310.7,dpo-qwen3-1.7b-sft-lr3e5-ao-lr4e6-beta0.04-step2000,59.21501706484642,22.22222222222222,56.17892342683851,69.44831706831309,76.3329706202394,51.61164944850657,51.62757040208867,70.33333333333333,84.01360544217688,19.516337303212023,957.6748825000948,1.7b
4e-06,0.04,2031,12501.6,dpo-qwen3-1.7b-sft-lr3e5-ao-lr4e6-beta0.04,58.95904436860068,22.22222222222222,56.40636846095527,69.3487353116909,76.00652883569097,51.52218817419164,49.65419531288093,71.56666666666666,78.1456953642384,16.757448535720332,952.4525870732572,1.7b
1e-06,0.01,200,2902.3,dpo-qwen3-4b-sft-lr3e5-ao-lr1e6-beta0.01-step200,67.06484641638225,34.84848484848485,86.73237300985596,77.823142800239,78.0739934711643,60.518656066536735,75.34419783951027,84.16666666666666,86.21794871794873,38.533618598199126,1210.0366390300778,4b
1e-06,0.01,400,5804.7,dpo-qwen3-4b-sft-lr3e5-ao-lr1e6-beta0.01-step400,70.39249146757679,36.86868686868687,87.56633813495071,79.02808205536745,78.61806311207835,64.40122483956662,78.55778224001206,79.43333333333334,85.29411764705883,42.326343780671294,1193.4057623911874,4b
1e-06,0.01,600,8707.0,dpo-qwen3-4b-sft-lr3e5-ao-lr1e6-beta0.01-step600,70.73378839590444,38.88888888888889,84.00303260045489,79.45628360884285,78.89009793253537,65.39374973343809,79.4695297366543,79.13333333333333,84.31372549019608,40.73275085260097,1171.5770326558709,4b
1e-06,0.01,800,11609.3,dpo-qwen3-4b-sft-lr3e5-ao-lr1e6-beta0.01-step800,70.64846416382252,39.39393939393939,87.03563305534496,79.64548894642502,79.16213275299239,65.62219142777094,79.36586036161829,79.66666666666666,82.05128205128204,40.056887878000815,1189.1131757395897,4b
1e-06,0.01,1000,14511.6,dpo-qwen3-4b-sft-lr3e5-ao-lr1e6-beta0.01-step1000,70.90443686006826,37.37373737373738,87.94541319181198,79.71519617606054,79.21653971708379,65.73418291217806,78.65020368178655,77.06666666666666,83.55704697986577,41.14730702932958,1150.5563412438014,4b
1e-06,0.01,1200,17414.0,dpo-qwen3-4b-sft-lr3e5-ao-lr1e6-beta0.01-step1200,71.160409556314,37.37373737373738,87.41470811220621,79.76498705437164,79.27094668117519,65.42069941111845,78.62022766260189,77.0,86.36363636363636,40.54258022139955,1171.1312140232958,4b
1e-06,0.01,1400,20316.3,dpo-qwen3-4b-sft-lr3e5-ao-lr1e6-beta0.01-step1400,71.33105802047781,36.86868686868687,87.71796815769522,79.81477793268273,79.05331882480957,65.60555508301572,77.30881837967704,78.53333333333333,81.78807947019867,40.77818494484697,1173.5447855452644,4b
1e-06,0.01,1600,23218.6,dpo-qwen3-4b-sft-lr3e5-ao-lr1e6-beta0.01-step1600,71.24573378839591,36.86868686868687,88.09704321455648,79.81477793268273,78.99891186071817,65.3527627944854,77.90207759854962,76.16666666666667,80.5921052631579,41.14070520540559,1147.324977819676,4b
1e-06,0.01,1800,26121.0,dpo-qwen3-4b-sft-lr3e5-ao-lr1e6-beta0.01-step1800,70.98976109215018,37.37373737373738,87.79378316906747,79.88448516231827,79.10772578890098,65.15771757781154,77.49116787900549,77.0,83.44370860927152,41.69012185669763,1094.381083680681,4b
1e-06,0.01,2000,29023.3,dpo-qwen3-4b-sft-lr3e5-ao-lr1e6-beta0.01-step2000,71.160409556314,36.86868686868687,88.62774829416225,79.93427604062936,79.16213275299239,65.16915045170238,77.76843220432896,76.73333333333332,83.33333333333334,39.52073272100985,1157.1018961738546,4b
1e-06,0.01,2031,29473.1,dpo-qwen3-4b-sft-lr3e5-ao-lr1e6-beta0.01,71.33105802047781,37.37373737373738,88.09704321455648,79.80481975702051,78.94450489662677,65.1655054438634,78.43538477905292,,78.70967741935485,38.75179230953136,1140.9381962095422,4b
1e-06,0.02,200,2902.3,dpo-qwen3-4b-sft-lr3e5-ao-lr1e6-beta0.02-step200,67.4061433447099,36.86868686868687,86.9598180439727,77.61402111133239,78.29162132752992,60.463242362940015,74.225111592796,83.93333333333332,86.18421052631578,36.236164320753645,1187.1586054962413,4b
1e-06,0.02,400,5804.7,dpo-qwen3-4b-sft-lr3e5-ao-lr1e6-beta0.02-step400,69.7098976109215,35.858585858585855,86.12585291887794,78.56004779924318,78.40043525571274,64.35173113514028,78.14687252046791,81.06666666666666,88.63636363636364,37.6747957501518,1177.7886867801976,4b
1e-06,0.02,600,8707.0,dpo-qwen3-4b-sft-lr3e5-ao-lr1e6-beta0.02-step600,70.13651877133105,38.88888888888889,81.72858225928734,78.87870942043418,79.27094668117519,65.2359956444066,77.8995842143291,76.9,85.19736842105263,33.96771484887026,1135.047209405789,4b
1e-06,0.02,800,11609.3,dpo-qwen3-4b-sft-lr3e5-ao-lr1e6-beta0.02-step800,70.13651877133105,38.38383838383838,80.97043214556481,79.02808205536745,78.99891186071817,65.97393694743106,77.35004233212321,76.1,82.14285714285714,34.47261156794034,1132.553192898954,4b
1e-06,0.02,1000,14511.6,dpo-qwen3-4b-sft-lr3e5-ao-lr1e6-beta0.02-step1000,70.56313993174061,37.37373737373738,83.92721758908263,79.27703644692292,79.10772578890098,65.75800421077108,77.4149811389336,71.3,80.92105263157895,32.98357054477595,1111.9445681607094,4b
1e-06,0.02,1200,17414.0,dpo-qwen3-4b-sft-lr3e5-ao-lr1e6-beta0.02-step1200,70.64846416382252,36.86868686868687,80.89461713419257,79.28699462258514,79.16213275299239,65.4694701447283,78.3479501057195,72.36666666666666,82.02614379084967,36.982319542568085,1146.4393931663292,4b
1e-06,0.02,1400,20316.3,dpo-qwen3-4b-sft-lr3e5-ao-lr1e6-beta0.02-step1400,70.64846416382252,36.36363636363637,77.8620166793025,79.12766381198965,78.94450489662677,66.1386538574091,77.53987198411325,66.83333333333333,81.45695364238411,36.00872327581643,1101.2146331461038,4b
1e-06,0.02,1600,23218.6,dpo-qwen3-4b-sft-lr3e5-ao-lr1e6-beta0.02-step1600,70.56313993174061,37.37373737373738,80.89461713419257,79.1575383389763,78.99891186071817,66.252956360525,77.52363728241068,70.0,82.89473684210526,35.08908226959319,1095.4959737887489,4b
1e-06,0.02,1800,26121.0,dpo-qwen3-4b-sft-lr3e5-ao-lr1e6-beta0.02-step1800,70.64846416382252,37.87878787878788,83.24488248673238,79.29695279824736,79.21653971708379,65.78827054278281,77.70598678173913,72.56666666666666,83.33333333333334,36.08847084203488,1127.4045560472482,4b
1e-06,0.02,2000,29023.3,dpo-qwen3-4b-sft-lr3e5-ao-lr1e6-beta0.02-step2000,70.90443686006826,37.37373737373738,81.6527672479151,79.2670782712607,79.05331882480957,65.88285133744833,77.35502910056428,70.33333333333333,81.37931034482759,33.01596812912445,1106.1248155538158,4b
1e-06,0.02,2031,29473.1,dpo-qwen3-4b-sft-lr3e5-ao-lr1e6-beta0.02,70.73378839590444,37.87878787878788,83.09325246398787,79.13762198765187,79.16213275299239,65.93633468812442,78.68267308519174,,80.64516129032258,33.21044040636681,1142.9512496083648,4b
1e-06,0.04,200,2902.3,dpo-qwen3-4b-sft-lr3e5-ao-lr1e6-beta0.04-step200,66.89419795221842,35.35353535353536,87.26307808946171,77.53435570603465,78.34602829162132,59.77071319612879,71.8495813330851,82.06666666666666,82.43243243243244,31.48935128884064,1189.4938074984516,4b
1e-06,0.04,400,5804.7,dpo-qwen3-4b-sft-lr3e5-ao-lr1e6-beta0.04-step400,69.53924914675767,34.84848484848485,87.49052312357847,78.03226448914559,78.40043525571274,62.96574269535131,76.70431122754292,78.83333333333331,80.51948051948052,30.63719856844586,1125.0293959227752,4b
1e-06,0.04,600,8707.0,dpo-qwen3-4b-sft-lr3e5-ao-lr1e6-beta0.04-step600,69.88054607508532,34.84848484848485,82.10765731614859,78.28121888070105,79.05331882480957,64.52846905433564,77.36001586900534,72.6,80.66666666666666,28.846275035019143,1128.7049801215874,4b
1e-06,0.04,800,11609.3,dpo-qwen3-4b-sft-lr3e5-ao-lr1e6-beta0.04-step800,69.6245733788396,36.36363636363637,78.69598180439728,78.35092611033659,78.72687704026116,65.14642373905257,76.22846270118839,67.86666666666666,75.81699346405229,28.497474806625167,1071.824194306469,4b
1e-06,0.04,1000,14511.6,dpo-qwen3-4b-sft-lr3e5-ao-lr1e6-beta0.04-step1000,70.05119453924915,35.35353535353536,78.31690674753601,78.38080063732325,79.10772578890098,65.31389188918689,78.93871594037155,68.53333333333333,75.6578947368421,28.4733029775764,1071.8339641604243,4b
1e-06,0.04,1200,17414.0,dpo-qwen3-4b-sft-lr3e5-ao-lr1e6-beta0.04-step1200,70.05119453924915,36.86868686868687,75.89082638362396,78.44054969129655,79.16213275299239,64.93823321799948,78.1356245872064,70.06666666666666,79.80132450331125,29.329291677234465,1112.8108436125074,4b
1e-06,0.04,1400,20316.3,dpo-qwen3-4b-sft-lr3e5-ao-lr1e6-beta0.04-step1400,70.05119453924915,36.86868686868687,75.05686125852918,78.50029874526987,78.67247007616976,65.65624964003479,74.93578150418668,68.43333333333334,76.1744966442953,27.19924934068894,1057.336178988366,4b
1e-06,0.04,1600,23218.6,dpo-qwen3-4b-sft-lr3e5-ao-lr1e6-beta0.04-step1600,69.96587030716724,36.86868686868687,77.33131159969673,78.45050786695877,78.83569096844396,65.90050733574114,75.05568558092529,64.53333333333333,75.81699346405229,27.373373020378946,1085.4963197047432,4b
1e-06,0.04,1800,26121.0,dpo-qwen3-4b-sft-lr3e5-ao-lr1e6-beta0.04-step1800,70.05119453924915,36.36363636363637,79.45413191811978,78.40071698864767,78.50924918389553,65.38327854650804,77.06901022619981,66.46666666666667,81.25,28.113302374268773,1046.7494521552633,4b
1e-06,0.04,2000,29023.3,dpo-qwen3-4b-sft-lr3e5-ao-lr1e6-beta0.04-step2000,70.05119453924915,35.35353535353536,79.45413191811978,78.42063333997211,78.94450489662677,65.3938026468867,75.7113902223877,66.1,77.81456953642383,25.89833091026427,1056.852684843313,4b
1e-06,0.04,2031,29473.1,dpo-qwen3-4b-sft-lr3e5-ao-lr1e6-beta0.04,70.05119453924915,36.86868686868687,79.37831690674754,78.5700059749054,78.78128400435256,65.5251862947413,77.23761840804622,,79.60526315789474,27.71451165787201,1082.3937478755574,4b
2e-06,0.01,200,687.9,dpo-qwen3-4b-sft-lr3e5-ao-lr2e6-beta0.01-step200,68.85665529010238,36.86868686868687,88.32448824867323,78.8388767177853,78.61806311207835,63.70418553796176,78.30173938483225,83.56666666666666,83.98692810457517,41.61049613350919,1196.2502212375562,4b
2e-06,0.01,400,1375.9,dpo-qwen3-4b-sft-lr3e5-ao-lr2e6-beta0.01-step400,71.33105802047781,36.86868686868687,89.23426838514025,79.89444333798048,79.27094668117519,64.27732159187258,78.29675261639117,78.73333333333333,80.84415584415584,42.60388378662388,1186.5450929205083,4b
2e-06,0.01,600,2063.8,dpo-qwen3-4b-sft-lr3e5-ao-lr2e6-beta0.01-step600,71.58703071672356,37.37373737373738,89.53752843062927,80.34256124278032,79.05331882480957,66.72490538917545,79.79300478286501,77.6,83.22368421052632,42.55853404727622,1159.00017033163,4b
2e-06,0.01,800,2751.8,dpo-qwen3-4b-sft-lr3e5-ao-lr2e6-beta0.01-step800,71.41638225255973,37.87878787878788,89.0068233510235,80.36247759410476,78.99891186071817,67.35144389177934,75.77134226075701,72.5,82.89473684210526,38.82799867240806,1127.2554799920151,4b
2e-06,0.01,1000,3439.7,dpo-qwen3-4b-sft-lr3e5-ao-lr2e6-beta0.01-step1000,70.98976109215018,37.87878787878788,88.17285822592874,80.30272854013145,79.379760609358,68.02366892069159,74.06525795999059,64.46666666666667,71.73913043478261,39.57605750194386,1046.3876654798469,4b
2e-06,0.01,1200,4127.7,dpo-qwen3-4b-sft-lr3e5-ao-lr2e6-beta0.01-step1200,71.07508532423208,37.37373737373738,88.32448824867323,80.40231029675363,79.21653971708379,67.64217708385323,74.0053059216213,70.73333333333333,80.79470198675497,39.25667278503301,1117.7460108253874,4b
2e-06,0.01,1400,4815.6,dpo-qwen3-4b-sft-lr3e5-ao-lr2e6-beta0.01-step1400,71.50170648464163,37.37373737373738,88.17285822592874,80.4421429994025,78.78128400435256,68.07870214888858,71.9457705554595,67.83333333333333,76.97368421052632,36.986009079379535,1079.3888183867691,4b
2e-06,0.01,1600,5503.5,dpo-qwen3-4b-sft-lr3e5-ao-lr2e6-beta0.01-step1600,70.98976109215018,35.858585858585855,87.94541319181198,80.4919338777136,79.27094668117519,67.63485165055249,75.0232161775201,72.06666666666666,80.71895424836602,40.6881238766702,1108.9852517819395,4b
2e-06,0.01,1800,6191.5,dpo-qwen3-4b-sft-lr3e5-ao-lr2e6-beta0.01-step1800,70.90443686006826,35.35353535353536,88.70356330553449,80.61143198566023,79.32535364526659,67.6543564865189,75.2080590610691,69.13333333333333,77.36486486486487,40.27311954027925,1118.0653257062895,4b
2e-06,0.01,2000,6879.4,dpo-qwen3-4b-sft-lr3e5-ao-lr2e6-beta0.01-step2000,70.98976109215018,37.87878787878788,87.26307808946171,80.48197570205139,79.4341675734494,67.85688562514594,72.86499820476337,66.53333333333333,72.03947368421053,38.48463549002476,1085.4576292270035,4b
2e-06,0.01,2031,6986.1,dpo-qwen3-4b-sft-lr3e5-ao-lr2e6-beta0.01,71.07508532423208,36.86868686868687,87.71796815769522,80.5417247560247,79.32535364526659,67.90466834692988,72.02943744819301,,74.01315789473685,39.29415926992258,1094.427406335407,4b
2e-06,0.02,200,692.9,dpo-qwen3-4b-sft-lr3e5-ao-lr2e6-beta0.02-step200,68.68600682593856,36.86868686868687,89.15845337376801,78.38080063732325,78.56365614798693,63.14293833260066,75.42038457958218,80.76666666666667,87.0,36.82783240164976,1189.3017226028762,4b
2e-06,0.02,400,1385.9,dpo-qwen3-4b-sft-lr3e5-ao-lr2e6-beta0.02-step400,69.53924914675767,37.37373737373738,85.59514783927217,79.01812387970524,79.16213275299239,64.43352745750171,76.89541527591236,76.16666666666666,85.19736842105263,35.87220881967513,1133.964403383491,4b
2e-06,0.02,600,2078.8,dpo-qwen3-4b-sft-lr3e5-ao-lr2e6-beta0.02-step600,70.73378839590444,37.37373737373738,82.71417740712661,79.38657637920733,78.83569096844396,65.45676465749474,77.27136220783078,74.36666666666666,81.81818181818183,35.76523370488985,1160.590024175889,4b
2e-06,0.02,800,2771.8,dpo-qwen3-4b-sft-lr3e5-ao-lr2e6-beta0.02-step800,70.64846416382252,38.38383838383838,84.76118271417741,79.46624178450507,79.21653971708379,66.31269322318002,75.48033661795148,67.16666666666666,75.16129032258064,33.99756333230503,1116.013510176649,4b
2e-06,0.02,1000,3464.7,dpo-qwen3-4b-sft-lr3e5-ao-lr2e6-beta0.02-step1000,70.73378839590444,38.38383838383838,83.47232752084913,79.33678550089624,79.4341675734494,66.25342083989017,75.08566160010992,60.03333333333333,73.05194805194806,31.01720898305556,1069.9533638924029,4b
2e-06,0.02,1200,4157.7,dpo-qwen3-4b-sft-lr3e5-ao-lr2e6-beta0.02-step1200,70.22184300341297,39.8989898989899,83.47232752084913,79.27703644692292,79.27094668117519,66.04027919244747,74.56858912130923,66.4,77.48344370860927,34.63557041295498,1071.5782898592563,4b
2e-06,0.02,1400,4850.6,dpo-qwen3-4b-sft-lr3e5-ao-lr2e6-beta0.02-step1400,70.73378839590444,37.37373737373738,79.37831690674754,79.09778928500299,78.89009793253537,67.11675483644393,72.72636604210162,59.86666666666666,70.33333333333334,33.2266864860342,964.1385232832512,4b
2e-06,0.02,1600,5543.5,dpo-qwen3-4b-sft-lr3e5-ao-lr2e6-beta0.02-step1600,70.90443686006826,38.88888888888889,86.65655799848369,79.13762198765187,79.27094668117519,66.71570196864916,73.00612375164563,62.73333333333333,73.7012987012987,35.4827754495636,1059.6883443890424,4b
2e-06,0.02,1800,6236.5,dpo-qwen3-4b-sft-lr3e5-ao-lr2e6-beta0.02-step1800,70.4778156996587,38.38383838383838,87.26307808946171,79.25712009559848,79.4885745375408,66.52157839565585,72.90245437660961,62.06666666666666,75.32467532467533,34.0140742290394,999.3129382938952,4b
2e-06,0.02,2000,6929.4,dpo-qwen3-4b-sft-lr3e5-ao-lr2e6-beta0.02-step2000,70.64846416382252,37.37373737373738,86.9598180439727,79.17745469030073,79.379760609358,66.64749434535113,72.79130484891199,61.16666666666666,73.05194805194806,34.32265569967248,1009.374515817464,4b
2e-06,0.02,2031,7036.8,dpo-qwen3-4b-sft-lr3e5-ao-lr2e6-beta0.02,70.64846416382252,37.87878787878788,86.2016679302502,79.29695279824736,79.379760609358,66.65678843325452,71.94200277485959,,70.91503267973856,34.288916968152485,1047.5122512942382,4b
2e-06,0.04,200,688.1,dpo-qwen3-4b-sft-lr3e5-ao-lr2e6-beta0.04-step200,68.34470989761093,35.858585858585855,89.08263836239576,78.00238996215893,78.34602829162132,62.65436228163159,76.79673266931741,76.46666666666667,83.33333333333334,30.749953924397545,1171.564982200587,4b
2e-06,0.04,400,1376.2,dpo-qwen3-4b-sft-lr3e5-ao-lr2e6-beta0.04-step400,69.7952218430034,33.83838383838384,82.10765731614859,78.53017327225652,78.78128400435256,64.88031062650093,75.33294990624874,74.03333333333333,81.78807947019867,30.673688753047625,1149.5388440458632,4b
2e-06,0.04,600,2064.3,dpo-qwen3-4b-sft-lr3e5-ao-lr2e6-beta0.04-step600,70.39249146757679,36.36363636363637,79.52994692949204,78.57996415056762,78.72687704026116,65.63287532275048,75.2954937344025,71.33333333333333,78.1456953642384,30.66669742308671,1141.206515776462,4b
2e-06,0.04,800,2752.4,dpo-qwen3-4b-sft-lr3e5-ao-lr2e6-beta0.04-step800,70.64846416382252,35.858585858585855,78.99924184988627,78.66958773152759,78.94450489662677,65.98633208118446,71.85207471730564,62.93333333333333,74.18300653594771,26.45608063275248,1092.4254620828192,4b
2e-06,0.04,1000,3440.5,dpo-qwen3-4b-sft-lr3e5-ao-lr2e6-beta0.04-step1000,70.05119453924915,38.88888888888889,77.33131159969673,78.47042421828321,79.05331882480957,65.70858268917527,76.47325762310669,61.73333333333333,75.81699346405229,25.40720712440785,1046.6478940714517,4b
2e-06,0.04,1200,4128.6,dpo-qwen3-4b-sft-lr3e5-ao-lr2e6-beta0.04-step1200,70.13651877133105,38.88888888888889,80.0606520090978,78.42063333997211,79.32535364526659,64.60760720302112,76.01613718267531,67.89999999999999,77.45098039215686,27.671158713420464,1069.6853797095243,4b
2e-06,0.04,1400,4816.7,dpo-qwen3-4b-sft-lr3e5-ao-lr2e6-beta0.04-step1400,70.39249146757679,37.87878787878788,81.57695223654284,78.48038239394542,78.99891186071817,65.23377397324457,76.07858260526514,61.8,72.22222222222221,25.622615214832173,1017.6786083372268,4b
2e-06,0.04,1600,5504.8,dpo-qwen3-4b-sft-lr3e5-ao-lr2e6-beta0.04-step1600,70.30716723549489,38.38383838383838,82.03184230477635,78.29117705636327,79.32535364526659,65.4858122055669,73.62437222126181,59.36666666666666,73.35526315789474,23.906565105906168,1064.3692802599685,4b
2e-06,0.04,1800,6193.0,dpo-qwen3-4b-sft-lr3e5-ao-lr2e6-beta0.04-step1800,70.39249146757679,36.36363636363637,83.47232752084913,78.53017327225652,79.32535364526659,64.90244575670928,74.64228247716059,64.16666666666666,75.49019607843137,26.422644374042005,1017.0151635289396,4b
2e-06,0.04,2000,6881.1,dpo-qwen3-4b-sft-lr3e5-ao-lr2e6-beta0.04-step2000,70.13651877133105,38.38383838383838,83.77558756633815,78.49034056960765,79.21653971708379,64.82435667307568,72.91120892565061,60.23333333333333,71.47651006711409,23.751642664538384,1036.8583965445696,4b
2e-06,0.04,2031,6987.7,dpo-qwen3-4b-sft-lr3e5-ao-lr2e6-beta0.04,69.96587030716724,37.87878787878788,83.47232752084913,78.47042421828321,78.99891186071817,64.94348457917275,73.19722780001507,,73.37662337662337,24.073311661881185,1054.90542199178,4b
4e-06,0.01,200,369.4,dpo-qwen3-4b-sft-lr3e5-ao-lr4e6-beta0.01-step200,70.4778156996587,33.83838383838384,85.74677786201667,79.71519617606054,78.34602829162132,68.34777656579254,74.34252228531408,79.43333333333334,82.78145695364239,44.24347811517967,1192.2385840942577,4b
4e-06,0.01,400,738.9,dpo-qwen3-4b-sft-lr3e5-ao-lr4e6-beta0.01-step400,70.98976109215018,37.37373737373738,80.43972706595906,80.23302131049593,78.67247007616976,64.63595197805184,77.16769283279477,76.93333333333334,81.54362416107382,44.36436676543485,1128.9754192399453,4b
4e-06,0.01,600,1108.3,dpo-qwen3-4b-sft-lr3e5-ao-lr4e6-beta0.01-step600,71.41638225255973,35.35353535353536,81.80439727065959,81.09938259310894,78.45484221980414,67.10514425121829,71.74092518960802,70.5,79.47019867549669,42.40643710459139,1134.4568888922277,4b
4e-06,0.01,800,1477.8,dpo-qwen3-4b-sft-lr3e5-ao-lr4e6-beta0.01-step800,71.58703071672356,35.858585858585855,71.19029567854435,80.93009360685123,78.29162132752992,66.81274542730911,67.39201984068937,56.6,71.56862745098039,39.98168582548603,1084.6350563117217,4b
4e-06,0.01,1000,1847.2,dpo-qwen3-4b-sft-lr3e5-ao-lr4e6-beta0.01-step1000,70.73378839590444,38.38383838383838,77.17968157695225,80.45210117506473,79.21653971708379,66.16878374617359,68.02650301200815,57.39999999999999,66.44295302013423,35.50623257364358,1059.230924131309,4b
4e-06,0.01,1200,2216.7,dpo-qwen3-4b-sft-lr3e5-ao-lr4e6-beta0.01-step1200,70.39249146757679,40.4040404040404,65.80742987111448,80.62139016132245,79.5429815016322,67.08224635648826,66.89118206359127,58.13333333333333,67.76315789473685,40.73494464542418,1061.3920356000767,4b
4e-06,0.01,1400,2586.1,dpo-qwen3-4b-sft-lr3e5-ao-lr4e6-beta0.01-step1400,69.96587030716724,38.38383838383838,73.54056103108415,80.64130651264688,79.379760609358,66.47238290541459,63.65011502812538,46.86666666666667,62.16216216216216,34.07553974962166,955.9254859548798,4b
4e-06,0.01,1600,2955.5,dpo-qwen3-4b-sft-lr3e5-ao-lr4e6-beta0.01-step1600,69.88054607508532,37.87878787878788,72.40333586050039,80.88030272854013,79.10772578890098,67.06422774368173,69.66138734114374,58.36666666666666,74.50980392156863,37.64784819685468,1063.2731545708834,4b
4e-06,0.01,1800,3325.0,dpo-qwen3-4b-sft-lr3e5-ao-lr4e6-beta0.01-step1800,69.7098976109215,37.87878787878788,75.73919636087946,80.83051185022903,79.16213275299239,67.21231476561675,65.83830902006676,56.73333333333333,73.02631578947368,36.91843476767684,1087.028448501099,4b
4e-06,0.01,2000,3694.4,dpo-qwen3-4b-sft-lr3e5-ao-lr4e6-beta0.01-step2000,70.4778156996587,36.86868686868687,76.49734647460197,80.84047002589125,78.78128400435256,67.59116399375048,63.85368599759749,,64.14473684210526,33.68765312948497,1007.0099600499846,4b
4e-06,0.01,2031,3751.7,dpo-qwen3-4b-sft-lr3e5-ao-lr4e6-beta0.01,70.05119453924915,38.88888888888889,76.72479150871872,80.84047002589125,78.61806311207835,67.76596192761674,64.30831305380835,,60.526315789473685,32.73624748626652,993.3445493190804,4b
4e-06,0.02,200,2913.7,dpo-qwen3-4b-sft-lr3e5-ao-lr4e6-beta0.02-step200,69.88054607508532,35.35353535353536,81.12206216830933,78.9484166500697,78.61806311207835,64.8984103773289,71.93701600641853,75.39999999999999,81.61290322580645,37.82990439737047,1116.9609234222005,4b
4e-06,0.02,400,5827.3,dpo-qwen3-4b-sft-lr3e5-ao-lr4e6-beta0.02-step400,70.22184300341297,33.83838383838384,85.29188779378318,79.39653455486955,78.67247007616976,64.65350441334027,73.0036303674251,73.16666666666666,76.64473684210526,41.00120870588576,1105.8640424367409,4b
4e-06,0.02,600,8741.0,dpo-qwen3-4b-sft-lr3e5-ao-lr4e6-beta0.02-step600,70.90443686006826,34.34343434343434,81.88021228203183,80.0139414459271,78.61806311207835,65.98945807447289,72.95243287809679,66.56666666666666,73.07692307692307,38.93234815717528,1084.3947638362592,4b
4e-06,0.02,800,11654.7,dpo-qwen3-4b-sft-lr3e5-ao-lr4e6-beta0.02-step800,70.56313993174061,36.86868686868687,81.57695223654284,79.88448516231827,79.379760609358,65.19729622084365,67.58312388905881,50.93333333333333,65.77181208053692,33.51287363862441,948.143485427778,4b
4e-06,0.02,1000,14568.3,dpo-qwen3-4b-sft-lr3e5-ao-lr4e6-beta0.02-step1000,69.6245733788396,38.38383838383838,84.07884761182714,79.18741286596295,79.5429815016322,65.55958016443718,69.32167759323042,50.9,62.0,29.81532181685117,993.3062578473862,4b
4e-06,0.02,1200,17482.0,dpo-qwen3-4b-sft-lr3e5-ao-lr4e6-beta0.02-step1200,69.45392491467577,35.858585858585855,80.97043214556481,79.77494523003385,79.76060935799782,66.13167711572896,68.95697859457351,59.56666666666666,74.66666666666667,36.14049668748668,1054.48841882511,4b
4e-06,0.02,1400,20395.7,dpo-qwen3-4b-sft-lr3e5-ao-lr4e6-beta0.02-step1400,69.96587030716724,34.34343434343434,80.0606520090978,79.45628360884285,79.70620239390642,66.44917368432122,66.14554936457489,44.03333333333333,66.0,30.46087901600123,955.0999123499914,4b
4e-06,0.02,1600,23309.3,dpo-qwen3-4b-sft-lr3e5-ao-lr4e6-beta0.02-step1600,69.28327645051195,34.84848484848485,84.07884761182714,79.53594901414061,79.379760609358,66.7608847410513,66.06437585606191,51.9,73.8562091503268,33.50828817016872,1040.325040233232,4b
4e-06,0.02,1800,26223.0,dpo-qwen3-4b-sft-lr3e5-ao-lr4e6-beta0.02-step1800,69.19795221843003,35.35353535353536,84.23047763457164,79.6952798247361,79.16213275299239,66.62609353351968,67.88288408090534,50.46666666666667,72.36842105263158,32.00461093352134,1033.9902249954157,4b
4e-06,0.02,2000,29136.7,dpo-qwen3-4b-sft-lr3e5-ao-lr4e6-beta0.02-step2000,69.36860068259386,34.34343434343434,85.29188779378318,79.55586536546505,79.10772578890098,66.8136804159206,66.12183451021069,48.06666666666666,69.6078431372549,32.035702794468385,973.9353732978046,4b
4e-06,0.02,2031,29588.3,dpo-qwen3-4b-sft-lr3e5-ao-lr4e6-beta0.02,69.45392491467577,34.34343434343434,84.6095526914329,79.61561441943836,79.27094668117519,66.92611369129598,65.68094877148188,,66.55844155844156,30.67419052766352,982.6143325051949,4b
4e-06,0.04,200,2914.0,dpo-qwen3-4b-sft-lr3e5-ao-lr4e6-beta0.04-step200,69.7952218430034,33.83838383838384,69.2191053828658,78.56004779924318,78.72687704026116,63.83007511341198,71.74092518960802,70.4,78.75816993464052,30.63600526515836,1128.6139667780403,4b
4e-06,0.04,400,5828.0,dpo-qwen3-4b-sft-lr3e5-ao-lr4e6-beta0.04-step400,70.05119453924915,34.34343434343434,76.26990144048523,78.49034056960765,78.61806311207835,64.8263770841905,72.0269440639725,60.4,77.92207792207793,34.70378613250157,1125.913026357955,4b
4e-06,0.04,600,8742.0,dpo-qwen3-4b-sft-lr3e5-ao-lr4e6-beta0.04-step600,70.13651877133105,37.37373737373738,80.13646702047005,78.6297550288787,79.10772578890098,66.55383899812094,71.65975168109505,57.9,73.7012987012987,32.22494015417388,1096.7938358887952,4b
4e-06,0.04,800,11656.0,dpo-qwen3-4b-sft-lr3e5-ao-lr4e6-beta0.04-step800,70.4778156996587,35.858585858585855,74.60197119029569,78.68950408285203,79.05331882480957,66.46479775500087,63.41407465524808,34.8,50.66225165562914,26.83624252373711,829.7910058960467,4b
4e-06,0.04,1000,14570.0,dpo-qwen3-4b-sft-lr3e5-ao-lr4e6-beta0.04-step1000,69.53924914675767,37.37373737373738,76.95223654283548,78.32105158334993,79.76060935799782,66.788522545282,70.96282308718645,46.03333333333333,54.19354838709678,20.73684274380625,925.65505981641,4b
4e-06,0.04,1200,17484.0,dpo-qwen3-4b-sft-lr3e5-ao-lr4e6-beta0.04-step1200,69.6245733788396,35.858585858585855,81.34950720242608,78.57996415056762,79.76060935799782,66.52870010865666,67.46072642809966,55.4,65.38461538461539,29.76562762902337,1051.48091955913,4b
4e-06,0.04,1400,20398.0,dpo-qwen3-4b-sft-lr3e5-ao-lr4e6-beta0.04-step1400,69.53924914675767,35.858585858585855,80.13646702047005,78.42063333997211,79.65179542981502,66.37878531769286,68.08645505037745,48.93333333333333,58.16993464052288,23.97480444129871,965.6369435289972,4b
4e-06,0.04,1600,23312.0,dpo-qwen3-4b-sft-lr3e5-ao-lr4e6-beta0.04-step1600,69.7952218430034,37.87878787878788,82.63836239575436,78.48038239394542,79.379760609358,66.7239759948102,65.32123654126606,47.86666666666666,61.76470588235294,23.17343006885321,1036.0340969989911,4b
4e-06,0.04,1800,26226.0,dpo-qwen3-4b-sft-lr3e5-ao-lr4e6-beta0.04-step1800,69.96587030716724,35.858585858585855,83.47232752084913,78.6297550288787,79.59738846572361,66.61301547997054,64.63306249639844,49.66666666666666,64.0,26.83766237048361,1004.3517100657776,4b
4e-06,0.04,2000,29140.0,dpo-qwen3-4b-sft-lr3e5-ao-lr4e6-beta0.04-step2000,69.6245733788396,34.84848484848485,82.4109173616376,78.45050786695877,79.4341675734494,66.99348060304217,66.91367793011432,,61.61290322580645,24.8223457023431,992.6252386787852,4b
4e-06,0.04,2031,29591.7,dpo-qwen3-4b-sft-lr3e5-ao-lr4e6-beta0.04,69.45392491467577,36.36363636363637,82.94162244124337,78.42063333997211,79.65179542981502,66.96342921187151,66.15181052939533,,69.73684210526315,24.579555534212712,1013.2459977846642,4b
1e-06,0.01,200,4251.8,dpo-qwen3-8b-sft-lr3e5-ao-lr1e6-beta0.01-step200,69.96587030716724,36.36363636363637,82.33510235026536,79.59569806811392,78.56365614798693,58.48621472623648,78.34296333727842,69.69999999999999,75.66666666666667,34.619555128479554,1184.4757403221422,8b
1e-06,0.01,400,8503.7,dpo-qwen3-8b-sft-lr3e5-ao-lr1e6-beta0.01-step400,71.50170648464163,38.38383838383838,87.03563305534496,80.30272854013145,77.52992383025027,63.91824279532323,78.31548070231432,75.13333333333333,86.9281045751634,50.0,1262.896860681334,8b
1e-06,0.01,600,12755.5,dpo-qwen3-8b-sft-lr3e5-ao-lr1e6-beta0.01-step600,72.09897610921502,41.41414141414141,87.94541319181198,80.56164110734913,77.14907508161045,64.6966479562118,78.02447505950877,73.7,84.49367088607595,46.67715239693261,1246.587331834928,8b
1e-06,0.01,800,17007.3,dpo-qwen3-8b-sft-lr3e5-ao-lr1e6-beta0.01-step800,72.26962457337885,39.8989898989899,88.40030326004549,80.57159928301135,77.31229597388466,65.11360987302946,78.9249746228895,73.1,81.4935064935065,45.52046000319221,1229.9160298875393,8b
1e-06,0.01,1000,21259.1,dpo-qwen3-8b-sft-lr3e5-ao-lr1e6-beta0.01-step1000,72.09897610921502,40.4040404040404,88.77937831690674,80.55168293168691,77.14907508161045,65.17880958062644,77.2900902937539,69.7,81.32911392405063,45.15595063638568,1221.4970094526657,8b
1e-06,0.01,1200,25511.0,dpo-qwen3-8b-sft-lr3e5-ao-lr1e6-beta0.01-step1200,72.61092150170649,39.8989898989899,88.32448824867323,80.7608046205935,77.09466811751903,65.32958318965957,77.48867449478495,69.23333333333332,81.29032258064515,44.70291948068797,1239.7577813962916,8b
1e-06,0.01,1400,29762.8,dpo-qwen3-8b-sft-lr3e5-ao-lr1e6-beta0.01-step1400,72.44027303754265,40.4040404040404,88.62774829416225,80.73093009360686,77.14907508161045,65.70994306946861,78.03821637699083,70.46666666666667,81.37254901960785,45.34247355404103,1218.8317063826214,8b
1e-06,0.01,1600,34014.6,dpo-qwen3-8b-sft-lr3e5-ao-lr1e6-beta0.01-step1600,72.35494880546075,40.4040404040404,88.77937831690674,80.7608046205935,76.4961915125136,65.6580979106001,77.51865051396962,69.16666666666667,80.64516129032258,46.10561418631119,1239.4068381054933,8b
1e-06,0.01,1800,38266.5,dpo-qwen3-8b-sft-lr3e5-ao-lr1e6-beta0.01-step1800,72.18430034129693,39.8989898989899,89.38589840788475,80.94005178251345,76.93144722524482,65.84903612038822,79.24096951643861,71.39999999999999,83.7579617834395,45.01569524645049,1205.461689346824,8b
1e-06,0.01,2000,42518.3,dpo-qwen3-8b-sft-lr3e5-ao-lr1e6-beta0.01-step2000,72.26962457337885,39.39393939393939,88.855193328279,80.80063732324238,76.6594124047878,65.7922191679823,77.64104797492874,69.5,79.6774193548387,45.07931511490819,1220.3443995268087,8b
1e-06,0.01,2031,43177.3,dpo-qwen3-8b-sft-lr3e5-ao-lr1e6-beta0.01,72.44027303754265,40.4040404040404,88.70356330553449,80.80063732324238,76.87704026115343,65.90288480570794,77.85586687766238,70.13333333333333,82.16560509554141,46.21616499455696,1226.4259239203795,8b
1e-06,0.02,200,4254.0,dpo-qwen3-8b-sft-lr3e5-ao-lr1e6-beta0.02-step200,70.05119453924915,38.38383838383838,83.09325246398787,79.46624178450507,78.67247007616976,58.28574614110066,78.84878788281759,67.43333333333334,76.79738562091504,29.549735106522927,1177.3206964408353,8b
1e-06,0.02,400,8507.9,dpo-qwen3-8b-sft-lr3e5-ao-lr1e6-beta0.02-step400,71.07508532423208,38.38383838383838,85.74677786201667,79.82473610834495,77.85636561479869,63.04911771069918,79.82048741782914,69.6,83.22580645161291,43.496240211517815,1254.9757869448044,8b
1e-06,0.02,600,12761.9,dpo-qwen3-8b-sft-lr3e5-ao-lr1e6-beta0.02-step600,71.07508532423208,39.39393939393939,86.65655799848369,79.88448516231827,77.58433079434167,63.86283873608857,78.08692048209862,72.2,84.49367088607595,43.07921332281903,1228.295307259121,8b
1e-06,0.02,800,17015.8,dpo-qwen3-8b-sft-lr3e5-ao-lr1e6-beta0.02-step800,72.09897610921502,40.4040404040404,86.8081880212282,79.98406691894046,77.47551686615887,64.41849178111394,79.6219032167981,73.1,80.76923076923077,40.79182928787726,1223.409996885819,8b
1e-06,0.02,1000,21269.8,dpo-qwen3-8b-sft-lr3e5-ao-lr1e6-beta0.02-step1000,71.84300341296928,39.8989898989899,86.65655799848369,79.92431786496714,77.80195865070729,64.51697082843269,78.45161948075551,68.33333333333333,85.03184713375796,39.92175228291626,1217.5370179275046,8b
1e-06,0.02,1200,25523.8,dpo-qwen3-8b-sft-lr3e5-ao-lr1e6-beta0.02-step1200,72.01365187713311,38.88888888888889,87.26307808946171,79.7948615813583,77.58433079434167,64.39135396349879,77.00157803516892,70.43333333333334,81.61290322580645,39.98033185020694,1216.610705068083,8b
1e-06,0.02,1400,29777.7,dpo-qwen3-8b-sft-lr3e5-ao-lr1e6-beta0.02-step1400,71.75767918088737,40.4040404040404,86.3532979529947,79.87452698665605,77.52992383025027,64.60146790679836,77.05277552449724,69.16666666666666,83.22784810126582,39.95813619863998,1175.270930769364,8b
1e-06,0.02,1600,34031.7,dpo-qwen3-8b-sft-lr3e5-ao-lr1e6-beta0.02-step1600,71.9283276450512,41.41414141414141,86.2016679302502,79.9541923919538,77.36670293797606,64.6910602310088,77.34128778308222,66.2,84.0909090909091,38.70482253241913,1204.9582777297626,8b
1e-06,0.02,1800,38285.7,dpo-qwen3-8b-sft-lr3e5-ao-lr1e6-beta0.02-step1800,71.84300341296928,39.8989898989899,86.05003790750568,79.87452698665605,77.09466811751903,64.82792492579854,76.04860658608048,67.5,83.43949044585987,40.40451937963033,1191.3988076169796,8b
1e-06,0.02,2000,42539.6,dpo-qwen3-8b-sft-lr3e5-ao-lr1e6-beta0.02-step2000,72.09897610921502,39.39393939393939,87.18726307808946,79.92431786496714,77.58433079434167,64.83256570528636,76.55193774739912,67.46666666666667,83.22784810126582,39.0119531678215,1197.7149356026428,8b
1e-06,0.02,2031,43199.0,dpo-qwen3-8b-sft-lr3e5-ao-lr1e6-beta0.02,71.67235494880546,39.8989898989899,86.2016679302502,79.93427604062936,77.42110990206747,64.78031950614685,76.04860658608048,66.69999999999999,80.64516129032258,38.41873132107816,1209.1822977284664,8b
1e-06,0.04,200,4265.8,dpo-qwen3-8b-sft-lr3e5-ao-lr1e6-beta0.04-step200,69.45392491467577,37.87878787878788,82.78999241849885,79.2670782712607,78.40043525571274,57.58849980900976,77.59982402248258,65.16666666666666,78.38709677419354,26.55151855300821,1161.01515964701,8b
1e-06,0.04,400,8531.6,dpo-qwen3-8b-sft-lr3e5-ao-lr1e6-beta0.04-step400,70.90443686006826,38.88888888888889,85.89840788476118,79.51603266281617,77.6931447225245,61.45231312966696,79.6731007061264,69.16666666666666,79.87012987012987,32.94249116826784,1177.724633147925,8b
1e-06,0.04,600,12797.4,dpo-qwen3-8b-sft-lr3e5-ao-lr1e6-beta0.04-step600,71.75767918088737,38.88888888888889,85.36770280515542,79.65544712208722,77.80195865070729,62.68734715403288,78.16061383794998,66.03333333333333,82.02614379084967,34.75728598237546,1165.9853728262965,8b
1e-06,0.04,800,17063.2,dpo-qwen3-8b-sft-lr3e5-ao-lr1e6-beta0.04-step800,71.67235494880546,39.8989898989899,86.73237300985596,79.65544712208722,78.29162132752992,63.274732767790745,79.67060732190589,70.1,84.31372549019608,33.047666931495584,1195.467783113359,8b
1e-06,0.04,1000,21329.0,dpo-qwen3-8b-sft-lr3e5-ao-lr1e6-beta0.04-step1000,71.41638225255973,38.88888888888889,86.73237300985596,79.84465245966939,77.85636561479869,63.529061174925886,79.44204710169018,67.93333333333332,79.87012987012987,34.19169256666693,1144.232237060929,8b
1e-06,0.04,1200,25594.8,dpo-qwen3-8b-sft-lr3e5-ao-lr1e6-beta0.04-step1200,72.09897610921502,39.39393939393939,86.2016679302502,79.84465245966939,78.12840043525571,63.55316337046073,79.15353484310519,67.06666666666666,81.16883116883116,31.7382437652865,1184.3143928930424,8b
1e-06,0.04,1400,29860.6,dpo-qwen3-8b-sft-lr3e5-ao-lr1e6-beta0.04-step1400,71.9283276450512,39.39393939393939,86.12585291887794,79.91435968930492,78.12840043525571,63.65082013326372,79.89916754212157,66.53333333333333,79.87012987012987,32.54533729022639,1186.4286449624954,8b
1e-06,0.04,1600,34126.4,dpo-qwen3-8b-sft-lr3e5-ao-lr1e6-beta0.04-step1600,71.9283276450512,38.38383838383838,85.59514783927217,79.97410874327822,78.0739934711643,63.61211049056677,79.52072722598263,66.16666666666666,79.8076923076923,30.940651366010417,1122.7862381122486,8b
1e-06,0.04,1800,38392.2,dpo-qwen3-8b-sft-lr3e5-ao-lr1e6-beta0.04-step1800,71.84300341296928,39.8989898989899,85.82259287338894,79.97410874327822,78.0195865070729,63.80018418257286,80.06777572396797,66.5,81.4935064935065,31.27789503337063,1183.0079817173255,8b
1e-06,0.04,2000,42658.0,dpo-qwen3-8b-sft-lr3e5-ao-lr1e6-beta0.04-step2000,72.01365187713311,39.8989898989899,86.05003790750568,79.9044015136427,77.85636561479869,63.78336121575602,80.16019716574246,65.86666666666667,79.93421052631578,30.8066237815988,1182.3605042306492,8b
1e-06,0.04,2031,43319.2,dpo-qwen3-8b-sft-lr3e5-ao-lr1e6-beta0.04,71.84300341296928,38.38383838383838,86.2016679302502,79.76498705437164,77.63873775843308,63.783716117946135,80.7072456637278,66.03333333333333,79.08496732026144,29.8023556228298,1166.729537457054,8b
2e-06,0.01,200,4259.6,dpo-qwen3-8b-sft-lr3e5-ao-lr2e6-beta0.01-step200,70.81911262798634,38.38383838383838,86.3532979529947,80.23302131049593,77.85636561479869,63.27052868149777,78.6964144026738,77.73333333333333,84.83870967741936,47.87343857228269,1242.7334902426653,8b
2e-06,0.01,400,8519.3,dpo-qwen3-8b-sft-lr3e5-ao-lr2e6-beta0.01-step400,72.01365187713311,40.4040404040404,88.09704321455648,80.37243576976698,76.82263329706203,65.38365595410117,78.81382509519187,71.83333333333333,83.87096774193549,45.50265930644759,1220.1434692848702,8b
2e-06,0.01,600,12778.9,dpo-qwen3-8b-sft-lr3e5-ao-lr2e6-beta0.01-step600,72.7815699658703,41.41414141414141,89.61334344200151,80.57159928301135,76.4961915125136,65.85371724669074,77.37126380226687,69.53333333333333,81.04575163398692,43.29908191028002,1235.3211806162742,8b
2e-06,0.01,800,17038.5,dpo-qwen3-8b-sft-lr3e5-ao-lr2e6-beta0.01-step800,73.29351535836177,39.8989898989899,89.53752843062927,80.79067914758016,76.44178454842219,66.25995331741414,77.64104797492874,67.63333333333333,80.12820512820514,42.13602339793359,1186.759152507992,8b
2e-06,0.01,1000,21298.1,dpo-qwen3-8b-sft-lr3e5-ao-lr2e6-beta0.01-step1000,73.63481228668942,40.4040404040404,88.09704321455648,80.97988448516233,76.6050054406964,65.97084630455421,76.96910863176372,65.93333333333334,82.9032258064516,42.19963129108149,1190.5821884528475,8b
2e-06,0.01,1200,25557.8,dpo-qwen3-8b-sft-lr3e5-ao-lr2e6-beta0.01-step1200,73.29351535836177,40.4040404040404,87.03563305534496,80.80063732324238,76.98585418933624,66.08620697712443,74.94952282166872,69.29999999999998,83.01282051282051,44.33934592808234,1193.326820005707,8b
2e-06,0.01,1400,29817.4,dpo-qwen3-8b-sft-lr3e5-ao-lr2e6-beta0.01-step1400,73.46416382252559,37.87878787878788,87.79378316906747,80.79067914758016,76.6594124047878,66.27264402458762,75.58400599298749,67.66666666666666,83.66013071895425,42.73240465387885,1136.2525295667149,8b
2e-06,0.01,1600,34077.0,dpo-qwen3-8b-sft-lr3e5-ao-lr2e6-beta0.01-step1600,73.46416382252559,39.8989898989899,88.17285822592874,80.87034455287791,77.09466811751903,66.54478217570198,75.20556567684854,64.89999999999999,82.66666666666667,46.13250351925294,1176.833980080915,8b
2e-06,0.01,1800,38336.7,dpo-qwen3-8b-sft-lr3e5-ao-lr2e6-beta0.01-step1800,73.29351535836177,38.88888888888889,87.33889310083397,80.89026090420235,76.98585418933624,66.59994299111024,74.1414447000625,66.5,83.76623376623377,44.3674571325228,1185.3478216948624,8b
2e-06,0.01,2000,42596.3,dpo-qwen3-8b-sft-lr3e5-ao-lr2e6-beta0.01-step2000,73.37883959044369,39.39393939393939,87.26307808946171,80.90021907986457,77.04026115342764,66.55408018571995,74.00281253740076,65.1,82.46753246753246,43.87314344471312,1139.731348334417,8b
2e-06,0.01,2031,43256.5,dpo-qwen3-8b-sft-lr3e5-ao-lr2e6-beta0.01,73.46416382252559,38.88888888888889,87.86959818043972,80.88030272854013,76.87704026115343,66.51929301699413,73.30339055927162,64.76666666666667,85.29411764705883,45.08685082127666,1183.9857395361569,8b
2e-06,0.02,200,4237.7,dpo-qwen3-8b-sft-lr3e5-ao-lr2e6-beta0.02-step200,71.160409556314,37.87878787878788,85.44351781652767,79.72515435172276,77.9651795429815,62.35779511756837,78.1356245872064,71.6,87.33766233766234,43.10037842192862,1226.438128464824,8b
2e-06,0.02,400,8475.4,dpo-qwen3-8b-sft-lr3e5-ao-lr2e6-beta0.02-step400,71.9283276450512,40.4040404040404,88.09704321455648,79.93427604062936,77.20348204570186,64.99454427345451,77.52114389819013,68.76666666666665,84.51612903225806,45.49068063890396,1222.7161857383037,8b
2e-06,0.02,600,12713.0,dpo-qwen3-8b-sft-lr3e5-ao-lr2e6-beta0.02-step600,72.01365187713311,39.8989898989899,88.93100833965126,80.0637323242382,77.09466811751903,65.44020623661811,77.8995842143291,67.56666666666666,82.02614379084967,42.73924700451518,1209.326635495157,8b
2e-06,0.02,800,16950.7,dpo-qwen3-8b-sft-lr3e5-ao-lr2e6-beta0.02-step800,72.09897610921502,39.39393939393939,87.86959818043972,80.17327225652261,76.71381936887923,65.73881644786259,77.78217352181102,66.0,84.31372549019608,39.95942712989762,1142.0920674752654,8b
2e-06,0.02,1000,21188.4,dpo-qwen3-8b-sft-lr3e5-ao-lr2e6-beta0.02-step1000,72.09897610921502,38.88888888888889,89.31008339651251,80.02389962158932,76.87704026115343,65.29220761560957,76.53071627725545,64.16666666666666,79.93421052631578,36.70888407017021,1166.21236362304,8b
2e-06,0.02,1200,25426.1,dpo-qwen3-8b-sft-lr3e5-ao-lr2e6-beta0.02-step1200,71.84300341296928,38.88888888888889,87.94541319181198,80.03385779725154,76.98585418933624,65.36937006183543,75.84752900082891,64.6,80.3225806451613,39.69593318593605,1161.9556824767824,8b
2e-06,0.02,1400,29663.8,dpo-qwen3-8b-sft-lr3e5-ao-lr2e6-beta0.02-step1400,71.84300341296928,38.88888888888889,88.77937831690674,79.98406691894046,76.98585418933624,65.71285964329334,74.66101056308372,65.89999999999999,80.33333333333333,38.477901953629605,1191.5948407957685,8b
2e-06,0.02,1600,33901.5,dpo-qwen3-8b-sft-lr3e5-ao-lr2e6-beta0.02-step1600,72.01365187713311,38.88888888888889,90.44730856709629,79.96415056761602,77.20348204570186,65.81901685892738,76.27218003785512,66.76666666666667,81.0,39.12047515702352,1187.458701245091,8b
2e-06,0.02,1800,38139.1,dpo-qwen3-8b-sft-lr3e5-ao-lr2e6-beta0.02-step1800,71.9283276450512,38.88888888888889,89.23426838514025,79.99402509460268,77.04026115342764,65.78434087309914,75.0744136668484,65.33333333333333,81.9078947368421,38.926636913736544,1164.963603944075,8b
2e-06,0.02,2000,42376.8,dpo-qwen3-8b-sft-lr3e5-ao-lr2e6-beta0.02-step2000,71.9283276450512,37.87878787878788,90.14404852160727,79.99402509460268,76.98585418933624,65.67752663712137,74.91954680248408,62.766666666666666,77.77777777777779,40.17561909811096,1169.822267433701,8b
2e-06,0.02,2031,43033.7,dpo-qwen3-8b-sft-lr3e5-ao-lr2e6-beta0.02,71.84300341296928,38.38383838383838,89.38589840788475,80.00398327026488,76.98585418933624,65.73350211028847,75.40414987787958,63.39999999999999,84.0909090909091,38.15977151377384,1178.609667169731,8b
2e-06,0.04,200,4262.4,dpo-qwen3-8b-sft-lr3e5-ao-lr2e6-beta0.04-step200,70.81911262798634,38.88888888888889,84.6095526914329,79.61561441943836,78.0739934711643,60.55451716205695,80.68851757780467,69.93333333333332,83.11688311688312,32.85920003459374,1195.9059227638816,8b
2e-06,0.04,400,8524.7,dpo-qwen3-8b-sft-lr3e5-ao-lr2e6-beta0.04-step400,71.75767918088737,39.39393939393939,86.88400303260046,79.76498705437164,77.63873775843308,63.81544559642604,79.18101747806931,67.8,79.54545454545455,36.45424685572396,1205.6589463612647,8b
2e-06,0.04,600,12787.1,dpo-qwen3-8b-sft-lr3e5-ao-lr2e6-beta0.04-step600,72.09897610921502,38.88888888888889,87.03563305534496,80.0637323242382,77.6931447225245,64.47386392910842,79.32214302495157,66.0,79.16666666666666,36.4030008302633,1201.297445738629,8b
2e-06,0.04,800,17049.5,dpo-qwen3-8b-sft-lr3e5-ao-lr2e6-beta0.04-step800,72.09897610921502,39.39393939393939,85.89840788476118,79.9044015136427,77.63873775843308,64.82127163953618,80.4786854435121,63.2,80.13245033112582,31.828595068902576,1181.332101543167,8b
2e-06,0.04,1000,21311.8,dpo-qwen3-8b-sft-lr3e5-ao-lr2e6-beta0.04-step1000,72.01365187713311,39.39393939393939,85.51933282789992,80.03385779725154,77.47551686615887,64.61087803297431,81.08568597986675,63.1,82.6797385620915,31.643797405878843,1180.3059906285728,8b
2e-06,0.04,1200,25574.2,dpo-qwen3-8b-sft-lr3e5-ao-lr2e6-beta0.04-step1200,72.01365187713311,38.88888888888889,84.98862774829416,80.16331408086039,77.36670293797606,64.46501308720272,79.30341493902844,62.53333333333333,78.8961038961039,34.06307328728364,1163.6767358257534,8b
2e-06,0.04,1400,29836.6,dpo-qwen3-8b-sft-lr3e5-ao-lr2e6-beta0.04-step1400,71.9283276450512,38.88888888888889,85.59514783927217,80.15335590519817,77.47551686615887,64.57741374745068,79.42581239998758,61.83333333333333,79.27631578947368,31.1014803390906,1157.5542146163898,8b
2e-06,0.04,1600,34098.9,dpo-qwen3-8b-sft-lr3e5-ao-lr2e6-beta0.04-step1600,71.67235494880546,38.38383838383838,85.36770280515542,80.12348137821151,77.31229597388466,64.78995981773687,79.86919152293692,62.83333333333333,80.26315789473685,30.219584799815724,1174.8764664135938,8b
2e-06,0.04,1800,38361.3,dpo-qwen3-8b-sft-lr3e5-ao-lr2e6-beta0.04-step1800,71.75767918088737,37.87878787878788,86.88400303260046,80.07369049990042,77.20348204570186,64.7045617111041,78.93871594037155,64.06666666666666,80.79470198675497,32.426208990436045,1176.3980514280531,8b
2e-06,0.04,2000,42623.7,dpo-qwen3-8b-sft-lr3e5-ao-lr2e6-beta0.04-step2000,72.09897610921502,38.88888888888889,86.65655799848369,80.04381597291376,77.47551686615887,64.67295679246433,79.45578841917225,63.83333333333333,81.16883116883116,30.61757141480839,1144.579331961815,8b
2e-06,0.04,2031,43284.3,dpo-qwen3-8b-sft-lr3e5-ao-lr2e6-beta0.04,72.09897610921502,38.88888888888889,86.3532979529947,80.20314678350925,77.31229597388466,64.69167853512315,80.61482422195331,62.23333333333333,80.79470198675497,30.433601195715376,1187.4074379452718,8b
4e-06,0.01,200,4264.0,dpo-qwen3-8b-sft-lr3e5-ao-lr4e6-beta0.01-step200,71.9283276450512,39.39393939393939,87.64215314632298,80.601473809998,76.6050054406964,65.27367619054473,76.10606524022927,72.19999999999999,84.0909090909091,47.07675216509543,1223.778559482232,8b
4e-06,0.01,400,8528.1,dpo-qwen3-8b-sft-lr3e5-ao-lr4e6-beta0.01-step400,73.63481228668942,39.8989898989899,89.46171341925702,80.52180840470025,75.51686615886834,66.80004723158672,76.45203615296303,68.06666666666666,87.08609271523179,43.21869072111324,1224.9588914777828,8b
4e-06,0.01,600,12792.1,dpo-qwen3-8b-sft-lr3e5-ao-lr4e6-beta0.01-step600,74.14675767918088,41.41414141414141,89.15845337376801,81.27862975502887,76.93144722524482,67.33915022600671,73.77923908562613,66.5,81.08974358974359,42.58660192526805,1199.541275384482,8b
4e-06,0.01,800,17056.2,dpo-qwen3-8b-sft-lr3e5-ao-lr4e6-beta0.01-step800,74.14675767918088,40.909090909090914,89.84078847611828,81.75662218681538,76.76822633297063,67.76889013826525,78.52531283660687,61.06666666666666,84.74025974025975,38.379506358834895,1165.6097085796173,8b
4e-06,0.01,1000,21320.2,dpo-qwen3-8b-sft-lr3e5-ao-lr4e6-beta0.01-step1000,74.23208191126281,41.91919191919192,87.18726307808946,81.69687313284206,77.47551686615887,67.57104654518753,73.61063090377975,57.26666666666666,81.21019108280255,38.74260560224568,1142.4424467613294,8b
4e-06,0.01,1200,25584.2,dpo-qwen3-8b-sft-lr3e5-ao-lr4e6-beta0.01-step1200,74.40273037542661,39.39393939393939,88.77937831690674,81.7665803624776,77.47551686615887,68.04812791167218,72.39662983107044,62.03333333333333,83.11688311688312,42.39908848308869,1156.1214567257166,8b
4e-06,0.01,1400,29848.3,dpo-qwen3-8b-sft-lr3e5-ao-lr4e6-beta0.01-step1400,74.23208191126281,38.38383838383838,88.70356330553449,81.37821151165106,77.47551686615887,67.79558457765623,72.89497422394801,60.86666666666666,81.16883116883116,40.26163386560065,1130.5527276391067,8b
4e-06,0.01,1600,34112.3,dpo-qwen3-8b-sft-lr3e5-ao-lr4e6-beta0.01-step1600,74.06143344709898,39.39393939393939,87.64215314632298,81.58733320055765,77.36670293797606,68.24763999041019,71.11519656733024,61.23333333333333,79.6774193548387,42.31502150103496,1146.7354840271269,8b
4e-06,0.01,1800,38376.3,dpo-qwen3-8b-sft-lr3e5-ao-lr4e6-beta0.01-step1800,74.14675767918088,39.8989898989899,88.09704321455648,81.59729137621987,77.85636561479869,68.80615920824076,70.87788179807355,62.46666666666667,82.25806451612904,44.02039754324972,1136.684158441342,8b
4e-06,0.01,2000,42640.4,dpo-qwen3-8b-sft-lr3e5-ao-lr4e6-beta0.01-step2000,73.89078498293516,38.38383838383838,88.24867323730099,81.58733320055765,77.74755168661589,68.35634252190168,70.63308687615528,62.36666666666666,82.05128205128204,44.20139477924466,1129.9802929305995,8b
4e-06,0.01,2031,43301.3,dpo-qwen3-8b-sft-lr3e5-ao-lr4e6-beta0.01,73.97610921501706,38.38383838383838,87.71796815769522,81.51762597092213,77.52992383025027,68.46810904054864,70.96531647140698,61.13333333333333,83.00653594771242,41.97851427084161,1142.724548936901,8b
4e-06,0.02,200,4256.0,dpo-qwen3-8b-sft-lr3e5-ao-lr4e6-beta0.02-step200,71.9283276450512,38.88888888888889,86.5049279757392,80.23302131049593,77.9107725788901,64.2803255866078,78.0869204820986,72.0,85.76158940397352,41.394895360709775,1237.645211236606,8b
4e-06,0.02,400,8512.0,dpo-qwen3-8b-sft-lr3e5-ao-lr4e6-beta0.02-step400,72.09897610921502,40.4040404040404,89.76497346474602,80.19318860784705,76.6050054406964,65.08631403971381,75.78508357823908,67.96666666666667,80.26315789473685,38.94164204103413,1195.3401734219776,8b
4e-06,0.02,600,12768.1,dpo-qwen3-8b-sft-lr3e5-ao-lr4e6-beta0.02-step600,72.61092150170649,42.42424242424242,89.08263836239576,80.4919338777136,77.36670293797606,65.20372285097667,75.46659530046942,64.33333333333333,82.46753246753246,38.14166768437728,1157.2231796082378,8b
4e-06,0.02,800,17024.1,dpo-qwen3-8b-sft-lr3e5-ao-lr4e6-beta0.02-step800,72.95221843003414,41.41414141414141,89.46171341925702,80.56164110734913,77.20348204570186,65.57474482040874,73.53693754792839,60.56666666666666,77.81456953642383,36.83424111391933,1161.2299656700663,8b
4e-06,0.02,1000,21280.1,dpo-qwen3-8b-sft-lr3e5-ao-lr4e6-beta0.02-step1000,72.61092150170649,38.88888888888889,88.09704321455648,80.59151563433579,77.47551686615887,65.12417733134667,70.81294299126318,55.633333333333326,80.76923076923077,34.16230222966195,1113.4354266631708,8b
4e-06,0.02,1200,25536.1,dpo-qwen3-8b-sft-lr3e5-ao-lr4e6-beta0.02-step1200,73.12286689419795,40.4040404040404,87.26307808946171,80.30272854013145,77.14907508161045,65.52234746553953,74.47866106375528,60.23333333333333,84.83870967741936,40.16480442025133,1138.258823949633,8b
4e-06,0.02,1400,29792.1,dpo-qwen3-8b-sft-lr3e5-ao-lr4e6-beta0.02-step1400,72.7815699658703,38.38383838383838,87.79378316906747,80.25293766182035,77.09466811751903,65.80212329265623,76.39707088303479,59.33333333333333,82.05128205128204,37.68324110646658,1160.4914332507196,8b
4e-06,0.02,1600,34048.2,dpo-qwen3-8b-sft-lr3e5-ao-lr4e6-beta0.02-step1600,72.35494880546075,37.37373737373738,87.26307808946171,80.36247759410476,76.82263329706203,66.20730032845479,74.79964272574546,61.46666666666666,82.46753246753246,39.939183065920446,1160.0755429163232,8b
4e-06,0.02,1800,38304.2,dpo-qwen3-8b-sft-lr3e5-ao-lr4e6-beta0.02-step1800,72.35494880546075,37.87878787878788,87.18726307808946,80.42222664807808,76.76822633297063,65.70964035463922,74.50863708293993,59.9,83.44155844155844,38.356761134896914,1175.2630763604882,8b
4e-06,0.02,2000,42560.2,dpo-qwen3-8b-sft-lr3e5-ao-lr4e6-beta0.02-step2000,72.35494880546075,37.37373737373738,86.9598180439727,80.30272854013145,76.71381936887923,65.48230547609988,74.85460799567369,59.53333333333333,80.79470198675497,36.42128688106682,1157.2785375506216,8b
4e-06,0.02,2031,43219.9,dpo-qwen3-8b-sft-lr3e5-ao-lr4e6-beta0.02,72.09897610921502,37.87878787878788,87.33889310083397,80.17327225652261,76.82263329706203,65.43723664253761,74.2013967384318,61.16666666666666,78.98089171974523,33.80684417398464,1145.3265646238483,8b
4e-06,0.04,200,1325.8,dpo-qwen3-8b-sft-lr3e5-ao-lr4e6-beta0.04-step200,71.58703071672356,39.39393939393939,86.27748294162244,79.99402509460268,77.6931447225245,63.703493252163945,78.71264910437638,70.19999999999999,81.81818181818183,37.304531146658405,1206.2900863644986,8b
4e-06,0.04,400,2651.5,dpo-qwen3-8b-sft-lr3e5-ao-lr4e6-beta0.04-step400,71.33105802047781,40.4040404040404,87.79378316906747,80.55168293168691,76.87704026115343,65.41553066539358,77.57234138751845,63.7,81.69934640522875,40.744947749916136,1203.8336941578596,8b
4e-06,0.04,600,3977.3,dpo-qwen3-8b-sft-lr3e5-ao-lr4e6-beta0.04-step600,72.18430034129693,39.39393939393939,89.0068233510235,80.47201752638917,76.98585418933624,64.52210964628532,77.97826433862153,60.39999999999999,78.94736842105263,35.21042715474147,1175.6360905331862,8b
4e-06,0.04,800,5303.0,dpo-qwen3-8b-sft-lr3e5-ao-lr4e6-beta0.04-step800,71.75767918088737,41.41414141414141,88.93100833965126,80.5417247560247,76.76822633297063,65.02348594314529,75.27050448365891,57.5,75.83892617449665,31.81299065426199,1170.5045078968024,8b
4e-06,0.04,1000,6628.8,dpo-qwen3-8b-sft-lr3e5-ao-lr4e6-beta0.04-step1000,71.33105802047781,40.4040404040404,89.0068233510235,80.42222664807808,77.20348204570186,64.63200633136526,75.60772084735169,59.266666666666666,78.04054054054053,31.62721087610823,1118.8631897338985,8b
4e-06,0.04,1200,7954.5,dpo-qwen3-8b-sft-lr3e5-ao-lr4e6-beta0.04-step1200,71.33105802047781,39.39393939393939,88.47611827141773,80.20314678350925,77.25788900979326,64.64802511709863,74.95201620588927,58.56666666666666,80.26315789473685,32.29959806034387,1173.110900347182,8b
4e-06,0.04,1400,9280.3,dpo-qwen3-8b-sft-lr3e5-ao-lr4e6-beta0.04-step1400,71.58703071672356,40.909090909090914,88.47611827141773,80.35251941844254,77.42110990206747,64.70676714648361,76.5931616998453,60.49999999999999,79.73856209150327,32.60378696544358,1156.0577744705424,8b
4e-06,0.04,1600,10606.0,dpo-qwen3-8b-sft-lr3e5-ao-lr4e6-beta0.04-step1600,71.67235494880546,39.8989898989899,87.49052312357847,80.31268671579367,77.58433079434167,65.10931210450256,72.90622215720954,59.83333333333333,78.10457516339869,34.65878874744807,1141.6096286767693,8b
4e-06,0.04,1800,11931.8,dpo-qwen3-8b-sft-lr3e5-ao-lr4e6-beta0.04-step1800,71.67235494880546,40.4040404040404,87.71796815769522,80.46205935072695,77.42110990206747,64.67702049773997,73.60813751955921,59.6,79.61783439490446,31.71513556673748,1154.602008945341,8b
4e-06,0.04,2000,13257.5,dpo-qwen3-8b-sft-lr3e5-ao-lr4e6-beta0.04-step2000,71.33105802047781,40.909090909090914,88.09704321455648,80.46205935072695,77.52992383025027,64.6141964539045,74.13895131584196,60.133333333333326,78.52564102564102,32.42526910277866,1155.022426712362,8b
4e-06,0.04,2031,13463.0,dpo-qwen3-8b-sft-lr3e5-ao-lr4e6-beta0.04,,,,,,,,59.53333333333333,77.41935483870968,32.32576692450688,1115.651735537814,8b
1e-06,0.01,200,6770.9,dpo-qwen3-14b-sft-lr3e5-ao-lr1e6-beta0.01-step200,69.96587030716724,36.36363636363637,89.31008339651251,82.07528380800638,80.52230685527746,59.81569427606325,80.17144509900398,71.26666666666667,82.9032258064516,42.76248354894253,1232.8019401773304,14b
1e-06,0.01,400,13541.9,dpo-qwen3-14b-sft-lr3e5-ao-lr1e6-beta0.01-step400,72.35494880546075,36.86868686868687,92.19105382865808,82.20474009161521,78.72687704026116,66.98725009445576,77.64603474336982,76.56666666666666,88.38709677419355,55.30741304722097,1276.7449633121664,14b
1e-06,0.01,600,20312.8,dpo-qwen3-14b-sft-lr3e5-ao-lr1e6-beta0.01-step600,72.86689419795222,36.86868686868687,91.3570887035633,82.45369448317068,78.50924918389553,68.08010092307558,76.69932445910183,74.26666666666665,86.60130718954248,54.84102307275068,1285.786981658013,14b
1e-06,0.01,800,27083.8,dpo-qwen3-14b-sft-lr3e5-ao-lr1e6-beta0.01-step800,73.63481228668942,34.84848484848485,89.61334344200151,82.50348536148178,78.29162132752992,68.63689334870728,75.69764890490565,74.39999999999999,85.3896103896104,52.76794204593321,1253.550620201216,14b
1e-06,0.01,1000,33854.7,dpo-qwen3-14b-sft-lr3e5-ao-lr1e6-beta0.01-step1000,73.97610921501706,35.35353535353536,88.32448824867323,82.5731925911173,78.23721436343853,68.82843911596264,75.90997442341876,70.06666666666666,82.9032258064516,51.97567472867536,1257.652339547716,14b
1e-06,0.01,1200,40625.6,dpo-qwen3-14b-sft-lr3e5-ao-lr1e6-beta0.01-step1200,74.14675767918088,32.82828282828283,89.08263836239576,82.5731925911173,78.18280739934713,68.7815882401609,74.81338404322753,71.19999999999999,83.98692810457517,52.38034606199644,1258.4286005750512,14b
1e-06,0.01,1400,47396.6,dpo-qwen3-14b-sft-lr3e5-ao-lr1e6-beta0.01-step1400,73.80546075085324,33.83838383838384,89.76497346474602,82.61302529376619,78.18280739934713,69.29396142705434,72.78881146469146,71.6,83.01282051282051,52.47862444335548,1251.6234504192385,14b
1e-06,0.01,1600,54167.5,dpo-qwen3-14b-sft-lr3e5-ao-lr1e6-beta0.01-step1600,74.23208191126281,32.82828282828283,88.24867323730099,82.47361083449512,78.18280739934713,69.28038983263208,72.78881146469146,69.13333333333333,83.12101910828027,54.16313762173006,1248.9634173135146,14b
1e-06,0.01,1800,60938.4,dpo-qwen3-14b-sft-lr3e5-ao-lr1e6-beta0.01-step1800,74.31740614334471,33.33333333333333,88.47611827141773,82.66281617207729,78.23721436343853,69.33292964910636,73.96158858495458,64.86666666666667,80.1948051948052,52.25650492614352,1273.3523513353352,14b
1e-06,0.01,2000,67709.4,dpo-qwen3-14b-sft-lr3e5-ao-lr1e6-beta0.01-step2000,74.14675767918088,33.33333333333333,88.17285822592874,82.63294164509063,78.23721436343853,69.28078530700863,73.48574005860007,63.900000000000006,79.54545454545455,52.40122274116232,1274.7313960069228,14b
1e-06,0.01,2031,68758.9,dpo-qwen3-14b-sft-lr3e5-ao-lr1e6-beta0.01,74.06143344709898,33.33333333333333,88.40030326004549,82.61302529376619,77.9107725788901,69.31019255070396,72.48406450440386,65.93333333333334,86.85897435897436,54.159268910384114,1262.5725143445798,14b
1e-06,0.02,200,6797.0,dpo-qwen3-14b-sft-lr3e5-ao-lr1e6-beta0.02-step200,69.88054607508532,36.36363636363637,88.77937831690674,81.99561840270863,80.46789989118606,59.353774155854346,80.41624002092226,,77.59740259740259,39.12701720513767,1217.166127267525,14b
1e-06,0.02,400,13594.0,dpo-qwen3-14b-sft-lr3e5-ao-lr1e6-beta0.02-step400,71.75767918088737,37.37373737373738,91.43290371493556,82.22465644293966,79.10772578890098,65.2905185822857,77.52363728241068,73.46666666666667,81.9078947368421,49.95493129978207,1265.8021238494905,14b
1e-06,0.02,600,20391.0,dpo-qwen3-14b-sft-lr3e5-ao-lr1e6-beta0.02-step600,71.84300341296928,36.86868686868687,92.26686884003033,82.11511651065526,79.379760609358,66.24594034037608,77.27884236049239,73.1,79.03225806451613,50.51661961927481,1256.9156567953876,14b
1e-06,0.02,800,27188.0,dpo-qwen3-14b-sft-lr3e5-ao-lr1e6-beta0.02-step800,72.01365187713311,36.36363636363637,91.12964366944657,82.00557657837084,79.10772578890098,66.5523898208101,78.26926998142707,70.56666666666666,83.7579617834395,49.27092792374688,1226.3249524754333,14b
1e-06,0.02,1000,33985.0,dpo-qwen3-14b-sft-lr3e5-ao-lr1e6-beta0.02-step1000,72.01365187713311,35.35353535353536,90.82638362395754,82.20474009161521,78.99891186071817,66.90604390094754,79.39583638080295,71.06666666666666,80.76923076923077,48.74437577819852,1240.529234735695,14b
1e-06,0.02,1200,40781.9,dpo-qwen3-14b-sft-lr3e5-ao-lr1e6-beta0.02-step1200,72.44027303754265,36.36363636363637,91.50871872630782,82.18482374029078,79.379760609358,66.8828853767099,78.19308324135515,70.1,85.25641025641025,46.88522207780884,1264.2989213207036,14b
1e-06,0.02,1400,47578.9,dpo-qwen3-14b-sft-lr3e5-ao-lr1e6-beta0.02-step1400,72.26962457337885,35.35353535353536,91.2054586808188,82.12507468631746,79.21653971708379,67.07109014050813,77.55361330159532,69.56666666666666,83.01282051282051,44.56348419817705,1257.7980108748277,14b
1e-06,0.02,1600,54375.9,dpo-qwen3-14b-sft-lr3e5-ao-lr1e6-beta0.02-step1600,,35.858585858585855,90.67475360121304,82.22465644293966,79.16213275299239,67.05634720562453,77.41747452315413,68.43333333333332,80.76923076923077,45.97801622105568,1250.565599527844,14b
1e-06,0.02,1800,61172.9,dpo-qwen3-14b-sft-lr3e5-ao-lr1e6-beta0.02-step1800,72.26962457337885,35.35353535353536,90.97801364670204,82.16490738896634,79.379760609358,67.11047359705937,76.4570229214041,,80.64516129032258,45.23014305404689,1248.6043046496836,14b
1e-06,0.02,2000,67969.9,dpo-qwen3-14b-sft-lr3e5-ao-lr1e6-beta0.02-step2000,72.18430034129693,35.35353535353536,90.44730856709629,82.11511651065526,79.10772578890098,67.08703422598845,77.4911678790055,,81.16883116883116,45.61144717551956,1243.3294231294915,14b
1e-06,0.02,2031,69023.4,dpo-qwen3-14b-sft-lr3e5-ao-lr1e6-beta0.02,72.52559726962457,35.35353535353536,90.97801364670204,82.15494921330412,79.21653971708379,67.08203041086689,75.98366777927012,69.3,85.19736842105263,48.57179869862874,1257.2954765514808,14b
1e-06,0.04,200,6750.5,dpo-qwen3-14b-sft-lr3e5-ao-lr1e6-beta0.04-step200,69.6245733788396,36.86868686868687,88.855193328279,81.58733320055765,80.46789989118606,58.47064279728723,79.21099349725395,65.06666666666666,77.09677419354838,32.58805604998411,1188.117010416621,14b
1e-06,0.04,400,13501.0,dpo-qwen3-14b-sft-lr3e5-ao-lr1e6-beta0.04-step400,71.160409556314,37.87878787878788,90.44730856709629,81.81637124078868,79.76060935799782,63.260427254218285,78.9849266612588,69.29999999999998,84.0909090909091,42.00328799171308,1208.442229187678,14b
1e-06,0.04,600,20251.5,dpo-qwen3-14b-sft-lr3e5-ao-lr1e6-beta0.04-step600,72.18430034129693,37.37373737373738,90.5989385898408,81.97570205138419,79.65179542981502,64.12944149786046,78.37293935646308,,87.01298701298701,41.15565047872416,1232.0355183743352,14b
1e-06,0.04,800,27002.0,dpo-qwen3-14b-sft-lr3e5-ao-lr1e6-beta0.04-step800,71.9283276450512,37.37373737373738,91.28127369219104,81.73670583549094,79.32535364526659,64.51038918889807,79.60816189931603,67.86666666666666,83.22580645161291,40.374820666172354,1226.1139931620276,14b
1e-06,0.04,1000,33752.6,dpo-qwen3-14b-sft-lr3e5-ao-lr1e6-beta0.04-step1000,72.01365187713311,35.858585858585855,90.67475360121304,81.94582752439753,79.32535364526659,64.59179632799045,78.02447505950877,67.0,83.44370860927152,40.20954854552146,1225.8938318391106,14b
1e-06,0.04,1200,40503.1,dpo-qwen3-14b-sft-lr3e5-ao-lr1e6-beta0.04-step1200,72.18430034129693,36.86868686868687,91.0538286580743,81.876120294762,79.379760609358,64.39676557753697,78.31298731809378,67.0,81.25,40.86059850129326,1216.6528419582992,14b
1e-06,0.04,1400,47253.6,dpo-qwen3-14b-sft-lr3e5-ao-lr1e6-beta0.04-step1400,72.09897610921502,36.86868686868687,91.3570887035633,81.84624576777534,79.32535364526659,64.59704554132975,77.15644489953324,,80.0,39.09228260735397,1223.7842657184342,14b
1e-06,0.04,1600,54004.1,dpo-qwen3-14b-sft-lr3e5-ao-lr1e6-beta0.04-step1600,72.09897610921502,35.858585858585855,91.73616376042456,81.8263294164509,79.59738846572361,64.5442681408863,77.73346941670324,65.33333333333333,83.33333333333334,41.29757669255973,1208.2362752152185,14b
1e-06,0.04,1800,60754.6,dpo-qwen3-14b-sft-lr3e5-ao-lr1e6-beta0.04-step1800,72.26962457337885,35.858585858585855,90.82638362395754,81.91595299741088,79.32535364526659,64.50572573254286,78.13063781876532,68.1,80.96774193548387,38.4770231513399,1208.0431471090055,14b
1e-06,0.04,2000,67505.1,dpo-qwen3-14b-sft-lr3e5-ao-lr1e6-beta0.04-step2000,72.01365187713311,35.858585858585855,91.43290371493556,81.88607847042422,79.65179542981502,64.59551040388355,77.35502910056428,63.86666666666666,77.70700636942675,38.870907185093536,1218.637964828098,14b
1e-06,0.04,2031,68551.4,dpo-qwen3-14b-sft-lr3e5-ao-lr1e6-beta0.04,72.26962457337885,36.86868686868687,91.50871872630782,81.83628759211312,79.4341675734494,64.50238359652126,77.65728267663134,63.83333333333333,80.26315789473685,39.53769698804297,1203.9275903468665,14b
2e-06,0.01,200,6789.4,dpo-qwen3-14b-sft-lr3e5-ao-lr2e6-beta0.01-step200,72.01365187713311,36.86868686868687,91.96360879454132,82.23461461860188,78.67247007616976,66.43039182176216,77.7472107341853,76.9,85.80645161290322,57.49368348683701,1285.070205070861,14b
2e-06,0.01,400,13578.9,dpo-qwen3-14b-sft-lr3e5-ao-lr2e6-beta0.01-step400,73.89078498293516,33.33333333333333,89.08263836239576,82.43377813184625,77.25788900979326,69.29147333210743,78.06819239617549,69.89999999999999,86.53846153846155,53.98290326213133,1270.087344116503,14b
2e-06,0.01,600,20368.3,dpo-qwen3-14b-sft-lr3e5-ao-lr2e6-beta0.01-step600,74.31740614334471,33.83838383838384,91.96360879454132,82.56323441545509,77.25788900979326,70.01374074099532,73.64060692296441,,82.37179487179486,52.89929282571688,1249.434991008488,14b
2e-06,0.01,800,27157.8,dpo-qwen3-14b-sft-lr3e5-ao-lr2e6-beta0.01-step800,74.82935153583618,36.36363636363637,91.3570887035633,82.8420633339972,77.52992383025027,70.65063294323011,73.66808955792851,,80.1948051948052,50.669420469630936,1215.6925561192666,14b
2e-06,0.01,1000,33947.2,dpo-qwen3-14b-sft-lr3e5-ao-lr2e6-beta0.01-step1000,74.57337883959045,35.858585858585855,91.96360879454132,82.69269069906393,77.6931447225245,70.48300684990477,72.60646196536301,61.2,81.29032258064515,50.89840363629708,1202.4700127479923,14b
2e-06,0.01,1200,40736.7,dpo-qwen3-14b-sft-lr3e5-ao-lr2e6-beta0.01-step1200,74.74402730375427,34.84848484848485,91.58453373768006,82.81218880701056,78.0739934711643,70.28313232835205,69.10436530627624,66.03333333333333,76.92307692307693,50.50018176227451,1243.5117842551874,14b
2e-06,0.01,1400,47526.1,dpo-qwen3-14b-sft-lr3e5-ao-lr2e6-beta0.01-step1400,74.74402730375427,34.84848484848485,91.66034874905232,82.86197968532166,77.9651795429815,70.8449248067157,70.02359295558009,,74.19354838709677,50.28991638814758,1213.8881935038094,14b
2e-06,0.01,1600,54315.6,dpo-qwen3-14b-sft-lr3e5-ao-lr2e6-beta0.01-step1600,74.82935153583618,34.84848484848485,90.67475360121304,82.8420633339972,78.29162132752992,70.61630323145096,68.88328523872215,59.19999999999999,69.35483870967742,50.53089919935866,1189.6384112347437,14b
2e-06,0.01,1800,61105.0,dpo-qwen3-14b-sft-lr3e5-ao-lr2e6-beta0.01-step1800,74.9146757679181,35.35353535353536,89.46171341925702,82.82214698267278,77.85636561479869,70.85710803695494,65.9607064810259,54.8,71.20253164556962,51.054221580327805,1137.1801624554987,14b
2e-06,0.01,2000,67894.5,dpo-qwen3-14b-sft-lr3e5-ao-lr2e6-beta0.01-step2000,75.0853242320819,34.34343434343434,90.44730856709629,82.79227245568612,78.23721436343853,70.90715349968266,66.8936754478118,58.766666666666666,73.07692307692307,51.552592943994654,1208.780808581004,14b
2e-06,0.01,2031,68946.8,dpo-qwen3-14b-sft-lr3e5-ao-lr2e6-beta0.01,74.9146757679181,34.34343434343434,90.29567854435176,82.80223063134834,78.45484221980414,70.92317904018803,67.43573717735607,58.73333333333333,75.79617834394905,51.24122188933858,1183.7974966730744,14b
2e-06,0.02,200,6745.7,dpo-qwen3-14b-sft-lr3e5-ao-lr2e6-beta0.02-step200,71.67235494880546,37.37373737373738,91.12964366944657,82.27444732125075,79.4341675734494,65.07310730637204,78.32922201979636,72.06666666666666,84.0909090909091,51.98967999931552,1262.9352056165956,14b
2e-06,0.02,400,13491.5,dpo-qwen3-14b-sft-lr3e5-ao-lr2e6-beta0.02-step400,72.6962457337884,33.83838383838384,90.14404852160727,82.24457279426409,78.67247007616976,67.57260485247352,77.80965615677515,69.1,83.87096774193549,50.08925164527267,1242.2185997055155,14b
2e-06,0.02,600,20237.2,dpo-qwen3-14b-sft-lr3e5-ao-lr2e6-beta0.02-step600,73.29351535836177,34.84848484848485,89.53752843062927,82.34415455088627,78.67247007616976,68.4193126925267,77.35752248478481,65.63333333333333,80.12820512820514,45.43834613663522,1245.6029980393475,14b
2e-06,0.02,800,26983.0,dpo-qwen3-14b-sft-lr3e5-ao-lr2e6-beta0.02-step800,73.46416382252559,34.84848484848485,89.61334344200151,82.39394542919737,78.40043525571274,68.85642121857839,77.50740258070807,66.69999999999999,82.35294117647058,45.76601130434384,1226.0379855399294,14b
2e-06,0.02,1000,33728.7,dpo-qwen3-14b-sft-lr3e5-ao-lr2e6-beta0.02-step1000,73.54948805460751,32.82828282828283,89.0068233510235,82.38398725353515,78.78128400435256,68.56411751804293,76.3808361813322,63.900000000000006,79.27631578947368,46.60377054465366,1230.129446368453,14b
2e-06,0.02,1200,40474.5,dpo-qwen3-14b-sft-lr3e5-ao-lr2e6-beta0.02-step1200,73.63481228668942,33.33333333333333,89.84078847611828,82.44373630750846,78.78128400435256,68.23286510356101,76.39956426725534,64.83333333333333,82.37179487179486,47.77088780515002,1232.2870272552602,14b
2e-06,0.02,1400,47220.2,dpo-qwen3-14b-sft-lr3e5-ao-lr2e6-beta0.02-step1400,73.20819112627987,32.82828282828283,90.44730856709629,82.36407090221071,79.05331882480957,68.391300898556,75.61896878061323,63.76666666666666,81.04575163398692,45.613600902051054,1215.7483018399628,14b
2e-06,0.02,1600,53966.0,dpo-qwen3-14b-sft-lr3e5-ao-lr2e6-beta0.02-step1600,73.63481228668942,33.33333333333333,90.97801364670204,82.41386178052181,78.89009793253537,68.46186750167581,74.31254626612942,64.16666666666666,83.11688311688312,47.34954527727072,1232.7921500882226,14b
2e-06,0.02,1800,60711.7,dpo-qwen3-14b-sft-lr3e5-ao-lr2e6-beta0.02-step1800,73.72013651877133,33.83838383838384,91.50871872630782,82.54331806413066,79.05331882480957,68.38918222850016,76.13853464363444,66.0,82.25806451612904,47.41936913547752,1237.0890391194291,14b
2e-06,0.02,2000,67457.5,dpo-qwen3-14b-sft-lr3e5-ao-lr2e6-beta0.02-step2000,73.72013651877133,33.33333333333333,91.12964366944657,82.5234017128062,78.89009793253537,68.27193096130443,75.95369176008546,63.83333333333333,81.75675675675676,46.47418619524632,1226.0805399985245,14b
2e-06,0.02,2031,68503.0,dpo-qwen3-14b-sft-lr3e5-ao-lr2e6-beta0.02,73.63481228668942,32.323232323232325,91.28127369219104,82.40390360485958,78.99891186071817,68.24810686483707,75.37666724291546,63.63333333333333,81.4935064935065,43.9328190192256,1218.9296153046805,14b
2e-06,0.04,200,6766.9,dpo-qwen3-14b-sft-lr3e5-ao-lr2e6-beta0.04-step200,71.33105802047781,36.86868686868687,89.91660348749052,82.0354511053575,79.86942328618063,62.66031314413071,78.98243327703825,67.13333333333333,84.31372549019608,41.63881561658666,1232.1369250945113,14b
2e-06,0.04,400,13533.7,dpo-qwen3-14b-sft-lr3e5-ao-lr2e6-beta0.04-step400,71.75767918088737,36.36363636363637,92.26686884003033,82.07528380800638,79.379760609358,65.6170599362369,78.08442709787809,68.66666666666666,84.19354838709677,45.29769339644826,1228.2209002297473,14b
2e-06,0.04,600,20300.6,dpo-qwen3-14b-sft-lr3e5-ao-lr2e6-beta0.04-step600,72.44027303754265,35.858585858585855,91.81197877179682,82.29436367257519,79.27094668117519,66.2108515531398,77.62730665744668,62.66666666666666,78.57142857142857,40.32611219742387,1220.2914210552792,14b
2e-06,0.04,800,27067.5,dpo-qwen3-14b-sft-lr3e5-ao-lr2e6-beta0.04-step800,72.44027303754265,36.86868686868687,91.28127369219104,82.0852419836686,79.59738846572361,66.30475037021812,77.5186505139696,62.1,84.0909090909091,39.82303386357054,1186.5642071291136,14b
2e-06,0.04,1000,33834.4,dpo-qwen3-14b-sft-lr3e5-ao-lr2e6-beta0.04-step1000,72.61092150170649,34.34343434343434,91.58453373768006,82.18482374029078,79.5429815016322,66.20627776427727,75.93745705838286,62.43333333333332,83.44155844155844,40.41979349387142,1176.2989837742546,14b
2e-06,0.04,1200,40601.2,dpo-qwen3-14b-sft-lr3e5-ao-lr2e6-beta0.04-step1200,72.52559726962457,34.84848484848485,91.3570887035633,82.12507468631746,79.5429815016322,65.78686009544694,74.72096260145304,63.1,83.00653594771242,41.315019693686594,1220.5164955607358,14b
2e-06,0.04,1400,47368.1,dpo-qwen3-14b-sft-lr3e5-ao-lr2e6-beta0.04-step1400,72.61092150170649,33.33333333333333,92.03942380591356,82.06532563234416,79.59738846572361,65.82782994985563,74.85710137989423,61.8,80.06535947712419,36.30786925522215,1206.410518523203,14b
2e-06,0.04,1600,54135.0,dpo-qwen3-14b-sft-lr3e5-ao-lr2e6-beta0.04-step1600,72.44027303754265,33.83838383838384,92.19105382865808,82.194781915953,79.70620239390642,65.85017242461102,74.522378400422,61.06666666666666,79.08496732026144,38.35367401609003,1218.269051824103,14b
2e-06,0.04,1800,60901.9,dpo-qwen3-14b-sft-lr3e5-ao-lr2e6-beta0.04-step1800,72.7815699658703,35.35353535353536,91.66034874905232,82.06532563234416,79.4341675734494,65.86706681120258,75.02570956174064,62.1,83.88157894736842,38.48376522174652,1210.7389630137332,14b
2e-06,0.04,2000,67668.7,dpo-qwen3-14b-sft-lr3e5-ao-lr2e6-beta0.04-step2000,72.44027303754265,35.858585858585855,91.50871872630782,82.04540928101972,79.27094668117519,65.80753088336083,74.66101056308372,64.66666666666666,80.13245033112582,37.99413867992141,1194.3143852701498,14b
2e-06,0.04,2031,68717.6,dpo-qwen3-14b-sft-lr3e5-ao-lr2e6-beta0.04,72.18430034129693,34.84848484848485,91.12964366944657,82.13503286197968,79.32535364526659,65.77956566709031,75.83378768334686,62.0,80.13245033112582,38.69315616639592,1205.6405181466396,14b
4e-06,0.01,200,6759.6,dpo-qwen3-14b-sft-lr3e5-ao-lr4e6-beta0.01-step200,74.06143344709898,36.36363636363637,90.5989385898408,82.25453096992631,77.14907508161045,69.22838828686973,79.03363076636658,70.66666666666666,86.45161290322581,53.84435021214591,1268.067294605859,14b
4e-06,0.01,400,13519.1,dpo-qwen3-14b-sft-lr3e5-ao-lr4e6-beta0.01-step400,73.97610921501706,31.818181818181817,91.2054586808188,83.04122684724159,76.93144722524482,70.14576076566854,77.99449904032411,66.63333333333333,83.55263157894737,52.67775550564079,1234.3726568238603,14b
4e-06,0.01,600,20278.7,dpo-qwen3-14b-sft-lr3e5-ao-lr4e6-beta0.01-step600,74.48805460750853,31.313131313131315,89.61334344200151,83.09101772555267,77.80195865070729,70.34960407528463,70.54066543438078,61.13333333333333,78.38709677419354,47.87182944137378,1181.4106955997036,14b
4e-06,0.01,800,27038.3,dpo-qwen3-14b-sft-lr3e5-ao-lr4e6-beta0.01-step800,74.14675767918088,32.82828282828283,90.06823351023503,83.11093407687711,77.9107725788901,70.56170889923486,78.1281444345448,56.86666666666667,85.57692307692307,49.77166125923343,1206.8047015724949,14b
4e-06,0.01,1000,33797.8,dpo-qwen3-14b-sft-lr3e5-ao-lr4e6-beta0.01-step1000,74.65870307167235,34.34343434343434,90.21986353297952,83.39972117108145,78.23721436343853,69.37180742207988,75.02570956174061,52.6,75.64102564102564,48.35844724158959,1161.0533655857998,14b
4e-06,0.01,1200,40557.4,dpo-qwen3-14b-sft-lr3e5-ao-lr4e6-beta0.01-step1200,74.74402730375427,33.33333333333333,88.77937831690674,83.38976299541923,78.29162132752992,68.73573101465561,73.68183087541057,60.633333333333326,79.73856209150327,51.04786460285587,1166.3530386661707,14b
4e-06,0.01,1400,47316.9,dpo-qwen3-14b-sft-lr3e5-ao-lr4e6-beta0.01-step1400,74.40273037542661,34.34343434343434,89.31008339651251,83.23043218482374,79.4341675734494,69.83003721221456,70.57939600260642,58.766666666666666,76.92307692307693,47.73488059007879,1176.0833293861713,14b
4e-06,0.01,1600,54076.5,dpo-qwen3-14b-sft-lr3e5-ao-lr4e6-beta0.01-step1600,74.74402730375427,32.82828282828283,90.5989385898408,83.2105158334993,78.89009793253537,70.03625986161886,68.70969028843469,56.3,68.70967741935485,49.9373313919572,1141.4307586107257,14b
4e-06,0.01,1800,60836.1,dpo-qwen3-14b-sft-lr3e5-ao-lr4e6-beta0.01-step1800,75.17064846416382,32.82828282828283,89.68915845337376,83.34993029277037,78.99891186071817,70.14244841111764,69.86124593855415,58.53333333333333,76.45161290322581,49.92646995059295,1137.8352986626408,14b
4e-06,0.01,2000,67595.6,dpo-qwen3-14b-sft-lr3e5-ao-lr4e6-beta0.01-step2000,74.74402730375427,33.83838383838384,88.77937831690674,83.2105158334993,79.21653971708379,70.10354664963225,70.27714242653936,58.29999999999999,69.93464052287581,48.24214290458097,1137.4225018012862,14b
4e-06,0.01,2031,68643.4,dpo-qwen3-14b-sft-lr3e5-ao-lr4e6-beta0.01,74.74402730375427,33.33333333333333,89.15845337376801,83.22047400916152,79.05331882480957,70.25470256240713,70.26090772483677,56.766666666666666,70.19867549668875,49.44181710672655,1146.996579103214,14b
4e-06,0.02,200,6763.9,dpo-qwen3-14b-sft-lr3e5-ao-lr4e6-beta0.02-step200,72.61092150170649,37.37373737373738,91.43290371493556,82.13503286197968,78.23721436343853,68.20614091159041,78.72389703763791,72.96666666666667,83.55263157894737,50.02651444056646,1262.8113881719007,14b
4e-06,0.02,400,13527.7,dpo-qwen3-14b-sft-lr3e5-ao-lr4e6-beta0.02-step400,73.03754266211604,34.34343434343434,91.81197877179682,82.5234017128062,78.0739934711643,69.10138421804976,77.67351737833394,64.36666666666666,81.93548387096774,47.475786850881015,1253.2495135712395,14b
4e-06,0.02,600,20291.6,dpo-qwen3-14b-sft-lr3e5-ao-lr4e6-beta0.02-step600,73.29351535836177,31.313131313131315,90.5989385898408,82.73252340171281,78.45484221980414,69.35595460952572,72.28797368759336,63.76666666666666,81.4935064935065,43.98424766823857,1214.3353953083897,14b
4e-06,0.02,800,27055.5,dpo-qwen3-14b-sft-lr3e5-ao-lr4e6-beta0.02-step800,73.72013651877133,31.818181818181817,91.58453373768006,82.97151961760606,78.99891186071817,69.43575238209642,76.6693484399172,59.766666666666666,77.12418300653596,40.37266262694848,1191.380464298804,14b
4e-06,0.02,1000,33819.3,dpo-qwen3-14b-sft-lr3e5-ao-lr4e6-beta0.02-step1000,73.29351535836177,33.83838383838384,90.97801364670204,83.04122684724159,79.5429815016322,68.65448364377991,73.4282814044513,58.46666666666667,76.79738562091504,38.141953993838754,1170.6275051553507,14b
4e-06,0.02,1200,40583.2,dpo-qwen3-14b-sft-lr3e5-ao-lr4e6-beta0.02-step1200,73.37883959044369,33.33333333333333,88.55193328279,83.00139414459271,79.76060935799782,67.44698549412924,76.91164997761494,59.0,80.3225806451613,41.51820755170908,1210.246608380548,14b
4e-06,0.02,1400,47347.1,dpo-qwen3-14b-sft-lr3e5-ao-lr4e6-beta0.02-step1400,72.6962457337884,34.34343434343434,89.68915845337376,82.9416450906194,79.76060935799782,68.36550720390674,76.92539129509701,59.2,76.79738562091504,40.96604304695355,1204.6550891575564,14b
4e-06,0.02,1600,54110.9,dpo-qwen3-14b-sft-lr3e5-ao-lr4e6-beta0.02-step1600,73.12286689419795,34.34343434343434,90.5989385898408,83.02131049591715,79.97823721436343,68.30604536681828,74.21264467169333,60.8,79.80132450331125,41.51894138305647,1200.669154079235,14b
4e-06,0.02,1800,60874.8,dpo-qwen3-14b-sft-lr3e5-ao-lr4e6-beta0.02-step1800,73.20819112627987,35.858585858585855,90.44730856709629,82.96156144194383,79.81501632208922,68.63984238116619,74.0053059216213,59.99999999999999,81.73076923076923,42.45768565338158,1203.0207913039526,14b
4e-06,0.02,2000,67638.7,dpo-qwen3-14b-sft-lr3e5-ao-lr4e6-beta0.02-step2000,73.12286689419795,34.34343434343434,90.9021986353298,82.95160326628161,80.08705114254624,68.51859500783797,73.95660181651351,57.36666666666667,81.04575163398692,41.45652380929009,1210.9127160298924,14b
4e-06,0.02,2031,68687.1,dpo-qwen3-14b-sft-lr3e5-ao-lr4e6-beta0.02,72.7815699658703,33.33333333333333,91.3570887035633,82.92172873929496,80.08705114254624,68.49500756948329,74.6422824771606,57.66666666666666,82.89473684210526,41.65865224814734,1200.205011191692,14b
4e-06,0.04,200,6752.6,dpo-qwen3-14b-sft-lr3e5-ao-lr4e6-beta0.04-step200,72.01365187713311,36.86868686868687,91.96360879454132,82.10515833499304,79.16213275299239,65.83854939314662,77.48867449478495,70.16666666666666,84.19354838709677,41.34468122376727,1208.473668784873,14b
4e-06,0.04,400,13505.2,dpo-qwen3-14b-sft-lr3e5-ao-lr4e6-beta0.04-step400,72.35494880546075,34.34343434343434,89.08263836239576,82.32423819956183,79.10772578890098,68.15405003572745,76.56318568066065,63.16666666666666,82.35294117647058,40.890709261611306,1210.448721480962,14b
4e-06,0.04,600,20257.8,dpo-qwen3-14b-sft-lr3e5-ao-lr4e6-beta0.04-step600,72.7815699658703,34.84848484848485,90.97801364670204,82.55327623979286,79.05331882480957,68.51860576393774,76.77800458339428,62.33333333333333,83.22580645161291,42.062341424054125,1206.152476253022,14b
4e-06,0.04,800,27010.4,dpo-qwen3-14b-sft-lr3e5-ao-lr4e6-beta0.04-step800,72.44027303754265,33.33333333333333,91.2054586808188,82.67277434773949,78.94450489662677,68.01165122734993,77.58358932077998,59.83333333333333,80.76923076923077,38.55900002855528,1192.37195918634,14b
4e-06,0.04,1000,33763.0,dpo-qwen3-14b-sft-lr3e5-ao-lr4e6-beta0.04-step1000,72.86689419795222,32.323232323232325,91.43290371493556,82.90181238797052,78.99891186071817,67.51792411017776,77.61356533996462,58.16666666666666,82.25806451612904,35.87787965610731,1201.0516408646113,14b
4e-06,0.04,1200,40515.6,dpo-qwen3-14b-sft-lr3e5-ao-lr4e6-beta0.04-step1200,72.61092150170649,34.34343434343434,90.06823351023503,82.65285799641505,79.379760609358,67.40524286733782,78.2118113272783,61.6,82.33333333333334,37.26224906285251,1203.997904085712,14b
4e-06,0.04,1400,47268.2,dpo-qwen3-14b-sft-lr3e5-ao-lr4e6-beta0.04-step1400,72.35494880546075,31.313131313131315,90.52312357846851,82.30432184823741,79.4341675734494,67.38222137101974,76.91663674605603,62.33333333333333,79.6774193548387,35.00014110764524,1174.4415785097449,14b
4e-06,0.04,1600,54020.8,dpo-qwen3-14b-sft-lr3e5-ao-lr4e6-beta0.04-step1600,72.09897610921502,31.313131313131315,86.8081880212282,82.30432184823741,79.5429815016322,67.60701317523589,77.67850414677501,61.53333333333333,79.6774193548387,38.09176107337787,1214.3065056907333,14b
4e-06,0.04,1800,60773.4,dpo-qwen3-14b-sft-lr3e5-ao-lr4e6-beta0.04-step1800,72.6962457337884,32.323232323232325,89.68915845337376,82.38398725353515,79.379760609358,67.43353327544277,76.90040204435343,58.7,80.71895424836602,37.48281678700261,1204.352456920422,14b
4e-06,0.04,2000,67526.0,dpo-qwen3-14b-sft-lr3e5-ao-lr4e6-beta0.04-step2000,72.44027303754265,31.818181818181817,89.76497346474602,82.42381995618403,79.4341675734494,67.26295919258129,78.25802204816554,60.86666666666667,82.89473684210526,37.21240214025923,1197.5060342881636,14b
4e-06,0.04,2031,68572.7,dpo-qwen3-14b-sft-lr3e5-ao-lr4e6-beta0.04,72.44027303754265,31.818181818181817,89.38589840788475,82.44373630750846,79.76060935799782,67.33774453456762,77.99449904032411,60.1,79.22077922077922,37.59444732651304,1213.307825648678,14b
