search_objective,optimizer,seed,trial_id,lr,beta,dpo_step,st_tuner_time,ARC-C,GPQA,GSM8K,HellaSwag,PIQA,TruthfulQA,IFEval,Arena-Hard,MT-Bench,AlpacaEval,ELO,Z-Static,Z-Dynamic,Z-All,elapsed_time_sec
AlpacaEval,ASHA,0,3,1e-06,0.01,400,52234.32167515755,71.50171,38.38384,87.03563,80.30273,77.52992,63.918243,78.31548,75.23333,86.92811,50.0,1262.8969,0.2360827,1.5734199,0.72238714,8503.7
AlpacaEval,ASHA,1,7,1e-06,0.01,400,99800.20235572437,71.50171,38.38384,87.03563,80.30273,77.52992,63.918243,78.31548,75.23333,86.92811,50.0,1262.8969,0.2360827,1.5734199,0.72238714,8503.7
AlpacaEval,ASHA,2,11,8e-07,0.01,600,146226.91356931685,71.843,39.89899,87.8696,80.39235,77.52992,64.07252,78.666435,76.7,85.66879,48.91728,1262.5881,0.26037732,1.628744,0.7579652,12789.7
AlpacaEval,ASHA,3,0,1e-06,0.01,400,8503.802012062071,71.50171,38.38384,87.03563,80.30273,77.52992,63.918243,78.31548,75.23333,86.92811,50.0,1262.8969,0.2360827,1.5734199,0.72238714,8503.7
AlpacaEval,ASHA,4,6,1e-06,0.01,400,64599.77960954285,71.50171,38.38384,87.03563,80.30273,77.52992,63.918243,78.31548,75.23333,86.92811,50.0,1262.8969,0.2360827,1.5734199,0.72238714,8503.7
AlpacaEval,ASHA,5,5,1e-06,0.01,400,60329.62109575653,71.50171,38.38384,87.03563,80.30273,77.52992,63.918243,78.31548,75.23333,86.92811,50.0,1262.8969,0.2360827,1.5734199,0.72238714,8503.7
AlpacaEval,ASHA,6,3,1e-06,0.01,400,51764.3152068615,71.50171,38.38384,87.03563,80.30273,77.52992,63.918243,78.31548,75.23333,86.92811,50.0,1262.8969,0.2360827,1.5734199,0.72238714,8503.7
AlpacaEval,ASHA,7,6,1e-06,0.01,400,60344.7431834755,71.50171,38.38384,87.03563,80.30273,77.52992,63.918243,78.31548,75.23333,86.92811,50.0,1262.8969,0.2360827,1.5734199,0.72238714,8503.7
AlpacaEval,ASHA,8,2,1e-06,0.01,400,51749.31732115746,71.50171,38.38384,87.03563,80.30273,77.52992,63.918243,78.31548,75.23333,86.92811,50.0,1262.8969,0.2360827,1.5734199,0.72238714,8503.7
AlpacaEval,ASHA,9,6,2e-06,0.01,200,94930.88599858477,70.819115,38.38384,86.353294,80.233025,77.85637,63.270527,78.69641,77.73333,84.83871,47.87344,1242.7335,0.6731518,1.4293734,0.94814146,4259.6
AlpacaEval,ASHA,10,18,1e-06,0.01,400,137711.65932309738,71.50171,38.38384,87.03563,80.30273,77.52992,63.918243,78.31548,75.23333,86.92811,50.0,1262.8969,0.2360827,1.5734199,0.72238714,8503.7
AlpacaEval,ASHA,11,3,1e-06,0.01,400,51799.31642732621,71.50171,38.38384,87.03563,80.30273,77.52992,63.918243,78.31548,75.23333,86.92811,50.0,1262.8969,0.2360827,1.5734199,0.72238714,8503.7
AlpacaEval,ASHA,12,4,8e-07,0.01,600,60345.46657452775,71.843,39.89899,87.8696,80.39235,77.52992,64.07252,78.666435,76.7,85.66879,48.91728,1262.5881,0.26037732,1.628744,0.7579652,12789.7
AlpacaEval,ASHA,13,0,1e-06,0.01,400,8503.80461821556,71.50171,38.38384,87.03563,80.30273,77.52992,63.918243,78.31548,75.23333,86.92811,50.0,1262.8969,0.2360827,1.5734199,0.72238714,8503.7
AlpacaEval,ASHA,14,3,1e-06,0.01,400,26224.114091016767,71.50171,38.38384,87.03563,80.30273,77.52992,63.918243,78.31548,75.23333,86.92811,50.0,1262.8969,0.2360827,1.5734199,0.72238714,8503.7
AlpacaEval,ASHA,15,18,1e-06,0.01,400,150741.94492471498,71.50171,38.38384,87.03563,80.30273,77.52992,63.918243,78.31548,75.23333,86.92811,50.0,1262.8969,0.2360827,1.5734199,0.72238714,8503.7
AlpacaEval,ASHA,16,2,8e-07,0.01,600,55950.309702730185,71.843,39.89899,87.8696,80.39235,77.52992,64.07252,78.666435,76.7,85.66879,48.91728,1262.5881,0.26037732,1.628744,0.7579652,12789.7
AlpacaEval,ASHA,17,10,1e-06,0.01,400,133300.8167446709,71.50171,38.38384,87.03563,80.30273,77.52992,63.918243,78.31548,75.23333,86.92811,50.0,1262.8969,0.2360827,1.5734199,0.72238714,8503.7
AlpacaEval,ASHA,18,0,1e-06,0.01,400,8503.802538251875,71.50171,38.38384,87.03563,80.30273,77.52992,63.918243,78.31548,75.23333,86.92811,50.0,1262.8969,0.2360827,1.5734199,0.72238714,8503.7
AlpacaEval,ASHA,19,0,1e-06,0.01,400,8503.802034235,71.50171,38.38384,87.03563,80.30273,77.52992,63.918243,78.31548,75.23333,86.92811,50.0,1262.8969,0.2360827,1.5734199,0.72238714,8503.7
AlpacaEval,ASHA,20,4,1e-06,0.01,400,51789.43365416718,71.50171,38.38384,87.03563,80.30273,77.52992,63.918243,78.31548,75.23333,86.92811,50.0,1262.8969,0.2360827,1.5734199,0.72238714,8503.7
AlpacaEval,ASHA,21,15,1e-06,0.01,400,119976.25575101103,71.50171,38.38384,87.03563,80.30273,77.52992,63.918243,78.31548,75.23333,86.92811,50.0,1262.8969,0.2360827,1.5734199,0.72238714,8503.7
AlpacaEval,ASHA,22,8,1e-06,0.01,400,116465.39311848264,71.50171,38.38384,87.03563,80.30273,77.52992,63.918243,78.31548,75.23333,86.92811,50.0,1262.8969,0.2360827,1.5734199,0.72238714,8503.7
AlpacaEval,ASHA,23,6,2e-06,0.01,200,91275.94260225678,70.819115,38.38384,86.353294,80.233025,77.85637,63.270527,78.69641,77.73333,84.83871,47.87344,1242.7335,0.6731518,1.4293734,0.94814146,4259.6
AlpacaEval,ASHA,24,0,1e-06,0.01,400,8503.80254421234,71.50171,38.38384,87.03563,80.30273,77.52992,63.918243,78.31548,75.23333,86.92811,50.0,1262.8969,0.2360827,1.5734199,0.72238714,8503.7
AlpacaEval,BOHB,0,3,1e-06,0.01,400,52234.32259402276,71.50171,38.38384,87.03563,80.30273,77.52992,63.918243,78.31548,75.23333,86.92811,50.0,1262.8969,0.2360827,1.5734199,0.72238714,8503.7
AlpacaEval,BOHB,1,4,8e-07,0.01,600,60790.47510228348,71.843,39.89899,87.8696,80.39235,77.52992,64.07252,78.666435,76.7,85.66879,48.91728,1262.5881,0.26037732,1.628744,0.7579652,12789.7
AlpacaEval,BOHB,2,10,8e-07,0.01,600,134501.77562843327,71.843,39.89899,87.8696,80.39235,77.52992,64.07252,78.666435,76.7,85.66879,48.91728,1262.5881,0.26037732,1.628744,0.7579652,12789.7
AlpacaEval,BOHB,3,0,1e-06,0.01,400,8503.803189611433,71.50171,38.38384,87.03563,80.30273,77.52992,63.918243,78.31548,75.23333,86.92811,50.0,1262.8969,0.2360827,1.5734199,0.72238714,8503.7
AlpacaEval,BOHB,4,1,8e-07,0.01,600,12789.802220678328,71.843,39.89899,87.8696,80.39235,77.52992,64.07252,78.666435,76.7,85.66879,48.91728,1262.5881,0.26037732,1.628744,0.7579652,12789.7
AlpacaEval,BOHB,5,13,8e-07,0.01,600,129647.0305148278,71.843,39.89899,87.8696,80.39235,77.52992,64.07252,78.666435,76.7,85.66879,48.91728,1262.5881,0.26037732,1.628744,0.7579652,12789.7
AlpacaEval,BOHB,6,3,1e-06,0.01,400,51764.32808837891,71.50171,38.38384,87.03563,80.30273,77.52992,63.918243,78.31548,75.23333,86.92811,50.0,1262.8969,0.2360827,1.5734199,0.72238714,8503.7
AlpacaEval,BOHB,7,8,1e-06,0.01,400,64614.982040987015,71.50171,38.38384,87.03563,80.30273,77.52992,63.918243,78.31548,75.23333,86.92811,50.0,1262.8969,0.2360827,1.5734199,0.72238714,8503.7
AlpacaEval,BOHB,8,2,1e-06,0.01,400,51749.330131626135,71.50171,38.38384,87.03563,80.30273,77.52992,63.918243,78.31548,75.23333,86.92811,50.0,1262.8969,0.2360827,1.5734199,0.72238714,8503.7
AlpacaEval,BOHB,9,9,1e-06,0.01,400,146780.78212771984,71.50171,38.38384,87.03563,80.30273,77.52992,63.918243,78.31548,75.23333,86.92811,50.0,1262.8969,0.2360827,1.5734199,0.72238714,8503.7
AlpacaEval,BOHB,10,12,1e-06,0.01,400,129210.97684489642,71.50171,38.38384,87.03563,80.30273,77.52992,63.918243,78.31548,75.23333,86.92811,50.0,1262.8969,0.2360827,1.5734199,0.72238714,8503.7
AlpacaEval,BOHB,11,3,1e-06,0.01,400,51799.32230553628,71.50171,38.38384,87.03563,80.30273,77.52992,63.918243,78.31548,75.23333,86.92811,50.0,1262.8969,0.2360827,1.5734199,0.72238714,8503.7
AlpacaEval,BOHB,12,7,1e-06,0.01,400,99355.1056471863,71.50171,38.38384,87.03563,80.30273,77.52992,63.918243,78.31548,75.23333,86.92811,50.0,1262.8969,0.2360827,1.5734199,0.72238714,8503.7
AlpacaEval,BOHB,13,0,1e-06,0.01,400,8503.801692581175,71.50171,38.38384,87.03563,80.30273,77.52992,63.918243,78.31548,75.23333,86.92811,50.0,1262.8969,0.2360827,1.5734199,0.72238714,8503.7
AlpacaEval,BOHB,14,3,1e-06,0.01,400,26224.117505886075,71.50171,38.38384,87.03563,80.30273,77.52992,63.918243,78.31548,75.23333,86.92811,50.0,1262.8969,0.2360827,1.5734199,0.72238714,8503.7
AlpacaEval,BOHB,15,6,8e-07,0.01,600,94351.08313189128,71.843,39.89899,87.8696,80.39235,77.52992,64.07252,78.666435,76.7,85.66879,48.91728,1262.5881,0.26037732,1.628744,0.7579652,12789.7
AlpacaEval,BOHB,16,2,8e-07,0.01,600,55950.31152782441,71.843,39.89899,87.8696,80.39235,77.52992,64.07252,78.666435,76.7,85.66879,48.91728,1262.5881,0.26037732,1.628744,0.7579652,12789.7
AlpacaEval,BOHB,17,1,8e-07,0.01,600,12789.802078580857,71.843,39.89899,87.8696,80.39235,77.52992,64.07252,78.666435,76.7,85.66879,48.91728,1262.5881,0.26037732,1.628744,0.7579652,12789.7
AlpacaEval,BOHB,18,0,1e-06,0.01,400,8503.801818943022,71.50171,38.38384,87.03563,80.30273,77.52992,63.918243,78.31548,75.23333,86.92811,50.0,1262.8969,0.2360827,1.5734199,0.72238714,8503.7
AlpacaEval,BOHB,19,0,1e-06,0.01,400,8503.802197551726,71.50171,38.38384,87.03563,80.30273,77.52992,63.918243,78.31548,75.23333,86.92811,50.0,1262.8969,0.2360827,1.5734199,0.72238714,8503.7
AlpacaEval,BOHB,20,4,1e-06,0.01,400,51789.42048845482,71.50171,38.38384,87.03563,80.30273,77.52992,63.918243,78.31548,75.23333,86.92811,50.0,1262.8969,0.2360827,1.5734199,0.72238714,8503.7
AlpacaEval,BOHB,21,5,1e-06,0.01,400,90104.9776161709,71.50171,38.38384,87.03563,80.30273,77.52992,63.918243,78.31548,75.23333,86.92811,50.0,1262.8969,0.2360827,1.5734199,0.72238714,8503.7
AlpacaEval,BOHB,22,2,2e-06,0.01,200,47565.22125420571,70.819115,38.38384,86.353294,80.233025,77.85637,63.270527,78.69641,77.73333,84.83871,47.87344,1242.7335,0.6731518,1.4293734,0.94814146,4259.6
AlpacaEval,BOHB,23,8,1e-06,0.01,400,129620.56053982356,71.50171,38.38384,87.03563,80.30273,77.52992,63.918243,78.31548,75.23333,86.92811,50.0,1262.8969,0.2360827,1.5734199,0.72238714,8503.7
AlpacaEval,BOHB,24,0,1e-06,0.01,400,8503.801791524886,71.50171,38.38384,87.03563,80.30273,77.52992,63.918243,78.31548,75.23333,86.92811,50.0,1262.8969,0.2360827,1.5734199,0.72238714,8503.7
AlpacaEval,BOTorch,0,6,8e-07,0.01,600,142577.45898947713,71.843,39.89899,87.8696,80.39235,77.52992,64.07252,78.666435,76.7,85.66879,48.91728,1262.5881,0.26037732,1.628744,0.7579652,12789.7
AlpacaEval,BOTorch,1,1,8e-07,0.01,600,12789.802324867249,71.843,39.89899,87.8696,80.39235,77.52992,64.07252,78.666435,76.7,85.66879,48.91728,1262.5881,0.26037732,1.628744,0.7579652,12789.7
AlpacaEval,BOTorch,2,3,1e-06,0.02,400,51793.51342616082,71.07509,38.38384,85.74678,79.82474,77.85637,63.049118,79.82049,69.566666,83.22581,43.49624,1254.9758,0.10824762,0.54970545,0.26877773,8507.9
AlpacaEval,BOTorch,3,1,2e-06,0.02,400,8475.502248620985,71.92833,40.40404,88.097046,79.93427,77.20348,64.994545,77.52114,68.9,84.51613,45.49068,1222.7162,0.36488688,0.40255237,0.3785834,8475.4
AlpacaEval,BOTorch,4,0,8e-07,0.01,600,12789.80205259323,71.843,39.89899,87.8696,80.39235,77.52992,64.07252,78.666435,76.7,85.66879,48.91728,1262.5881,0.26037732,1.628744,0.7579652,12789.7
AlpacaEval,BOTorch,5,1,8e-07,0.02,400,8516.602063035964,70.819115,37.878788,85.89841,79.56583,77.85637,62.375385,79.39833,70.86667,87.741936,42.64815,1230.9453,-0.15627754,0.74621487,0.17190152,8516.5
AlpacaEval,BOTorch,6,1,4e-07,0.02,1000,21530.902983283995,71.07509,39.39394,86.353294,79.56583,78.019585,62.928715,79.95912,72.13333,85.48387,44.30955,1251.7719,-0.26923802,1.2071754,0.26763958,21530.8
AlpacaEval,BOTorch,7,0,1e-06,0.01,400,8503.803897953032,71.50171,38.38384,87.03563,80.30273,77.52992,63.918243,78.31548,75.23333,86.92811,50.0,1262.8969,0.2360827,1.5734199,0.72238714,8503.7
AlpacaEval,BOTorch,8,2,4e-07,0.01,800,30536.45972189903,70.47781,38.38384,85.36771,80.10356,77.74755,63.408108,79.58943,75.26667,85.25641,47.398552,1245.7744,-0.55939233,1.3519208,0.13563064,17071.2
AlpacaEval,BOTorch,9,0,4e-06,0.01,200,4264.1023093223575,71.92833,39.39394,87.64215,80.60147,76.605,65.273674,76.106064,72.36667,84.09091,47.07675,1223.7786,0.40819418,1.07115,0.64926904,4264.0
AlpacaEval,BOTorch,10,2,8e-07,0.01,600,26254.96297035217,71.843,39.89899,87.8696,80.39235,77.52992,64.07252,78.666435,76.7,85.66879,48.91728,1262.5881,0.26037732,1.628744,0.7579652,12789.7
AlpacaEval,BOTorch,11,1,8e-07,0.01,600,12789.802382087706,71.843,39.89899,87.8696,80.39235,77.52992,64.07252,78.666435,76.7,85.66879,48.91728,1262.5881,0.26037732,1.628744,0.7579652,12789.7
AlpacaEval,BOTorch,12,1,8e-07,0.01,600,12789.802436447142,71.843,39.89899,87.8696,80.39235,77.52992,64.07252,78.666435,76.7,85.66879,48.91728,1262.5881,0.26037732,1.628744,0.7579652,12789.7
AlpacaEval,BOTorch,13,1,1e-06,0.01,400,8503.802679157256,71.50171,38.38384,87.03563,80.30273,77.52992,63.918243,78.31548,75.23333,86.92811,50.0,1262.8969,0.2360827,1.5734199,0.72238714,8503.7
AlpacaEval,BOTorch,14,2,2e-06,0.02,400,51721.01474533082,71.92833,40.40404,88.097046,79.93427,77.20348,64.994545,77.52114,68.9,84.51613,45.49068,1222.7162,0.36488688,0.40255237,0.3785834,8475.4
AlpacaEval,BOTorch,15,2,1e-06,0.01,400,51749.317443227774,71.50171,38.38384,87.03563,80.30273,77.52992,63.918243,78.31548,75.23333,86.92811,50.0,1262.8969,0.2360827,1.5734199,0.72238714,8503.7
AlpacaEval,BOTorch,16,2,4e-07,0.02,1000,64776.41061697007,71.07509,39.39394,86.353294,79.56583,78.019585,62.928715,79.95912,72.13333,85.48387,44.30955,1251.7719,-0.26923802,1.2071754,0.26763958,21530.8
AlpacaEval,BOTorch,17,0,2e-06,0.01,200,4259.702154254914,70.819115,38.38384,86.353294,80.233025,77.85637,63.270527,78.69641,77.73333,84.83871,47.87344,1242.7335,0.6731518,1.4293734,0.94814146,4259.6
AlpacaEval,BOTorch,18,3,8e-07,0.01,600,56130.31206831933,71.843,39.89899,87.8696,80.39235,77.52992,64.07252,78.666435,76.7,85.66879,48.91728,1262.5881,0.26037732,1.628744,0.7579652,12789.7
AlpacaEval,BOTorch,19,0,1e-06,0.01,400,8503.801772689818,71.50171,38.38384,87.03563,80.30273,77.52992,63.918243,78.31548,75.23333,86.92811,50.0,1262.8969,0.2360827,1.5734199,0.72238714,8503.7
AlpacaEval,BOTorch,20,1,8e-07,0.01,600,12789.802330350874,71.843,39.89899,87.8696,80.39235,77.52992,64.07252,78.666435,76.7,85.66879,48.91728,1262.5881,0.26037732,1.628744,0.7579652,12789.7
AlpacaEval,BOTorch,21,0,1e-06,0.01,400,8503.802207088469,71.50171,38.38384,87.03563,80.30273,77.52992,63.918243,78.31548,75.23333,86.92811,50.0,1262.8969,0.2360827,1.5734199,0.72238714,8503.7
AlpacaEval,BOTorch,22,3,4e-07,0.02,1000,64816.41725287438,71.07509,39.39394,86.353294,79.56583,78.019585,62.928715,79.95912,72.13333,85.48387,44.30955,1251.7719,-0.26923802,1.2071754,0.26763958,21530.8
AlpacaEval,BOTorch,23,2,1e-06,0.01,400,51844.31723628045,71.50171,38.38384,87.03563,80.30273,77.52992,63.918243,78.31548,75.23333,86.92811,50.0,1262.8969,0.2360827,1.5734199,0.72238714,8503.7
AlpacaEval,BOTorch,24,1,2e-06,0.01,200,4259.701823806763,70.819115,38.38384,86.353294,80.233025,77.85637,63.270527,78.69641,77.73333,84.83871,47.87344,1242.7335,0.6731518,1.4293734,0.94814146,4259.6
AlpacaEval,CQR,0,3,1e-06,0.01,400,52234.31915721894,71.50171,38.38384,87.03563,80.30273,77.52992,63.918243,78.31548,75.23333,86.92811,50.0,1262.8969,0.2360827,1.5734199,0.72238714,8503.7
AlpacaEval,CQR,1,4,8e-07,0.01,600,99085.81698045733,71.843,39.89899,87.8696,80.39235,77.52992,64.07252,78.666435,76.7,85.66879,48.91728,1262.5881,0.26037732,1.628744,0.7579652,12789.7
AlpacaEval,CQR,2,6,1e-06,0.01,400,138330.6284092426,71.50171,38.38384,87.03563,80.30273,77.52992,63.918243,78.31548,75.23333,86.92811,50.0,1262.8969,0.2360827,1.5734199,0.72238714,8503.7
AlpacaEval,CQR,3,0,1e-06,0.01,400,8503.802324628829,71.50171,38.38384,87.03563,80.30273,77.52992,63.918243,78.31548,75.23333,86.92811,50.0,1262.8969,0.2360827,1.5734199,0.72238714,8503.7
AlpacaEval,CQR,4,1,8e-07,0.01,600,12789.802013492585,71.843,39.89899,87.8696,80.39235,77.52992,64.07252,78.666435,76.7,85.66879,48.91728,1262.5881,0.26037732,1.628744,0.7579652,12789.7
AlpacaEval,CQR,5,3,2e-06,0.01,200,47990.23557076455,70.819115,38.38384,86.353294,80.233025,77.85637,63.270527,78.69641,77.73333,84.83871,47.87344,1242.7335,0.6731518,1.4293734,0.94814146,4259.6
AlpacaEval,CQR,6,3,1e-06,0.01,400,51764.31831607819,71.50171,38.38384,87.03563,80.30273,77.52992,63.918243,78.31548,75.23333,86.92811,50.0,1262.8969,0.2360827,1.5734199,0.72238714,8503.7
AlpacaEval,CQR,7,1,2e-06,0.01,200,4259.701810693741,70.819115,38.38384,86.353294,80.233025,77.85637,63.270527,78.69641,77.73333,84.83871,47.87344,1242.7335,0.6731518,1.4293734,0.94814146,4259.6
AlpacaEval,CQR,8,2,1e-06,0.01,400,51749.315182781225,71.50171,38.38384,87.03563,80.30273,77.52992,63.918243,78.31548,75.23333,86.92811,50.0,1262.8969,0.2360827,1.5734199,0.72238714,8503.7
AlpacaEval,CQR,9,6,8e-07,0.01,600,112616.28025064468,71.843,39.89899,87.8696,80.39235,77.52992,64.07252,78.666435,76.7,85.66879,48.91728,1262.5881,0.26037732,1.628744,0.7579652,12789.7
AlpacaEval,CQR,10,2,8e-07,0.01,600,56035.31598410607,71.843,39.89899,87.8696,80.39235,77.52992,64.07252,78.666435,76.7,85.66879,48.91728,1262.5881,0.26037732,1.628744,0.7579652,12789.7
AlpacaEval,CQR,11,3,1e-06,0.01,400,51799.31741628648,71.50171,38.38384,87.03563,80.30273,77.52992,63.918243,78.31548,75.23333,86.92811,50.0,1262.8969,0.2360827,1.5734199,0.72238714,8503.7
AlpacaEval,CQR,12,4,8e-07,0.01,600,99210.83419046404,71.843,39.89899,87.8696,80.39235,77.52992,64.07252,78.666435,76.7,85.66879,48.91728,1262.5881,0.26037732,1.628744,0.7579652,12789.7
AlpacaEval,CQR,13,0,1e-06,0.01,400,8503.802180385588,71.50171,38.38384,87.03563,80.30273,77.52992,63.918243,78.31548,75.23333,86.92811,50.0,1262.8969,0.2360827,1.5734199,0.72238714,8503.7
AlpacaEval,CQR,14,3,1e-06,0.01,400,51764.31167850495,71.50171,38.38384,87.03563,80.30273,77.52992,63.918243,78.31548,75.23333,86.92811,50.0,1262.8969,0.2360827,1.5734199,0.72238714,8503.7
AlpacaEval,CQR,15,6,1e-06,0.01,400,138310.62716588972,71.50171,38.38384,87.03563,80.30273,77.52992,63.918243,78.31548,75.23333,86.92811,50.0,1262.8969,0.2360827,1.5734199,0.72238714,8503.7
AlpacaEval,CQR,16,2,8e-07,0.01,600,55950.31004962922,71.843,39.89899,87.8696,80.39235,77.52992,64.07252,78.666435,76.7,85.66879,48.91728,1262.5881,0.26037732,1.628744,0.7579652,12789.7
AlpacaEval,CQR,17,1,8e-07,0.01,600,12789.80226550102,71.843,39.89899,87.8696,80.39235,77.52992,64.07252,78.666435,76.7,85.66879,48.91728,1262.5881,0.26037732,1.628744,0.7579652,12789.7
AlpacaEval,CQR,18,0,1e-06,0.01,400,8503.803109979628,71.50171,38.38384,87.03563,80.30273,77.52992,63.918243,78.31548,75.23333,86.92811,50.0,1262.8969,0.2360827,1.5734199,0.72238714,8503.7
AlpacaEval,CQR,19,0,1e-06,0.01,400,8503.801860427855,71.50171,38.38384,87.03563,80.30273,77.52992,63.918243,78.31548,75.23333,86.92811,50.0,1262.8969,0.2360827,1.5734199,0.72238714,8503.7
AlpacaEval,CQR,20,4,1e-06,0.01,400,65264.47994265557,71.50171,38.38384,87.03563,80.30273,77.52992,63.918243,78.31548,75.23333,86.92811,50.0,1262.8969,0.2360827,1.5734199,0.72238714,8503.7
AlpacaEval,CQR,21,5,1e-06,0.01,400,95139.82298550606,71.50171,38.38384,87.03563,80.30273,77.52992,63.918243,78.31548,75.23333,86.92811,50.0,1262.8969,0.2360827,1.5734199,0.72238714,8503.7
AlpacaEval,CQR,22,2,2e-06,0.01,200,47565.21108565331,70.819115,38.38384,86.353294,80.233025,77.85637,63.270527,78.69641,77.73333,84.83871,47.87344,1242.7335,0.6731518,1.4293734,0.94814146,4259.6
AlpacaEval,CQR,23,8,1e-06,0.01,400,152591.33260140417,71.50171,38.38384,87.03563,80.30273,77.52992,63.918243,78.31548,75.23333,86.92811,50.0,1262.8969,0.2360827,1.5734199,0.72238714,8503.7
AlpacaEval,CQR,24,0,1e-06,0.01,400,8503.80278739929,71.50171,38.38384,87.03563,80.30273,77.52992,63.918243,78.31548,75.23333,86.92811,50.0,1262.8969,0.2360827,1.5734199,0.72238714,8503.7
AlpacaEval,RandomSearch,0,1,4e-07,0.01,800,17071.30113611221,70.47781,38.38384,85.36771,80.10356,77.74755,63.408108,79.58943,75.26667,85.25641,47.398552,1245.7744,-0.55939233,1.3519208,0.13563064,17071.2
AlpacaEval,RandomSearch,1,1,1e-06,0.01,400,8503.802436447142,71.50171,38.38384,87.03563,80.30273,77.52992,63.918243,78.31548,75.23333,86.92811,50.0,1262.8969,0.2360827,1.5734199,0.72238714,8503.7
AlpacaEval,RandomSearch,2,3,2e-06,0.02,400,52206.01974186898,71.92833,40.40404,88.097046,79.93427,77.20348,64.994545,77.52114,68.9,84.51613,45.49068,1222.7162,0.36488688,0.40255237,0.3785834,8475.4
AlpacaEval,RandomSearch,3,3,4e-07,0.01,800,60291.82788691521,70.47781,38.38384,85.36771,80.10356,77.74755,63.408108,79.58943,75.26667,85.25641,47.398552,1245.7744,-0.55939233,1.3519208,0.13563064,17071.2
AlpacaEval,RandomSearch,4,2,2e-06,0.01,200,47505.21502051354,70.819115,38.38384,86.353294,80.233025,77.85637,63.270527,78.69641,77.73333,84.83871,47.87344,1242.7335,0.6731518,1.4293734,0.94814146,4259.6
AlpacaEval,RandomSearch,5,3,8e-07,0.01,600,56130.321170187,71.843,39.89899,87.8696,80.39235,77.52992,64.07252,78.666435,76.7,85.66879,48.91728,1262.5881,0.26037732,1.628744,0.7579652,12789.7
AlpacaEval,RandomSearch,6,7,1e-06,0.01,400,138365.34314284322,71.50171,38.38384,87.03563,80.30273,77.52992,63.918243,78.31548,75.23333,86.92811,50.0,1262.8969,0.2360827,1.5734199,0.72238714,8503.7
AlpacaEval,RandomSearch,7,4,2e-06,0.01,200,90665.71444807052,70.819115,38.38384,86.353294,80.233025,77.85637,63.270527,78.69641,77.73333,84.83871,47.87344,1242.7335,0.6731518,1.4293734,0.94814146,4259.6
AlpacaEval,RandomSearch,8,3,8e-07,0.01,600,56050.31068954468,71.843,39.89899,87.8696,80.39235,77.52992,64.07252,78.666435,76.7,85.66879,48.91728,1262.5881,0.26037732,1.628744,0.7579652,12789.7
AlpacaEval,RandomSearch,9,2,1e-06,0.01,400,51824.3112145424,71.50171,38.38384,87.03563,80.30273,77.52992,63.918243,78.31548,75.23333,86.92811,50.0,1262.8969,0.2360827,1.5734199,0.72238714,8503.7
AlpacaEval,RandomSearch,10,2,8e-07,0.01,600,56010.31271038056,71.843,39.89899,87.8696,80.39235,77.52992,64.07252,78.666435,76.7,85.66879,48.91728,1262.5881,0.26037732,1.628744,0.7579652,12789.7
AlpacaEval,RandomSearch,11,1,8e-07,0.01,600,12789.801983451842,71.843,39.89899,87.8696,80.39235,77.52992,64.07252,78.666435,76.7,85.66879,48.91728,1262.5881,0.26037732,1.628744,0.7579652,12789.7
AlpacaEval,RandomSearch,12,6,1e-06,0.01,400,108614.9856174946,71.50171,38.38384,87.03563,80.30273,77.52992,63.918243,78.31548,75.23333,86.92811,50.0,1262.8969,0.2360827,1.5734199,0.72238714,8503.7
AlpacaEval,RandomSearch,13,4,8e-07,0.01,600,99255.8292571068,71.843,39.89899,87.8696,80.39235,77.52992,64.07252,78.666435,76.7,85.66879,48.91728,1262.5881,0.26037732,1.628744,0.7579652,12789.7
AlpacaEval,RandomSearch,14,2,2e-06,0.01,200,47420.22331748009,70.819115,38.38384,86.353294,80.233025,77.85637,63.270527,78.69641,77.73333,84.83871,47.87344,1242.7335,0.6731518,1.4293734,0.94814146,4259.6
AlpacaEval,RandomSearch,15,3,8e-07,0.01,600,56050.30989251137,71.843,39.89899,87.8696,80.39235,77.52992,64.07252,78.666435,76.7,85.66879,48.91728,1262.5881,0.26037732,1.628744,0.7579652,12789.7
AlpacaEval,RandomSearch,16,4,4e-06,0.01,200,90645.1535414219,71.92833,39.39394,87.64215,80.60147,76.605,65.273674,76.106064,72.36667,84.09091,47.07675,1223.7786,0.40819418,1.07115,0.64926904,4264.0
AlpacaEval,RandomSearch,17,7,2e-06,0.01,200,134041.24767217634,70.819115,38.38384,86.353294,80.233025,77.85637,63.270527,78.69641,77.73333,84.83871,47.87344,1242.7335,0.6731518,1.4293734,0.94814146,4259.6
AlpacaEval,RandomSearch,18,6,8e-07,0.01,600,142556.3550461292,71.843,39.89899,87.8696,80.39235,77.52992,64.07252,78.666435,76.7,85.66879,48.91728,1262.5881,0.26037732,1.628744,0.7579652,12789.7
AlpacaEval,RandomSearch,19,3,2e-06,0.01,200,47580.216405725485,70.819115,38.38384,86.353294,80.233025,77.85637,63.270527,78.69641,77.73333,84.83871,47.87344,1242.7335,0.6731518,1.4293734,0.94814146,4259.6
AlpacaEval,RandomSearch,20,1,1e-06,0.01,400,8503.802059030531,71.50171,38.38384,87.03563,80.30273,77.52992,63.918243,78.31548,75.23333,86.92811,50.0,1262.8969,0.2360827,1.5734199,0.72238714,8503.7
AlpacaEval,RandomSearch,21,1,8e-07,0.01,600,12789.802617168423,71.843,39.89899,87.8696,80.39235,77.52992,64.07252,78.666435,76.7,85.66879,48.91728,1262.5881,0.26037732,1.628744,0.7579652,12789.7
AlpacaEval,RandomSearch,22,5,2e-06,0.01,200,90905.73772273064,70.819115,38.38384,86.353294,80.233025,77.85637,63.270527,78.69641,77.73333,84.83871,47.87344,1242.7335,0.6731518,1.4293734,0.94814146,4259.6
AlpacaEval,RandomSearch,23,3,2e-06,0.01,200,47600.218540048605,70.819115,38.38384,86.353294,80.233025,77.85637,63.270527,78.69641,77.73333,84.83871,47.87344,1242.7335,0.6731518,1.4293734,0.94814146,4259.6
AlpacaEval,RandomSearch,24,7,2e-06,0.01,200,134161.24763283727,70.819115,38.38384,86.353294,80.233025,77.85637,63.270527,78.69641,77.73333,84.83871,47.87344,1242.7335,0.6731518,1.4293734,0.94814146,4259.6
AlpacaEval,TPE,0,2,1e-06,0.01,400,51724.30990991593,71.50171,38.38384,87.03563,80.30273,77.52992,63.918243,78.31548,75.23333,86.92811,50.0,1262.8969,0.2360827,1.5734199,0.72238714,8503.7
AlpacaEval,TPE,1,5,1e-06,0.01,400,95149.82008514403,71.50171,38.38384,87.03563,80.30273,77.52992,63.918243,78.31548,75.23333,86.92811,50.0,1262.8969,0.2360827,1.5734199,0.72238714,8503.7
AlpacaEval,TPE,2,6,1e-06,0.01,400,138340.343799448,71.50171,38.38384,87.03563,80.30273,77.52992,63.918243,78.31548,75.23333,86.92811,50.0,1262.8969,0.2360827,1.5734199,0.72238714,8503.7
AlpacaEval,TPE,3,6,1e-06,0.01,400,138305.33039698598,71.50171,38.38384,87.03563,80.30273,77.52992,63.918243,78.31548,75.23333,86.92811,50.0,1262.8969,0.2360827,1.5734199,0.72238714,8503.7
AlpacaEval,TPE,4,0,8e-07,0.01,600,12789.805112457274,71.843,39.89899,87.8696,80.39235,77.52992,64.07252,78.666435,76.7,85.66879,48.91728,1262.5881,0.26037732,1.628744,0.7579652,12789.7
AlpacaEval,TPE,5,4,2e-06,0.02,400,95101.53703317644,71.92833,40.40404,88.097046,79.93427,77.20348,64.994545,77.52114,68.9,84.51613,45.49068,1222.7162,0.36488688,0.40255237,0.3785834,8475.4
AlpacaEval,TPE,6,2,8e-07,0.01,600,55990.310528135306,71.843,39.89899,87.8696,80.39235,77.52992,64.07252,78.666435,76.7,85.66879,48.91728,1262.5881,0.26037732,1.628744,0.7579652,12789.7
AlpacaEval,TPE,7,1,2e-06,0.02,400,8475.503604745863,71.92833,40.40404,88.097046,79.93427,77.20348,64.994545,77.52114,68.9,84.51613,45.49068,1222.7162,0.36488688,0.40255237,0.3785834,8475.4
AlpacaEval,TPE,8,7,1e-06,0.01,400,138355.36324892042,71.50171,38.38384,87.03563,80.30273,77.52992,63.918243,78.31548,75.23333,86.92811,50.0,1262.8969,0.2360827,1.5734199,0.72238714,8503.7
AlpacaEval,TPE,9,3,8e-07,0.01,600,56095.33048162461,71.843,39.89899,87.8696,80.39235,77.52992,64.07252,78.666435,76.7,85.66879,48.91728,1262.5881,0.26037732,1.628744,0.7579652,12789.7
AlpacaEval,TPE,10,6,1e-06,0.01,400,108474.98457012176,71.50171,38.38384,87.03563,80.30273,77.52992,63.918243,78.31548,75.23333,86.92811,50.0,1262.8969,0.2360827,1.5734199,0.72238714,8503.7
AlpacaEval,TPE,11,2,1e-06,0.01,400,51664.31398735047,71.50171,38.38384,87.03563,80.30273,77.52992,63.918243,78.31548,75.23333,86.92811,50.0,1262.8969,0.2360827,1.5734199,0.72238714,8503.7
AlpacaEval,TPE,12,7,2e-06,0.01,200,133946.24123558996,70.819115,38.38384,86.353294,80.233025,77.85637,63.270527,78.69641,77.73333,84.83871,47.87344,1242.7335,0.6731518,1.4293734,0.94814146,4259.6
AlpacaEval,TPE,13,1,4e-07,0.01,800,17071.30090460777,70.47781,38.38384,85.36771,80.10356,77.74755,63.408108,79.58943,75.26667,85.25641,47.398552,1245.7744,-0.55939233,1.3519208,0.13563064,17071.2
AlpacaEval,TPE,14,3,2e-06,0.01,200,47565.21381435395,70.819115,38.38384,86.353294,80.233025,77.85637,63.270527,78.69641,77.73333,84.83871,47.87344,1242.7335,0.6731518,1.4293734,0.94814146,4259.6
AlpacaEval,TPE,15,0,1e-06,0.01,400,8503.802217578886,71.50171,38.38384,87.03563,80.30273,77.52992,63.918243,78.31548,75.23333,86.92811,50.0,1262.8969,0.2360827,1.5734199,0.72238714,8503.7
AlpacaEval,TPE,16,3,2e-06,0.01,200,47600.21279749871,70.819115,38.38384,86.353294,80.233025,77.85637,63.270527,78.69641,77.73333,84.83871,47.87344,1242.7335,0.6731518,1.4293734,0.94814146,4259.6
AlpacaEval,TPE,17,7,8e-07,0.01,600,113246.0139676094,71.843,39.89899,87.8696,80.39235,77.52992,64.07252,78.666435,76.7,85.66879,48.91728,1262.5881,0.26037732,1.628744,0.7579652,12789.7
AlpacaEval,TPE,18,1,1e-06,0.01,400,8503.802116489409,71.50171,38.38384,87.03563,80.30273,77.52992,63.918243,78.31548,75.23333,86.92811,50.0,1262.8969,0.2360827,1.5734199,0.72238714,8503.7
AlpacaEval,TPE,19,3,1e-06,0.01,400,52234.31511530877,71.50171,38.38384,87.03563,80.30273,77.52992,63.918243,78.31548,75.23333,86.92811,50.0,1262.8969,0.2360827,1.5734199,0.72238714,8503.7
AlpacaEval,TPE,20,3,1e-06,0.01,400,51764.32121787072,71.50171,38.38384,87.03563,80.30273,77.52992,63.918243,78.31548,75.23333,86.92811,50.0,1262.8969,0.2360827,1.5734199,0.72238714,8503.7
AlpacaEval,TPE,21,6,8e-07,0.01,600,142186.33679256437,71.843,39.89899,87.8696,80.39235,77.52992,64.07252,78.666435,76.7,85.66879,48.91728,1262.5881,0.26037732,1.628744,0.7579652,12789.7
AlpacaEval,TPE,22,3,2e-06,0.01,200,47565.21012077332,70.819115,38.38384,86.353294,80.233025,77.85637,63.270527,78.69641,77.73333,84.83871,47.87344,1242.7335,0.6731518,1.4293734,0.94814146,4259.6
AlpacaEval,TPE,23,6,1e-06,0.01,400,138435.34289250372,71.50171,38.38384,87.03563,80.30273,77.52992,63.918243,78.31548,75.23333,86.92811,50.0,1262.8969,0.2360827,1.5734199,0.72238714,8503.7
AlpacaEval,TPE,24,3,4e-07,0.01,800,60316.81225118638,70.47781,38.38384,85.36771,80.10356,77.74755,63.408108,79.58943,75.26667,85.25641,47.398552,1245.7744,-0.55939233,1.3519208,0.13563064,17071.2
Arena-Hard,ASHA,0,6,2e-06,0.01,200,93825.8765285988,70.819115,38.38384,86.353294,80.233025,77.85637,63.270527,78.69641,77.73333,84.83871,47.87344,1242.7335,0.6731518,1.4293734,0.94814146,4259.6
Arena-Hard,ASHA,1,0,2e-06,0.01,200,4259.705039358139,70.819115,38.38384,86.353294,80.233025,77.85637,63.270527,78.69641,77.73333,84.83871,47.87344,1242.7335,0.6731518,1.4293734,0.94814146,4259.6
Arena-Hard,ASHA,2,3,2e-06,0.01,200,47990.22097835541,70.819115,38.38384,86.353294,80.233025,77.85637,63.270527,78.69641,77.73333,84.83871,47.87344,1242.7335,0.6731518,1.4293734,0.94814146,4259.6
Arena-Hard,ASHA,3,5,2e-06,0.01,200,56080.51273212815,70.819115,38.38384,86.353294,80.233025,77.85637,63.270527,78.69641,77.73333,84.83871,47.87344,1242.7335,0.6731518,1.4293734,0.94814146,4259.6
Arena-Hard,ASHA,4,1,8e-07,0.01,600,12789.802248334883,71.843,39.89899,87.8696,80.39235,77.52992,64.07252,78.666435,76.7,85.66879,48.91728,1262.5881,0.26037732,1.628744,0.7579652,12789.7
Arena-Hard,ASHA,5,3,2e-06,0.01,200,47990.236693716055,70.819115,38.38384,86.353294,80.233025,77.85637,63.270527,78.69641,77.73333,84.83871,47.87344,1242.7335,0.6731518,1.4293734,0.94814146,4259.6
Arena-Hard,ASHA,6,1,2e-06,0.01,200,4259.703625297547,70.819115,38.38384,86.353294,80.233025,77.85637,63.270527,78.69641,77.73333,84.83871,47.87344,1242.7335,0.6731518,1.4293734,0.94814146,4259.6
Arena-Hard,ASHA,7,1,2e-06,0.01,200,4259.702376937867,70.819115,38.38384,86.353294,80.233025,77.85637,63.270527,78.69641,77.73333,84.83871,47.87344,1242.7335,0.6731518,1.4293734,0.94814146,4259.6
Arena-Hard,ASHA,8,0,2e-06,0.01,200,4259.702461099625,70.819115,38.38384,86.353294,80.233025,77.85637,63.270527,78.69641,77.73333,84.83871,47.87344,1242.7335,0.6731518,1.4293734,0.94814146,4259.6
Arena-Hard,ASHA,9,4,1e-06,0.02,800,73641.57586846352,72.098976,40.40404,86.80819,79.98407,77.47552,64.418495,79.6219,72.833336,80.76923,40.79183,1223.41,0.12192005,0.38607955,0.21797806,17015.8
Arena-Hard,ASHA,10,2,8e-07,0.01,600,56035.31388053895,71.843,39.89899,87.8696,80.39235,77.52992,64.07252,78.666435,76.7,85.66879,48.91728,1262.5881,0.26037732,1.628744,0.7579652,12789.7
Arena-Hard,ASHA,11,8,2e-06,0.01,200,99266.2424915867,70.819115,38.38384,86.353294,80.233025,77.85637,63.270527,78.69641,77.73333,84.83871,47.87344,1242.7335,0.6731518,1.4293734,0.94814146,4259.6
Arena-Hard,ASHA,12,2,2e-06,0.01,200,47420.207905149466,70.819115,38.38384,86.353294,80.233025,77.85637,63.270527,78.69641,77.73333,84.83871,47.87344,1242.7335,0.6731518,1.4293734,0.94814146,4259.6
Arena-Hard,ASHA,13,13,8e-07,0.01,600,110331.88190256889,71.843,39.89899,87.8696,80.39235,77.52992,64.07252,78.666435,76.7,85.66879,48.91728,1262.5881,0.26037732,1.628744,0.7579652,12789.7
Arena-Hard,ASHA,14,0,2e-06,0.01,200,4259.7024787426,70.819115,38.38384,86.353294,80.233025,77.85637,63.270527,78.69641,77.73333,84.83871,47.87344,1242.7335,0.6731518,1.4293734,0.94814146,4259.6
Arena-Hard,ASHA,15,10,2e-06,0.01,200,125151.64060793884,70.819115,38.38384,86.353294,80.233025,77.85637,63.270527,78.69641,77.73333,84.83871,47.87344,1242.7335,0.6731518,1.4293734,0.94814146,4259.6
Arena-Hard,ASHA,16,2,8e-07,0.01,600,55950.30556163789,71.843,39.89899,87.8696,80.39235,77.52992,64.07252,78.666435,76.7,85.66879,48.91728,1262.5881,0.26037732,1.628744,0.7579652,12789.7
Arena-Hard,ASHA,17,9,2e-06,0.01,200,67176.05098377418,70.819115,38.38384,86.353294,80.233025,77.85637,63.270527,78.69641,77.73333,84.83871,47.87344,1242.7335,0.6731518,1.4293734,0.94814146,4259.6
Arena-Hard,ASHA,18,8,2e-06,0.01,200,77286.10364352228,70.819115,38.38384,86.353294,80.233025,77.85637,63.270527,78.69641,77.73333,84.83871,47.87344,1242.7335,0.6731518,1.4293734,0.94814146,4259.6
Arena-Hard,ASHA,19,1,2e-06,0.01,200,4259.704408502579,70.819115,38.38384,86.353294,80.233025,77.85637,63.270527,78.69641,77.73333,84.83871,47.87344,1242.7335,0.6731518,1.4293734,0.94814146,4259.6
Arena-Hard,ASHA,20,14,8e-07,0.01,600,129601.92495476158,71.843,39.89899,87.8696,80.39235,77.52992,64.07252,78.666435,76.7,85.66879,48.91728,1262.5881,0.26037732,1.628744,0.7579652,12789.7
Arena-Hard,ASHA,21,3,2e-06,0.01,200,47565.21391758919,70.819115,38.38384,86.353294,80.233025,77.85637,63.270527,78.69641,77.73333,84.83871,47.87344,1242.7335,0.6731518,1.4293734,0.94814146,4259.6
Arena-Hard,ASHA,22,2,2e-06,0.01,200,47565.21488580704,70.819115,38.38384,86.353294,80.233025,77.85637,63.270527,78.69641,77.73333,84.83871,47.87344,1242.7335,0.6731518,1.4293734,0.94814146,4259.6
Arena-Hard,ASHA,23,8,1e-06,0.01,400,136490.63325296022,71.50171,38.38384,87.03563,80.30273,77.52992,63.918243,78.31548,75.23333,86.92811,50.0,1262.8969,0.2360827,1.5734199,0.72238714,8503.7
Arena-Hard,ASHA,24,3,2e-06,0.01,200,47505.210271215445,70.819115,38.38384,86.353294,80.233025,77.85637,63.270527,78.69641,77.73333,84.83871,47.87344,1242.7335,0.6731518,1.4293734,0.94814146,4259.6
Arena-Hard,BOHB,0,3,1e-06,0.01,400,52234.31693325043,71.50171,38.38384,87.03563,80.30273,77.52992,63.918243,78.31548,75.23333,86.92811,50.0,1262.8969,0.2360827,1.5734199,0.72238714,8503.7
Arena-Hard,BOHB,1,0,2e-06,0.01,200,4259.74368057251,70.819115,38.38384,86.353294,80.233025,77.85637,63.270527,78.69641,77.73333,84.83871,47.87344,1242.7335,0.6731518,1.4293734,0.94814146,4259.6
Arena-Hard,BOHB,2,3,2e-06,0.01,200,47990.228075838095,70.819115,38.38384,86.353294,80.233025,77.85637,63.270527,78.69641,77.73333,84.83871,47.87344,1242.7335,0.6731518,1.4293734,0.94814146,4259.6
Arena-Hard,BOHB,3,1,8e-07,0.01,600,12789.802249288558,71.843,39.89899,87.8696,80.39235,77.52992,64.07252,78.666435,76.7,85.66879,48.91728,1262.5881,0.26037732,1.628744,0.7579652,12789.7
Arena-Hard,BOHB,4,6,2e-06,0.01,200,64585.73908553696,70.819115,38.38384,86.353294,80.233025,77.85637,63.270527,78.69641,77.73333,84.83871,47.87344,1242.7335,0.6731518,1.4293734,0.94814146,4259.6
Arena-Hard,BOHB,5,3,2e-06,0.01,200,47990.215903854376,70.819115,38.38384,86.353294,80.233025,77.85637,63.270527,78.69641,77.73333,84.83871,47.87344,1242.7335,0.6731518,1.4293734,0.94814146,4259.6
Arena-Hard,BOHB,6,1,2e-06,0.01,200,4259.702820396424,70.819115,38.38384,86.353294,80.233025,77.85637,63.270527,78.69641,77.73333,84.83871,47.87344,1242.7335,0.6731518,1.4293734,0.94814146,4259.6
Arena-Hard,BOHB,7,1,2e-06,0.01,200,4259.7026840209965,70.819115,38.38384,86.353294,80.233025,77.85637,63.270527,78.69641,77.73333,84.83871,47.87344,1242.7335,0.6731518,1.4293734,0.94814146,4259.6
Arena-Hard,BOHB,8,0,2e-06,0.01,200,4259.702533340455,70.819115,38.38384,86.353294,80.233025,77.85637,63.270527,78.69641,77.73333,84.83871,47.87344,1242.7335,0.6731518,1.4293734,0.94814146,4259.6
Arena-Hard,BOHB,9,5,2e-06,0.01,200,90905.73240385056,70.819115,38.38384,86.353294,80.233025,77.85637,63.270527,78.69641,77.73333,84.83871,47.87344,1242.7335,0.6731518,1.4293734,0.94814146,4259.6
Arena-Hard,BOHB,10,7,2e-06,0.01,200,95110.97441206365,70.819115,38.38384,86.353294,80.233025,77.85637,63.270527,78.69641,77.73333,84.83871,47.87344,1242.7335,0.6731518,1.4293734,0.94814146,4259.6
Arena-Hard,BOHB,11,11,2e-06,0.01,200,103571.5944498673,70.819115,38.38384,86.353294,80.233025,77.85637,63.270527,78.69641,77.73333,84.83871,47.87344,1242.7335,0.6731518,1.4293734,0.94814146,4259.6
Arena-Hard,BOHB,12,2,2e-06,0.01,200,47420.20739064217,70.819115,38.38384,86.353294,80.233025,77.85637,63.270527,78.69641,77.73333,84.83871,47.87344,1242.7335,0.6731518,1.4293734,0.94814146,4259.6
Arena-Hard,BOHB,13,9,8e-07,0.01,600,99151.34326396944,71.843,39.89899,87.8696,80.39235,77.52992,64.07252,78.666435,76.7,85.66879,48.91728,1262.5881,0.26037732,1.628744,0.7579652,12789.7
Arena-Hard,BOHB,14,0,2e-06,0.01,200,4259.703209018708,70.819115,38.38384,86.353294,80.233025,77.85637,63.270527,78.69641,77.73333,84.83871,47.87344,1242.7335,0.6731518,1.4293734,0.94814146,4259.6
Arena-Hard,BOHB,15,6,8e-07,0.01,600,103525.97138176156,71.843,39.89899,87.8696,80.39235,77.52992,64.07252,78.666435,76.7,85.66879,48.91728,1262.5881,0.26037732,1.628744,0.7579652,12789.7
Arena-Hard,BOHB,16,2,8e-07,0.01,600,55950.317097044,71.843,39.89899,87.8696,80.39235,77.52992,64.07252,78.666435,76.7,85.66879,48.91728,1262.5881,0.26037732,1.628744,0.7579652,12789.7
Arena-Hard,BOHB,17,20,2e-06,0.01,200,136847.93558586313,70.819115,38.38384,86.353294,80.233025,77.85637,63.270527,78.69641,77.73333,84.83871,47.87344,1242.7335,0.6731518,1.4293734,0.94814146,4259.6
Arena-Hard,BOHB,18,19,8e-07,0.01,600,155568.05280411715,71.843,39.89899,87.8696,80.39235,77.52992,64.07252,78.666435,76.7,85.66879,48.91728,1262.5881,0.26037732,1.628744,0.7579652,12789.7
Arena-Hard,BOHB,19,1,2e-06,0.01,200,4259.702260351181,70.819115,38.38384,86.353294,80.233025,77.85637,63.270527,78.69641,77.73333,84.83871,47.87344,1242.7335,0.6731518,1.4293734,0.94814146,4259.6
Arena-Hard,BOHB,20,13,1e-06,0.02,800,125572.92899595646,72.098976,40.40404,86.80819,79.98407,77.47552,64.418495,79.6219,72.833336,80.76923,40.79183,1223.41,0.12192005,0.38607955,0.21797806,17015.8
Arena-Hard,BOHB,21,3,2e-06,0.01,200,47565.21565375329,70.819115,38.38384,86.353294,80.233025,77.85637,63.270527,78.69641,77.73333,84.83871,47.87344,1242.7335,0.6731518,1.4293734,0.94814146,4259.6
Arena-Hard,BOHB,22,2,2e-06,0.01,200,47565.20875296593,70.819115,38.38384,86.353294,80.233025,77.85637,63.270527,78.69641,77.73333,84.83871,47.87344,1242.7335,0.6731518,1.4293734,0.94814146,4259.6
Arena-Hard,BOHB,23,9,2e-06,0.01,200,127906.5900872784,70.819115,38.38384,86.353294,80.233025,77.85637,63.270527,78.69641,77.73333,84.83871,47.87344,1242.7335,0.6731518,1.4293734,0.94814146,4259.6
Arena-Hard,BOHB,24,3,2e-06,0.01,200,47505.215093469626,70.819115,38.38384,86.353294,80.233025,77.85637,63.270527,78.69641,77.73333,84.83871,47.87344,1242.7335,0.6731518,1.4293734,0.94814146,4259.6
Arena-Hard,BOTorch,0,3,1e-06,0.02,800,60336.423051214224,72.098976,40.40404,86.80819,79.98407,77.47552,64.418495,79.6219,72.833336,80.76923,40.79183,1223.41,0.12192005,0.38607955,0.21797806,17015.8
Arena-Hard,BOTorch,1,0,4e-07,0.01,600,12803.50251970291,70.47781,37.878788,85.82259,79.834694,77.85637,62.561516,77.9233,75.76667,85.031845,46.268127,1222.5736,-0.5790784,1.0559194,0.015466282,12803.4
Arena-Hard,BOTorch,2,1,2e-06,0.01,200,4259.7019623279575,70.819115,38.38384,86.353294,80.233025,77.85637,63.270527,78.69641,77.73333,84.83871,47.87344,1242.7335,0.6731518,1.4293734,0.94814146,4259.6
Arena-Hard,BOTorch,3,2,1e-06,0.02,800,60301.4214571476,72.098976,40.40404,86.80819,79.98407,77.47552,64.418495,79.6219,72.833336,80.76923,40.79183,1223.41,0.12192005,0.38607955,0.21797806,17015.8
Arena-Hard,BOTorch,4,0,4e-07,0.02,800,17224.704285001753,71.07509,38.88889,84.60955,79.595695,78.019585,62.475796,79.10732,74.7,84.29487,42.046436,1241.3378,-0.6281109,0.96404994,-0.04914332,17224.6
Arena-Hard,BOTorch,5,6,2e-06,0.01,200,133637.06508550642,70.819115,38.38384,86.353294,80.233025,77.85637,63.270527,78.69641,77.73333,84.83871,47.87344,1242.7335,0.6731518,1.4293734,0.94814146,4259.6
Arena-Hard,BOTorch,6,3,2e-06,0.01,200,47580.21213803292,70.819115,38.38384,86.353294,80.233025,77.85637,63.270527,78.69641,77.73333,84.83871,47.87344,1242.7335,0.6731518,1.4293734,0.94814146,4259.6
Arena-Hard,BOTorch,7,0,4e-07,0.01,600,12803.502544021603,70.47781,37.878788,85.82259,79.834694,77.85637,62.561516,77.9233,75.76667,85.031845,46.268127,1222.5736,-0.5790784,1.0559194,0.015466282,12803.4
Arena-Hard,BOTorch,8,1,4e-07,0.02,800,17224.702194309233,71.07509,38.88889,84.60955,79.595695,78.019585,62.475796,79.10732,74.7,84.29487,42.046436,1241.3378,-0.6281109,0.96404994,-0.04914332,17224.6
Arena-Hard,BOTorch,9,1,8e-07,0.01,600,12789.803840017315,71.843,39.89899,87.8696,80.39235,77.52992,64.07252,78.666435,76.7,85.66879,48.91728,1262.5881,0.26037732,1.628744,0.7579652,12789.7
Arena-Hard,BOTorch,10,0,8e-07,0.01,600,12789.80212125778,71.843,39.89899,87.8696,80.39235,77.52992,64.07252,78.666435,76.7,85.66879,48.91728,1262.5881,0.26037732,1.628744,0.7579652,12789.7
Arena-Hard,BOTorch,11,0,8e-07,0.02,1600,34066.10266051293,71.75768,41.919193,86.125854,79.92432,77.58433,64.50703,78.98742,72.96667,84.19355,38.80847,1173.0435,0.20352916,0.50543237,0.31331214,34066.0
Arena-Hard,BOTorch,12,1,2e-06,0.01,200,4259.701988077164,70.819115,38.38384,86.353294,80.233025,77.85637,63.270527,78.69641,77.73333,84.83871,47.87344,1242.7335,0.6731518,1.4293734,0.94814146,4259.6
Arena-Hard,BOTorch,13,1,8e-07,0.01,600,12789.80453739166,71.843,39.89899,87.8696,80.39235,77.52992,64.07252,78.666435,76.7,85.66879,48.91728,1262.5881,0.26037732,1.628744,0.7579652,12789.7
Arena-Hard,BOTorch,14,0,1e-06,0.01,400,8503.817041254042,71.50171,38.38384,87.03563,80.30273,77.52992,63.918243,78.31548,75.23333,86.92811,50.0,1262.8969,0.2360827,1.5734199,0.72238714,8503.7
Arena-Hard,BOTorch,15,1,2e-06,0.01,200,4259.701998090744,70.819115,38.38384,86.353294,80.233025,77.85637,63.270527,78.69641,77.73333,84.83871,47.87344,1242.7335,0.6731518,1.4293734,0.94814146,4259.6
Arena-Hard,BOTorch,16,3,2e-06,0.01,200,47505.22955713273,70.819115,38.38384,86.353294,80.233025,77.85637,63.270527,78.69641,77.73333,84.83871,47.87344,1242.7335,0.6731518,1.4293734,0.94814146,4259.6
Arena-Hard,BOTorch,17,2,2e-06,0.01,200,47545.20848069192,70.819115,38.38384,86.353294,80.233025,77.85637,63.270527,78.69641,77.73333,84.83871,47.87344,1242.7335,0.6731518,1.4293734,0.94814146,4259.6
Arena-Hard,BOTorch,18,2,2e-06,0.01,200,47295.20977411271,70.819115,38.38384,86.353294,80.233025,77.85637,63.270527,78.69641,77.73333,84.83871,47.87344,1242.7335,0.6731518,1.4293734,0.94814146,4259.6
Arena-Hard,BOTorch,19,1,8e-07,0.01,600,12789.80706772804,71.843,39.89899,87.8696,80.39235,77.52992,64.07252,78.666435,76.7,85.66879,48.91728,1262.5881,0.26037732,1.628744,0.7579652,12789.7
Arena-Hard,BOTorch,20,1,2e-06,0.01,200,4259.702602005005,70.819115,38.38384,86.353294,80.233025,77.85637,63.270527,78.69641,77.73333,84.83871,47.87344,1242.7335,0.6731518,1.4293734,0.94814146,4259.6
Arena-Hard,BOTorch,21,0,2e-06,0.01,200,4259.7019034385685,70.819115,38.38384,86.353294,80.233025,77.85637,63.270527,78.69641,77.73333,84.83871,47.87344,1242.7335,0.6731518,1.4293734,0.94814146,4259.6
Arena-Hard,BOTorch,22,0,4e-07,0.01,600,12803.502603387831,70.47781,37.878788,85.82259,79.834694,77.85637,62.561516,77.9233,75.76667,85.031845,46.268127,1222.5736,-0.5790784,1.0559194,0.015466282,12803.4
Arena-Hard,BOTorch,23,1,1e-06,0.01,400,8503.80290160179,71.50171,38.38384,87.03563,80.30273,77.52992,63.918243,78.31548,75.23333,86.92811,50.0,1262.8969,0.2360827,1.5734199,0.72238714,8503.7
Arena-Hard,BOTorch,24,3,2e-06,0.01,200,47480.22727999688,70.819115,38.38384,86.353294,80.233025,77.85637,63.270527,78.69641,77.73333,84.83871,47.87344,1242.7335,0.6731518,1.4293734,0.94814146,4259.6
Arena-Hard,CQR,0,4,4e-07,0.01,600,99059.51881608964,70.47781,37.878788,85.82259,79.834694,77.85637,62.561516,77.9233,75.76667,85.031845,46.268127,1222.5736,-0.5790784,1.0559194,0.015466282,12803.4
Arena-Hard,CQR,1,0,2e-06,0.01,200,4259.703665828705,70.819115,38.38384,86.353294,80.233025,77.85637,63.270527,78.69641,77.73333,84.83871,47.87344,1242.7335,0.6731518,1.4293734,0.94814146,4259.6
Arena-Hard,CQR,2,3,2e-06,0.01,200,47990.22351846696,70.819115,38.38384,86.353294,80.233025,77.85637,63.270527,78.69641,77.73333,84.83871,47.87344,1242.7335,0.6731518,1.4293734,0.94814146,4259.6
Arena-Hard,CQR,3,1,8e-07,0.01,600,12789.80274567604,71.843,39.89899,87.8696,80.39235,77.52992,64.07252,78.666435,76.7,85.66879,48.91728,1262.5881,0.26037732,1.628744,0.7579652,12789.7
Arena-Hard,CQR,4,7,2e-06,0.01,200,134192.0111740589,70.819115,38.38384,86.353294,80.233025,77.85637,63.270527,78.69641,77.73333,84.83871,47.87344,1242.7335,0.6731518,1.4293734,0.94814146,4259.6
Arena-Hard,CQR,5,3,2e-06,0.01,200,47990.23678312302,70.819115,38.38384,86.353294,80.233025,77.85637,63.270527,78.69641,77.73333,84.83871,47.87344,1242.7335,0.6731518,1.4293734,0.94814146,4259.6
Arena-Hard,CQR,6,1,2e-06,0.01,200,4259.703812217713,70.819115,38.38384,86.353294,80.233025,77.85637,63.270527,78.69641,77.73333,84.83871,47.87344,1242.7335,0.6731518,1.4293734,0.94814146,4259.6
Arena-Hard,CQR,7,1,2e-06,0.01,200,4259.701946115494,70.819115,38.38384,86.353294,80.233025,77.85637,63.270527,78.69641,77.73333,84.83871,47.87344,1242.7335,0.6731518,1.4293734,0.94814146,4259.6
Arena-Hard,CQR,8,0,2e-06,0.01,200,4259.7027910709385,70.819115,38.38384,86.353294,80.233025,77.85637,63.270527,78.69641,77.73333,84.83871,47.87344,1242.7335,0.6731518,1.4293734,0.94814146,4259.6
Arena-Hard,CQR,9,6,4e-07,0.01,600,112629.96815977096,70.47781,37.878788,85.82259,79.834694,77.85637,62.561516,77.9233,75.76667,85.031845,46.268127,1222.5736,-0.5790784,1.0559194,0.015466282,12803.4
Arena-Hard,CQR,10,2,8e-07,0.01,600,56035.31004629136,71.843,39.89899,87.8696,80.39235,77.52992,64.07252,78.666435,76.7,85.66879,48.91728,1262.5881,0.26037732,1.628744,0.7579652,12789.7
Arena-Hard,CQR,11,0,8e-07,0.01,600,12789.802226638792,71.843,39.89899,87.8696,80.39235,77.52992,64.07252,78.666435,76.7,85.66879,48.91728,1262.5881,0.26037732,1.628744,0.7579652,12789.7
Arena-Hard,CQR,12,2,2e-06,0.01,200,47420.212246036535,70.819115,38.38384,86.353294,80.233025,77.85637,63.270527,78.69641,77.73333,84.83871,47.87344,1242.7335,0.6731518,1.4293734,0.94814146,4259.6
Arena-Hard,CQR,13,3,8e-07,0.01,600,55970.3286837101,71.843,39.89899,87.8696,80.39235,77.52992,64.07252,78.666435,76.7,85.66879,48.91728,1262.5881,0.26037732,1.628744,0.7579652,12789.7
Arena-Hard,CQR,14,0,2e-06,0.01,200,4259.703189945221,70.819115,38.38384,86.353294,80.233025,77.85637,63.270527,78.69641,77.73333,84.83871,47.87344,1242.7335,0.6731518,1.4293734,0.94814146,4259.6
Arena-Hard,CQR,15,6,2e-06,0.01,200,134066.52281126974,70.819115,38.38384,86.353294,80.233025,77.85637,63.270527,78.69641,77.73333,84.83871,47.87344,1242.7335,0.6731518,1.4293734,0.94814146,4259.6
Arena-Hard,CQR,16,2,8e-07,0.01,600,55950.31156907082,71.843,39.89899,87.8696,80.39235,77.52992,64.07252,78.666435,76.7,85.66879,48.91728,1262.5881,0.26037732,1.628744,0.7579652,12789.7
Arena-Hard,CQR,17,1,8e-07,0.01,600,12789.802174425124,71.843,39.89899,87.8696,80.39235,77.52992,64.07252,78.666435,76.7,85.66879,48.91728,1262.5881,0.26037732,1.628744,0.7579652,12789.7
Arena-Hard,CQR,18,3,4e-07,0.01,600,55984.01027355195,70.47781,37.878788,85.82259,79.834694,77.85637,62.561516,77.9233,75.76667,85.031845,46.268127,1222.5736,-0.5790784,1.0559194,0.015466282,12803.4
Arena-Hard,CQR,19,1,2e-06,0.01,200,4259.702528572083,70.819115,38.38384,86.353294,80.233025,77.85637,63.270527,78.69641,77.73333,84.83871,47.87344,1242.7335,0.6731518,1.4293734,0.94814146,4259.6
Arena-Hard,CQR,20,2,8e-07,0.01,600,26254.96502122879,71.843,39.89899,87.8696,80.39235,77.52992,64.07252,78.666435,76.7,85.66879,48.91728,1262.5881,0.26037732,1.628744,0.7579652,12789.7
Arena-Hard,CQR,21,3,2e-06,0.01,200,47565.23132977486,70.819115,38.38384,86.353294,80.233025,77.85637,63.270527,78.69641,77.73333,84.83871,47.87344,1242.7335,0.6731518,1.4293734,0.94814146,4259.6
Arena-Hard,CQR,22,2,2e-06,0.01,200,47565.216080045706,70.819115,38.38384,86.353294,80.233025,77.85637,63.270527,78.69641,77.73333,84.83871,47.87344,1242.7335,0.6731518,1.4293734,0.94814146,4259.6
Arena-Hard,CQR,23,6,2e-06,0.01,200,104616.18806586266,70.819115,38.38384,86.353294,80.233025,77.85637,63.270527,78.69641,77.73333,84.83871,47.87344,1242.7335,0.6731518,1.4293734,0.94814146,4259.6
Arena-Hard,CQR,24,3,2e-06,0.01,200,47505.21302590371,70.819115,38.38384,86.353294,80.233025,77.85637,63.270527,78.69641,77.73333,84.83871,47.87344,1242.7335,0.6731518,1.4293734,0.94814146,4259.6
Arena-Hard,RandomSearch,0,1,2e-06,0.01,200,4259.70187125206,70.819115,38.38384,86.353294,80.233025,77.85637,63.270527,78.69641,77.73333,84.83871,47.87344,1242.7335,0.6731518,1.4293734,0.94814146,4259.6
Arena-Hard,RandomSearch,1,2,2e-06,0.01,200,17724.864283657073,70.819115,38.38384,86.353294,80.233025,77.85637,63.270527,78.69641,77.73333,84.83871,47.87344,1242.7335,0.6731518,1.4293734,0.94814146,4259.6
Arena-Hard,RandomSearch,2,4,2e-06,0.01,200,90780.7393814087,70.819115,38.38384,86.353294,80.233025,77.85637,63.270527,78.69641,77.73333,84.83871,47.87344,1242.7335,0.6731518,1.4293734,0.94814146,4259.6
Arena-Hard,RandomSearch,3,4,2e-06,0.01,200,90590.72257313727,70.819115,38.38384,86.353294,80.233025,77.85637,63.270527,78.69641,77.73333,84.83871,47.87344,1242.7335,0.6731518,1.4293734,0.94814146,4259.6
Arena-Hard,RandomSearch,4,6,8e-07,0.01,600,142451.38355312345,71.843,39.89899,87.8696,80.39235,77.52992,64.07252,78.666435,76.7,85.66879,48.91728,1262.5881,0.26037732,1.628744,0.7579652,12789.7
Arena-Hard,RandomSearch,5,7,4e-07,0.01,600,142895.03965053556,70.47781,37.878788,85.82259,79.834694,77.85637,62.561516,77.9233,75.76667,85.031845,46.268127,1222.5736,-0.5790784,1.0559194,0.015466282,12803.4
Arena-Hard,RandomSearch,6,1,4e-07,0.01,600,12803.504092788697,70.47781,37.878788,85.82259,79.834694,77.85637,62.561516,77.9233,75.76667,85.031845,46.268127,1222.5736,-0.5790784,1.0559194,0.015466282,12803.4
Arena-Hard,RandomSearch,7,2,8e-07,0.01,600,56010.31332144738,71.843,39.89899,87.8696,80.39235,77.52992,64.07252,78.666435,76.7,85.66879,48.91728,1262.5881,0.26037732,1.628744,0.7579652,12789.7
Arena-Hard,RandomSearch,8,2,8e-07,0.01,600,56035.31689629555,71.843,39.89899,87.8696,80.39235,77.52992,64.07252,78.666435,76.7,85.66879,48.91728,1262.5881,0.26037732,1.628744,0.7579652,12789.7
Arena-Hard,RandomSearch,9,2,8e-07,0.01,600,55825.3150733471,71.843,39.89899,87.8696,80.39235,77.52992,64.07252,78.666435,76.7,85.66879,48.91728,1262.5881,0.26037732,1.628744,0.7579652,12789.7
Arena-Hard,RandomSearch,10,3,2e-06,0.01,200,47505.216008043295,70.819115,38.38384,86.353294,80.233025,77.85637,63.270527,78.69641,77.73333,84.83871,47.87344,1242.7335,0.6731518,1.4293734,0.94814146,4259.6
Arena-Hard,RandomSearch,11,2,2e-06,0.01,200,47480.210340118414,70.819115,38.38384,86.353294,80.233025,77.85637,63.270527,78.69641,77.73333,84.83871,47.87344,1242.7335,0.6731518,1.4293734,0.94814146,4259.6
Arena-Hard,RandomSearch,12,4,8e-07,0.01,600,99190.8281692028,71.843,39.89899,87.8696,80.39235,77.52992,64.07252,78.666435,76.7,85.66879,48.91728,1262.5881,0.26037732,1.628744,0.7579652,12789.7
Arena-Hard,RandomSearch,13,1,8e-07,0.01,600,12789.80227909088,71.843,39.89899,87.8696,80.39235,77.52992,64.07252,78.666435,76.7,85.66879,48.91728,1262.5881,0.26037732,1.628744,0.7579652,12789.7
Arena-Hard,RandomSearch,14,2,2e-06,0.01,200,47440.21466360093,70.819115,38.38384,86.353294,80.233025,77.85637,63.270527,78.69641,77.73333,84.83871,47.87344,1242.7335,0.6731518,1.4293734,0.94814146,4259.6
Arena-Hard,RandomSearch,15,4,2e-06,0.01,200,91285.76456866263,70.819115,38.38384,86.353294,80.233025,77.85637,63.270527,78.69641,77.73333,84.83871,47.87344,1242.7335,0.6731518,1.4293734,0.94814146,4259.6
Arena-Hard,RandomSearch,16,5,2e-06,0.01,200,91330.73960909844,70.819115,38.38384,86.353294,80.233025,77.85637,63.270527,78.69641,77.73333,84.83871,47.87344,1242.7335,0.6731518,1.4293734,0.94814146,4259.6
Arena-Hard,RandomSearch,17,6,2e-06,0.01,200,104285.88236222268,70.819115,38.38384,86.353294,80.233025,77.85637,63.270527,78.69641,77.73333,84.83871,47.87344,1242.7335,0.6731518,1.4293734,0.94814146,4259.6
Arena-Hard,RandomSearch,18,8,2e-06,0.01,200,134026.25829157827,70.819115,38.38384,86.353294,80.233025,77.85637,63.270527,78.69641,77.73333,84.83871,47.87344,1242.7335,0.6731518,1.4293734,0.94814146,4259.6
Arena-Hard,RandomSearch,19,1,2e-06,0.01,200,4259.702248668671,70.819115,38.38384,86.353294,80.233025,77.85637,63.270527,78.69641,77.73333,84.83871,47.87344,1242.7335,0.6731518,1.4293734,0.94814146,4259.6
Arena-Hard,RandomSearch,20,2,8e-07,0.01,600,55970.31842741967,71.843,39.89899,87.8696,80.39235,77.52992,64.07252,78.666435,76.7,85.66879,48.91728,1262.5881,0.26037732,1.628744,0.7579652,12789.7
Arena-Hard,RandomSearch,21,2,8e-07,0.01,600,56520.317097520834,71.843,39.89899,87.8696,80.39235,77.52992,64.07252,78.666435,76.7,85.66879,48.91728,1262.5881,0.26037732,1.628744,0.7579652,12789.7
Arena-Hard,RandomSearch,22,6,8e-07,0.01,600,112815.9969795704,71.843,39.89899,87.8696,80.39235,77.52992,64.07252,78.666435,76.7,85.66879,48.91728,1262.5881,0.26037732,1.628744,0.7579652,12789.7
Arena-Hard,RandomSearch,23,1,4e-07,0.01,600,12803.503415918349,70.47781,37.878788,85.82259,79.834694,77.85637,62.561516,77.9233,75.76667,85.031845,46.268127,1222.5736,-0.5790784,1.0559194,0.015466282,12803.4
Arena-Hard,RandomSearch,24,4,2e-06,0.01,200,90700.72973809244,70.819115,38.38384,86.353294,80.233025,77.85637,63.270527,78.69641,77.73333,84.83871,47.87344,1242.7335,0.6731518,1.4293734,0.94814146,4259.6
Arena-Hard,TPE,0,0,2e-06,0.01,200,4259.702663993836,70.819115,38.38384,86.353294,80.233025,77.85637,63.270527,78.69641,77.73333,84.83871,47.87344,1242.7335,0.6731518,1.4293734,0.94814146,4259.6
Arena-Hard,TPE,1,0,2e-06,0.01,200,4259.705334281922,70.819115,38.38384,86.353294,80.233025,77.85637,63.270527,78.69641,77.73333,84.83871,47.87344,1242.7335,0.6731518,1.4293734,0.94814146,4259.6
Arena-Hard,TPE,2,4,8e-07,0.01,600,99025.82550606728,71.843,39.89899,87.8696,80.39235,77.52992,64.07252,78.666435,76.7,85.66879,48.91728,1262.5881,0.26037732,1.628744,0.7579652,12789.7
Arena-Hard,TPE,3,6,8e-07,0.01,600,113325.9883831501,71.843,39.89899,87.8696,80.39235,77.52992,64.07252,78.666435,76.7,85.66879,48.91728,1262.5881,0.26037732,1.628744,0.7579652,12789.7
Arena-Hard,TPE,4,7,2e-06,0.01,200,134436.236275053,70.819115,38.38384,86.353294,80.233025,77.85637,63.270527,78.69641,77.73333,84.83871,47.87344,1242.7335,0.6731518,1.4293734,0.94814146,4259.6
Arena-Hard,TPE,5,6,2e-06,0.01,200,133676.2351971626,70.819115,38.38384,86.353294,80.233025,77.85637,63.270527,78.69641,77.73333,84.83871,47.87344,1242.7335,0.6731518,1.4293734,0.94814146,4259.6
Arena-Hard,TPE,6,4,8e-07,0.01,600,99275.817097044,71.843,39.89899,87.8696,80.39235,77.52992,64.07252,78.666435,76.7,85.66879,48.91728,1262.5881,0.26037732,1.628744,0.7579652,12789.7
Arena-Hard,TPE,7,6,4e-07,0.01,600,142530.03940281866,70.47781,37.878788,85.82259,79.834694,77.85637,62.561516,77.9233,75.76667,85.031845,46.268127,1222.5736,-0.5790784,1.0559194,0.015466282,12803.4
Arena-Hard,TPE,8,3,2e-06,0.01,200,47505.21124396325,70.819115,38.38384,86.353294,80.233025,77.85637,63.270527,78.69641,77.73333,84.83871,47.87344,1242.7335,0.6731518,1.4293734,0.94814146,4259.6
Arena-Hard,TPE,9,6,2e-06,0.01,200,133976.2757495403,70.819115,38.38384,86.353294,80.233025,77.85637,63.270527,78.69641,77.73333,84.83871,47.87344,1242.7335,0.6731518,1.4293734,0.94814146,4259.6
Arena-Hard,TPE,10,4,2e-06,0.01,200,90725.75950202942,70.819115,38.38384,86.353294,80.233025,77.85637,63.270527,78.69641,77.73333,84.83871,47.87344,1242.7335,0.6731518,1.4293734,0.94814146,4259.6
Arena-Hard,TPE,11,2,2e-06,0.01,200,47545.21723709107,70.819115,38.38384,86.353294,80.233025,77.85637,63.270527,78.69641,77.73333,84.83871,47.87344,1242.7335,0.6731518,1.4293734,0.94814146,4259.6
Arena-Hard,TPE,12,0,4e-06,0.01,200,4264.102628326416,71.92833,39.39394,87.64215,80.60147,76.605,65.273674,76.106064,72.36667,84.09091,47.07675,1223.7786,0.40819418,1.07115,0.64926904,4264.0
Arena-Hard,TPE,13,1,4e-07,0.01,600,12803.502592897414,70.47781,37.878788,85.82259,79.834694,77.85637,62.561516,77.9233,75.76667,85.031845,46.268127,1222.5736,-0.5790784,1.0559194,0.015466282,12803.4
Arena-Hard,TPE,14,1,2e-06,0.01,200,4259.702572441101,70.819115,38.38384,86.353294,80.233025,77.85637,63.270527,78.69641,77.73333,84.83871,47.87344,1242.7335,0.6731518,1.4293734,0.94814146,4259.6
Arena-Hard,TPE,15,5,8e-07,0.01,600,99315.83314738274,71.843,39.89899,87.8696,80.39235,77.52992,64.07252,78.666435,76.7,85.66879,48.91728,1262.5881,0.26037732,1.628744,0.7579652,12789.7
Arena-Hard,TPE,16,7,8e-07,0.01,600,142041.32429490087,71.843,39.89899,87.8696,80.39235,77.52992,64.07252,78.666435,76.7,85.66879,48.91728,1262.5881,0.26037732,1.628744,0.7579652,12789.7
Arena-Hard,TPE,17,1,2e-06,0.01,200,4259.70200214386,70.819115,38.38384,86.353294,80.233025,77.85637,63.270527,78.69641,77.73333,84.83871,47.87344,1242.7335,0.6731518,1.4293734,0.94814146,4259.6
Arena-Hard,TPE,18,0,2e-06,0.01,200,4259.701983070374,70.819115,38.38384,86.353294,80.233025,77.85637,63.270527,78.69641,77.73333,84.83871,47.87344,1242.7335,0.6731518,1.4293734,0.94814146,4259.6
Arena-Hard,TPE,19,3,4e-07,0.01,600,56124.01821575165,70.47781,37.878788,85.82259,79.834694,77.85637,62.561516,77.9233,75.76667,85.031845,46.268127,1222.5736,-0.5790784,1.0559194,0.015466282,12803.4
Arena-Hard,TPE,20,1,2e-06,0.01,200,4259.702522611618,70.819115,38.38384,86.353294,80.233025,77.85637,63.270527,78.69641,77.73333,84.83871,47.87344,1242.7335,0.6731518,1.4293734,0.94814146,4259.6
Arena-Hard,TPE,21,1,2e-06,0.01,200,4259.702118730545,70.819115,38.38384,86.353294,80.233025,77.85637,63.270527,78.69641,77.73333,84.83871,47.87344,1242.7335,0.6731518,1.4293734,0.94814146,4259.6
Arena-Hard,TPE,22,5,4e-07,0.02,800,103815.72396621705,71.07509,38.88889,84.60955,79.595695,78.019585,62.475796,79.10732,74.7,84.29487,42.046436,1241.3378,-0.6281109,0.96404994,-0.04914332,17224.6
Arena-Hard,TPE,23,8,4e-07,0.01,600,126274.84807834626,70.47781,37.878788,85.82259,79.834694,77.85637,62.561516,77.9233,75.76667,85.031845,46.268127,1222.5736,-0.5790784,1.0559194,0.015466282,12803.4
Arena-Hard,TPE,24,4,2e-06,0.01,200,90800.72456846238,70.819115,38.38384,86.353294,80.233025,77.85637,63.270527,78.69641,77.73333,84.83871,47.87344,1242.7335,0.6731518,1.4293734,0.94814146,4259.6
ELO,ASHA,0,3,1e-06,0.01,400,52234.35103259087,71.50171,38.38384,87.03563,80.30273,77.52992,63.918243,78.31548,75.23333,86.92811,50.0,1262.8969,0.2360827,1.5734199,0.72238714,8503.7
ELO,ASHA,1,7,1e-06,0.01,400,112635.24685821917,71.50171,38.38384,87.03563,80.30273,77.52992,63.918243,78.31548,75.23333,86.92811,50.0,1262.8969,0.2360827,1.5734199,0.72238714,8503.7
ELO,ASHA,2,11,1e-06,0.01,400,133321.00524984748,71.50171,38.38384,87.03563,80.30273,77.52992,63.918243,78.31548,75.23333,86.92811,50.0,1262.8969,0.2360827,1.5734199,0.72238714,8503.7
ELO,ASHA,3,0,1e-06,0.01,400,8503.802348232268,71.50171,38.38384,87.03563,80.30273,77.52992,63.918243,78.31548,75.23333,86.92811,50.0,1262.8969,0.2360827,1.5734199,0.72238714,8503.7
ELO,ASHA,4,1,8e-07,0.01,600,12789.803402519225,71.843,39.89899,87.8696,80.39235,77.52992,64.07252,78.666435,76.7,85.66879,48.91728,1262.5881,0.26037732,1.628744,0.7579652,12789.7
ELO,ASHA,5,8,8e-07,0.01,600,150806.6498540439,71.843,39.89899,87.8696,80.39235,77.52992,64.07252,78.666435,76.7,85.66879,48.91728,1262.5881,0.26037732,1.628744,0.7579652,12789.7
ELO,ASHA,6,3,1e-06,0.01,400,51764.30869112015,71.50171,38.38384,87.03563,80.30273,77.52992,63.918243,78.31548,75.23333,86.92811,50.0,1262.8969,0.2360827,1.5734199,0.72238714,8503.7
ELO,ASHA,7,14,1e-06,0.01,400,151046.35251485446,71.50171,38.38384,87.03563,80.30273,77.52992,63.918243,78.31548,75.23333,86.92811,50.0,1262.8969,0.2360827,1.5734199,0.72238714,8503.7
ELO,ASHA,8,2,1e-06,0.01,400,51749.3089149952,71.50171,38.38384,87.03563,80.30273,77.52992,63.918243,78.31548,75.23333,86.92811,50.0,1262.8969,0.2360827,1.5734199,0.72238714,8503.7
ELO,ASHA,9,4,1e-06,0.02,400,65133.67197117806,71.07509,38.38384,85.74678,79.82474,77.85637,63.049118,79.82049,69.566666,83.22581,43.49624,1254.9758,0.10824762,0.54970545,0.26877773,8507.9
ELO,ASHA,10,2,8e-07,0.01,600,56035.30888781548,71.843,39.89899,87.8696,80.39235,77.52992,64.07252,78.666435,76.7,85.66879,48.91728,1262.5881,0.26037732,1.628744,0.7579652,12789.7
ELO,ASHA,11,3,1e-06,0.01,400,51799.30948505402,71.50171,38.38384,87.03563,80.30273,77.52992,63.918243,78.31548,75.23333,86.92811,50.0,1262.8969,0.2360827,1.5734199,0.72238714,8503.7
ELO,ASHA,12,5,1e-06,0.01,400,94924.9411254902,71.50171,38.38384,87.03563,80.30273,77.52992,63.918243,78.31548,75.23333,86.92811,50.0,1262.8969,0.2360827,1.5734199,0.72238714,8503.7
ELO,ASHA,13,0,1e-06,0.01,400,8503.805086946486,71.50171,38.38384,87.03563,80.30273,77.52992,63.918243,78.31548,75.23333,86.92811,50.0,1262.8969,0.2360827,1.5734199,0.72238714,8503.7
ELO,ASHA,14,3,1e-06,0.01,400,26224.11703286361,71.50171,38.38384,87.03563,80.30273,77.52992,63.918243,78.31548,75.23333,86.92811,50.0,1262.8969,0.2360827,1.5734199,0.72238714,8503.7
ELO,ASHA,15,10,1e-06,0.01,400,137720.84193907742,71.50171,38.38384,87.03563,80.30273,77.52992,63.918243,78.31548,75.23333,86.92811,50.0,1262.8969,0.2360827,1.5734199,0.72238714,8503.7
ELO,ASHA,16,2,8e-07,0.01,600,55950.31387767792,71.843,39.89899,87.8696,80.39235,77.52992,64.07252,78.666435,76.7,85.66879,48.91728,1262.5881,0.26037732,1.628744,0.7579652,12789.7
ELO,ASHA,17,8,1e-06,0.01,400,77365.12299834253,71.50171,38.38384,87.03563,80.30273,77.52992,63.918243,78.31548,75.23333,86.92811,50.0,1262.8969,0.2360827,1.5734199,0.72238714,8503.7
ELO,ASHA,18,0,1e-06,0.01,400,8503.802665328978,71.50171,38.38384,87.03563,80.30273,77.52992,63.918243,78.31548,75.23333,86.92811,50.0,1262.8969,0.2360827,1.5734199,0.72238714,8503.7
ELO,ASHA,19,0,1e-06,0.01,400,8503.802380418776,71.50171,38.38384,87.03563,80.30273,77.52992,63.918243,78.31548,75.23333,86.92811,50.0,1262.8969,0.2360827,1.5734199,0.72238714,8503.7
ELO,ASHA,20,8,1e-06,0.01,400,78040.06292663385,71.50171,38.38384,87.03563,80.30273,77.52992,63.918243,78.31548,75.23333,86.92811,50.0,1262.8969,0.2360827,1.5734199,0.72238714,8503.7
ELO,ASHA,21,6,1e-06,0.01,400,68809.8175960598,71.50171,38.38384,87.03563,80.30273,77.52992,63.918243,78.31548,75.23333,86.92811,50.0,1262.8969,0.2360827,1.5734199,0.72238714,8503.7
ELO,ASHA,22,1,4e-07,0.01,1800,38410.30248770714,71.16041,39.39394,86.732376,80.22306,77.25789,64.23507,77.050285,74.6,84.41558,47.13062,1258.0427,-0.31207278,1.6264608,0.39284852,38410.2
ELO,ASHA,23,7,1e-06,0.02,400,96854.3597200928,71.07509,38.38384,85.74678,79.82474,77.85637,63.049118,79.82049,69.566666,83.22581,43.49624,1254.9758,0.10824762,0.54970545,0.26877773,8507.9
ELO,ASHA,24,0,1e-06,0.01,400,8503.805238103865,71.50171,38.38384,87.03563,80.30273,77.52992,63.918243,78.31548,75.23333,86.92811,50.0,1262.8969,0.2360827,1.5734199,0.72238714,8503.7
ELO,BOHB,0,3,1e-06,0.01,400,52234.32221446038,71.50171,38.38384,87.03563,80.30273,77.52992,63.918243,78.31548,75.23333,86.92811,50.0,1262.8969,0.2360827,1.5734199,0.72238714,8503.7
ELO,BOHB,1,6,1e-06,0.01,400,98230.05676541712,71.50171,38.38384,87.03563,80.30273,77.52992,63.918243,78.31548,75.23333,86.92811,50.0,1262.8969,0.2360827,1.5734199,0.72238714,8503.7
ELO,BOHB,2,11,1e-06,0.01,400,137411.05639134796,71.50171,38.38384,87.03563,80.30273,77.52992,63.918243,78.31548,75.23333,86.92811,50.0,1262.8969,0.2360827,1.5734199,0.72238714,8503.7
ELO,BOHB,3,0,1e-06,0.01,400,8503.803283786772,71.50171,38.38384,87.03563,80.30273,77.52992,63.918243,78.31548,75.23333,86.92811,50.0,1262.8969,0.2360827,1.5734199,0.72238714,8503.7
ELO,BOHB,4,18,1e-06,0.01,400,146921.69763266953,71.50171,38.38384,87.03563,80.30273,77.52992,63.918243,78.31548,75.23333,86.92811,50.0,1262.8969,0.2360827,1.5734199,0.72238714,8503.7
ELO,BOHB,5,2,4e-07,0.01,1800,81695.82430634499,71.16041,39.39394,86.732376,80.22306,77.25789,64.23507,77.050285,74.6,84.41558,47.13062,1258.0427,-0.31207278,1.6264608,0.39284852,38410.2
ELO,BOHB,6,3,1e-06,0.01,400,51764.31206474305,71.50171,38.38384,87.03563,80.30273,77.52992,63.918243,78.31548,75.23333,86.92811,50.0,1262.8969,0.2360827,1.5734199,0.72238714,8503.7
ELO,BOHB,7,17,1e-06,0.01,400,153076.68530833424,71.50171,38.38384,87.03563,80.30273,77.52992,63.918243,78.31548,75.23333,86.92811,50.0,1262.8969,0.2360827,1.5734199,0.72238714,8503.7
ELO,BOHB,8,2,1e-06,0.01,400,51749.30824909211,71.50171,38.38384,87.03563,80.30273,77.52992,63.918243,78.31548,75.23333,86.92811,50.0,1262.8969,0.2360827,1.5734199,0.72238714,8503.7
ELO,BOHB,9,13,1e-06,0.01,400,133431.01163207443,71.50171,38.38384,87.03563,80.30273,77.52992,63.918243,78.31548,75.23333,86.92811,50.0,1262.8969,0.2360827,1.5734199,0.72238714,8503.7
ELO,BOHB,10,17,1e-06,0.01,400,148796.70185720827,71.50171,38.38384,87.03563,80.30273,77.52992,63.918243,78.31548,75.23333,86.92811,50.0,1262.8969,0.2360827,1.5734199,0.72238714,8503.7
ELO,BOHB,11,3,1e-06,0.01,400,51799.31033120156,71.50171,38.38384,87.03563,80.30273,77.52992,63.918243,78.31548,75.23333,86.92811,50.0,1262.8969,0.2360827,1.5734199,0.72238714,8503.7
ELO,BOHB,12,4,8e-07,0.01,600,60345.46346483422,71.843,39.89899,87.8696,80.39235,77.52992,64.07252,78.666435,76.7,85.66879,48.91728,1262.5881,0.26037732,1.628744,0.7579652,12789.7
ELO,BOHB,13,0,1e-06,0.01,400,8503.803845977782,71.50171,38.38384,87.03563,80.30273,77.52992,63.918243,78.31548,75.23333,86.92811,50.0,1262.8969,0.2360827,1.5734199,0.72238714,8503.7
ELO,BOHB,14,3,1e-06,0.01,400,26224.118805028917,71.50171,38.38384,87.03563,80.30273,77.52992,63.918243,78.31548,75.23333,86.92811,50.0,1262.8969,0.2360827,1.5734199,0.72238714,8503.7
ELO,BOHB,15,2,4e-07,0.01,1800,81630.8125017643,71.16041,39.39394,86.732376,80.22306,77.25789,64.23507,77.050285,74.6,84.41558,47.13062,1258.0427,-0.31207278,1.6264608,0.39284852,38410.2
ELO,BOHB,16,2,8e-07,0.01,600,55950.31852469445,71.843,39.89899,87.8696,80.39235,77.52992,64.07252,78.666435,76.7,85.66879,48.91728,1262.5881,0.26037732,1.628744,0.7579652,12789.7
ELO,BOHB,17,1,8e-07,0.01,600,12789.803758001326,71.843,39.89899,87.8696,80.39235,77.52992,64.07252,78.666435,76.7,85.66879,48.91728,1262.5881,0.26037732,1.628744,0.7579652,12789.7
ELO,BOHB,18,0,1e-06,0.01,400,8503.80296192169,71.50171,38.38384,87.03563,80.30273,77.52992,63.918243,78.31548,75.23333,86.92811,50.0,1262.8969,0.2360827,1.5734199,0.72238714,8503.7
ELO,BOHB,19,0,1e-06,0.01,400,8503.802415227889,71.50171,38.38384,87.03563,80.30273,77.52992,63.918243,78.31548,75.23333,86.92811,50.0,1262.8969,0.2360827,1.5734199,0.72238714,8503.7
ELO,BOHB,20,19,1e-06,0.01,400,141026.73518025974,71.50171,38.38384,87.03563,80.30273,77.52992,63.918243,78.31548,75.23333,86.92811,50.0,1262.8969,0.2360827,1.5734199,0.72238714,8503.7
ELO,BOHB,21,11,1e-06,0.01,400,116390.70209418492,71.50171,38.38384,87.03563,80.30273,77.52992,63.918243,78.31548,75.23333,86.92811,50.0,1262.8969,0.2360827,1.5734199,0.72238714,8503.7
ELO,BOHB,22,8,1e-06,0.01,400,107875.2944170056,71.50171,38.38384,87.03563,80.30273,77.52992,63.918243,78.31548,75.23333,86.92811,50.0,1262.8969,0.2360827,1.5734199,0.72238714,8503.7
ELO,BOHB,23,1,4e-07,0.02,1000,21530.90435323715,71.07509,39.39394,86.353294,79.56583,78.019585,62.928715,79.95912,72.13333,85.48387,44.30955,1251.7719,-0.26923802,1.2071754,0.26763958,21530.8
ELO,BOHB,24,0,1e-06,0.01,400,8503.804723358153,71.50171,38.38384,87.03563,80.30273,77.52992,63.918243,78.31548,75.23333,86.92811,50.0,1262.8969,0.2360827,1.5734199,0.72238714,8503.7
ELO,BOTorch,0,0,8e-07,0.01,600,12789.803780651093,71.843,39.89899,87.8696,80.39235,77.52992,64.07252,78.666435,76.7,85.66879,48.91728,1262.5881,0.26037732,1.628744,0.7579652,12789.7
ELO,BOTorch,1,0,8e-07,0.01,600,12789.80267510414,71.843,39.89899,87.8696,80.39235,77.52992,64.07252,78.666435,76.7,85.66879,48.91728,1262.5881,0.26037732,1.628744,0.7579652,12789.7
ELO,BOTorch,2,1,4e-07,0.01,1800,38410.3015798092,71.16041,39.39394,86.732376,80.22306,77.25789,64.23507,77.050285,74.6,84.41558,47.13062,1258.0427,-0.31207278,1.6264608,0.39284852,38410.2
ELO,BOTorch,3,3,4e-07,0.02,1000,64776.41425476075,71.07509,39.39394,86.353294,79.56583,78.019585,62.928715,79.95912,72.13333,85.48387,44.30955,1251.7719,-0.26923802,1.2071754,0.26763958,21530.8
ELO,BOTorch,4,0,8e-07,0.01,600,12789.803138589858,71.843,39.89899,87.8696,80.39235,77.52992,64.07252,78.666435,76.7,85.66879,48.91728,1262.5881,0.26037732,1.628744,0.7579652,12789.7
ELO,BOTorch,5,0,4e-06,0.01,400,8528.202209568022,73.63481,39.89899,89.461716,80.521805,75.51687,66.80005,76.452034,68.166664,87.08609,43.21869,1224.9589,0.5443518,0.47121605,0.517757,8528.1
ELO,BOTorch,6,2,1e-06,0.01,400,51664.31496987344,71.50171,38.38384,87.03563,80.30273,77.52992,63.918243,78.31548,75.23333,86.92811,50.0,1262.8969,0.2360827,1.5734199,0.72238714,8503.7
ELO,BOTorch,7,6,1e-06,0.01,400,138191.1379526615,71.50171,38.38384,87.03563,80.30273,77.52992,63.918243,78.31548,75.23333,86.92811,50.0,1262.8969,0.2360827,1.5734199,0.72238714,8503.7
ELO,BOTorch,8,5,2e-06,0.02,200,74508.92159018517,71.16041,37.878788,85.44352,79.72515,77.96518,62.357796,78.13563,71.7,87.33766,43.10038,1226.4381,0.36707354,1.0528691,0.6164537,4237.7
ELO,BOTorch,9,1,1e-06,0.01,400,8503.804469203948,71.50171,38.38384,87.03563,80.30273,77.52992,63.918243,78.31548,75.23333,86.92811,50.0,1262.8969,0.2360827,1.5734199,0.72238714,8503.7
ELO,BOTorch,10,1,8e-07,0.01,600,12789.801981306076,71.843,39.89899,87.8696,80.39235,77.52992,64.07252,78.666435,76.7,85.66879,48.91728,1262.5881,0.26037732,1.628744,0.7579652,12789.7
ELO,BOTorch,11,1,2e-06,0.01,200,4259.703116035462,70.819115,38.38384,86.353294,80.233025,77.85637,63.270527,78.69641,77.73333,84.83871,47.87344,1242.7335,0.6731518,1.4293734,0.94814146,4259.6
ELO,BOTorch,12,0,4e-07,0.02,1000,21530.902794218066,71.07509,39.39394,86.353294,79.56583,78.019585,62.928715,79.95912,72.13333,85.48387,44.30955,1251.7719,-0.26923802,1.2071754,0.26763958,21530.8
ELO,BOTorch,13,1,1e-06,0.01,400,8503.803125953673,71.50171,38.38384,87.03563,80.30273,77.52992,63.918243,78.31548,75.23333,86.92811,50.0,1262.8969,0.2360827,1.5734199,0.72238714,8503.7
ELO,BOTorch,14,2,8e-07,0.02,400,51802.114974117285,70.819115,37.878788,85.89841,79.56583,77.85637,62.375385,79.39833,70.86667,87.741936,42.64815,1230.9453,-0.15627754,0.74621487,0.17190152,8516.5
ELO,BOTorch,15,0,4e-07,0.01,1800,38410.30259928704,71.16041,39.39394,86.732376,80.22306,77.25789,64.23507,77.050285,74.6,84.41558,47.13062,1258.0427,-0.31207278,1.6264608,0.39284852,38410.2
ELO,BOTorch,16,2,1e-06,0.02,400,21973.16446313858,71.07509,38.38384,85.74678,79.82474,77.85637,63.049118,79.82049,69.566666,83.22581,43.49624,1254.9758,0.10824762,0.54970545,0.26877773,8507.9
ELO,BOTorch,17,2,8e-07,0.02,400,51802.12503705025,70.819115,37.878788,85.89841,79.56583,77.85637,62.375385,79.39833,70.86667,87.741936,42.64815,1230.9453,-0.15627754,0.74621487,0.17190152,8516.5
ELO,BOTorch,18,2,1e-06,0.01,400,21968.96603474617,71.50171,38.38384,87.03563,80.30273,77.52992,63.918243,78.31548,75.23333,86.92811,50.0,1262.8969,0.2360827,1.5734199,0.72238714,8503.7
ELO,BOTorch,19,0,1e-06,0.02,400,8508.003093338011,71.07509,38.38384,85.74678,79.82474,77.85637,63.049118,79.82049,69.566666,83.22581,43.49624,1254.9758,0.10824762,0.54970545,0.26877773,8507.9
ELO,BOTorch,20,0,8e-07,0.01,600,12789.804957723616,71.843,39.89899,87.8696,80.39235,77.52992,64.07252,78.666435,76.7,85.66879,48.91728,1262.5881,0.26037732,1.628744,0.7579652,12789.7
ELO,BOTorch,21,3,1e-06,0.01,400,52234.32262215615,71.50171,38.38384,87.03563,80.30273,77.52992,63.918243,78.31548,75.23333,86.92811,50.0,1262.8969,0.2360827,1.5734199,0.72238714,8503.7
ELO,BOTorch,22,3,1e-06,0.01,400,51764.315496778494,71.50171,38.38384,87.03563,80.30273,77.52992,63.918243,78.31548,75.23333,86.92811,50.0,1262.8969,0.2360827,1.5734199,0.72238714,8503.7
ELO,BOTorch,23,1,1e-06,0.02,400,8508.002988910674,71.07509,38.38384,85.74678,79.82474,77.85637,63.049118,79.82049,69.566666,83.22581,43.49624,1254.9758,0.10824762,0.54970545,0.26877773,8507.9
ELO,BOTorch,24,2,8e-07,0.01,600,26254.966531610487,71.843,39.89899,87.8696,80.39235,77.52992,64.07252,78.666435,76.7,85.66879,48.91728,1262.5881,0.26037732,1.628744,0.7579652,12789.7
ELO,CQR,0,3,1e-06,0.01,400,52234.31910715104,71.50171,38.38384,87.03563,80.30273,77.52992,63.918243,78.31548,75.23333,86.92811,50.0,1262.8969,0.2360827,1.5734199,0.72238714,8503.7
ELO,CQR,1,4,8e-07,0.01,600,99085.84243974686,71.843,39.89899,87.8696,80.39235,77.52992,64.07252,78.666435,76.7,85.66879,48.91728,1262.5881,0.26037732,1.628744,0.7579652,12789.7
ELO,CQR,2,4,1e-06,0.02,400,95134.03643856048,71.07509,38.38384,85.74678,79.82474,77.85637,63.049118,79.82049,69.566666,83.22581,43.49624,1254.9758,0.10824762,0.54970545,0.26877773,8507.9
ELO,CQR,3,0,1e-06,0.01,400,8503.80266008377,71.50171,38.38384,87.03563,80.30273,77.52992,63.918243,78.31548,75.23333,86.92811,50.0,1262.8969,0.2360827,1.5734199,0.72238714,8503.7
ELO,CQR,4,7,1e-06,0.01,400,138435.9108091354,71.50171,38.38384,87.03563,80.30273,77.52992,63.918243,78.31548,75.23333,86.92811,50.0,1262.8969,0.2360827,1.5734199,0.72238714,8503.7
ELO,CQR,5,7,1e-06,0.01,400,138740.9334891796,71.50171,38.38384,87.03563,80.30273,77.52992,63.918243,78.31548,75.23333,86.92811,50.0,1262.8969,0.2360827,1.5734199,0.72238714,8503.7
ELO,CQR,6,3,1e-06,0.01,400,51764.31373391152,71.50171,38.38384,87.03563,80.30273,77.52992,63.918243,78.31548,75.23333,86.92811,50.0,1262.8969,0.2360827,1.5734199,0.72238714,8503.7
ELO,CQR,7,3,4e-07,0.02,1000,64791.43056783677,71.07509,39.39394,86.353294,79.56583,78.019585,62.928715,79.95912,72.13333,85.48387,44.30955,1251.7719,-0.26923802,1.2071754,0.26763958,21530.8
ELO,CQR,8,2,1e-06,0.01,400,51749.31886658669,71.50171,38.38384,87.03563,80.30273,77.52992,63.918243,78.31548,75.23333,86.92811,50.0,1262.8969,0.2360827,1.5734199,0.72238714,8503.7
ELO,CQR,9,4,1e-06,0.02,400,65133.691936111456,71.07509,38.38384,85.74678,79.82474,77.85637,63.049118,79.82049,69.566666,83.22581,43.49624,1254.9758,0.10824762,0.54970545,0.26877773,8507.9
ELO,CQR,10,2,8e-07,0.01,600,56035.3142045498,71.843,39.89899,87.8696,80.39235,77.52992,64.07252,78.666435,76.7,85.66879,48.91728,1262.5881,0.26037732,1.628744,0.7579652,12789.7
ELO,CQR,11,3,1e-06,0.01,400,51799.31587443352,71.50171,38.38384,87.03563,80.30273,77.52992,63.918243,78.31548,75.23333,86.92811,50.0,1262.8969,0.2360827,1.5734199,0.72238714,8503.7
ELO,CQR,12,4,8e-07,0.01,600,99210.82519254684,71.843,39.89899,87.8696,80.39235,77.52992,64.07252,78.666435,76.7,85.66879,48.91728,1262.5881,0.26037732,1.628744,0.7579652,12789.7
ELO,CQR,13,0,1e-06,0.01,400,8503.802418565749,71.50171,38.38384,87.03563,80.30273,77.52992,63.918243,78.31548,75.23333,86.92811,50.0,1262.8969,0.2360827,1.5734199,0.72238714,8503.7
ELO,CQR,14,3,1e-06,0.01,400,51764.31518898011,71.50171,38.38384,87.03563,80.30273,77.52992,63.918243,78.31548,75.23333,86.92811,50.0,1262.8969,0.2360827,1.5734199,0.72238714,8503.7
ELO,CQR,15,6,8e-07,0.01,600,142596.61733279226,71.843,39.89899,87.8696,80.39235,77.52992,64.07252,78.666435,76.7,85.66879,48.91728,1262.5881,0.26037732,1.628744,0.7579652,12789.7
ELO,CQR,16,2,8e-07,0.01,600,55950.31784949303,71.843,39.89899,87.8696,80.39235,77.52992,64.07252,78.666435,76.7,85.66879,48.91728,1262.5881,0.26037732,1.628744,0.7579652,12789.7
ELO,CQR,17,1,8e-07,0.01,600,12789.803689098357,71.843,39.89899,87.8696,80.39235,77.52992,64.07252,78.666435,76.7,85.66879,48.91728,1262.5881,0.26037732,1.628744,0.7579652,12789.7
ELO,CQR,18,0,1e-06,0.01,400,8503.80191836357,71.50171,38.38384,87.03563,80.30273,77.52992,63.918243,78.31548,75.23333,86.92811,50.0,1262.8969,0.2360827,1.5734199,0.72238714,8503.7
ELO,CQR,19,0,1e-06,0.01,400,8503.804942941664,71.50171,38.38384,87.03563,80.30273,77.52992,63.918243,78.31548,75.23333,86.92811,50.0,1262.8969,0.2360827,1.5734199,0.72238714,8503.7
ELO,CQR,20,4,1e-06,0.01,400,65264.47074303628,71.50171,38.38384,87.03563,80.30273,77.52992,63.918243,78.31548,75.23333,86.92811,50.0,1262.8969,0.2360827,1.5734199,0.72238714,8503.7
ELO,CQR,21,5,1e-06,0.01,400,95139.81559095383,71.50171,38.38384,87.03563,80.30273,77.52992,63.918243,78.31548,75.23333,86.92811,50.0,1262.8969,0.2360827,1.5734199,0.72238714,8503.7
ELO,CQR,22,1,4e-07,0.01,1800,38410.304779386526,71.16041,39.39394,86.732376,80.22306,77.25789,64.23507,77.050285,74.6,84.41558,47.13062,1258.0427,-0.31207278,1.6264608,0.39284852,38410.2
ELO,CQR,23,1,4e-07,0.02,1000,21530.90348587036,71.07509,39.39394,86.353294,79.56583,78.019585,62.928715,79.95912,72.13333,85.48387,44.30955,1251.7719,-0.26923802,1.2071754,0.26763958,21530.8
ELO,CQR,24,0,1e-06,0.01,400,8503.802486753462,71.50171,38.38384,87.03563,80.30273,77.52992,63.918243,78.31548,75.23333,86.92811,50.0,1262.8969,0.2360827,1.5734199,0.72238714,8503.7
ELO,RandomSearch,0,7,8e-07,0.01,600,142576.3763803005,71.843,39.89899,87.8696,80.39235,77.52992,64.07252,78.666435,76.7,85.66879,48.91728,1262.5881,0.26037732,1.628744,0.7579652,12789.7
ELO,RandomSearch,1,1,2e-06,0.01,200,4259.7033411026005,70.819115,38.38384,86.353294,80.233025,77.85637,63.270527,78.69641,77.73333,84.83871,47.87344,1242.7335,0.6731518,1.4293734,0.94814146,4259.6
ELO,RandomSearch,2,2,1e-06,0.01,400,21968.962385988238,71.50171,38.38384,87.03563,80.30273,77.52992,63.918243,78.31548,75.23333,86.92811,50.0,1262.8969,0.2360827,1.5734199,0.72238714,8503.7
ELO,RandomSearch,3,1,8e-07,0.01,600,12789.802996492384,71.843,39.89899,87.8696,80.39235,77.52992,64.07252,78.666435,76.7,85.66879,48.91728,1262.5881,0.26037732,1.628744,0.7579652,12789.7
ELO,RandomSearch,4,7,1e-06,0.01,400,138800.36192355154,71.50171,38.38384,87.03563,80.30273,77.52992,63.918243,78.31548,75.23333,86.92811,50.0,1262.8969,0.2360827,1.5734199,0.72238714,8503.7
ELO,RandomSearch,5,4,1e-06,0.02,400,51848.53439006806,71.07509,38.38384,85.74678,79.82474,77.85637,63.049118,79.82049,69.566666,83.22581,43.49624,1254.9758,0.10824762,0.54970545,0.26877773,8507.9
ELO,RandomSearch,6,4,1e-06,0.01,400,94699.8256178856,71.50171,38.38384,87.03563,80.30273,77.52992,63.918243,78.31548,75.23333,86.92811,50.0,1262.8969,0.2360827,1.5734199,0.72238714,8503.7
ELO,RandomSearch,7,0,1e-06,0.01,400,8503.802273607253,71.50171,38.38384,87.03563,80.30273,77.52992,63.918243,78.31548,75.23333,86.92811,50.0,1262.8969,0.2360827,1.5734199,0.72238714,8503.7
ELO,RandomSearch,8,0,8e-07,0.01,600,12789.807950830458,71.843,39.89899,87.8696,80.39235,77.52992,64.07252,78.666435,76.7,85.66879,48.91728,1262.5881,0.26037732,1.628744,0.7579652,12789.7
ELO,RandomSearch,9,0,1e-06,0.01,400,8503.804048871993,71.50171,38.38384,87.03563,80.30273,77.52992,63.918243,78.31548,75.23333,86.92811,50.0,1262.8969,0.2360827,1.5734199,0.72238714,8503.7
ELO,RandomSearch,10,1,1e-06,0.01,400,8503.803902721404,71.50171,38.38384,87.03563,80.30273,77.52992,63.918243,78.31548,75.23333,86.92811,50.0,1262.8969,0.2360827,1.5734199,0.72238714,8503.7
ELO,RandomSearch,11,1,8e-07,0.01,600,12789.804095840453,71.843,39.89899,87.8696,80.39235,77.52992,64.07252,78.666435,76.7,85.66879,48.91728,1262.5881,0.26037732,1.628744,0.7579652,12789.7
ELO,RandomSearch,12,2,8e-07,0.01,600,56110.32921800614,71.843,39.89899,87.8696,80.39235,77.52992,64.07252,78.666435,76.7,85.66879,48.91728,1262.5881,0.26037732,1.628744,0.7579652,12789.7
ELO,RandomSearch,13,1,8e-07,0.01,600,12789.802640056609,71.843,39.89899,87.8696,80.39235,77.52992,64.07252,78.666435,76.7,85.66879,48.91728,1262.5881,0.26037732,1.628744,0.7579652,12789.7
ELO,RandomSearch,14,0,1e-06,0.01,400,8503.80399236679,71.50171,38.38384,87.03563,80.30273,77.52992,63.918243,78.31548,75.23333,86.92811,50.0,1262.8969,0.2360827,1.5734199,0.72238714,8503.7
ELO,RandomSearch,15,6,1e-06,0.01,400,108309.9938214779,71.50171,38.38384,87.03563,80.30273,77.52992,63.918243,78.31548,75.23333,86.92811,50.0,1262.8969,0.2360827,1.5734199,0.72238714,8503.7
ELO,RandomSearch,16,4,4e-07,0.01,1800,125036.35096893313,71.16041,39.39394,86.732376,80.22306,77.25789,64.23507,77.050285,74.6,84.41558,47.13062,1258.0427,-0.31207278,1.6264608,0.39284852,38410.2
ELO,RandomSearch,17,4,1e-06,0.01,400,94964.82274827958,71.50171,38.38384,87.03563,80.30273,77.52992,63.918243,78.31548,75.23333,86.92811,50.0,1262.8969,0.2360827,1.5734199,0.72238714,8503.7
ELO,RandomSearch,18,6,4e-07,0.02,1000,121252.07983932496,71.07509,39.39394,86.353294,79.56583,78.019585,62.928715,79.95912,72.13333,85.48387,44.30955,1251.7719,-0.26923802,1.2071754,0.26763958,21530.8
ELO,RandomSearch,19,3,8e-07,0.01,600,56095.3146742344,71.843,39.89899,87.8696,80.39235,77.52992,64.07252,78.666435,76.7,85.66879,48.91728,1262.5881,0.26037732,1.628744,0.7579652,12789.7
ELO,RandomSearch,20,4,8e-07,0.01,600,69575.47222862244,71.843,39.89899,87.8696,80.39235,77.52992,64.07252,78.666435,76.7,85.66879,48.91728,1262.5881,0.26037732,1.628744,0.7579652,12789.7
ELO,RandomSearch,21,2,1e-06,0.01,400,51724.314523553854,71.50171,38.38384,87.03563,80.30273,77.52992,63.918243,78.31548,75.23333,86.92811,50.0,1262.8969,0.2360827,1.5734199,0.72238714,8503.7
ELO,RandomSearch,22,8,8e-07,0.01,600,155586.51689038274,71.843,39.89899,87.8696,80.39235,77.52992,64.07252,78.666435,76.7,85.66879,48.91728,1262.5881,0.26037732,1.628744,0.7579652,12789.7
ELO,RandomSearch,23,1,4e-07,0.01,1800,38410.30187330247,71.16041,39.39394,86.732376,80.22306,77.25789,64.23507,77.050285,74.6,84.41558,47.13062,1258.0427,-0.31207278,1.6264608,0.39284852,38410.2
ELO,RandomSearch,24,1,1e-06,0.01,400,8503.802283859251,71.50171,38.38384,87.03563,80.30273,77.52992,63.918243,78.31548,75.23333,86.92811,50.0,1262.8969,0.2360827,1.5734199,0.72238714,8503.7
ELO,TPE,0,1,4e-07,0.01,1800,38410.30148277283,71.16041,39.39394,86.732376,80.22306,77.25789,64.23507,77.050285,74.6,84.41558,47.13062,1258.0427,-0.31207278,1.6264608,0.39284852,38410.2
ELO,TPE,1,3,1e-06,0.01,400,52234.33653268815,71.50171,38.38384,87.03563,80.30273,77.52992,63.918243,78.31548,75.23333,86.92811,50.0,1262.8969,0.2360827,1.5734199,0.72238714,8503.7
ELO,TPE,2,5,8e-07,0.01,600,99860.83316979407,71.843,39.89899,87.8696,80.39235,77.52992,64.07252,78.666435,76.7,85.66879,48.91728,1262.5881,0.26037732,1.628744,0.7579652,12789.7
ELO,TPE,3,2,8e-07,0.01,600,56130.32381806374,71.843,39.89899,87.8696,80.39235,77.52992,64.07252,78.666435,76.7,85.66879,48.91728,1262.5881,0.26037732,1.628744,0.7579652,12789.7
ELO,TPE,4,0,4e-07,0.01,1800,38410.301507806784,71.16041,39.39394,86.732376,80.22306,77.25789,64.23507,77.050285,74.6,84.41558,47.13062,1258.0427,-0.31207278,1.6264608,0.39284852,38410.2
ELO,TPE,5,3,1e-06,0.01,400,51844.31814799309,71.50171,38.38384,87.03563,80.30273,77.52992,63.918243,78.31548,75.23333,86.92811,50.0,1262.8969,0.2360827,1.5734199,0.72238714,8503.7
ELO,TPE,6,1,4e-07,0.02,1000,21530.903803920744,71.07509,39.39394,86.353294,79.56583,78.019585,62.928715,79.95912,72.13333,85.48387,44.30955,1251.7719,-0.26923802,1.2071754,0.26763958,21530.8
ELO,TPE,7,2,8e-07,0.01,600,55825.311927413946,71.843,39.89899,87.8696,80.39235,77.52992,64.07252,78.666435,76.7,85.66879,48.91728,1262.5881,0.26037732,1.628744,0.7579652,12789.7
ELO,TPE,8,4,4e-07,0.02,1000,107886.91484651566,71.07509,39.39394,86.353294,79.56583,78.019585,62.928715,79.95912,72.13333,85.48387,44.30955,1251.7719,-0.26923802,1.2071754,0.26763958,21530.8
ELO,TPE,9,0,1e-06,0.01,400,8503.802241420744,71.50171,38.38384,87.03563,80.30273,77.52992,63.918243,78.31548,75.23333,86.92811,50.0,1262.8969,0.2360827,1.5734199,0.72238714,8503.7
ELO,TPE,10,4,1e-06,0.01,400,65264.49449334145,71.50171,38.38384,87.03563,80.30273,77.52992,63.918243,78.31548,75.23333,86.92811,50.0,1262.8969,0.2360827,1.5734199,0.72238714,8503.7
ELO,TPE,11,4,1e-06,0.01,400,65169.47923312188,71.50171,38.38384,87.03563,80.30273,77.52992,63.918243,78.31548,75.23333,86.92811,50.0,1262.8969,0.2360827,1.5734199,0.72238714,8503.7
ELO,TPE,12,4,1e-06,0.01,400,94909.85352072716,71.50171,38.38384,87.03563,80.30273,77.52992,63.918243,78.31548,75.23333,86.92811,50.0,1262.8969,0.2360827,1.5734199,0.72238714,8503.7
ELO,TPE,13,5,4e-07,0.02,1000,91746.74713954926,71.07509,39.39394,86.353294,79.56583,78.019585,62.928715,79.95912,72.13333,85.48387,44.30955,1251.7719,-0.26923802,1.2071754,0.26763958,21530.8
ELO,TPE,14,5,1e-06,0.01,400,95069.83152279854,71.50171,38.38384,87.03563,80.30273,77.52992,63.918243,78.31548,75.23333,86.92811,50.0,1262.8969,0.2360827,1.5734199,0.72238714,8503.7
ELO,TPE,15,1,4e-07,0.02,1000,21530.902809238432,71.07509,39.39394,86.353294,79.56583,78.019585,62.928715,79.95912,72.13333,85.48387,44.30955,1251.7719,-0.26923802,1.2071754,0.26763958,21530.8
ELO,TPE,16,1,1e-06,0.01,400,8503.803541040419,71.50171,38.38384,87.03563,80.30273,77.52992,63.918243,78.31548,75.23333,86.92811,50.0,1262.8969,0.2360827,1.5734199,0.72238714,8503.7
ELO,TPE,17,0,2e-06,0.01,200,4259.701929426194,70.819115,38.38384,86.353294,80.233025,77.85637,63.270527,78.69641,77.73333,84.83871,47.87344,1242.7335,0.6731518,1.4293734,0.94814146,4259.6
ELO,TPE,18,2,8e-07,0.01,600,55825.30954442025,71.843,39.89899,87.8696,80.39235,77.52992,64.07252,78.666435,76.7,85.66879,48.91728,1262.5881,0.26037732,1.628744,0.7579652,12789.7
ELO,TPE,19,6,4e-07,0.01,1000,150795.63375339506,70.47781,39.39394,85.44352,80.07369,77.52992,63.745186,78.19059,74.96667,87.33766,46.84869,1256.8221,-0.5118613,1.6762062,0.2837996,21339.0
ELO,TPE,20,4,1e-06,0.01,400,94739.85185632706,71.50171,38.38384,87.03563,80.30273,77.52992,63.918243,78.31548,75.23333,86.92811,50.0,1262.8969,0.2360827,1.5734199,0.72238714,8503.7
ELO,TPE,21,7,8e-07,0.01,600,142146.33135423658,71.843,39.89899,87.8696,80.39235,77.52992,64.07252,78.666435,76.7,85.66879,48.91728,1262.5881,0.26037732,1.628744,0.7579652,12789.7
ELO,TPE,22,8,8e-07,0.01,600,156161.5103720188,71.843,39.89899,87.8696,80.39235,77.52992,64.07252,78.666435,76.7,85.66879,48.91728,1262.5881,0.26037732,1.628744,0.7579652,12789.7
ELO,TPE,23,1,4e-07,0.01,1800,38410.30324563981,71.16041,39.39394,86.732376,80.22306,77.25789,64.23507,77.050285,74.6,84.41558,47.13062,1258.0427,-0.31207278,1.6264608,0.39284852,38410.2
ELO,TPE,24,2,1e-06,0.01,400,51704.31774888039,71.50171,38.38384,87.03563,80.30273,77.52992,63.918243,78.31548,75.23333,86.92811,50.0,1262.8969,0.2360827,1.5734199,0.72238714,8503.7
IFEval,ASHA,0,1,4e-07,0.02,1400,30143.20159754753,71.245735,39.39394,85.97422,79.65545,77.96518,63.28976,81.1319,72.63333,80.891716,43.916058,1216.0321,-0.18962324,0.7077769,0.13670409,30143.1
IFEval,ASHA,1,1,4e-07,0.02,1400,30143.20167598724,71.245735,39.39394,85.97422,79.65545,77.96518,63.28976,81.1319,72.63333,80.891716,43.916058,1216.0321,-0.18962324,0.7077769,0.13670409,30143.1
IFEval,ASHA,2,0,4e-07,0.02,1400,30143.20148358345,71.245735,39.39394,85.97422,79.65545,77.96518,63.28976,81.1319,72.63333,80.891716,43.916058,1216.0321,-0.18962324,0.7077769,0.13670409,30143.1
IFEval,ASHA,3,3,2e-06,0.04,1000,64607.41522083283,72.01365,39.39394,85.51933,80.03386,77.47552,64.61088,81.085686,63.1,82.67974,31.643797,1180.306,-0.061467268,-0.50363207,-0.22225447,21311.8
IFEval,ASHA,4,6,4e-07,0.02,1400,125139.43836007312,71.245735,39.39394,85.97422,79.65545,77.96518,63.28976,81.1319,72.63333,80.891716,43.916058,1216.0321,-0.18962324,0.7077769,0.13670409,30143.1
IFEval,ASHA,5,1,4e-07,0.02,1400,30143.201517677306,71.245735,39.39394,85.97422,79.65545,77.96518,63.28976,81.1319,72.63333,80.891716,43.916058,1216.0321,-0.18962324,0.7077769,0.13670409,30143.1
IFEval,ASHA,6,5,2e-06,0.04,1000,73087.7206097641,72.01365,39.39394,85.51933,80.03386,77.47552,64.61088,81.085686,63.1,82.67974,31.643797,1180.306,-0.061467268,-0.50363207,-0.22225447,21311.8
IFEval,ASHA,7,3,4e-07,0.02,1400,73403.729134655,71.245735,39.39394,85.97422,79.65545,77.96518,63.28976,81.1319,72.63333,80.891716,43.916058,1216.0321,-0.18962324,0.7077769,0.13670409,30143.1
IFEval,ASHA,8,12,2e-06,0.04,1000,150484.170550932,72.01365,39.39394,85.51933,80.03386,77.47552,64.61088,81.085686,63.1,82.67974,31.643797,1180.306,-0.061467268,-0.50363207,-0.22225447,21311.8
IFEval,ASHA,9,6,4e-07,0.02,1400,77744.0728844223,71.245735,39.39394,85.97422,79.65545,77.96518,63.28976,81.1319,72.63333,80.891716,43.916058,1216.0321,-0.18962324,0.7077769,0.13670409,30143.1
IFEval,ASHA,10,4,4e-07,0.02,1400,90444.0151070137,71.245735,39.39394,85.97422,79.65545,77.96518,63.28976,81.1319,72.63333,80.891716,43.916058,1216.0321,-0.18962324,0.7077769,0.13670409,30143.1
IFEval,ASHA,11,15,2e-06,0.04,200,141590.05829345505,70.819115,38.88889,84.60955,79.615616,78.07399,60.554516,80.688515,70.13333,83.11688,32.8592,1195.9059,0.7122974,0.4783581,0.62722856,4262.4
IFEval,ASHA,12,0,2e-06,0.04,1000,21311.90263352394,72.01365,39.39394,85.51933,80.03386,77.47552,64.61088,81.085686,63.1,82.67974,31.643797,1180.306,-0.061467268,-0.50363207,-0.22225447,21311.8
IFEval,ASHA,13,10,2e-06,0.04,1000,107673.54604707911,72.01365,39.39394,85.51933,80.03386,77.47552,64.61088,81.085686,63.1,82.67974,31.643797,1180.306,-0.061467268,-0.50363207,-0.22225447,21311.8
IFEval,ASHA,14,20,2e-06,0.04,200,156275.65338003697,70.819115,38.88889,84.60955,79.615616,78.07399,60.554516,80.688515,70.13333,83.11688,32.8592,1195.9059,0.7122974,0.4783581,0.62722856,4262.4
IFEval,ASHA,15,0,4e-07,0.02,1400,30143.202661848067,71.245735,39.39394,85.97422,79.65545,77.96518,63.28976,81.1319,72.63333,80.891716,43.916058,1216.0321,-0.18962324,0.7077769,0.13670409,30143.1
IFEval,ASHA,16,7,2e-06,0.04,1000,111288.37798248102,72.01365,39.39394,85.51933,80.03386,77.47552,64.61088,81.085686,63.1,82.67974,31.643797,1180.306,-0.061467268,-0.50363207,-0.22225447,21311.8
IFEval,ASHA,17,16,2e-06,0.04,1000,147334.64929330262,72.01365,39.39394,85.51933,80.03386,77.47552,64.61088,81.085686,63.1,82.67974,31.643797,1180.306,-0.061467268,-0.50363207,-0.22225447,21311.8
IFEval,ASHA,18,15,4e-07,0.04,1000,128490.40864288724,70.819115,38.88889,85.51933,79.665405,78.07399,61.007126,81.039474,69.26667,81.9079,33.889,1188.7716,-0.55652726,-0.14923319,-0.40842032,21337.8
IFEval,ASHA,19,6,2e-06,0.04,1000,111963.08235225869,72.01365,39.39394,85.51933,80.03386,77.47552,64.61088,81.085686,63.1,82.67974,31.643797,1180.306,-0.061467268,-0.50363207,-0.22225447,21311.8
IFEval,ASHA,20,0,2e-06,0.04,1000,21311.90246806145,72.01365,39.39394,85.51933,80.03386,77.47552,64.61088,81.085686,63.1,82.67974,31.643797,1180.306,-0.061467268,-0.50363207,-0.22225447,21311.8
IFEval,ASHA,21,5,8e-07,0.04,1800,124887.33148346138,71.75768,39.39394,87.03563,79.87453,77.96518,63.185246,80.26636,68.2,80.39216,30.42195,1190.1241,0.07380458,-0.5585468,-0.15614136,38251.1
IFEval,ASHA,22,10,2e-06,0.04,1000,120793.7053185578,72.01365,39.39394,85.51933,80.03386,77.47552,64.61088,81.085686,63.1,82.67974,31.643797,1180.306,-0.061467268,-0.50363207,-0.22225447,21311.8
IFEval,ASHA,23,1,4e-07,0.02,1400,30143.20154223442,71.245735,39.39394,85.97422,79.65545,77.96518,63.28976,81.1319,72.63333,80.891716,43.916058,1216.0321,-0.18962324,0.7077769,0.13670409,30143.1
IFEval,ASHA,24,4,2e-06,0.04,1000,73022.61767873955,72.01365,39.39394,85.51933,80.03386,77.47552,64.61088,81.085686,63.1,82.67974,31.643797,1180.306,-0.061467268,-0.50363207,-0.22225447,21311.8
IFEval,BOHB,0,1,4e-07,0.02,1400,30143.2017062664,71.245735,39.39394,85.97422,79.65545,77.96518,63.28976,81.1319,72.63333,80.891716,43.916058,1216.0321,-0.18962324,0.7077769,0.13670409,30143.1
IFEval,BOHB,1,1,4e-07,0.02,1400,30143.201594448088,71.245735,39.39394,85.97422,79.65545,77.96518,63.28976,81.1319,72.63333,80.891716,43.916058,1216.0321,-0.18962324,0.7077769,0.13670409,30143.1
IFEval,BOHB,2,0,4e-07,0.02,1400,30143.201474046706,71.245735,39.39394,85.97422,79.65545,77.96518,63.28976,81.1319,72.63333,80.891716,43.916058,1216.0321,-0.18962324,0.7077769,0.13670409,30143.1
IFEval,BOHB,3,3,2e-06,0.04,1000,64607.46940836907,72.01365,39.39394,85.51933,80.03386,77.47552,64.61088,81.085686,63.1,82.67974,31.643797,1180.306,-0.061467268,-0.50363207,-0.22225447,21311.8
IFEval,BOHB,4,2,4e-07,0.04,1000,64633.42283568383,70.819115,38.88889,85.51933,79.665405,78.07399,61.007126,81.039474,69.26667,81.9079,33.889,1188.7716,-0.55652726,-0.14923319,-0.40842032,21337.8
IFEval,BOHB,5,1,4e-07,0.02,1400,30143.202596521376,71.245735,39.39394,85.97422,79.65545,77.96518,63.28976,81.1319,72.63333,80.891716,43.916058,1216.0321,-0.18962324,0.7077769,0.13670409,30143.1
IFEval,BOHB,6,21,8e-07,0.04,400,154868.60681355465,70.73379,38.88889,85.595146,79.406494,78.019585,60.477737,79.83922,69.86667,77.63158,32.367386,1193.1462,-0.1608477,-0.830245,-0.4042649,8500.2
IFEval,BOHB,7,3,4e-07,0.02,1400,73403.71524391175,71.245735,39.39394,85.97422,79.65545,77.96518,63.28976,81.1319,72.63333,80.891716,43.916058,1216.0321,-0.18962324,0.7077769,0.13670409,30143.1
IFEval,BOHB,8,1,8e-07,0.02,1400,29807.902637815478,72.098976,40.40404,87.33889,80.00398,77.25789,64.32624,80.051544,68.566666,83.757965,38.242878,1218.3685,0.17588481,0.52763695,0.30379468,29807.8
IFEval,BOHB,9,5,2e-06,0.04,1000,64652.624348978046,72.01365,39.39394,85.51933,80.03386,77.47552,64.61088,81.085686,63.1,82.67974,31.643797,1180.306,-0.061467268,-0.50363207,-0.22225447,21311.8
IFEval,BOHB,10,4,4e-07,0.02,1400,90444.01601348114,71.245735,39.39394,85.97422,79.65545,77.96518,63.28976,81.1319,72.63333,80.891716,43.916058,1216.0321,-0.18962324,0.7077769,0.13670409,30143.1
IFEval,BOHB,11,12,8e-07,0.04,800,146772.7573824997,71.41638,38.88889,85.89841,79.735115,77.801956,62.64943,79.9891,67.066666,79.80132,33.844048,1194.3563,-0.40153438,-0.50364274,-0.4386647,17000.5
IFEval,BOHB,12,0,2e-06,0.04,1000,21311.903510427477,72.01365,39.39394,85.51933,80.03386,77.47552,64.61088,81.085686,63.1,82.67974,31.643797,1180.306,-0.061467268,-0.50363207,-0.22225447,21311.8
IFEval,BOHB,13,5,2e-06,0.04,1000,73027.71196208382,72.01365,39.39394,85.51933,80.03386,77.47552,64.61088,81.085686,63.1,82.67974,31.643797,1180.306,-0.061467268,-0.50363207,-0.22225447,21311.8
IFEval,BOHB,14,13,1e-06,0.02,400,129660.17064010056,71.07509,38.38384,85.74678,79.82474,77.85637,63.049118,79.82049,69.566666,83.22581,43.49624,1254.9758,0.10824762,0.54970545,0.26877773,8507.9
IFEval,BOHB,15,0,4e-07,0.02,1400,30143.202242708205,71.245735,39.39394,85.97422,79.65545,77.96518,63.28976,81.1319,72.63333,80.891716,43.916058,1216.0321,-0.18962324,0.7077769,0.13670409,30143.1
IFEval,BOHB,16,11,2e-06,0.04,1000,137794.02442203907,72.01365,39.39394,85.51933,80.03386,77.47552,64.61088,81.085686,63.1,82.67974,31.643797,1180.306,-0.061467268,-0.50363207,-0.22225447,21311.8
IFEval,BOHB,17,7,4e-07,0.04,1000,107059.34041295816,70.819115,38.88889,85.51933,79.665405,78.07399,61.007126,81.039474,69.26667,81.9079,33.889,1188.7716,-0.55652726,-0.14923319,-0.40842032,21337.8
IFEval,BOHB,18,5,4e-07,0.04,1000,73058.739765028,70.819115,38.88889,85.51933,79.665405,78.07399,61.007126,81.039474,69.26667,81.9079,33.889,1188.7716,-0.55652726,-0.14923319,-0.40842032,21337.8
IFEval,BOHB,19,3,4e-07,0.04,1000,64598.41681966782,70.819115,38.88889,85.51933,79.665405,78.07399,61.007126,81.039474,69.26667,81.9079,33.889,1188.7716,-0.55652726,-0.14923319,-0.40842032,21337.8
IFEval,BOHB,20,0,2e-06,0.04,1000,21311.90374765396,72.01365,39.39394,85.51933,80.03386,77.47552,64.61088,81.085686,63.1,82.67974,31.643797,1180.306,-0.061467268,-0.50363207,-0.22225447,21311.8
IFEval,BOHB,21,7,4e-07,0.04,1000,124884.35547814752,70.819115,38.88889,85.51933,79.665405,78.07399,61.007126,81.039474,69.26667,81.9079,33.889,1188.7716,-0.55652726,-0.14923319,-0.40842032,21337.8
IFEval,BOHB,22,11,1e-06,0.02,400,141825.21658431247,71.07509,38.38384,85.74678,79.82474,77.85637,63.049118,79.82049,69.566666,83.22581,43.49624,1254.9758,0.10824762,0.54970545,0.26877773,8507.9
IFEval,BOHB,23,1,4e-07,0.02,1400,30143.20187602043,71.245735,39.39394,85.97422,79.65545,77.96518,63.28976,81.1319,72.63333,80.891716,43.916058,1216.0321,-0.18962324,0.7077769,0.13670409,30143.1
IFEval,BOHB,24,4,2e-06,0.04,1000,73022.61492977334,72.01365,39.39394,85.51933,80.03386,77.47552,64.61088,81.085686,63.1,82.67974,31.643797,1180.306,-0.061467268,-0.50363207,-0.22225447,21311.8
IFEval,BOTorch,0,3,1e-06,0.04,2031,86614.80939779282,71.843,38.38384,86.20167,79.764984,77.63874,63.783714,80.707245,65.666664,79.08497,29.802355,1166.7295,-0.23763485,-0.8065363,-0.4445081,43319.2
IFEval,BOTorch,1,1,8e-07,0.02,1400,29807.90277609825,72.098976,40.40404,87.33889,80.00398,77.25789,64.32624,80.051544,68.566666,83.757965,38.242878,1218.3685,0.17588481,0.52763695,0.30379468,29807.8
IFEval,BOTorch,2,1,4e-07,0.04,1000,21337.9030295372,70.819115,38.88889,85.51933,79.665405,78.07399,61.007126,81.039474,69.26667,81.9079,33.889,1188.7716,-0.55652726,-0.14923319,-0.40842032,21337.8
IFEval,BOTorch,3,1,8e-07,0.04,1800,38251.20338425637,71.75768,39.39394,87.03563,79.87453,77.96518,63.185246,80.26636,68.2,80.39216,30.42195,1190.1241,0.07380458,-0.5585468,-0.15614136,38251.1
IFEval,BOTorch,4,1,2e-06,0.04,1000,21311.90245065689,72.01365,39.39394,85.51933,80.03386,77.47552,64.61088,81.085686,63.1,82.67974,31.643797,1180.306,-0.061467268,-0.50363207,-0.22225447,21311.8
IFEval,BOTorch,5,2,1e-06,0.04,2031,86479.81654510499,71.843,38.38384,86.20167,79.764984,77.63874,63.783714,80.707245,65.666664,79.08497,29.802355,1166.7295,-0.23763485,-0.8065363,-0.4445081,43319.2
IFEval,BOTorch,6,1,1e-06,0.01,1800,38266.601600742346,72.1843,39.89899,89.385895,80.94005,76.93145,65.84904,79.24097,71.3,83.757965,45.015694,1205.4617,0.64326364,0.8330119,0.71226305,38266.5
IFEval,BOTorch,7,0,4e-07,0.02,1400,30143.20122084617,71.245735,39.39394,85.97422,79.65545,77.96518,63.28976,81.1319,72.63333,80.891716,43.916058,1216.0321,-0.18962324,0.7077769,0.13670409,30143.1
IFEval,BOTorch,8,0,4e-07,0.02,1400,30143.20139107704,71.245735,39.39394,85.97422,79.65545,77.96518,63.28976,81.1319,72.63333,80.891716,43.916058,1216.0321,-0.18962324,0.7077769,0.13670409,30143.1
IFEval,BOTorch,9,0,8e-07,0.04,1800,38251.20320067406,71.75768,39.39394,87.03563,79.87453,77.96518,63.185246,80.26636,68.2,80.39216,30.42195,1190.1241,0.07380458,-0.5585468,-0.15614136,38251.1
IFEval,BOTorch,10,2,1e-06,0.04,2031,56784.46402726174,71.843,38.38384,86.20167,79.764984,77.63874,63.783714,80.707245,65.666664,79.08497,29.802355,1166.7295,-0.23763485,-0.8065363,-0.4445081,43319.2
IFEval,BOTorch,11,0,4e-07,0.04,1000,21337.902570819853,70.819115,38.88889,85.51933,79.665405,78.07399,61.007126,81.039474,69.26667,81.9079,33.889,1188.7716,-0.55652726,-0.14923319,-0.40842032,21337.8
IFEval,BOTorch,12,2,1e-06,0.02,400,51768.520046329504,71.07509,38.38384,85.74678,79.82474,77.85637,63.049118,79.82049,69.566666,83.22581,43.49624,1254.9758,0.10824762,0.54970545,0.26877773,8507.9
IFEval,BOTorch,13,1,4e-06,0.04,200,1325.9021254539489,71.58703,39.39394,86.27748,79.994026,77.693146,63.703495,78.71265,70.1,81.818184,37.30453,1206.29,0.77417284,0.5947283,0.7089203,1325.8
IFEval,BOTorch,14,0,2e-06,0.04,1000,21311.905998802184,72.01365,39.39394,85.51933,80.03386,77.47552,64.61088,81.085686,63.1,82.67974,31.643797,1180.306,-0.061467268,-0.50363207,-0.22225447,21311.8
IFEval,BOTorch,15,0,4e-07,0.02,1400,30143.201568460463,71.245735,39.39394,85.97422,79.65545,77.96518,63.28976,81.1319,72.63333,80.891716,43.916058,1216.0321,-0.18962324,0.7077769,0.13670409,30143.1
IFEval,BOTorch,16,0,8e-07,0.02,1400,29807.90283546448,72.098976,40.40404,87.33889,80.00398,77.25789,64.32624,80.051544,68.566666,83.757965,38.242878,1218.3685,0.17588481,0.52763695,0.30379468,29807.8
IFEval,BOTorch,17,2,1e-06,0.04,2031,86479.81222949029,71.843,38.38384,86.20167,79.764984,77.63874,63.783714,80.707245,65.666664,79.08497,29.802355,1166.7295,-0.23763485,-0.8065363,-0.4445081,43319.2
IFEval,BOTorch,18,3,8e-07,0.02,1400,73113.41605196,72.098976,40.40404,87.33889,80.00398,77.25789,64.32624,80.051544,68.566666,83.757965,38.242878,1218.3685,0.17588481,0.52763695,0.30379468,29807.8
IFEval,BOTorch,19,1,4e-07,0.02,1400,30143.20147333145,71.245735,39.39394,85.97422,79.65545,77.96518,63.28976,81.1319,72.63333,80.891716,43.916058,1216.0321,-0.18962324,0.7077769,0.13670409,30143.1
IFEval,BOTorch,20,2,1e-06,0.02,400,51728.51855525971,71.07509,38.38384,85.74678,79.82474,77.85637,63.049118,79.82049,69.566666,83.22581,43.49624,1254.9758,0.10824762,0.54970545,0.26877773,8507.9
IFEval,BOTorch,21,3,1e-06,0.04,2031,86659.81260643006,71.843,38.38384,86.20167,79.764984,77.63874,63.783714,80.707245,65.666664,79.08497,29.802355,1166.7295,-0.23763485,-0.8065363,-0.4445081,43319.2
IFEval,BOTorch,22,1,1e-06,0.04,2031,43319.300997591024,71.843,38.38384,86.20167,79.764984,77.63874,63.783714,80.707245,65.666664,79.08497,29.802355,1166.7295,-0.23763485,-0.8065363,-0.4445081,43319.2
IFEval,BOTorch,23,3,4e-07,0.04,1000,64538.41813549996,70.819115,38.88889,85.51933,79.665405,78.07399,61.007126,81.039474,69.26667,81.9079,33.889,1188.7716,-0.55652726,-0.14923319,-0.40842032,21337.8
IFEval,BOTorch,24,0,4e-07,0.02,1400,30143.20203933716,71.245735,39.39394,85.97422,79.65545,77.96518,63.28976,81.1319,72.63333,80.891716,43.916058,1216.0321,-0.18962324,0.7077769,0.13670409,30143.1
IFEval,CQR,0,1,4e-07,0.02,1400,30143.20130143165,71.245735,39.39394,85.97422,79.65545,77.96518,63.28976,81.1319,72.63333,80.891716,43.916058,1216.0321,-0.18962324,0.7077769,0.13670409,30143.1
IFEval,CQR,1,1,4e-07,0.02,1400,30143.201527929305,71.245735,39.39394,85.97422,79.65545,77.96518,63.28976,81.1319,72.63333,80.891716,43.916058,1216.0321,-0.18962324,0.7077769,0.13670409,30143.1
IFEval,CQR,2,0,4e-07,0.02,1400,30143.201893901823,71.245735,39.39394,85.97422,79.65545,77.96518,63.28976,81.1319,72.63333,80.891716,43.916058,1216.0321,-0.18962324,0.7077769,0.13670409,30143.1
IFEval,CQR,3,3,2e-06,0.04,1000,64607.43140897752,72.01365,39.39394,85.51933,80.03386,77.47552,64.61088,81.085686,63.1,82.67974,31.643797,1180.306,-0.061467268,-0.50363207,-0.22225447,21311.8
IFEval,CQR,4,2,4e-07,0.04,1000,64633.420780992514,70.819115,38.88889,85.51933,79.665405,78.07399,61.007126,81.039474,69.26667,81.9079,33.889,1188.7716,-0.55652726,-0.14923319,-0.40842032,21337.8
IFEval,CQR,5,1,4e-07,0.02,1400,30143.201561546324,71.245735,39.39394,85.97422,79.65545,77.96518,63.28976,81.1319,72.63333,80.891716,43.916058,1216.0321,-0.18962324,0.7077769,0.13670409,30143.1
IFEval,CQR,6,4,8e-07,0.02,1400,116208.93149123192,72.098976,40.40404,87.33889,80.00398,77.25789,64.32624,80.051544,68.566666,83.757965,38.242878,1218.3685,0.17588481,0.52763695,0.30379468,29807.8
IFEval,CQR,7,3,4e-07,0.02,1400,73403.71597085,71.245735,39.39394,85.97422,79.65545,77.96518,63.28976,81.1319,72.63333,80.891716,43.916058,1216.0321,-0.18962324,0.7077769,0.13670409,30143.1
IFEval,CQR,8,4,4e-07,0.02,1400,116569.2299250126,71.245735,39.39394,85.97422,79.65545,77.96518,63.28976,81.1319,72.63333,80.891716,43.916058,1216.0321,-0.18962324,0.7077769,0.13670409,30143.1
IFEval,CQR,9,5,4e-07,0.02,1400,116789.23629889487,71.245735,39.39394,85.97422,79.65545,77.96518,63.28976,81.1319,72.63333,80.891716,43.916058,1216.0321,-0.18962324,0.7077769,0.13670409,30143.1
IFEval,CQR,10,4,4e-07,0.02,1400,116684.23021683694,71.245735,39.39394,85.97422,79.65545,77.96518,63.28976,81.1319,72.63333,80.891716,43.916058,1216.0321,-0.18962324,0.7077769,0.13670409,30143.1
IFEval,CQR,11,5,4e-07,0.02,1400,116619.23765764236,71.245735,39.39394,85.97422,79.65545,77.96518,63.28976,81.1319,72.63333,80.891716,43.916058,1216.0321,-0.18962324,0.7077769,0.13670409,30143.1
IFEval,CQR,12,0,2e-06,0.04,1000,21311.902681684493,72.01365,39.39394,85.51933,80.03386,77.47552,64.61088,81.085686,63.1,82.67974,31.643797,1180.306,-0.061467268,-0.50363207,-0.22225447,21311.8
IFEval,CQR,13,4,1e-06,0.04,2031,129680.35511455536,71.843,38.38384,86.20167,79.764984,77.63874,63.783714,80.707245,65.666664,79.08497,29.802355,1166.7295,-0.23763485,-0.8065363,-0.4445081,43319.2
IFEval,CQR,14,5,4e-07,0.02,1400,116584.23867616654,71.245735,39.39394,85.97422,79.65545,77.96518,63.28976,81.1319,72.63333,80.891716,43.916058,1216.0321,-0.18962324,0.7077769,0.13670409,30143.1
IFEval,CQR,15,0,4e-07,0.02,1400,30143.201657390597,71.245735,39.39394,85.97422,79.65545,77.96518,63.28976,81.1319,72.63333,80.891716,43.916058,1216.0321,-0.18962324,0.7077769,0.13670409,30143.1
IFEval,CQR,16,6,2e-06,0.04,1000,151108.75747404096,72.01365,39.39394,85.51933,80.03386,77.47552,64.61088,81.085686,63.1,82.67974,31.643797,1180.306,-0.061467268,-0.50363207,-0.22225447,21311.8
IFEval,CQR,17,6,2e-06,0.04,1000,151023.74373922346,72.01365,39.39394,85.51933,80.03386,77.47552,64.61088,81.085686,63.1,82.67974,31.643797,1180.306,-0.061467268,-0.50363207,-0.22225447,21311.8
IFEval,CQR,18,2,1e-06,0.04,2031,86479.81419739724,71.843,38.38384,86.20167,79.764984,77.63874,63.783714,80.707245,65.666664,79.08497,29.802355,1166.7295,-0.23763485,-0.8065363,-0.4445081,43319.2
IFEval,CQR,19,3,4e-07,0.04,1000,64598.41709384919,70.819115,38.88889,85.51933,79.665405,78.07399,61.007126,81.039474,69.26667,81.9079,33.889,1188.7716,-0.55652726,-0.14923319,-0.40842032,21337.8
IFEval,CQR,20,5,4e-07,0.02,1400,116714.23574528696,71.245735,39.39394,85.97422,79.65545,77.96518,63.28976,81.1319,72.63333,80.891716,43.916058,1216.0321,-0.18962324,0.7077769,0.13670409,30143.1
IFEval,CQR,21,6,4e-07,0.02,1000,151297.75547204015,71.07509,39.39394,86.353294,79.56583,78.019585,62.928715,79.95912,72.13333,85.48387,44.30955,1251.7719,-0.26923802,1.2071754,0.26763958,21530.8
IFEval,CQR,22,4,1e-06,0.04,2031,129885.34305129052,71.843,38.38384,86.20167,79.764984,77.63874,63.783714,80.707245,65.666664,79.08497,29.802355,1166.7295,-0.23763485,-0.8065363,-0.4445081,43319.2
IFEval,CQR,23,1,4e-07,0.02,1400,30143.201532459258,71.245735,39.39394,85.97422,79.65545,77.96518,63.28976,81.1319,72.63333,80.891716,43.916058,1216.0321,-0.18962324,0.7077769,0.13670409,30143.1
IFEval,CQR,24,4,2e-06,0.04,1000,107787.92550597191,72.01365,39.39394,85.51933,80.03386,77.47552,64.61088,81.085686,63.1,82.67974,31.643797,1180.306,-0.061467268,-0.50363207,-0.22225447,21311.8
IFEval,RandomSearch,0,2,2e-06,0.04,1000,34777.06181154252,72.01365,39.39394,85.51933,80.03386,77.47552,64.61088,81.085686,63.1,82.67974,31.643797,1180.306,-0.061467268,-0.50363207,-0.22225447,21311.8
IFEval,RandomSearch,1,1,4e-07,0.04,1000,21337.90294537544,70.819115,38.88889,85.51933,79.665405,78.07399,61.007126,81.039474,69.26667,81.9079,33.889,1188.7716,-0.55652726,-0.14923319,-0.40842032,21337.8
IFEval,RandomSearch,2,1,4e-07,0.02,1400,30143.20129570961,71.245735,39.39394,85.97422,79.65545,77.96518,63.28976,81.1319,72.63333,80.891716,43.916058,1216.0321,-0.18962324,0.7077769,0.13670409,30143.1
IFEval,RandomSearch,3,4,1e-06,0.04,2031,99964.972733593,71.843,38.38384,86.20167,79.764984,77.63874,63.783714,80.707245,65.666664,79.08497,29.802355,1166.7295,-0.23763485,-0.8065363,-0.4445081,43319.2
IFEval,RandomSearch,4,5,2e-06,0.04,1000,107827.94378623964,72.01365,39.39394,85.51933,80.03386,77.47552,64.61088,81.085686,63.1,82.67974,31.643797,1180.306,-0.061467268,-0.50363207,-0.22225447,21311.8
IFEval,RandomSearch,5,3,4e-07,0.02,1400,73483.73023900986,71.245735,39.39394,85.97422,79.65545,77.96518,63.28976,81.1319,72.63333,80.891716,43.916058,1216.0321,-0.18962324,0.7077769,0.13670409,30143.1
IFEval,RandomSearch,6,3,2e-06,0.04,1000,64652.41296420098,72.01365,39.39394,85.51933,80.03386,77.47552,64.61088,81.085686,63.1,82.67974,31.643797,1180.306,-0.061467268,-0.50363207,-0.22225447,21311.8
IFEval,RandomSearch,7,3,4e-07,0.04,1000,64678.41375050545,70.819115,38.88889,85.51933,79.665405,78.07399,61.007126,81.039474,69.26667,81.9079,33.889,1188.7716,-0.55652726,-0.14923319,-0.40842032,21337.8
IFEval,RandomSearch,8,3,8e-07,0.04,1800,81556.71806845666,71.75768,39.39394,87.03563,79.87453,77.96518,63.185246,80.26636,68.2,80.39216,30.42195,1190.1241,0.07380458,-0.5585468,-0.15614136,38251.1
IFEval,RandomSearch,9,4,4e-07,0.02,1400,116699.22933921816,71.245735,39.39394,85.97422,79.65545,77.96518,63.28976,81.1319,72.63333,80.891716,43.916058,1216.0321,-0.18962324,0.7077769,0.13670409,30143.1
IFEval,RandomSearch,10,0,2e-06,0.04,1000,21311.902614212035,72.01365,39.39394,85.51933,80.03386,77.47552,64.61088,81.085686,63.1,82.67974,31.643797,1180.306,-0.061467268,-0.50363207,-0.22225447,21311.8
IFEval,RandomSearch,11,0,8e-07,0.02,1400,29807.90263829231,72.098976,40.40404,87.33889,80.00398,77.25789,64.32624,80.051544,68.566666,83.757965,38.242878,1218.3685,0.17588481,0.52763695,0.30379468,29807.8
IFEval,RandomSearch,12,1,2e-06,0.04,1000,21311.903156614306,72.01365,39.39394,85.51933,80.03386,77.47552,64.61088,81.085686,63.1,82.67974,31.643797,1180.306,-0.061467268,-0.50363207,-0.22225447,21311.8
IFEval,RandomSearch,13,3,1e-06,0.04,2031,86564.81543955803,71.843,38.38384,86.20167,79.764984,77.63874,63.783714,80.707245,65.666664,79.08497,29.802355,1166.7295,-0.23763485,-0.8065363,-0.4445081,43319.2
IFEval,RandomSearch,14,2,4e-07,0.02,1400,73448.71498188973,71.245735,39.39394,85.97422,79.65545,77.96518,63.28976,81.1319,72.63333,80.891716,43.916058,1216.0321,-0.18962324,0.7077769,0.13670409,30143.1
IFEval,RandomSearch,15,2,2e-06,0.04,1000,34777.0628443718,72.01365,39.39394,85.51933,80.03386,77.47552,64.61088,81.085686,63.1,82.67974,31.643797,1180.306,-0.061467268,-0.50363207,-0.22225447,21311.8
IFEval,RandomSearch,16,1,2e-06,0.04,1000,21311.902504777907,72.01365,39.39394,85.51933,80.03386,77.47552,64.61088,81.085686,63.1,82.67974,31.643797,1180.306,-0.061467268,-0.50363207,-0.22225447,21311.8
IFEval,RandomSearch,17,4,8e-07,0.02,1400,116138.92568764689,72.098976,40.40404,87.33889,80.00398,77.25789,64.32624,80.051544,68.566666,83.757965,38.242878,1218.3685,0.17588481,0.52763695,0.30379468,29807.8
IFEval,RandomSearch,18,0,1e-06,0.02,400,8508.002121543883,71.07509,38.38384,85.74678,79.82474,77.85637,63.049118,79.82049,69.566666,83.22581,43.49624,1254.9758,0.10824762,0.54970545,0.26877773,8507.9
IFEval,RandomSearch,19,1,2e-06,0.04,1000,21311.90309844017,72.01365,39.39394,85.51933,80.03386,77.47552,64.61088,81.085686,63.1,82.67974,31.643797,1180.306,-0.061467268,-0.50363207,-0.22225447,21311.8
IFEval,RandomSearch,20,4,4e-07,0.02,1400,116709.22508416176,71.245735,39.39394,85.97422,79.65545,77.96518,63.28976,81.1319,72.63333,80.891716,43.916058,1216.0321,-0.18962324,0.7077769,0.13670409,30143.1
IFEval,RandomSearch,21,0,4e-07,0.02,1400,30143.201477146147,71.245735,39.39394,85.97422,79.65545,77.96518,63.28976,81.1319,72.63333,80.891716,43.916058,1216.0321,-0.18962324,0.7077769,0.13670409,30143.1
IFEval,RandomSearch,22,2,2e-06,0.04,1000,34777.06202754975,72.01365,39.39394,85.51933,80.03386,77.47552,64.61088,81.085686,63.1,82.67974,31.643797,1180.306,-0.061467268,-0.50363207,-0.22225447,21311.8
IFEval,RandomSearch,23,3,4e-07,0.02,1400,73178.70911726952,71.245735,39.39394,85.97422,79.65545,77.96518,63.28976,81.1319,72.63333,80.891716,43.916058,1216.0321,-0.18962324,0.7077769,0.13670409,30143.1
IFEval,RandomSearch,24,5,8e-07,0.02,1400,116443.93290147782,72.098976,40.40404,87.33889,80.00398,77.25789,64.32624,80.051544,68.566666,83.757965,38.242878,1218.3685,0.17588481,0.52763695,0.30379468,29807.8
IFEval,TPE,0,0,4e-07,0.02,1400,30143.20231304169,71.245735,39.39394,85.97422,79.65545,77.96518,63.28976,81.1319,72.63333,80.891716,43.916058,1216.0321,-0.18962324,0.7077769,0.13670409,30143.1
IFEval,TPE,1,4,2e-06,0.04,1000,107382.92852482796,72.01365,39.39394,85.51933,80.03386,77.47552,64.61088,81.085686,63.1,82.67974,31.643797,1180.306,-0.061467268,-0.50363207,-0.22225447,21311.8
IFEval,TPE,2,2,2e-06,0.04,1000,34777.06121025086,72.01365,39.39394,85.51933,80.03386,77.47552,64.61088,81.085686,63.1,82.67974,31.643797,1180.306,-0.061467268,-0.50363207,-0.22225447,21311.8
IFEval,TPE,3,3,2e-06,0.04,1000,64572.4219754696,72.01365,39.39394,85.51933,80.03386,77.47552,64.61088,81.085686,63.1,82.67974,31.643797,1180.306,-0.061467268,-0.50363207,-0.22225447,21311.8
IFEval,TPE,4,5,4e-07,0.04,1000,107923.92746076584,70.819115,38.88889,85.51933,79.665405,78.07399,61.007126,81.039474,69.26667,81.9079,33.889,1188.7716,-0.55652726,-0.14923319,-0.40842032,21337.8
IFEval,TPE,5,0,2e-06,0.04,1000,21311.90240511894,72.01365,39.39394,85.51933,80.03386,77.47552,64.61088,81.085686,63.1,82.67974,31.643797,1180.306,-0.061467268,-0.50363207,-0.22225447,21311.8
IFEval,TPE,6,2,4e-07,0.02,1400,43608.36644682885,71.245735,39.39394,85.97422,79.65545,77.96518,63.28976,81.1319,72.63333,80.891716,43.916058,1216.0321,-0.18962324,0.7077769,0.13670409,30143.1
IFEval,TPE,7,7,4e-07,0.04,1000,151154.45603213308,70.819115,38.88889,85.51933,79.665405,78.07399,61.007126,81.039474,69.26667,81.9079,33.889,1188.7716,-0.55652726,-0.14923319,-0.40842032,21337.8
IFEval,TPE,8,2,2e-06,0.04,1000,64512.41781458855,72.01365,39.39394,85.51933,80.03386,77.47552,64.61088,81.085686,63.1,82.67974,31.643797,1180.306,-0.061467268,-0.50363207,-0.22225447,21311.8
IFEval,TPE,9,5,2e-06,0.04,1000,107832.92357406615,72.01365,39.39394,85.51933,80.03386,77.47552,64.61088,81.085686,63.1,82.67974,31.643797,1180.306,-0.061467268,-0.50363207,-0.22225447,21311.8
IFEval,TPE,10,0,8e-07,0.02,1400,29807.90302762985,72.098976,40.40404,87.33889,80.00398,77.25789,64.32624,80.051544,68.566666,83.757965,38.242878,1218.3685,0.17588481,0.52763695,0.30379468,29807.8
IFEval,TPE,11,1,4e-07,0.02,1400,30143.20134077072,71.245735,39.39394,85.97422,79.65545,77.96518,63.28976,81.1319,72.63333,80.891716,43.916058,1216.0321,-0.18962324,0.7077769,0.13670409,30143.1
IFEval,TPE,12,0,4e-07,0.04,1000,21337.902465200423,70.819115,38.88889,85.51933,79.665405,78.07399,61.007126,81.039474,69.26667,81.9079,33.889,1188.7716,-0.55652726,-0.14923319,-0.40842032,21337.8
IFEval,TPE,13,1,8e-07,0.02,1400,29807.90267548561,72.098976,40.40404,87.33889,80.00398,77.25789,64.32624,80.051544,68.566666,83.757965,38.242878,1218.3685,0.17588481,0.52763695,0.30379468,29807.8
IFEval,TPE,14,4,4e-07,0.02,1400,116399.21650753022,71.245735,39.39394,85.97422,79.65545,77.96518,63.28976,81.1319,72.63333,80.891716,43.916058,1216.0321,-0.18962324,0.7077769,0.13670409,30143.1
IFEval,TPE,15,5,4e-07,0.04,1000,107938.93428382874,70.819115,38.88889,85.51933,79.665405,78.07399,61.007126,81.039474,69.26667,81.9079,33.889,1188.7716,-0.55652726,-0.14923319,-0.40842032,21337.8
IFEval,TPE,16,6,4e-07,0.04,1000,151114.43635950086,70.819115,38.88889,85.51933,79.665405,78.07399,61.007126,81.039474,69.26667,81.9079,33.889,1188.7716,-0.55652726,-0.14923319,-0.40842032,21337.8
IFEval,TPE,17,4,4e-07,0.02,1400,116624.23572454452,71.245735,39.39394,85.97422,79.65545,77.96518,63.28976,81.1319,72.63333,80.891716,43.916058,1216.0321,-0.18962324,0.7077769,0.13670409,30143.1
IFEval,TPE,18,2,4e-07,0.02,1400,73343.70716366768,71.245735,39.39394,85.97422,79.65545,77.96518,63.28976,81.1319,72.63333,80.891716,43.916058,1216.0321,-0.18962324,0.7077769,0.13670409,30143.1
IFEval,TPE,19,1,4e-07,0.02,1400,30143.202296829226,71.245735,39.39394,85.97422,79.65545,77.96518,63.28976,81.1319,72.63333,80.891716,43.916058,1216.0321,-0.18962324,0.7077769,0.13670409,30143.1
IFEval,TPE,20,5,4e-07,0.02,1400,116644.2456501484,71.245735,39.39394,85.97422,79.65545,77.96518,63.28976,81.1319,72.63333,80.891716,43.916058,1216.0321,-0.18962324,0.7077769,0.13670409,30143.1
IFEval,TPE,21,0,2e-06,0.04,1000,21311.90253458023,72.01365,39.39394,85.51933,80.03386,77.47552,64.61088,81.085686,63.1,82.67974,31.643797,1180.306,-0.061467268,-0.50363207,-0.22225447,21311.8
IFEval,TPE,22,5,2e-06,0.04,1000,107972.94935212136,72.01365,39.39394,85.51933,80.03386,77.47552,64.61088,81.085686,63.1,82.67974,31.643797,1180.306,-0.061467268,-0.50363207,-0.22225447,21311.8
IFEval,TPE,23,3,4e-07,0.02,1400,73483.7194498539,71.245735,39.39394,85.97422,79.65545,77.96518,63.28976,81.1319,72.63333,80.891716,43.916058,1216.0321,-0.18962324,0.7077769,0.13670409,30143.1
IFEval,TPE,24,5,4e-07,0.02,1400,116629.23330435752,71.245735,39.39394,85.97422,79.65545,77.96518,63.28976,81.1319,72.63333,80.891716,43.916058,1216.0321,-0.18962324,0.7077769,0.13670409,30143.1
MT-Bench,ASHA,0,2,2e-06,0.02,200,47458.31110248566,71.16041,37.878788,85.44352,79.72515,77.96518,62.357796,78.13563,71.7,87.33766,43.10038,1226.4381,0.36707354,1.0528691,0.6164537,4237.7
MT-Bench,ASHA,1,2,2e-06,0.02,200,47498.31255040169,71.16041,37.878788,85.44352,79.72515,77.96518,62.357796,78.13563,71.7,87.33766,43.10038,1226.4381,0.36707354,1.0528691,0.6164537,4237.7
MT-Bench,ASHA,2,10,4e-06,0.01,400,151510.3060217934,73.63481,39.89899,89.461716,80.521805,75.51687,66.80005,76.452034,68.166664,87.08609,43.21869,1224.9589,0.5443518,0.47121605,0.517757,8528.1
MT-Bench,ASHA,3,8,8e-07,0.02,400,103273.13882265856,70.819115,37.878788,85.89841,79.56583,77.85637,62.375385,79.39833,70.86667,87.741936,42.64815,1230.9453,-0.15627754,0.74621487,0.17190152,8516.5
MT-Bench,ASHA,4,5,8e-07,0.02,400,60342.413067678455,70.819115,37.878788,85.89841,79.56583,77.85637,62.375385,79.39833,70.86667,87.741936,42.64815,1230.9453,-0.15627754,0.74621487,0.17190152,8516.5
MT-Bench,ASHA,5,13,8e-07,0.02,400,141829.1096481018,70.819115,37.878788,85.89841,79.56583,77.85637,62.375385,79.39833,70.86667,87.741936,42.64815,1230.9453,-0.15627754,0.74621487,0.17190152,8516.5
MT-Bench,ASHA,6,4,8e-07,0.02,400,56032.28021273804,70.819115,37.878788,85.89841,79.56583,77.85637,62.375385,79.39833,70.86667,87.741936,42.64815,1230.9453,-0.15627754,0.74621487,0.17190152,8516.5
MT-Bench,ASHA,7,9,2e-06,0.02,200,65554.14054189873,71.16041,37.878788,85.44352,79.72515,77.96518,62.357796,78.13563,71.7,87.33766,43.10038,1226.4381,0.36707354,1.0528691,0.6164537,4237.7
MT-Bench,ASHA,8,1,8e-07,0.02,400,8516.602985477446,70.819115,37.878788,85.89841,79.56583,77.85637,62.375385,79.39833,70.86667,87.741936,42.64815,1230.9453,-0.15627754,0.74621487,0.17190152,8516.5
MT-Bench,ASHA,9,9,8e-07,0.02,400,116993.18762860874,70.819115,37.878788,85.89841,79.56583,77.85637,62.375385,79.39833,70.86667,87.741936,42.64815,1230.9453,-0.15627754,0.74621487,0.17190152,8516.5
MT-Bench,ASHA,10,0,8e-07,0.02,400,8516.601650571822,70.819115,37.878788,85.89841,79.56583,77.85637,62.375385,79.39833,70.86667,87.741936,42.64815,1230.9453,-0.15627754,0.74621487,0.17190152,8516.5
MT-Bench,ASHA,11,1,2e-06,0.02,200,4237.8019121646885,71.16041,37.878788,85.44352,79.72515,77.96518,62.357796,78.13563,71.7,87.33766,43.10038,1226.4381,0.36707354,1.0528691,0.6164537,4237.7
MT-Bench,ASHA,12,8,2e-06,0.02,200,116369.44233666042,71.16041,37.878788,85.44352,79.72515,77.96518,62.357796,78.13563,71.7,87.33766,43.10038,1226.4381,0.36707354,1.0528691,0.6164537,4237.7
MT-Bench,ASHA,13,7,4e-06,0.01,400,101914.51800189404,73.63481,39.89899,89.461716,80.521805,75.51687,66.80005,76.452034,68.166664,87.08609,43.21869,1224.9589,0.5443518,0.47121605,0.517757,8528.1
MT-Bench,ASHA,14,7,2e-06,0.02,200,108399.13113484574,71.16041,37.878788,85.44352,79.72515,77.96518,62.357796,78.13563,71.7,87.33766,43.10038,1226.4381,0.36707354,1.0528691,0.6164537,4237.7
MT-Bench,ASHA,15,4,8e-07,0.02,400,60277.30949530793,70.819115,37.878788,85.89841,79.56583,77.85637,62.375385,79.39833,70.86667,87.741936,42.64815,1230.9453,-0.15627754,0.74621487,0.17190152,8516.5
MT-Bench,ASHA,16,1,8e-07,0.02,400,8516.601888513564,70.819115,37.878788,85.89841,79.56583,77.85637,62.375385,79.39833,70.86667,87.741936,42.64815,1230.9453,-0.15627754,0.74621487,0.17190152,8516.5
MT-Bench,ASHA,17,2,4e-06,0.01,400,51688.71613917351,73.63481,39.89899,89.461716,80.521805,75.51687,66.80005,76.452034,68.166664,87.08609,43.21869,1224.9589,0.5443518,0.47121605,0.517757,8528.1
MT-Bench,ASHA,18,0,1e-06,0.01,400,8503.802166080473,71.50171,38.38384,87.03563,80.30273,77.52992,63.918243,78.31548,75.23333,86.92811,50.0,1262.8969,0.2360827,1.5734199,0.72238714,8503.7
MT-Bench,ASHA,19,13,8e-07,0.02,400,157259.2263973864,70.819115,37.878788,85.89841,79.56583,77.85637,62.375385,79.39833,70.86667,87.741936,42.64815,1230.9453,-0.15627754,0.74621487,0.17190152,8516.5
MT-Bench,ASHA,20,8,2e-06,0.02,200,65253.944742544176,71.16041,37.878788,85.44352,79.72515,77.96518,62.357796,78.13563,71.7,87.33766,43.10038,1226.4381,0.36707354,1.0528691,0.6164537,4237.7
MT-Bench,ASHA,21,8,8e-07,0.02,400,64607.776543483735,70.819115,37.878788,85.89841,79.56583,77.85637,62.375385,79.39833,70.86667,87.741936,42.64815,1230.9453,-0.15627754,0.74621487,0.17190152,8516.5
MT-Bench,ASHA,22,1,4e-07,0.01,1600,34142.500511503225,71.16041,38.88889,86.429115,80.26289,77.25789,64.13544,77.050285,73.86667,87.57962,46.90329,1249.4156,-0.40876716,1.7889416,0.39039966,34142.4
MT-Bench,ASHA,23,8,2e-06,0.02,200,113604.41393576242,71.16041,37.878788,85.44352,79.72515,77.96518,62.357796,78.13563,71.7,87.33766,43.10038,1226.4381,0.36707354,1.0528691,0.6164537,4237.7
MT-Bench,ASHA,24,1,8e-07,0.02,400,8516.603016471861,70.819115,37.878788,85.89841,79.56583,77.85637,62.375385,79.39833,70.86667,87.741936,42.64815,1230.9453,-0.15627754,0.74621487,0.17190152,8516.5
MT-Bench,BOHB,0,9,8e-07,0.02,400,125683.6001907464,70.819115,37.878788,85.89841,79.56583,77.85637,62.375385,79.39833,70.86667,87.741936,42.64815,1230.9453,-0.15627754,0.74621487,0.17190152,8516.5
MT-Bench,BOHB,1,2,2e-06,0.02,200,47498.320825910574,71.16041,37.878788,85.44352,79.72515,77.96518,62.357796,78.13563,71.7,87.33766,43.10038,1226.4381,0.36707354,1.0528691,0.6164537,4237.7
MT-Bench,BOHB,2,5,8e-07,0.02,400,95507.74673996164,70.819115,37.878788,85.89841,79.56583,77.85637,62.375385,79.39833,70.86667,87.741936,42.64815,1230.9453,-0.15627754,0.74621487,0.17190152,8516.5
MT-Bench,BOHB,3,4,2e-06,0.02,200,51688.46765003396,71.16041,37.878788,85.44352,79.72515,77.96518,62.357796,78.13563,71.7,87.33766,43.10038,1226.4381,0.36707354,1.0528691,0.6164537,4237.7
MT-Bench,BOHB,4,5,4e-06,0.01,400,60354.01960025216,73.63481,39.89899,89.461716,80.521805,75.51687,66.80005,76.452034,68.166664,87.08609,43.21869,1224.9589,0.5443518,0.47121605,0.517757,8528.1
MT-Bench,BOHB,5,7,4e-06,0.01,400,73204.39943276215,73.63481,39.89899,89.461716,80.521805,75.51687,66.80005,76.452034,68.166664,87.08609,43.21869,1224.9589,0.5443518,0.47121605,0.517757,8528.1
MT-Bench,BOHB,6,4,8e-07,0.02,400,56032.26284179879,70.819115,37.878788,85.89841,79.56583,77.85637,62.375385,79.39833,70.86667,87.741936,42.64815,1230.9453,-0.15627754,0.74621487,0.17190152,8516.5
MT-Bench,BOHB,7,18,2e-06,0.02,200,145670.9242633609,71.16041,37.878788,85.44352,79.72515,77.96518,62.357796,78.13563,71.7,87.33766,43.10038,1226.4381,0.36707354,1.0528691,0.6164537,4237.7
MT-Bench,BOHB,8,1,8e-07,0.02,400,8516.60229692459,70.819115,37.878788,85.89841,79.56583,77.85637,62.375385,79.39833,70.86667,87.741936,42.64815,1230.9453,-0.15627754,0.74621487,0.17190152,8516.5
MT-Bench,BOHB,9,11,2e-06,0.02,200,117084.6640103913,71.16041,37.878788,85.44352,79.72515,77.96518,62.357796,78.13563,71.7,87.33766,43.10038,1226.4381,0.36707354,1.0528691,0.6164537,4237.7
MT-Bench,BOHB,10,0,8e-07,0.02,400,8516.601778841017,70.819115,37.878788,85.89841,79.56583,77.85637,62.375385,79.39833,70.86667,87.741936,42.64815,1230.9453,-0.15627754,0.74621487,0.17190152,8516.5
MT-Bench,BOHB,11,1,2e-06,0.02,200,4237.802085494996,71.16041,37.878788,85.44352,79.72515,77.96518,62.357796,78.13563,71.7,87.33766,43.10038,1226.4381,0.36707354,1.0528691,0.6164537,4237.7
MT-Bench,BOHB,12,12,2e-06,0.02,200,146860.12448250002,71.16041,37.878788,85.44352,79.72515,77.96518,62.357796,78.13563,71.7,87.33766,43.10038,1226.4381,0.36707354,1.0528691,0.6164537,4237.7
MT-Bench,BOHB,13,12,2e-06,0.02,200,140935.04847632605,71.16041,37.878788,85.44352,79.72515,77.96518,62.357796,78.13563,71.7,87.33766,43.10038,1226.4381,0.36707354,1.0528691,0.6164537,4237.7
MT-Bench,BOHB,14,5,4e-06,0.01,400,69429.03122196389,73.63481,39.89899,89.461716,80.521805,75.51687,66.80005,76.452034,68.166664,87.08609,43.21869,1224.9589,0.5443518,0.47121605,0.517757,8528.1
MT-Bench,BOHB,15,4,8e-07,0.02,400,60277.3247684021,70.819115,37.878788,85.89841,79.56583,77.85637,62.375385,79.39833,70.86667,87.741936,42.64815,1230.9453,-0.15627754,0.74621487,0.17190152,8516.5
MT-Bench,BOHB,16,1,8e-07,0.02,400,8516.601835107802,70.819115,37.878788,85.89841,79.56583,77.85637,62.375385,79.39833,70.86667,87.741936,42.64815,1230.9453,-0.15627754,0.74621487,0.17190152,8516.5
MT-Bench,BOHB,17,9,2e-06,0.02,200,94369.4856048699,71.16041,37.878788,85.44352,79.72515,77.96518,62.357796,78.13563,71.7,87.33766,43.10038,1226.4381,0.36707354,1.0528691,0.6164537,4237.7
MT-Bench,BOHB,18,11,4e-06,0.01,400,108175.13492523583,73.63481,39.89899,89.461716,80.521805,75.51687,66.80005,76.452034,68.166664,87.08609,43.21869,1224.9589,0.5443518,0.47121605,0.517757,8528.1
MT-Bench,BOHB,19,16,2e-06,0.02,200,148805.6638601988,71.16041,37.878788,85.44352,79.72515,77.96518,62.357796,78.13563,71.7,87.33766,43.10038,1226.4381,0.36707354,1.0528691,0.6164537,4237.7
MT-Bench,BOHB,20,17,8e-07,0.02,400,159644.4544304561,70.819115,37.878788,85.89841,79.56583,77.85637,62.375385,79.39833,70.86667,87.741936,42.64815,1230.9453,-0.15627754,0.74621487,0.17190152,8516.5
MT-Bench,BOHB,21,14,8e-07,0.02,400,90143.69730221946,70.819115,37.878788,85.89841,79.56583,77.85637,62.375385,79.39833,70.86667,87.741936,42.64815,1230.9453,-0.15627754,0.74621487,0.17190152,8516.5
MT-Bench,BOHB,22,1,4e-07,0.01,1600,34142.500457859045,71.16041,38.88889,86.429115,80.26289,77.25789,64.13544,77.050285,73.86667,87.57962,46.90329,1249.4156,-0.40876716,1.7889416,0.39039966,34142.4
MT-Bench,BOHB,23,5,8e-07,0.02,400,66057.48832092667,70.819115,37.878788,85.89841,79.56583,77.85637,62.375385,79.39833,70.86667,87.741936,42.64815,1230.9453,-0.15627754,0.74621487,0.17190152,8516.5
MT-Bench,BOHB,24,1,8e-07,0.02,400,8516.602873659132,70.819115,37.878788,85.89841,79.56583,77.85637,62.375385,79.39833,70.86667,87.741936,42.64815,1230.9453,-0.15627754,0.74621487,0.17190152,8516.5
MT-Bench,BOTorch,0,2,8e-07,0.02,400,51677.12929973603,70.819115,37.878788,85.89841,79.56583,77.85637,62.375385,79.39833,70.86667,87.741936,42.64815,1230.9453,-0.15627754,0.74621487,0.17190152,8516.5
MT-Bench,BOTorch,1,2,8e-07,0.01,400,51707.11804733277,70.98976,38.88889,86.05004,80.07369,78.29162,63.1063,77.59733,75.933334,87.012985,47.98938,1240.4437,0.06545276,1.3574412,0.53526676,8526.5
MT-Bench,BOTorch,2,0,4e-07,0.01,1600,34142.50144085885,71.16041,38.88889,86.429115,80.26289,77.25789,64.13544,77.050285,73.86667,87.57962,46.90329,1249.4156,-0.40876716,1.7889416,0.39039966,34142.4
MT-Bench,BOTorch,3,2,4e-06,0.01,400,51728.7160235405,73.63481,39.89899,89.461716,80.521805,75.51687,66.80005,76.452034,68.166664,87.08609,43.21869,1224.9589,0.5443518,0.47121605,0.517757,8528.1
MT-Bench,BOTorch,4,3,4e-07,0.01,1600,77463.02932796479,71.16041,38.88889,86.429115,80.26289,77.25789,64.13544,77.050285,73.86667,87.57962,46.90329,1249.4156,-0.40876716,1.7889416,0.39039966,34142.4
MT-Bench,BOTorch,5,0,2e-06,0.01,2031,43256.601688241964,73.464165,38.88889,87.8696,80.8803,76.87704,66.519295,73.30339,64.9,85.29412,45.08685,1183.9857,0.27986583,0.41345334,0.3284431,43256.5
MT-Bench,BOTorch,6,1,8e-07,0.02,400,8516.602367734908,70.819115,37.878788,85.89841,79.56583,77.85637,62.375385,79.39833,70.86667,87.741936,42.64815,1230.9453,-0.15627754,0.74621487,0.17190152,8516.5
MT-Bench,BOTorch,7,0,4e-07,0.01,1600,34142.50045928956,71.16041,38.88889,86.429115,80.26289,77.25789,64.13544,77.050285,73.86667,87.57962,46.90329,1249.4156,-0.40876716,1.7889416,0.39039966,34142.4
MT-Bench,BOTorch,8,0,1e-06,0.01,400,8503.803129053114,71.50171,38.38384,87.03563,80.30273,77.52992,63.918243,78.31548,75.23333,86.92811,50.0,1262.8969,0.2360827,1.5734199,0.72238714,8503.7
MT-Bench,BOTorch,9,2,8e-07,0.02,400,51717.1085310936,70.819115,37.878788,85.89841,79.56583,77.85637,62.375385,79.39833,70.86667,87.741936,42.64815,1230.9453,-0.15627754,0.74621487,0.17190152,8516.5
MT-Bench,BOTorch,10,3,4e-07,0.01,1600,77483.0062447548,71.16041,38.88889,86.429115,80.26289,77.25789,64.13544,77.050285,73.86667,87.57962,46.90329,1249.4156,-0.40876716,1.7889416,0.39039966,34142.4
MT-Bench,BOTorch,11,0,8e-07,0.01,400,8526.606622076033,70.98976,38.88889,86.05004,80.07369,78.29162,63.1063,77.59733,75.933334,87.012985,47.98938,1240.4437,0.06545276,1.3574412,0.53526676,8526.5
MT-Bench,BOTorch,12,6,4e-07,0.02,2000,142948.39179644582,71.245735,38.88889,86.429115,79.72515,77.85637,63.522457,79.85545,72.0,85.85526,43.073933,1238.1663,-0.24563843,1.2720972,0.30626544,43061.6
MT-Bench,BOTorch,13,2,2e-06,0.02,200,47398.31115803719,71.16041,37.878788,85.44352,79.72515,77.96518,62.357796,78.13563,71.7,87.33766,43.10038,1226.4381,0.36707354,1.0528691,0.6164537,4237.7
MT-Bench,BOTorch,14,1,4e-06,0.01,400,8528.203049278258,73.63481,39.89899,89.461716,80.521805,75.51687,66.80005,76.452034,68.166664,87.08609,43.21869,1224.9589,0.5443518,0.47121605,0.517757,8528.1
MT-Bench,BOTorch,15,3,4e-07,0.01,1600,77438.0216310978,71.16041,38.88889,86.429115,80.26289,77.25789,64.13544,77.050285,73.86667,87.57962,46.90329,1249.4156,-0.40876716,1.7889416,0.39039966,34142.4
MT-Bench,BOTorch,16,0,4e-06,0.01,400,8528.20139274597,73.63481,39.89899,89.461716,80.521805,75.51687,66.80005,76.452034,68.166664,87.08609,43.21869,1224.9589,0.5443518,0.47121605,0.517757,8528.1
MT-Bench,BOTorch,17,2,2e-06,0.01,2031,86457.11460409165,73.464165,38.88889,87.8696,80.8803,76.87704,66.519295,73.30339,64.9,85.29412,45.08685,1183.9857,0.27986583,0.41345334,0.3284431,43256.5
MT-Bench,BOTorch,18,0,8e-07,0.02,400,8516.601993894576,70.819115,37.878788,85.89841,79.56583,77.85637,62.375385,79.39833,70.86667,87.741936,42.64815,1230.9453,-0.15627754,0.74621487,0.17190152,8516.5
MT-Bench,BOTorch,19,2,2e-06,0.02,200,47458.3185895443,71.16041,37.878788,85.44352,79.72515,77.96518,62.357796,78.13563,71.7,87.33766,43.10038,1226.4381,0.36707354,1.0528691,0.6164537,4237.7
MT-Bench,BOTorch,20,0,4e-07,0.01,1600,34142.50034246445,71.16041,38.88889,86.429115,80.26289,77.25789,64.13544,77.050285,73.86667,87.57962,46.90329,1249.4156,-0.40876716,1.7889416,0.39039966,34142.4
MT-Bench,BOTorch,21,1,2e-06,0.02,200,4237.802055692673,71.16041,37.878788,85.44352,79.72515,77.96518,62.357796,78.13563,71.7,87.33766,43.10038,1226.4381,0.36707354,1.0528691,0.6164537,4237.7
MT-Bench,BOTorch,22,3,4e-07,0.01,1600,77463.01378641129,71.16041,38.88889,86.429115,80.26289,77.25789,64.13544,77.050285,73.86667,87.57962,46.90329,1249.4156,-0.40876716,1.7889416,0.39039966,34142.4
MT-Bench,BOTorch,23,0,2e-06,0.02,200,4237.801842784882,71.16041,37.878788,85.44352,79.72515,77.96518,62.357796,78.13563,71.7,87.33766,43.10038,1226.4381,0.36707354,1.0528691,0.6164537,4237.7
MT-Bench,BOTorch,24,1,2e-06,0.02,200,4237.801961755753,71.16041,37.878788,85.44352,79.72515,77.96518,62.357796,78.13563,71.7,87.33766,43.10038,1226.4381,0.36707354,1.0528691,0.6164537,4237.7
MT-Bench,CQR,0,4,4e-07,0.01,1600,120398.52170143128,71.16041,38.88889,86.429115,80.26289,77.25789,64.13544,77.050285,73.86667,87.57962,46.90329,1249.4156,-0.40876716,1.7889416,0.39039966,34142.4
MT-Bench,CQR,1,3,4e-07,0.01,1600,77873.0249341488,71.16041,38.88889,86.429115,80.26289,77.25789,64.13544,77.050285,73.86667,87.57962,46.90329,1249.4156,-0.40876716,1.7889416,0.39039966,34142.4
MT-Bench,CQR,2,5,2e-06,0.02,200,91228.8308614254,71.16041,37.878788,85.44352,79.72515,77.96518,62.357796,78.13563,71.7,87.33766,43.10038,1226.4381,0.36707354,1.0528691,0.6164537,4237.7
MT-Bench,CQR,3,2,4e-07,0.01,1600,77323.01398382187,71.16041,38.88889,86.429115,80.26289,77.25789,64.13544,77.050285,73.86667,87.57962,46.90329,1249.4156,-0.40876716,1.7889416,0.39039966,34142.4
MT-Bench,CQR,4,1,8e-07,0.01,400,8526.601906156538,70.98976,38.88889,86.05004,80.07369,78.29162,63.1063,77.59733,75.933334,87.012985,47.98938,1240.4437,0.06545276,1.3574412,0.53526676,8526.5
MT-Bench,CQR,5,5,8e-07,0.02,400,95507.6641925335,70.819115,37.878788,85.89841,79.56583,77.85637,62.375385,79.39833,70.86667,87.741936,42.64815,1230.9453,-0.15627754,0.74621487,0.17190152,8516.5
MT-Bench,CQR,6,4,8e-07,0.02,400,94917.62683663367,70.819115,37.878788,85.89841,79.56583,77.85637,62.375385,79.39833,70.86667,87.741936,42.64815,1230.9453,-0.15627754,0.74621487,0.17190152,8516.5
MT-Bench,CQR,7,6,4e-07,0.01,1000,151040.92119274137,70.47781,39.39394,85.44352,80.07369,77.52992,63.745186,78.19059,74.96667,87.33766,46.84869,1256.8221,-0.5118613,1.6762062,0.2837996,21339.0
MT-Bench,CQR,8,1,8e-07,0.02,400,8516.602000331877,70.819115,37.878788,85.89841,79.56583,77.85637,62.375385,79.39833,70.86667,87.741936,42.64815,1230.9453,-0.15627754,0.74621487,0.17190152,8516.5
MT-Bench,CQR,9,3,4e-06,0.01,400,51868.71202263833,73.63481,39.89899,89.461716,80.521805,75.51687,66.80005,76.452034,68.166664,87.08609,43.21869,1224.9589,0.5443518,0.47121605,0.517757,8528.1
MT-Bench,CQR,10,0,8e-07,0.02,400,8516.602092361449,70.819115,37.878788,85.89841,79.56583,77.85637,62.375385,79.39833,70.86667,87.741936,42.64815,1230.9453,-0.15627754,0.74621487,0.17190152,8516.5
MT-Bench,CQR,11,1,2e-06,0.02,200,4237.80234656334,71.16041,37.878788,85.44352,79.72515,77.96518,62.357796,78.13563,71.7,87.33766,43.10038,1226.4381,0.36707354,1.0528691,0.6164537,4237.7
MT-Bench,CQR,12,4,8e-07,0.01,400,94947.62198958396,70.98976,38.88889,86.05004,80.07369,78.29162,63.1063,77.59733,75.933334,87.012985,47.98938,1240.4437,0.06545276,1.3574412,0.53526676,8526.5
MT-Bench,CQR,13,6,8e-07,0.02,400,108458.0968161583,70.819115,37.878788,85.89841,79.56583,77.85637,62.375385,79.39833,70.86667,87.741936,42.64815,1230.9453,-0.15627754,0.74621487,0.17190152,8516.5
MT-Bench,CQR,14,3,1e-06,0.01,400,51764.311055278784,71.50171,38.38384,87.03563,80.30273,77.52992,63.918243,78.31548,75.23333,86.92811,50.0,1262.8969,0.2360827,1.5734199,0.72238714,8503.7
MT-Bench,CQR,15,4,8e-07,0.02,400,95077.6377175808,70.819115,37.878788,85.89841,79.56583,77.85637,62.375385,79.39833,70.86667,87.741936,42.64815,1230.9453,-0.15627754,0.74621487,0.17190152,8516.5
MT-Bench,CQR,16,1,8e-07,0.02,400,8516.602180099486,70.819115,37.878788,85.89841,79.56583,77.85637,62.375385,79.39833,70.86667,87.741936,42.64815,1230.9453,-0.15627754,0.74621487,0.17190152,8516.5
MT-Bench,CQR,17,4,8e-07,0.02,400,94982.629045105,70.819115,37.878788,85.89841,79.56583,77.85637,62.375385,79.39833,70.86667,87.741936,42.64815,1230.9453,-0.15627754,0.74621487,0.17190152,8516.5
MT-Bench,CQR,18,3,4e-07,0.01,1600,77323.01396975518,71.16041,38.88889,86.429115,80.26289,77.25789,64.13544,77.050285,73.86667,87.57962,46.90329,1249.4156,-0.40876716,1.7889416,0.39039966,34142.4
MT-Bench,CQR,19,6,2e-06,0.02,200,133939.62692389486,71.16041,37.878788,85.44352,79.72515,77.96518,62.357796,78.13563,71.7,87.33766,43.10038,1226.4381,0.36707354,1.0528691,0.6164537,4237.7
MT-Bench,CQR,20,2,8e-07,0.01,400,21991.761211967467,70.98976,38.88889,86.05004,80.07369,78.29162,63.1063,77.59733,75.933334,87.012985,47.98938,1240.4437,0.06545276,1.3574412,0.53526676,8526.5
MT-Bench,CQR,21,2,4e-07,0.01,1600,77438.0135336876,71.16041,38.88889,86.429115,80.26289,77.25789,64.13544,77.050285,73.86667,87.57962,46.90329,1249.4156,-0.40876716,1.7889416,0.39039966,34142.4
MT-Bench,CQR,22,1,4e-07,0.01,1600,34142.50039372445,71.16041,38.88889,86.429115,80.26289,77.25789,64.13544,77.050285,73.86667,87.57962,46.90329,1249.4156,-0.40876716,1.7889416,0.39039966,34142.4
MT-Bench,CQR,23,5,2e-06,0.02,200,91253.83064494134,71.16041,37.878788,85.44352,79.72515,77.96518,62.357796,78.13563,71.7,87.33766,43.10038,1226.4381,0.36707354,1.0528691,0.6164537,4237.7
MT-Bench,CQR,24,1,8e-07,0.02,400,8516.601942396162,70.819115,37.878788,85.89841,79.56583,77.85637,62.375385,79.39833,70.86667,87.741936,42.64815,1230.9453,-0.15627754,0.74621487,0.17190152,8516.5
MT-Bench,RandomSearch,0,2,8e-07,0.02,400,51737.11262354851,70.819115,37.878788,85.89841,79.56583,77.85637,62.375385,79.39833,70.86667,87.741936,42.64815,1230.9453,-0.15627754,0.74621487,0.17190152,8516.5
MT-Bench,RandomSearch,1,1,8e-07,0.02,400,8516.60277853012,70.819115,37.878788,85.89841,79.56583,77.85637,62.375385,79.39833,70.86667,87.741936,42.64815,1230.9453,-0.15627754,0.74621487,0.17190152,8516.5
MT-Bench,RandomSearch,2,8,4e-07,0.01,1000,151270.68753514288,70.47781,39.39394,85.44352,80.07369,77.52992,63.745186,78.19059,74.96667,87.33766,46.84869,1256.8221,-0.5118613,1.6762062,0.2837996,21339.0
MT-Bench,RandomSearch,3,5,4e-07,0.01,1600,120608.52338824271,71.16041,38.88889,86.429115,80.26289,77.25789,64.13544,77.050285,73.86667,87.57962,46.90329,1249.4156,-0.40876716,1.7889416,0.39039966,34142.4
MT-Bench,RandomSearch,4,1,2e-06,0.02,200,4237.802630519867,71.16041,37.878788,85.44352,79.72515,77.96518,62.357796,78.13563,71.7,87.33766,43.10038,1226.4381,0.36707354,1.0528691,0.6164537,4237.7
MT-Bench,RandomSearch,5,3,8e-07,0.02,400,51837.11425790787,70.819115,37.878788,85.89841,79.56583,77.85637,62.375385,79.39833,70.86667,87.741936,42.64815,1230.9453,-0.15627754,0.74621487,0.17190152,8516.5
MT-Bench,RandomSearch,6,6,8e-07,0.02,400,138058.15365300176,70.819115,37.878788,85.89841,79.56583,77.85637,62.375385,79.39833,70.86667,87.741936,42.64815,1230.9453,-0.15627754,0.74621487,0.17190152,8516.5
MT-Bench,RandomSearch,7,0,8e-07,0.02,400,8516.602183675765,70.819115,37.878788,85.89841,79.56583,77.85637,62.375385,79.39833,70.86667,87.741936,42.64815,1230.9453,-0.15627754,0.74621487,0.17190152,8516.5
MT-Bench,RandomSearch,8,3,8e-07,0.02,400,51777.11645493508,70.819115,37.878788,85.89841,79.56583,77.85637,62.375385,79.39833,70.86667,87.741936,42.64815,1230.9453,-0.15627754,0.74621487,0.17190152,8516.5
MT-Bench,RandomSearch,9,8,8e-07,0.02,400,151783.30964145658,70.819115,37.878788,85.89841,79.56583,77.85637,62.375385,79.39833,70.86667,87.741936,42.64815,1230.9453,-0.15627754,0.74621487,0.17190152,8516.5
MT-Bench,RandomSearch,10,3,2e-06,0.02,200,47523.32101664544,71.16041,37.878788,85.44352,79.72515,77.96518,62.357796,78.13563,71.7,87.33766,43.10038,1226.4381,0.36707354,1.0528691,0.6164537,4237.7
MT-Bench,RandomSearch,11,4,8e-07,0.02,400,94917.62157044411,70.819115,37.878788,85.89841,79.56583,77.85637,62.375385,79.39833,70.86667,87.741936,42.64815,1230.9453,-0.15627754,0.74621487,0.17190152,8516.5
MT-Bench,RandomSearch,12,2,8e-07,0.02,400,21981.76325378418,70.819115,37.878788,85.89841,79.56583,77.85637,62.375385,79.39833,70.86667,87.741936,42.64815,1230.9453,-0.15627754,0.74621487,0.17190152,8516.5
MT-Bench,RandomSearch,13,5,8e-07,0.02,400,95282.66079673768,70.819115,37.878788,85.89841,79.56583,77.85637,62.375385,79.39833,70.86667,87.741936,42.64815,1230.9453,-0.15627754,0.74621487,0.17190152,8516.5
MT-Bench,RandomSearch,14,1,4e-07,0.01,1600,34142.50061664582,71.16041,38.88889,86.429115,80.26289,77.25789,64.13544,77.050285,73.86667,87.57962,46.90329,1249.4156,-0.40876716,1.7889416,0.39039966,34142.4
MT-Bench,RandomSearch,15,2,8e-07,0.02,400,51812.123627042776,70.819115,37.878788,85.89841,79.56583,77.85637,62.375385,79.39833,70.86667,87.741936,42.64815,1230.9453,-0.15627754,0.74621487,0.17190152,8516.5
MT-Bench,RandomSearch,16,5,8e-07,0.02,400,95507.63236079217,70.819115,37.878788,85.89841,79.56583,77.85637,62.375385,79.39833,70.86667,87.741936,42.64815,1230.9453,-0.15627754,0.74621487,0.17190152,8516.5
MT-Bench,RandomSearch,17,3,8e-07,0.02,400,51812.11561546326,70.819115,37.878788,85.89841,79.56583,77.85637,62.375385,79.39833,70.86667,87.741936,42.64815,1230.9453,-0.15627754,0.74621487,0.17190152,8516.5
MT-Bench,RandomSearch,18,4,2e-06,0.02,200,60988.472597455984,71.16041,37.878788,85.44352,79.72515,77.96518,62.357796,78.13563,71.7,87.33766,43.10038,1226.4381,0.36707354,1.0528691,0.6164537,4237.7
MT-Bench,RandomSearch,19,1,1e-06,0.01,400,8503.802739477156,71.50171,38.38384,87.03563,80.30273,77.52992,63.918243,78.31548,75.23333,86.92811,50.0,1262.8969,0.2360827,1.5734199,0.72238714,8503.7
MT-Bench,RandomSearch,20,6,8e-07,0.02,400,78647.43190250397,70.819115,37.878788,85.89841,79.56583,77.85637,62.375385,79.39833,70.86667,87.741936,42.64815,1230.9453,-0.15627754,0.74621487,0.17190152,8516.5
MT-Bench,RandomSearch,21,1,4e-07,0.01,1600,34142.5007678032,71.16041,38.88889,86.429115,80.26289,77.25789,64.13544,77.050285,73.86667,87.57962,46.90329,1249.4156,-0.40876716,1.7889416,0.39039966,34142.4
MT-Bench,RandomSearch,22,0,8e-07,0.02,400,8516.602103328703,70.819115,37.878788,85.89841,79.56583,77.85637,62.375385,79.39833,70.86667,87.741936,42.64815,1230.9453,-0.15627754,0.74621487,0.17190152,8516.5
MT-Bench,RandomSearch,23,3,2e-06,0.02,200,47968.32150754929,71.16041,37.878788,85.44352,79.72515,77.96518,62.357796,78.13563,71.7,87.33766,43.10038,1226.4381,0.36707354,1.0528691,0.6164537,4237.7
MT-Bench,RandomSearch,24,6,8e-07,0.02,400,137998.13937244413,70.819115,37.878788,85.89841,79.56583,77.85637,62.375385,79.39833,70.86667,87.741936,42.64815,1230.9453,-0.15627754,0.74621487,0.17190152,8516.5
MT-Bench,TPE,0,3,8e-07,0.02,400,52247.1135524273,70.819115,37.878788,85.89841,79.56583,77.85637,62.375385,79.39833,70.86667,87.741936,42.64815,1230.9453,-0.15627754,0.74621487,0.17190152,8516.5
MT-Bench,TPE,1,3,8e-07,0.02,400,51857.11711583138,70.819115,37.878788,85.89841,79.56583,77.85637,62.375385,79.39833,70.86667,87.741936,42.64815,1230.9453,-0.15627754,0.74621487,0.17190152,8516.5
MT-Bench,TPE,2,4,8e-07,0.02,400,65322.27315959931,70.819115,37.878788,85.89841,79.56583,77.85637,62.375385,79.39833,70.86667,87.741936,42.64815,1230.9453,-0.15627754,0.74621487,0.17190152,8516.5
MT-Bench,TPE,3,4,8e-07,0.02,400,95002.61930093766,70.819115,37.878788,85.89841,79.56583,77.85637,62.375385,79.39833,70.86667,87.741936,42.64815,1230.9453,-0.15627754,0.74621487,0.17190152,8516.5
MT-Bench,TPE,4,3,4e-07,0.01,1600,77873.01378355027,71.16041,38.88889,86.429115,80.26289,77.25789,64.13544,77.050285,73.86667,87.57962,46.90329,1249.4156,-0.40876716,1.7889416,0.39039966,34142.4
MT-Bench,TPE,5,6,4e-06,0.01,400,108514.3911849022,73.63481,39.89899,89.461716,80.521805,75.51687,66.80005,76.452034,68.166664,87.08609,43.21869,1224.9589,0.5443518,0.47121605,0.517757,8528.1
MT-Bench,TPE,6,7,4e-06,0.01,400,138764.7504383087,73.63481,39.89899,89.461716,80.521805,75.51687,66.80005,76.452034,68.166664,87.08609,43.21869,1224.9589,0.5443518,0.47121605,0.517757,8528.1
MT-Bench,TPE,7,4,8e-07,0.02,400,95117.65391263962,70.819115,37.878788,85.89841,79.56583,77.85637,62.375385,79.39833,70.86667,87.741936,42.64815,1230.9453,-0.15627754,0.74621487,0.17190152,8516.5
MT-Bench,TPE,8,8,8e-07,0.02,400,151928.31107077596,70.819115,37.878788,85.89841,79.56583,77.85637,62.375385,79.39833,70.86667,87.741936,42.64815,1230.9453,-0.15627754,0.74621487,0.17190152,8516.5
MT-Bench,TPE,9,4,2e-06,0.02,200,90798.81512913705,71.16041,37.878788,85.44352,79.72515,77.96518,62.357796,78.13563,71.7,87.33766,43.10038,1226.4381,0.36707354,1.0528691,0.6164537,4237.7
MT-Bench,TPE,10,3,4e-07,0.01,1600,77873.01115570069,71.16041,38.88889,86.429115,80.26289,77.25789,64.13544,77.050285,73.86667,87.57962,46.90329,1249.4156,-0.40876716,1.7889416,0.39039966,34142.4
MT-Bench,TPE,11,0,1e-06,0.01,400,8503.801981544493,71.50171,38.38384,87.03563,80.30273,77.52992,63.918243,78.31548,75.23333,86.92811,50.0,1262.8969,0.2360827,1.5734199,0.72238714,8503.7
MT-Bench,TPE,12,8,8e-07,0.02,400,121927.94670805932,70.819115,37.878788,85.89841,79.56583,77.85637,62.375385,79.39833,70.86667,87.741936,42.64815,1230.9453,-0.15627754,0.74621487,0.17190152,8516.5
MT-Bench,TPE,13,5,8e-07,0.02,400,94992.62036762238,70.819115,37.878788,85.89841,79.56583,77.85637,62.375385,79.39833,70.86667,87.741936,42.64815,1230.9453,-0.15627754,0.74621487,0.17190152,8516.5
MT-Bench,TPE,14,1,8e-07,0.02,400,8516.602020835875,70.819115,37.878788,85.89841,79.56583,77.85637,62.375385,79.39833,70.86667,87.741936,42.64815,1230.9453,-0.15627754,0.74621487,0.17190152,8516.5
MT-Bench,TPE,15,3,4e-07,0.01,1600,77463.0152686596,71.16041,38.88889,86.429115,80.26289,77.25789,64.13544,77.050285,73.86667,87.57962,46.90329,1249.4156,-0.40876716,1.7889416,0.39039966,34142.4
MT-Bench,TPE,16,4,8e-07,0.02,400,94732.61812291146,70.819115,37.878788,85.89841,79.56583,77.85637,62.375385,79.39833,70.86667,87.741936,42.64815,1230.9453,-0.15627754,0.74621487,0.17190152,8516.5
MT-Bench,TPE,17,2,8e-07,0.02,400,51802.1118200779,70.819115,37.878788,85.89841,79.56583,77.85637,62.375385,79.39833,70.86667,87.741936,42.64815,1230.9453,-0.15627754,0.74621487,0.17190152,8516.5
MT-Bench,TPE,18,3,4e-07,0.01,1600,77403.00774464608,71.16041,38.88889,86.429115,80.26289,77.25789,64.13544,77.050285,73.86667,87.57962,46.90329,1249.4156,-0.40876716,1.7889416,0.39039966,34142.4
MT-Bench,TPE,19,1,8e-07,0.02,400,8516.601895666121,70.819115,37.878788,85.89841,79.56583,77.85637,62.375385,79.39833,70.86667,87.741936,42.64815,1230.9453,-0.15627754,0.74621487,0.17190152,8516.5
MT-Bench,TPE,20,5,4e-07,0.01,1600,120908.54842791558,71.16041,38.88889,86.429115,80.26289,77.25789,64.13544,77.050285,73.86667,87.57962,46.90329,1249.4156,-0.40876716,1.7889416,0.39039966,34142.4
MT-Bench,TPE,21,6,8e-07,0.02,400,138168.1387575626,70.819115,37.878788,85.89841,79.56583,77.85637,62.375385,79.39833,70.86667,87.741936,42.64815,1230.9453,-0.15627754,0.74621487,0.17190152,8516.5
MT-Bench,TPE,22,8,2e-06,0.02,200,147464.51015577314,71.16041,37.878788,85.44352,79.72515,77.96518,62.357796,78.13563,71.7,87.33766,43.10038,1226.4381,0.36707354,1.0528691,0.6164537,4237.7
MT-Bench,TPE,23,1,4e-06,0.01,400,8528.2019012928,73.63481,39.89899,89.461716,80.521805,75.51687,66.80005,76.452034,68.166664,87.08609,43.21869,1224.9589,0.5443518,0.47121605,0.517757,8528.1
MT-Bench,TPE,24,7,4e-07,0.01,1000,151260.64951906202,70.47781,39.39394,85.44352,80.07369,77.52992,63.745186,78.19059,74.96667,87.33766,46.84869,1256.8221,-0.5118613,1.6762062,0.2837996,21339.0
Z-All,ASHA,0,0,4e-06,0.02,200,4256.109178876877,71.92833,38.88889,86.50493,80.233025,77.910774,64.28033,78.08692,72.066666,85.76159,41.394894,1237.6453,0.8229036,1.0356995,0.9002839,4256.0
Z-All,ASHA,1,0,2e-06,0.01,200,4259.701853609085,70.819115,38.38384,86.353294,80.233025,77.85637,63.270527,78.69641,77.73333,84.83871,47.87344,1242.7335,0.6731518,1.4293734,0.94814146,4259.6
Z-All,ASHA,2,3,2e-06,0.01,200,47990.22256360055,70.819115,38.38384,86.353294,80.233025,77.85637,63.270527,78.69641,77.73333,84.83871,47.87344,1242.7335,0.6731518,1.4293734,0.94814146,4259.6
Z-All,ASHA,3,1,8e-07,0.01,600,12789.802115058896,71.843,39.89899,87.8696,80.39235,77.52992,64.07252,78.666435,76.7,85.66879,48.91728,1262.5881,0.26037732,1.628744,0.7579652,12789.7
Z-All,ASHA,4,4,4e-06,0.02,200,51821.7638171692,71.92833,38.88889,86.50493,80.233025,77.910774,64.28033,78.08692,72.066666,85.76159,41.394894,1237.6453,0.8229036,1.0356995,0.9002839,4256.0
Z-All,ASHA,5,3,2e-06,0.01,200,47990.22154603005,70.819115,38.38384,86.353294,80.233025,77.85637,63.270527,78.69641,77.73333,84.83871,47.87344,1242.7335,0.6731518,1.4293734,0.94814146,4259.6
Z-All,ASHA,6,1,2e-06,0.01,200,4259.702331399918,70.819115,38.38384,86.353294,80.233025,77.85637,63.270527,78.69641,77.73333,84.83871,47.87344,1242.7335,0.6731518,1.4293734,0.94814146,4259.6
Z-All,ASHA,7,1,2e-06,0.01,200,4259.705683088303,70.819115,38.38384,86.353294,80.233025,77.85637,63.270527,78.69641,77.73333,84.83871,47.87344,1242.7335,0.6731518,1.4293734,0.94814146,4259.6
Z-All,ASHA,8,0,2e-06,0.01,200,4259.701675510407,70.819115,38.38384,86.353294,80.233025,77.85637,63.270527,78.69641,77.73333,84.83871,47.87344,1242.7335,0.6731518,1.4293734,0.94814146,4259.6
Z-All,ASHA,9,11,4e-06,0.02,200,138413.13827667997,71.92833,38.88889,86.50493,80.233025,77.910774,64.28033,78.08692,72.066666,85.76159,41.394894,1237.6453,0.8229036,1.0356995,0.9002839,4256.0
Z-All,ASHA,10,2,8e-07,0.01,600,56035.32880387307,71.843,39.89899,87.8696,80.39235,77.52992,64.07252,78.666435,76.7,85.66879,48.91728,1262.5881,0.26037732,1.628744,0.7579652,12789.7
Z-All,ASHA,11,5,2e-06,0.01,200,90735.83784494593,70.819115,38.38384,86.353294,80.233025,77.85637,63.270527,78.69641,77.73333,84.83871,47.87344,1242.7335,0.6731518,1.4293734,0.94814146,4259.6
Z-All,ASHA,12,2,2e-06,0.01,200,47420.21239981652,70.819115,38.38384,86.353294,80.233025,77.85637,63.270527,78.69641,77.73333,84.83871,47.87344,1242.7335,0.6731518,1.4293734,0.94814146,4259.6
Z-All,ASHA,13,15,2e-06,0.01,200,116217.05388414393,70.819115,38.38384,86.353294,80.233025,77.85637,63.270527,78.69641,77.73333,84.83871,47.87344,1242.7335,0.6731518,1.4293734,0.94814146,4259.6
Z-All,ASHA,14,0,2e-06,0.01,200,4259.702183103562,70.819115,38.38384,86.353294,80.233025,77.85637,63.270527,78.69641,77.73333,84.83871,47.87344,1242.7335,0.6731518,1.4293734,0.94814146,4259.6
Z-All,ASHA,15,9,2e-06,0.01,200,129511.59745417409,70.819115,38.38384,86.353294,80.233025,77.85637,63.270527,78.69641,77.73333,84.83871,47.87344,1242.7335,0.6731518,1.4293734,0.94814146,4259.6
Z-All,ASHA,16,7,2e-06,0.01,200,94331.07294355016,70.819115,38.38384,86.353294,80.233025,77.85637,63.270527,78.69641,77.73333,84.83871,47.87344,1242.7335,0.6731518,1.4293734,0.94814146,4259.6
Z-All,ASHA,17,8,2e-06,0.01,200,96476.1930996018,70.819115,38.38384,86.353294,80.233025,77.85637,63.270527,78.69641,77.73333,84.83871,47.87344,1242.7335,0.6731518,1.4293734,0.94814146,4259.6
Z-All,ASHA,18,8,2e-06,0.01,200,111866.38931070142,70.819115,38.38384,86.353294,80.233025,77.85637,63.270527,78.69641,77.73333,84.83871,47.87344,1242.7335,0.6731518,1.4293734,0.94814146,4259.6
Z-All,ASHA,19,1,2e-06,0.01,200,4259.7026585102085,70.819115,38.38384,86.353294,80.233025,77.85637,63.270527,78.69641,77.73333,84.83871,47.87344,1242.7335,0.6731518,1.4293734,0.94814146,4259.6
Z-All,ASHA,20,6,4e-06,0.02,200,65272.025003294,71.92833,38.88889,86.50493,80.233025,77.910774,64.28033,78.08692,72.066666,85.76159,41.394894,1237.6453,0.8229036,1.0356995,0.9002839,4256.0
Z-All,ASHA,21,3,2e-06,0.01,200,47565.21235427857,70.819115,38.38384,86.353294,80.233025,77.85637,63.270527,78.69641,77.73333,84.83871,47.87344,1242.7335,0.6731518,1.4293734,0.94814146,4259.6
Z-All,ASHA,22,2,2e-06,0.01,200,47565.23050937653,70.819115,38.38384,86.353294,80.233025,77.85637,63.270527,78.69641,77.73333,84.83871,47.87344,1242.7335,0.6731518,1.4293734,0.94814146,4259.6
Z-All,ASHA,23,7,2e-06,0.01,200,79876.0143092709,70.819115,38.38384,86.353294,80.233025,77.85637,63.270527,78.69641,77.73333,84.83871,47.87344,1242.7335,0.6731518,1.4293734,0.94814146,4259.6
Z-All,ASHA,24,3,2e-06,0.01,200,47505.22193870545,70.819115,38.38384,86.353294,80.233025,77.85637,63.270527,78.69641,77.73333,84.83871,47.87344,1242.7335,0.6731518,1.4293734,0.94814146,4259.6
Z-All,BOHB,0,5,2e-06,0.01,200,68705.67204533005,70.819115,38.38384,86.353294,80.233025,77.85637,63.270527,78.69641,77.73333,84.83871,47.87344,1242.7335,0.6731518,1.4293734,0.94814146,4259.6
Z-All,BOHB,1,0,2e-06,0.01,200,4259.714496469498,70.819115,38.38384,86.353294,80.233025,77.85637,63.270527,78.69641,77.73333,84.83871,47.87344,1242.7335,0.6731518,1.4293734,0.94814146,4259.6
Z-All,BOHB,2,3,2e-06,0.01,200,47990.221879100805,70.819115,38.38384,86.353294,80.233025,77.85637,63.270527,78.69641,77.73333,84.83871,47.87344,1242.7335,0.6731518,1.4293734,0.94814146,4259.6
Z-All,BOHB,3,6,2e-06,0.01,200,60340.66343699074,70.819115,38.38384,86.353294,80.233025,77.85637,63.270527,78.69641,77.73333,84.83871,47.87344,1242.7335,0.6731518,1.4293734,0.94814146,4259.6
Z-All,BOHB,4,4,4e-06,0.02,200,51821.76082811547,71.92833,38.88889,86.50493,80.233025,77.910774,64.28033,78.08692,72.066666,85.76159,41.394894,1237.6453,0.8229036,1.0356995,0.9002839,4256.0
Z-All,BOHB,5,3,2e-06,0.01,200,47990.21616539956,70.819115,38.38384,86.353294,80.233025,77.85637,63.270527,78.69641,77.73333,84.83871,47.87344,1242.7335,0.6731518,1.4293734,0.94814146,4259.6
Z-All,BOHB,6,1,2e-06,0.01,200,4259.701870775223,70.819115,38.38384,86.353294,80.233025,77.85637,63.270527,78.69641,77.73333,84.83871,47.87344,1242.7335,0.6731518,1.4293734,0.94814146,4259.6
Z-All,BOHB,7,1,2e-06,0.01,200,4259.7036322116855,70.819115,38.38384,86.353294,80.233025,77.85637,63.270527,78.69641,77.73333,84.83871,47.87344,1242.7335,0.6731518,1.4293734,0.94814146,4259.6
Z-All,BOHB,8,0,2e-06,0.01,200,4259.701763010025,70.819115,38.38384,86.353294,80.233025,77.85637,63.270527,78.69641,77.73333,84.83871,47.87344,1242.7335,0.6731518,1.4293734,0.94814146,4259.6
Z-All,BOHB,9,10,2e-06,0.01,200,152426.78179059603,70.819115,38.38384,86.353294,80.233025,77.85637,63.270527,78.69641,77.73333,84.83871,47.87344,1242.7335,0.6731518,1.4293734,0.94814146,4259.6
Z-All,BOHB,10,12,2e-06,0.01,200,146137.01227842516,70.819115,38.38384,86.353294,80.233025,77.85637,63.270527,78.69641,77.73333,84.83871,47.87344,1242.7335,0.6731518,1.4293734,0.94814146,4259.6
Z-All,BOHB,11,6,2e-06,0.01,200,95000.97992835428,70.819115,38.38384,86.353294,80.233025,77.85637,63.270527,78.69641,77.73333,84.83871,47.87344,1242.7335,0.6731518,1.4293734,0.94814146,4259.6
Z-All,BOHB,12,2,2e-06,0.01,200,47420.2359949112,70.819115,38.38384,86.353294,80.233025,77.85637,63.270527,78.69641,77.73333,84.83871,47.87344,1242.7335,0.6731518,1.4293734,0.94814146,4259.6
Z-All,BOHB,13,11,2e-06,0.01,200,90621.44695602804,70.819115,38.38384,86.353294,80.233025,77.85637,63.270527,78.69641,77.73333,84.83871,47.87344,1242.7335,0.6731518,1.4293734,0.94814146,4259.6
Z-All,BOHB,14,0,2e-06,0.01,200,4259.701756334305,70.819115,38.38384,86.353294,80.233025,77.85637,63.270527,78.69641,77.73333,84.83871,47.87344,1242.7335,0.6731518,1.4293734,0.94814146,4259.6
Z-All,BOHB,15,5,2e-06,0.01,200,90820.82623706057,70.819115,38.38384,86.353294,80.233025,77.85637,63.270527,78.69641,77.73333,84.83871,47.87344,1242.7335,0.6731518,1.4293734,0.94814146,4259.6
Z-All,BOHB,16,9,2e-06,0.01,200,99656.35564504632,70.819115,38.38384,86.353294,80.233025,77.85637,63.270527,78.69641,77.73333,84.83871,47.87344,1242.7335,0.6731518,1.4293734,0.94814146,4259.6
Z-All,BOHB,17,12,2e-06,0.01,200,142272.06089173694,70.819115,38.38384,86.353294,80.233025,77.85637,63.270527,78.69641,77.73333,84.83871,47.87344,1242.7335,0.6731518,1.4293734,0.94814146,4259.6
Z-All,BOHB,18,6,2e-06,0.01,200,94910.98818288233,70.819115,38.38384,86.353294,80.233025,77.85637,63.270527,78.69641,77.73333,84.83871,47.87344,1242.7335,0.6731518,1.4293734,0.94814146,4259.6
Z-All,BOHB,19,1,2e-06,0.01,200,4259.702197647095,70.819115,38.38384,86.353294,80.233025,77.85637,63.270527,78.69641,77.73333,84.83871,47.87344,1242.7335,0.6731518,1.4293734,0.94814146,4259.6
Z-All,BOHB,20,5,1e-06,0.01,400,56044.56873236084,71.50171,38.38384,87.03563,80.30273,77.52992,63.918243,78.31548,75.23333,86.92811,50.0,1262.8969,0.2360827,1.5734199,0.72238714,8503.7
Z-All,BOHB,21,3,2e-06,0.01,200,47565.23137364388,70.819115,38.38384,86.353294,80.233025,77.85637,63.270527,78.69641,77.73333,84.83871,47.87344,1242.7335,0.6731518,1.4293734,0.94814146,4259.6
Z-All,BOHB,22,2,2e-06,0.01,200,47565.221548652655,70.819115,38.38384,86.353294,80.233025,77.85637,63.270527,78.69641,77.73333,84.83871,47.87344,1242.7335,0.6731518,1.4293734,0.94814146,4259.6
Z-All,BOHB,23,3,4e-06,0.04,200,45056.42680821419,71.58703,39.39394,86.27748,79.994026,77.693146,63.703495,78.71265,70.1,81.818184,37.30453,1206.29,0.77417284,0.5947283,0.7089203,1325.8
Z-All,BOHB,24,3,2e-06,0.01,200,47505.21471700669,70.819115,38.38384,86.353294,80.233025,77.85637,63.270527,78.69641,77.73333,84.83871,47.87344,1242.7335,0.6731518,1.4293734,0.94814146,4259.6
Z-All,BOTorch,0,0,4e-06,0.02,200,4256.101739263535,71.92833,38.88889,86.50493,80.233025,77.910774,64.28033,78.08692,72.066666,85.76159,41.394894,1237.6453,0.8229036,1.0356995,0.9002839,4256.0
Z-All,BOTorch,1,1,2e-06,0.01,200,4259.701890325547,70.819115,38.38384,86.353294,80.233025,77.85637,63.270527,78.69641,77.73333,84.83871,47.87344,1242.7335,0.6731518,1.4293734,0.94814146,4259.6
Z-All,BOTorch,2,3,8e-07,0.01,600,56035.31473383904,71.843,39.89899,87.8696,80.39235,77.52992,64.07252,78.666435,76.7,85.66879,48.91728,1262.5881,0.26037732,1.628744,0.7579652,12789.7
Z-All,BOTorch,3,3,4e-06,0.02,200,47501.61442360879,71.92833,38.88889,86.50493,80.233025,77.910774,64.28033,78.08692,72.066666,85.76159,41.394894,1237.6453,0.8229036,1.0356995,0.9002839,4256.0
Z-All,BOTorch,4,1,4e-06,0.02,200,4256.102331256867,71.92833,38.88889,86.50493,80.233025,77.910774,64.28033,78.08692,72.066666,85.76159,41.394894,1237.6453,0.8229036,1.0356995,0.9002839,4256.0
Z-All,BOTorch,5,0,2e-06,0.01,200,4259.7018462181095,70.819115,38.38384,86.353294,80.233025,77.85637,63.270527,78.69641,77.73333,84.83871,47.87344,1242.7335,0.6731518,1.4293734,0.94814146,4259.6
Z-All,BOTorch,6,1,4e-06,0.01,800,17056.301338529585,74.14676,40.909092,89.84079,81.75662,76.76823,67.76889,78.525314,60.966667,84.74026,38.379505,1165.6097,1.2448614,-0.38243577,0.65311694,17056.2
Z-All,BOTorch,7,1,1e-06,0.01,400,8503.802066421507,71.50171,38.38384,87.03563,80.30273,77.52992,63.918243,78.31548,75.23333,86.92811,50.0,1262.8969,0.2360827,1.5734199,0.72238714,8503.7
Z-All,BOTorch,8,0,2e-06,0.04,200,4262.501718616486,70.819115,38.88889,84.60955,79.615616,78.07399,60.554516,80.688515,70.13333,83.11688,32.8592,1195.9059,0.7122974,0.4783581,0.62722856,4262.4
Z-All,BOTorch,9,0,4e-06,0.02,200,4256.102056360245,71.92833,38.88889,86.50493,80.233025,77.910774,64.28033,78.08692,72.066666,85.76159,41.394894,1237.6453,0.8229036,1.0356995,0.9002839,4256.0
Z-All,BOTorch,10,3,2e-06,0.01,200,47600.21440587044,70.819115,38.38384,86.353294,80.233025,77.85637,63.270527,78.69641,77.73333,84.83871,47.87344,1242.7335,0.6731518,1.4293734,0.94814146,4259.6
Z-All,BOTorch,11,2,2e-06,0.02,200,47558.316298818594,71.16041,37.878788,85.44352,79.72515,77.96518,62.357796,78.13563,71.7,87.33766,43.10038,1226.4381,0.36707354,1.0528691,0.6164537,4237.7
Z-All,BOTorch,12,1,4e-06,0.01,800,17056.301251029967,74.14676,40.909092,89.84079,81.75662,76.76823,67.76889,78.525314,60.966667,84.74026,38.379505,1165.6097,1.2448614,-0.38243577,0.65311694,17056.2
Z-All,BOTorch,13,3,2e-06,0.04,200,47993.02529678345,70.819115,38.88889,84.60955,79.615616,78.07399,60.554516,80.688515,70.13333,83.11688,32.8592,1195.9059,0.7122974,0.4783581,0.62722856,4262.4
Z-All,BOTorch,14,3,4e-06,0.02,200,47561.61788616181,71.92833,38.88889,86.50493,80.233025,77.910774,64.28033,78.08692,72.066666,85.76159,41.394894,1237.6453,0.8229036,1.0356995,0.9002839,4256.0
Z-All,BOTorch,15,3,8e-07,0.01,600,56520.32775292397,71.843,39.89899,87.8696,80.39235,77.52992,64.07252,78.666435,76.7,85.66879,48.91728,1262.5881,0.26037732,1.628744,0.7579652,12789.7
Z-All,BOTorch,16,2,2e-06,0.04,200,47298.01110372544,70.819115,38.88889,84.60955,79.615616,78.07399,60.554516,80.688515,70.13333,83.11688,32.8592,1195.9059,0.7122974,0.4783581,0.62722856,4262.4
Z-All,BOTorch,17,3,2e-06,0.02,200,47968.31959471703,71.16041,37.878788,85.44352,79.72515,77.96518,62.357796,78.13563,71.7,87.33766,43.10038,1226.4381,0.36707354,1.0528691,0.6164537,4237.7
Z-All,BOTorch,18,2,2e-06,0.01,200,47480.21497163773,70.819115,38.38384,86.353294,80.233025,77.85637,63.270527,78.69641,77.73333,84.83871,47.87344,1242.7335,0.6731518,1.4293734,0.94814146,4259.6
Z-All,BOTorch,19,0,2e-06,0.01,200,4259.702521181107,70.819115,38.38384,86.353294,80.233025,77.85637,63.270527,78.69641,77.73333,84.83871,47.87344,1242.7335,0.6731518,1.4293734,0.94814146,4259.6
Z-All,BOTorch,20,3,2e-06,0.04,200,47508.01738080979,70.819115,38.88889,84.60955,79.615616,78.07399,60.554516,80.688515,70.13333,83.11688,32.8592,1195.9059,0.7122974,0.4783581,0.62722856,4262.4
Z-All,BOTorch,21,0,2e-06,0.02,200,4237.801846122742,71.16041,37.878788,85.44352,79.72515,77.96518,62.357796,78.13563,71.7,87.33766,43.10038,1226.4381,0.36707354,1.0528691,0.6164537,4237.7
Z-All,BOTorch,22,0,2e-06,0.01,200,4259.702077007294,70.819115,38.38384,86.353294,80.233025,77.85637,63.270527,78.69641,77.73333,84.83871,47.87344,1242.7335,0.6731518,1.4293734,0.94814146,4259.6
Z-All,BOTorch,23,1,2e-06,0.01,200,4259.701873636246,70.819115,38.38384,86.353294,80.233025,77.85637,63.270527,78.69641,77.73333,84.83871,47.87344,1242.7335,0.6731518,1.4293734,0.94814146,4259.6
Z-All,BOTorch,24,2,1e-06,0.01,400,51539.32238826752,71.50171,38.38384,87.03563,80.30273,77.52992,63.918243,78.31548,75.23333,86.92811,50.0,1262.8969,0.2360827,1.5734199,0.72238714,8503.7
Z-All,CQR,0,0,4e-06,0.02,200,4256.101756668091,71.92833,38.88889,86.50493,80.233025,77.910774,64.28033,78.08692,72.066666,85.76159,41.394894,1237.6453,0.8229036,1.0356995,0.9002839,4256.0
Z-All,CQR,1,0,2e-06,0.01,200,4259.701853609085,70.819115,38.38384,86.353294,80.233025,77.85637,63.270527,78.69641,77.73333,84.83871,47.87344,1242.7335,0.6731518,1.4293734,0.94814146,4259.6
Z-All,CQR,2,3,2e-06,0.01,200,47990.22177133561,70.819115,38.38384,86.353294,80.233025,77.85637,63.270527,78.69641,77.73333,84.83871,47.87344,1242.7335,0.6731518,1.4293734,0.94814146,4259.6
Z-All,CQR,3,1,8e-07,0.01,600,12789.802311992644,71.843,39.89899,87.8696,80.39235,77.52992,64.07252,78.666435,76.7,85.66879,48.91728,1262.5881,0.26037732,1.628744,0.7579652,12789.7
Z-All,CQR,4,7,2e-06,0.01,200,134191.79342923162,70.819115,38.38384,86.353294,80.233025,77.85637,63.270527,78.69641,77.73333,84.83871,47.87344,1242.7335,0.6731518,1.4293734,0.94814146,4259.6
Z-All,CQR,5,3,2e-06,0.01,200,47990.22182521821,70.819115,38.38384,86.353294,80.233025,77.85637,63.270527,78.69641,77.73333,84.83871,47.87344,1242.7335,0.6731518,1.4293734,0.94814146,4259.6
Z-All,CQR,6,1,2e-06,0.01,200,4259.702000951767,70.819115,38.38384,86.353294,80.233025,77.85637,63.270527,78.69641,77.73333,84.83871,47.87344,1242.7335,0.6731518,1.4293734,0.94814146,4259.6
Z-All,CQR,7,1,2e-06,0.01,200,4259.701881504059,70.819115,38.38384,86.353294,80.233025,77.85637,63.270527,78.69641,77.73333,84.83871,47.87344,1242.7335,0.6731518,1.4293734,0.94814146,4259.6
Z-All,CQR,8,0,2e-06,0.01,200,4259.702014780045,70.819115,38.38384,86.353294,80.233025,77.85637,63.270527,78.69641,77.73333,84.83871,47.87344,1242.7335,0.6731518,1.4293734,0.94814146,4259.6
Z-All,CQR,9,6,2e-06,0.01,200,104086.1837430954,70.819115,38.38384,86.353294,80.233025,77.85637,63.270527,78.69641,77.73333,84.83871,47.87344,1242.7335,0.6731518,1.4293734,0.94814146,4259.6
Z-All,CQR,10,2,8e-07,0.01,600,56035.31760368348,71.843,39.89899,87.8696,80.39235,77.52992,64.07252,78.666435,76.7,85.66879,48.91728,1262.5881,0.26037732,1.628744,0.7579652,12789.7
Z-All,CQR,11,2,4e-06,0.02,200,47291.61066970826,71.92833,38.88889,86.50493,80.233025,77.910774,64.28033,78.08692,72.066666,85.76159,41.394894,1237.6453,0.8229036,1.0356995,0.9002839,4256.0
Z-All,CQR,12,2,2e-06,0.01,200,47420.21551046372,70.819115,38.38384,86.353294,80.233025,77.85637,63.270527,78.69641,77.73333,84.83871,47.87344,1242.7335,0.6731518,1.4293734,0.94814146,4259.6
Z-All,CQR,13,6,2e-06,0.01,200,104201.13179979323,70.819115,38.38384,86.353294,80.233025,77.85637,63.270527,78.69641,77.73333,84.83871,47.87344,1242.7335,0.6731518,1.4293734,0.94814146,4259.6
Z-All,CQR,14,0,2e-06,0.01,200,4259.701953983307,70.819115,38.38384,86.353294,80.233025,77.85637,63.270527,78.69641,77.73333,84.83871,47.87344,1242.7335,0.6731518,1.4293734,0.94814146,4259.6
Z-All,CQR,15,1,4e-06,0.02,200,4256.10177526474,71.92833,38.88889,86.50493,80.233025,77.910774,64.28033,78.08692,72.066666,85.76159,41.394894,1237.6453,0.8229036,1.0356995,0.9002839,4256.0
Z-All,CQR,16,3,4e-06,0.02,200,47501.61691150666,71.92833,38.88889,86.50493,80.233025,77.910774,64.28033,78.08692,72.066666,85.76159,41.394894,1237.6453,0.8229036,1.0356995,0.9002839,4256.0
Z-All,CQR,17,3,4e-06,0.02,200,47551.6158007145,71.92833,38.88889,86.50493,80.233025,77.910774,64.28033,78.08692,72.066666,85.76159,41.394894,1237.6453,0.8229036,1.0356995,0.9002839,4256.0
Z-All,CQR,18,0,1e-06,0.01,400,8503.802148675917,71.50171,38.38384,87.03563,80.30273,77.52992,63.918243,78.31548,75.23333,86.92811,50.0,1262.8969,0.2360827,1.5734199,0.72238714,8503.7
Z-All,CQR,19,1,2e-06,0.01,200,4259.701989030838,70.819115,38.38384,86.353294,80.233025,77.85637,63.270527,78.69641,77.73333,84.83871,47.87344,1242.7335,0.6731518,1.4293734,0.94814146,4259.6
Z-All,CQR,20,2,8e-07,0.01,600,26254.96856126785,71.843,39.89899,87.8696,80.39235,77.52992,64.07252,78.666435,76.7,85.66879,48.91728,1262.5881,0.26037732,1.628744,0.7579652,12789.7
Z-All,CQR,21,3,2e-06,0.01,200,47565.21541938782,70.819115,38.38384,86.353294,80.233025,77.85637,63.270527,78.69641,77.73333,84.83871,47.87344,1242.7335,0.6731518,1.4293734,0.94814146,4259.6
Z-All,CQR,22,2,2e-06,0.01,200,47565.22002491952,70.819115,38.38384,86.353294,80.233025,77.85637,63.270527,78.69641,77.73333,84.83871,47.87344,1242.7335,0.6731518,1.4293734,0.94814146,4259.6
Z-All,CQR,23,6,4e-06,0.02,200,104612.56003103255,71.92833,38.88889,86.50493,80.233025,77.910774,64.28033,78.08692,72.066666,85.76159,41.394894,1237.6453,0.8229036,1.0356995,0.9002839,4256.0
Z-All,CQR,24,3,2e-06,0.01,200,47505.22918758393,70.819115,38.38384,86.353294,80.233025,77.85637,63.270527,78.69641,77.73333,84.83871,47.87344,1242.7335,0.6731518,1.4293734,0.94814146,4259.6
Z-All,RandomSearch,0,2,8e-07,0.01,600,56130.31439766885,71.843,39.89899,87.8696,80.39235,77.52992,64.07252,78.666435,76.7,85.66879,48.91728,1262.5881,0.26037732,1.628744,0.7579652,12789.7
Z-All,RandomSearch,1,0,4e-06,0.02,200,4256.101699924469,71.92833,38.88889,86.50493,80.233025,77.910774,64.28033,78.08692,72.066666,85.76159,41.394894,1237.6453,0.8229036,1.0356995,0.9002839,4256.0
Z-All,RandomSearch,2,7,4e-06,0.02,200,134667.65600857732,71.92833,38.88889,86.50493,80.233025,77.910774,64.28033,78.08692,72.066666,85.76159,41.394894,1237.6453,0.8229036,1.0356995,0.9002839,4256.0
Z-All,RandomSearch,3,3,4e-06,0.02,200,47501.627076959616,71.92833,38.88889,86.50493,80.233025,77.910774,64.28033,78.08692,72.066666,85.76159,41.394894,1237.6453,0.8229036,1.0356995,0.9002839,4256.0
Z-All,RandomSearch,4,5,2e-06,0.01,200,90800.7480474472,70.819115,38.38384,86.353294,80.233025,77.85637,63.270527,78.69641,77.73333,84.83871,47.87344,1242.7335,0.6731518,1.4293734,0.94814146,4259.6
Z-All,RandomSearch,5,7,2e-06,0.01,200,134006.26230535505,70.819115,38.38384,86.353294,80.233025,77.85637,63.270527,78.69641,77.73333,84.83871,47.87344,1242.7335,0.6731518,1.4293734,0.94814146,4259.6
Z-All,RandomSearch,6,1,2e-06,0.01,200,4259.701868152619,70.819115,38.38384,86.353294,80.233025,77.85637,63.270527,78.69641,77.73333,84.83871,47.87344,1242.7335,0.6731518,1.4293734,0.94814146,4259.6
Z-All,RandomSearch,7,4,4e-06,0.02,200,91327.1556163788,71.92833,38.88889,86.50493,80.233025,77.910774,64.28033,78.08692,72.066666,85.76159,41.394894,1237.6453,0.8229036,1.0356995,0.9002839,4256.0
Z-All,RandomSearch,8,4,1e-06,0.01,400,94909.836928463,71.50171,38.38384,87.03563,80.30273,77.52992,63.918243,78.31548,75.23333,86.92811,50.0,1262.8969,0.2360827,1.5734199,0.72238714,8503.7
Z-All,RandomSearch,9,0,2e-06,0.01,200,4259.7023871898655,70.819115,38.38384,86.353294,80.233025,77.85637,63.270527,78.69641,77.73333,84.83871,47.87344,1242.7335,0.6731518,1.4293734,0.94814146,4259.6
Z-All,RandomSearch,10,2,4e-06,0.02,200,47596.620375251776,71.92833,38.88889,86.50493,80.233025,77.910774,64.28033,78.08692,72.066666,85.76159,41.394894,1237.6453,0.8229036,1.0356995,0.9002839,4256.0
Z-All,RandomSearch,11,7,4e-06,0.02,200,134197.65735993383,71.92833,38.88889,86.50493,80.233025,77.910774,64.28033,78.08692,72.066666,85.76159,41.394894,1237.6453,0.8229036,1.0356995,0.9002839,4256.0
Z-All,RandomSearch,12,0,2e-06,0.01,200,4259.702104902268,70.819115,38.38384,86.353294,80.233025,77.85637,63.270527,78.69641,77.73333,84.83871,47.87344,1242.7335,0.6731518,1.4293734,0.94814146,4259.6
Z-All,RandomSearch,13,1,4e-06,0.02,200,4256.102148389817,71.92833,38.88889,86.50493,80.233025,77.910774,64.28033,78.08692,72.066666,85.76159,41.394894,1237.6453,0.8229036,1.0356995,0.9002839,4256.0
Z-All,RandomSearch,14,0,8e-07,0.01,600,12789.801866626738,71.843,39.89899,87.8696,80.39235,77.52992,64.07252,78.666435,76.7,85.66879,48.91728,1262.5881,0.26037732,1.628744,0.7579652,12789.7
Z-All,RandomSearch,15,5,8e-07,0.01,600,99470.83145008088,71.843,39.89899,87.8696,80.39235,77.52992,64.07252,78.666435,76.7,85.66879,48.91728,1262.5881,0.26037732,1.628744,0.7579652,12789.7
Z-All,RandomSearch,16,2,4e-06,0.02,200,17721.265730476378,71.92833,38.88889,86.50493,80.233025,77.910774,64.28033,78.08692,72.066666,85.76159,41.394894,1237.6453,0.8229036,1.0356995,0.9002839,4256.0
Z-All,RandomSearch,17,3,2e-06,0.01,200,47555.23110017777,70.819115,38.38384,86.353294,80.233025,77.85637,63.270527,78.69641,77.73333,84.83871,47.87344,1242.7335,0.6731518,1.4293734,0.94814146,4259.6
Z-All,RandomSearch,18,4,8e-07,0.01,600,99555.8425825596,71.843,39.89899,87.8696,80.39235,77.52992,64.07252,78.666435,76.7,85.66879,48.91728,1262.5881,0.26037732,1.628744,0.7579652,12789.7
Z-All,RandomSearch,19,5,2e-06,0.01,200,90580.73508296012,70.819115,38.38384,86.353294,80.233025,77.85637,63.270527,78.69641,77.73333,84.83871,47.87344,1242.7335,0.6731518,1.4293734,0.94814146,4259.6
Z-All,RandomSearch,20,2,2e-06,0.01,200,47295.21379933358,70.819115,38.38384,86.353294,80.233025,77.85637,63.270527,78.69641,77.73333,84.83871,47.87344,1242.7335,0.6731518,1.4293734,0.94814146,4259.6
Z-All,RandomSearch,21,5,4e-06,0.02,200,90762.13719830514,71.92833,38.88889,86.50493,80.233025,77.910774,64.28033,78.08692,72.066666,85.76159,41.394894,1237.6453,0.8229036,1.0356995,0.9002839,4256.0
Z-All,RandomSearch,22,2,2e-06,0.01,200,47460.21614084244,70.819115,38.38384,86.353294,80.233025,77.85637,63.270527,78.69641,77.73333,84.83871,47.87344,1242.7335,0.6731518,1.4293734,0.94814146,4259.6
Z-All,RandomSearch,23,5,2e-06,0.01,200,90745.72306427956,70.819115,38.38384,86.353294,80.233025,77.85637,63.270527,78.69641,77.73333,84.83871,47.87344,1242.7335,0.6731518,1.4293734,0.94814146,4259.6
Z-All,RandomSearch,24,2,2e-06,0.01,200,47420.21674022675,70.819115,38.38384,86.353294,80.233025,77.85637,63.270527,78.69641,77.73333,84.83871,47.87344,1242.7335,0.6731518,1.4293734,0.94814146,4259.6
Z-All,TPE,0,2,4e-06,0.01,800,60376.82029685975,74.14676,40.909092,89.84079,81.75662,76.76823,67.76889,78.525314,60.966667,84.74026,38.379505,1165.6097,1.2448614,-0.38243577,0.65311694,17056.2
Z-All,TPE,1,9,2e-06,0.01,200,147511.4244950771,70.819115,38.38384,86.353294,80.233025,77.85637,63.270527,78.69641,77.73333,84.83871,47.87344,1242.7335,0.6731518,1.4293734,0.94814146,4259.6
Z-All,TPE,2,0,8e-07,0.01,600,12789.80235443115,71.843,39.89899,87.8696,80.39235,77.52992,64.07252,78.666435,76.7,85.66879,48.91728,1262.5881,0.26037732,1.628744,0.7579652,12789.7
Z-All,TPE,3,6,2e-06,0.01,200,133981.27045760152,70.819115,38.38384,86.353294,80.233025,77.85637,63.270527,78.69641,77.73333,84.83871,47.87344,1242.7335,0.6731518,1.4293734,0.94814146,4259.6
Z-All,TPE,4,7,2e-06,0.01,200,133651.28170595167,70.819115,38.38384,86.353294,80.233025,77.85637,63.270527,78.69641,77.73333,84.83871,47.87344,1242.7335,0.6731518,1.4293734,0.94814146,4259.6
Z-All,TPE,5,5,2e-06,0.01,200,90905.73440799714,70.819115,38.38384,86.353294,80.233025,77.85637,63.270527,78.69641,77.73333,84.83871,47.87344,1242.7335,0.6731518,1.4293734,0.94814146,4259.6
Z-All,TPE,6,6,4e-06,0.04,200,131112.46205053327,71.58703,39.39394,86.27748,79.994026,77.693146,63.703495,78.71265,70.1,81.818184,37.30453,1206.29,0.77417284,0.5947283,0.7089203,1325.8
Z-All,TPE,7,0,8e-07,0.01,600,12789.802222347258,71.843,39.89899,87.8696,80.39235,77.52992,64.07252,78.666435,76.7,85.66879,48.91728,1262.5881,0.26037732,1.628744,0.7579652,12789.7
Z-All,TPE,8,1,8e-07,0.01,600,12789.80236635208,71.843,39.89899,87.8696,80.39235,77.52992,64.07252,78.666435,76.7,85.66879,48.91728,1262.5881,0.26037732,1.628744,0.7579652,12789.7
Z-All,TPE,9,7,4e-06,0.02,200,134082.6514540672,71.92833,38.88889,86.50493,80.233025,77.910774,64.28033,78.08692,72.066666,85.76159,41.394894,1237.6453,0.8229036,1.0356995,0.9002839,4256.0
Z-All,TPE,10,2,2e-06,0.01,200,47420.20745453835,70.819115,38.38384,86.353294,80.233025,77.85637,63.270527,78.69641,77.73333,84.83871,47.87344,1242.7335,0.6731518,1.4293734,0.94814146,4259.6
Z-All,TPE,11,0,2e-06,0.01,200,4259.701994276047,70.819115,38.38384,86.353294,80.233025,77.85637,63.270527,78.69641,77.73333,84.83871,47.87344,1242.7335,0.6731518,1.4293734,0.94814146,4259.6
Z-All,TPE,12,8,8e-07,0.01,600,156186.52738914487,71.843,39.89899,87.8696,80.39235,77.52992,64.07252,78.666435,76.7,85.66879,48.91728,1262.5881,0.26037732,1.628744,0.7579652,12789.7
Z-All,TPE,13,5,1e-06,0.01,400,95009.83286795615,71.50171,38.38384,87.03563,80.30273,77.52992,63.918243,78.31548,75.23333,86.92811,50.0,1262.8969,0.2360827,1.5734199,0.72238714,8503.7
Z-All,TPE,14,7,8e-07,0.01,600,126366.15876636506,71.843,39.89899,87.8696,80.39235,77.52992,64.07252,78.666435,76.7,85.66879,48.91728,1262.5881,0.26037732,1.628744,0.7579652,12789.7
Z-All,TPE,15,2,4e-06,0.02,200,47501.6131969452,71.92833,38.88889,86.50493,80.233025,77.910774,64.28033,78.08692,72.066666,85.76159,41.394894,1237.6453,0.8229036,1.0356995,0.9002839,4256.0
Z-All,TPE,16,6,4e-06,0.02,200,134207.66660127637,71.92833,38.88889,86.50493,80.233025,77.910774,64.28033,78.08692,72.066666,85.76159,41.394894,1237.6453,0.8229036,1.0356995,0.9002839,4256.0
Z-All,TPE,17,4,4e-06,0.02,200,90742.13152346612,71.92833,38.88889,86.50493,80.233025,77.910774,64.28033,78.08692,72.066666,85.76159,41.394894,1237.6453,0.8229036,1.0356995,0.9002839,4256.0
Z-All,TPE,18,0,8e-07,0.01,600,12789.8020611763,71.843,39.89899,87.8696,80.39235,77.52992,64.07252,78.666435,76.7,85.66879,48.91728,1262.5881,0.26037732,1.628744,0.7579652,12789.7
Z-All,TPE,19,9,2e-06,0.01,200,147776.42425713537,70.819115,38.38384,86.353294,80.233025,77.85637,63.270527,78.69641,77.73333,84.83871,47.87344,1242.7335,0.6731518,1.4293734,0.94814146,4259.6
Z-All,TPE,20,6,4e-06,0.02,200,104757.29489860537,71.92833,38.88889,86.50493,80.233025,77.910774,64.28033,78.08692,72.066666,85.76159,41.394894,1237.6453,0.8229036,1.0356995,0.9002839,4256.0
Z-All,TPE,21,2,2e-06,0.01,200,47440.22934470177,70.819115,38.38384,86.353294,80.233025,77.85637,63.270527,78.69641,77.73333,84.83871,47.87344,1242.7335,0.6731518,1.4293734,0.94814146,4259.6
Z-All,TPE,22,1,2e-06,0.01,200,4259.701996660233,70.819115,38.38384,86.353294,80.233025,77.85637,63.270527,78.69641,77.73333,84.83871,47.87344,1242.7335,0.6731518,1.4293734,0.94814146,4259.6
Z-All,TPE,23,5,2e-06,0.01,200,90615.7349105835,70.819115,38.38384,86.353294,80.233025,77.85637,63.270527,78.69641,77.73333,84.83871,47.87344,1242.7335,0.6731518,1.4293734,0.94814146,4259.6
Z-All,TPE,24,2,4e-06,0.01,800,60091.81140789986,74.14676,40.909092,89.84079,81.75662,76.76823,67.76889,78.525314,60.966667,84.74026,38.379505,1165.6097,1.2448614,-0.38243577,0.65311694,17056.2
