search_objective,optimizer,seed,trial_id,lr,beta,dpo_step,st_tuner_time,ARC-C,GPQA,GSM8K,HellaSwag,PIQA,TruthfulQA,IFEval,Arena-Hard,MT-Bench,AlpacaEval,ELO,Z-Static,Z-Dynamic,Z-All,elapsed_time_sec
AlpacaEval,ASHA,0,2,2e-06,0.04,200,13705.255690670012,57.337883,22.727272,36.694466,67.64589,75.462456,47.22928,39.886,54.666668,64.62585,6.459564,809.2971,-0.22349349,-0.29250917,-0.2485901,1230.0
AlpacaEval,ASHA,1,0,2e-06,0.01,1600,9825.802506065367,58.27645,21.717173,54.662624,68.42262,75.952126,48.15608,46.68413,71.73333,79.86577,19.916653,993.6011,0.04436696,0.8632374,0.34213802,9825.7
AlpacaEval,ASHA,2,1,1e-06,0.04,1200,7415.702167606354,57.25256,21.717173,40.940105,67.62597,75.462456,47.464508,40.03588,58.2,62.5,6.6665845,790.6264,-1.096348,-1.4301001,-1.2177124,7415.6
AlpacaEval,ASHA,3,0,4e-06,0.01,400,2466.302027320862,59.04437,24.242424,53.60121,69.34873,75.84331,49.211784,49.659184,76.066666,85.2349,22.847424,982.0952,1.3029851,1.3583269,1.3231094,2466.2
AlpacaEval,ASHA,4,0,4e-06,0.04,800,4924.401493644715,58.70307,23.232323,56.330555,69.32882,76.16975,51.254017,51.90982,72.933334,77.054794,19.70793,1005.7145,1.1171892,0.80891025,1.0050877,4924.3
AlpacaEval,ASHA,5,0,4e-06,0.02,2000,12304.401789999009,59.215015,21.717173,56.254738,69.51802,75.89771,51.519127,50.704575,77.1,80.68965,22.627554,927.859,0.9108035,0.8244999,0.8794204,12304.3
AlpacaEval,ASHA,6,0,4e-06,0.02,2000,12304.401928043364,59.215015,21.717173,56.254738,69.51802,75.89771,51.519127,50.704575,77.1,80.68965,22.627554,927.859,0.9108035,0.8244999,0.8794204,12304.3
AlpacaEval,ASHA,7,1,4e-06,0.01,400,2466.3020685672764,59.04437,24.242424,53.60121,69.34873,75.84331,49.211784,49.659184,76.066666,85.2349,22.847424,982.0952,1.3029851,1.3583269,1.3231094,2466.2
AlpacaEval,ASHA,8,1,2e-06,0.02,1400,8643.802114820479,58.27645,23.737373,54.13192,68.38279,76.00653,48.392223,43.57045,69.63333,78.85906,18.168123,950.77734,0.4422399,0.45981777,0.44863188,8643.7
AlpacaEval,ASHA,9,0,4e-06,0.01,400,2466.3019896507267,59.04437,24.242424,53.60121,69.34873,75.84331,49.211784,49.659184,76.066666,85.2349,22.847424,982.0952,1.3029851,1.3583269,1.3231094,2466.2
AlpacaEval,ASHA,10,0,2e-06,0.02,1400,8643.802099084853,58.27645,23.737373,54.13192,68.38279,76.00653,48.392223,43.57045,69.63333,78.85906,18.168123,950.77734,0.4422399,0.45981777,0.44863188,8643.7
AlpacaEval,ASHA,11,0,2e-06,0.01,1600,9825.80189666748,58.27645,21.717173,54.662624,68.42262,75.952126,48.15608,46.68413,71.73333,79.86577,19.916653,993.6011,0.04436696,0.8632374,0.34213802,9825.7
AlpacaEval,ASHA,12,0,4e-06,0.02,2000,12304.401901578902,59.215015,21.717173,56.254738,69.51802,75.89771,51.519127,50.704575,77.1,80.68965,22.627554,927.859,0.9108035,0.8244999,0.8794204,12304.3
AlpacaEval,ASHA,13,0,4e-06,0.01,400,2466.3017807960514,59.04437,24.242424,53.60121,69.34873,75.84331,49.211784,49.659184,76.066666,85.2349,22.847424,982.0952,1.3029851,1.3583269,1.3231094,2466.2
AlpacaEval,ASHA,14,1,4e-06,0.02,2000,12304.401896572112,59.215015,21.717173,56.254738,69.51802,75.89771,51.519127,50.704575,77.1,80.68965,22.627554,927.859,0.9108035,0.8244999,0.8794204,12304.3
AlpacaEval,ASHA,15,3,2e-06,0.04,200,13705.255510663985,57.337883,22.727272,36.694466,67.64589,75.462456,47.22928,39.886,54.666668,64.62585,6.459564,809.2971,-0.22349349,-0.29250917,-0.2485901,1230.0
AlpacaEval,ASHA,16,1,2e-06,0.02,1400,8643.802319145201,58.27645,23.737373,54.13192,68.38279,76.00653,48.392223,43.57045,69.63333,78.85906,18.168123,950.77734,0.4422399,0.45981777,0.44863188,8643.7
AlpacaEval,ASHA,17,1,4e-06,0.02,2000,12304.402044868468,59.215015,21.717173,56.254738,69.51802,75.89771,51.519127,50.704575,77.1,80.68965,22.627554,927.859,0.9108035,0.8244999,0.8794204,12304.3
AlpacaEval,ASHA,18,0,4e-06,0.01,400,2466.301855421066,59.04437,24.242424,53.60121,69.34873,75.84331,49.211784,49.659184,76.066666,85.2349,22.847424,982.0952,1.3029851,1.3583269,1.3231094,2466.2
AlpacaEval,ASHA,19,0,2e-06,0.04,800,4920.102093076706,58.361774,23.737373,52.691433,68.31309,76.060936,48.239243,42.517574,66.333336,75.34247,14.325414,879.23193,0.18613517,-0.12584095,0.07268931,4920.0
AlpacaEval,ASHA,20,0,4e-06,0.01,400,2466.301829195023,59.04437,24.242424,53.60121,69.34873,75.84331,49.211784,49.659184,76.066666,85.2349,22.847424,982.0952,1.3029851,1.3583269,1.3231094,2466.2
AlpacaEval,ASHA,21,0,2e-06,0.01,1600,9825.802189922331,58.27645,21.717173,54.662624,68.42262,75.952126,48.15608,46.68413,71.73333,79.86577,19.916653,993.6011,0.04436696,0.8632374,0.34213802,9825.7
AlpacaEval,ASHA,22,0,2e-06,0.01,1600,9825.802111005782,58.27645,21.717173,54.662624,68.42262,75.952126,48.15608,46.68413,71.73333,79.86577,19.916653,993.6011,0.04436696,0.8632374,0.34213802,9825.7
AlpacaEval,ASHA,23,0,4e-06,0.01,400,2466.301551675797,59.04437,24.242424,53.60121,69.34873,75.84331,49.211784,49.659184,76.066666,85.2349,22.847424,982.0952,1.3029851,1.3583269,1.3231094,2466.2
AlpacaEval,ASHA,24,0,4e-06,0.01,400,2466.3023375034336,59.04437,24.242424,53.60121,69.34873,75.84331,49.211784,49.659184,76.066666,85.2349,22.847424,982.0952,1.3029851,1.3583269,1.3231094,2466.2
AlpacaEval,BOHB,0,2,2e-06,0.04,200,13705.255159711836,57.337883,22.727272,36.694466,67.64589,75.462456,47.22928,39.886,54.666668,64.62585,6.459564,809.2971,-0.22349349,-0.29250917,-0.2485901,1230.0
AlpacaEval,BOHB,1,0,2e-06,0.01,1600,9825.802059984206,58.27645,21.717173,54.662624,68.42262,75.952126,48.15608,46.68413,71.73333,79.86577,19.916653,993.6011,0.04436696,0.8632374,0.34213802,9825.7
AlpacaEval,BOHB,2,1,1e-06,0.04,1200,7415.702227210999,57.25256,21.717173,40.940105,67.62597,75.462456,47.464508,40.03588,58.2,62.5,6.6665845,790.6264,-1.096348,-1.4301001,-1.2177124,7415.6
AlpacaEval,BOHB,3,0,4e-06,0.01,400,2466.302081203461,59.04437,24.242424,53.60121,69.34873,75.84331,49.211784,49.659184,76.066666,85.2349,22.847424,982.0952,1.3029851,1.3583269,1.3231094,2466.2
AlpacaEval,BOHB,4,0,4e-06,0.04,800,4924.402220582962,58.70307,23.232323,56.330555,69.32882,76.16975,51.254017,51.90982,72.933334,77.054794,19.70793,1005.7145,1.1171892,0.80891025,1.0050877,4924.3
AlpacaEval,BOHB,5,0,4e-06,0.02,2000,12304.403276777266,59.215015,21.717173,56.254738,69.51802,75.89771,51.519127,50.704575,77.1,80.68965,22.627554,927.859,0.9108035,0.8244999,0.8794204,12304.3
AlpacaEval,BOHB,6,0,4e-06,0.02,2000,12304.40215001106,59.215015,21.717173,56.254738,69.51802,75.89771,51.519127,50.704575,77.1,80.68965,22.627554,927.859,0.9108035,0.8244999,0.8794204,12304.3
AlpacaEval,BOHB,7,1,4e-06,0.01,400,2466.3025568485264,59.04437,24.242424,53.60121,69.34873,75.84331,49.211784,49.659184,76.066666,85.2349,22.847424,982.0952,1.3029851,1.3583269,1.3231094,2466.2
AlpacaEval,BOHB,8,1,2e-06,0.02,1400,8643.80392680168,58.27645,23.737373,54.13192,68.38279,76.00653,48.392223,43.57045,69.63333,78.85906,18.168123,950.77734,0.4422399,0.45981777,0.44863188,8643.7
AlpacaEval,BOHB,9,0,4e-06,0.01,400,2466.3034065723423,59.04437,24.242424,53.60121,69.34873,75.84331,49.211784,49.659184,76.066666,85.2349,22.847424,982.0952,1.3029851,1.3583269,1.3231094,2466.2
AlpacaEval,BOHB,10,0,2e-06,0.02,1400,8643.809449529646,58.27645,23.737373,54.13192,68.38279,76.00653,48.392223,43.57045,69.63333,78.85906,18.168123,950.77734,0.4422399,0.45981777,0.44863188,8643.7
AlpacaEval,BOHB,11,0,2e-06,0.01,1600,9825.815391159056,58.27645,21.717173,54.662624,68.42262,75.952126,48.15608,46.68413,71.73333,79.86577,19.916653,993.6011,0.04436696,0.8632374,0.34213802,9825.7
AlpacaEval,BOHB,12,0,4e-06,0.02,2000,12304.403565502163,59.215015,21.717173,56.254738,69.51802,75.89771,51.519127,50.704575,77.1,80.68965,22.627554,927.859,0.9108035,0.8244999,0.8794204,12304.3
AlpacaEval,BOHB,13,0,4e-06,0.01,400,2466.302594995499,59.04437,24.242424,53.60121,69.34873,75.84331,49.211784,49.659184,76.066666,85.2349,22.847424,982.0952,1.3029851,1.3583269,1.3231094,2466.2
AlpacaEval,BOHB,14,1,4e-06,0.02,2000,12304.403365468976,59.215015,21.717173,56.254738,69.51802,75.89771,51.519127,50.704575,77.1,80.68965,22.627554,927.859,0.9108035,0.8244999,0.8794204,12304.3
AlpacaEval,BOHB,15,3,2e-06,0.04,200,13705.256341075896,57.337883,22.727272,36.694466,67.64589,75.462456,47.22928,39.886,54.666668,64.62585,6.459564,809.2971,-0.22349349,-0.29250917,-0.2485901,1230.0
AlpacaEval,BOHB,16,1,2e-06,0.02,1400,8643.802673673628,58.27645,23.737373,54.13192,68.38279,76.00653,48.392223,43.57045,69.63333,78.85906,18.168123,950.77734,0.4422399,0.45981777,0.44863188,8643.7
AlpacaEval,BOHB,17,1,4e-06,0.02,2000,12304.402187919615,59.215015,21.717173,56.254738,69.51802,75.89771,51.519127,50.704575,77.1,80.68965,22.627554,927.859,0.9108035,0.8244999,0.8794204,12304.3
AlpacaEval,BOHB,18,0,4e-06,0.01,400,2466.30195055008,59.04437,24.242424,53.60121,69.34873,75.84331,49.211784,49.659184,76.066666,85.2349,22.847424,982.0952,1.3029851,1.3583269,1.3231094,2466.2
AlpacaEval,BOHB,19,0,2e-06,0.04,800,4920.102962827683,58.361774,23.737373,52.691433,68.31309,76.060936,48.239243,42.517574,66.333336,75.34247,14.325414,879.23193,0.18613517,-0.12584095,0.07268931,4920.0
AlpacaEval,BOHB,20,0,4e-06,0.01,400,2466.302105045319,59.04437,24.242424,53.60121,69.34873,75.84331,49.211784,49.659184,76.066666,85.2349,22.847424,982.0952,1.3029851,1.3583269,1.3231094,2466.2
AlpacaEval,BOHB,21,0,2e-06,0.01,1600,9825.802629089354,58.27645,21.717173,54.662624,68.42262,75.952126,48.15608,46.68413,71.73333,79.86577,19.916653,993.6011,0.04436696,0.8632374,0.34213802,9825.7
AlpacaEval,BOHB,22,0,2e-06,0.01,1600,9825.802199459074,58.27645,21.717173,54.662624,68.42262,75.952126,48.15608,46.68413,71.73333,79.86577,19.916653,993.6011,0.04436696,0.8632374,0.34213802,9825.7
AlpacaEval,BOHB,23,0,4e-06,0.01,400,2466.3018816471103,59.04437,24.242424,53.60121,69.34873,75.84331,49.211784,49.659184,76.066666,85.2349,22.847424,982.0952,1.3029851,1.3583269,1.3231094,2466.2
AlpacaEval,BOHB,24,0,4e-06,0.01,400,2466.302143669129,59.04437,24.242424,53.60121,69.34873,75.84331,49.211784,49.659184,76.066666,85.2349,22.847424,982.0952,1.3029851,1.3583269,1.3231094,2466.2
AlpacaEval,BOTorch,0,1,1e-06,0.01,1000,6173.70221529007,57.67918,21.717173,42.153145,67.51643,75.680084,47.312096,40.710316,59.233334,68.70748,6.773769,832.6963,-0.8848567,-1.0969415,-0.96197844,6173.6
AlpacaEval,BOTorch,1,0,4e-06,0.04,800,4924.401859855652,58.70307,23.232323,56.330555,69.32882,76.16975,51.254017,51.90982,72.933334,77.054794,19.70793,1005.7145,1.1171892,0.80891025,1.0050877,4924.3
AlpacaEval,BOTorch,2,0,4e-06,0.01,400,2466.302006578446,59.04437,24.242424,53.60121,69.34873,75.84331,49.211784,49.659184,76.066666,85.2349,22.847424,982.0952,1.3029851,1.3583269,1.3231094,2466.2
AlpacaEval,BOTorch,3,1,4e-06,0.01,400,2466.3018702030186,59.04437,24.242424,53.60121,69.34873,75.84331,49.211784,49.659184,76.066666,85.2349,22.847424,982.0952,1.3029851,1.3583269,1.3231094,2466.2
AlpacaEval,BOTorch,4,1,2e-06,0.04,800,4920.102029180527,58.361774,23.737373,52.691433,68.31309,76.060936,48.239243,42.517574,66.333336,75.34247,14.325414,879.23193,0.18613517,-0.12584095,0.07268931,4920.0
AlpacaEval,BOTorch,5,0,4e-06,0.01,400,2466.301622962952,59.04437,24.242424,53.60121,69.34873,75.84331,49.211784,49.659184,76.066666,85.2349,22.847424,982.0952,1.3029851,1.3583269,1.3231094,2466.2
AlpacaEval,BOTorch,6,0,2e-06,0.02,1400,8643.802479600905,58.27645,23.737373,54.13192,68.38279,76.00653,48.392223,43.57045,69.63333,78.85906,18.168123,950.77734,0.4422399,0.45981777,0.44863188,8643.7
AlpacaEval,BOTorch,7,0,4e-06,0.01,400,2466.302266931534,59.04437,24.242424,53.60121,69.34873,75.84331,49.211784,49.659184,76.066666,85.2349,22.847424,982.0952,1.3029851,1.3583269,1.3231094,2466.2
AlpacaEval,BOTorch,8,1,4e-06,0.01,400,2466.301836585999,59.04437,24.242424,53.60121,69.34873,75.84331,49.211784,49.659184,76.066666,85.2349,22.847424,982.0952,1.3029851,1.3583269,1.3231094,2466.2
AlpacaEval,BOTorch,9,0,4e-06,0.04,800,4924.401887273789,58.70307,23.232323,56.330555,69.32882,76.16975,51.254017,51.90982,72.933334,77.054794,19.70793,1005.7145,1.1171892,0.80891025,1.0050877,4924.3
AlpacaEval,BOTorch,10,1,4e-06,0.02,2000,12304.401850318907,59.215015,21.717173,56.254738,69.51802,75.89771,51.519127,50.704575,77.1,80.68965,22.627554,927.859,0.9108035,0.8244999,0.8794204,12304.3
AlpacaEval,BOTorch,11,0,4e-06,0.04,800,4924.401730871201,58.70307,23.232323,56.330555,69.32882,76.16975,51.254017,51.90982,72.933334,77.054794,19.70793,1005.7145,1.1171892,0.80891025,1.0050877,4924.3
AlpacaEval,BOTorch,12,0,2e-06,0.01,1600,9825.802378988265,58.27645,21.717173,54.662624,68.42262,75.952126,48.15608,46.68413,71.73333,79.86577,19.916653,993.6011,0.04436696,0.8632374,0.34213802,9825.7
AlpacaEval,BOTorch,13,1,1e-06,0.01,1000,6173.701959228516,57.67918,21.717173,42.153145,67.51643,75.680084,47.312096,40.710316,59.233334,68.70748,6.773769,832.6963,-0.8848567,-1.0969415,-0.96197844,6173.6
AlpacaEval,BOTorch,14,0,4e-06,0.01,400,2466.3019762992863,59.04437,24.242424,53.60121,69.34873,75.84331,49.211784,49.659184,76.066666,85.2349,22.847424,982.0952,1.3029851,1.3583269,1.3231094,2466.2
AlpacaEval,BOTorch,15,0,2e-06,0.01,1600,9825.80218348503,58.27645,21.717173,54.662624,68.42262,75.952126,48.15608,46.68413,71.73333,79.86577,19.916653,993.6011,0.04436696,0.8632374,0.34213802,9825.7
AlpacaEval,BOTorch,16,1,1e-06,0.01,1000,6173.70208272934,57.67918,21.717173,42.153145,67.51643,75.680084,47.312096,40.710316,59.233334,68.70748,6.773769,832.6963,-0.8848567,-1.0969415,-0.96197844,6173.6
AlpacaEval,BOTorch,17,1,1e-06,0.01,1000,6173.702569103241,57.67918,21.717173,42.153145,67.51643,75.680084,47.312096,40.710316,59.233334,68.70748,6.773769,832.6963,-0.8848567,-1.0969415,-0.96197844,6173.6
AlpacaEval,BOTorch,18,0,4e-06,0.02,2000,12304.40160164833,59.215015,21.717173,56.254738,69.51802,75.89771,51.519127,50.704575,77.1,80.68965,22.627554,927.859,0.9108035,0.8244999,0.8794204,12304.3
AlpacaEval,BOTorch,19,0,2e-06,0.01,1600,9825.80239138603,58.27645,21.717173,54.662624,68.42262,75.952126,48.15608,46.68413,71.73333,79.86577,19.916653,993.6011,0.04436696,0.8632374,0.34213802,9825.7
AlpacaEval,BOTorch,20,0,2e-06,0.01,1600,9825.802182769774,58.27645,21.717173,54.662624,68.42262,75.952126,48.15608,46.68413,71.73333,79.86577,19.916653,993.6011,0.04436696,0.8632374,0.34213802,9825.7
AlpacaEval,BOTorch,21,1,4e-06,0.04,800,4924.401617145539,58.70307,23.232323,56.330555,69.32882,76.16975,51.254017,51.90982,72.933334,77.054794,19.70793,1005.7145,1.1171892,0.80891025,1.0050877,4924.3
AlpacaEval,BOTorch,22,1,2e-06,0.01,1600,9825.802194213866,58.27645,21.717173,54.662624,68.42262,75.952126,48.15608,46.68413,71.73333,79.86577,19.916653,993.6011,0.04436696,0.8632374,0.34213802,9825.7
AlpacaEval,BOTorch,23,1,1e-06,0.01,1000,6173.7021220684055,57.67918,21.717173,42.153145,67.51643,75.680084,47.312096,40.710316,59.233334,68.70748,6.773769,832.6963,-0.8848567,-1.0969415,-0.96197844,6173.6
AlpacaEval,BOTorch,24,1,4e-06,0.01,400,2466.301974868775,59.04437,24.242424,53.60121,69.34873,75.84331,49.211784,49.659184,76.066666,85.2349,22.847424,982.0952,1.3029851,1.3583269,1.3231094,2466.2
AlpacaEval,CQR,0,2,2e-06,0.04,200,13705.255604839323,57.337883,22.727272,36.694466,67.64589,75.462456,47.22928,39.886,54.666668,64.62585,6.459564,809.2971,-0.22349349,-0.29250917,-0.2485901,1230.0
AlpacaEval,CQR,1,0,2e-06,0.01,1600,9825.802442646023,58.27645,21.717173,54.662624,68.42262,75.952126,48.15608,46.68413,71.73333,79.86577,19.916653,993.6011,0.04436696,0.8632374,0.34213802,9825.7
AlpacaEval,CQR,2,1,1e-06,0.04,1200,7415.70226392746,57.25256,21.717173,40.940105,67.62597,75.462456,47.464508,40.03588,58.2,62.5,6.6665845,790.6264,-1.096348,-1.4301001,-1.2177124,7415.6
AlpacaEval,CQR,3,0,4e-06,0.01,400,2466.3019104957584,59.04437,24.242424,53.60121,69.34873,75.84331,49.211784,49.659184,76.066666,85.2349,22.847424,982.0952,1.3029851,1.3583269,1.3231094,2466.2
AlpacaEval,CQR,4,0,4e-06,0.04,800,4924.402222251892,58.70307,23.232323,56.330555,69.32882,76.16975,51.254017,51.90982,72.933334,77.054794,19.70793,1005.7145,1.1171892,0.80891025,1.0050877,4924.3
AlpacaEval,CQR,5,0,4e-06,0.02,2000,12304.401929473875,59.215015,21.717173,56.254738,69.51802,75.89771,51.519127,50.704575,77.1,80.68965,22.627554,927.859,0.9108035,0.8244999,0.8794204,12304.3
AlpacaEval,CQR,6,0,4e-06,0.02,2000,12304.402053689955,59.215015,21.717173,56.254738,69.51802,75.89771,51.519127,50.704575,77.1,80.68965,22.627554,927.859,0.9108035,0.8244999,0.8794204,12304.3
AlpacaEval,CQR,7,1,4e-06,0.01,400,2466.302044487,59.04437,24.242424,53.60121,69.34873,75.84331,49.211784,49.659184,76.066666,85.2349,22.847424,982.0952,1.3029851,1.3583269,1.3231094,2466.2
AlpacaEval,CQR,8,1,2e-06,0.02,1400,8643.802218294142,58.27645,23.737373,54.13192,68.38279,76.00653,48.392223,43.57045,69.63333,78.85906,18.168123,950.77734,0.4422399,0.45981777,0.44863188,8643.7
AlpacaEval,CQR,9,0,4e-06,0.01,400,2466.3018787860874,59.04437,24.242424,53.60121,69.34873,75.84331,49.211784,49.659184,76.066666,85.2349,22.847424,982.0952,1.3029851,1.3583269,1.3231094,2466.2
AlpacaEval,CQR,10,0,2e-06,0.02,1400,8643.802357292174,58.27645,23.737373,54.13192,68.38279,76.00653,48.392223,43.57045,69.63333,78.85906,18.168123,950.77734,0.4422399,0.45981777,0.44863188,8643.7
AlpacaEval,CQR,11,0,2e-06,0.01,1600,9825.802260971068,58.27645,21.717173,54.662624,68.42262,75.952126,48.15608,46.68413,71.73333,79.86577,19.916653,993.6011,0.04436696,0.8632374,0.34213802,9825.7
AlpacaEval,CQR,12,0,4e-06,0.02,2000,12304.401879644392,59.215015,21.717173,56.254738,69.51802,75.89771,51.519127,50.704575,77.1,80.68965,22.627554,927.859,0.9108035,0.8244999,0.8794204,12304.3
AlpacaEval,CQR,13,0,4e-06,0.01,400,2466.3017199993137,59.04437,24.242424,53.60121,69.34873,75.84331,49.211784,49.659184,76.066666,85.2349,22.847424,982.0952,1.3029851,1.3583269,1.3231094,2466.2
AlpacaEval,CQR,14,1,4e-06,0.02,2000,12304.40216383934,59.215015,21.717173,56.254738,69.51802,75.89771,51.519127,50.704575,77.1,80.68965,22.627554,927.859,0.9108035,0.8244999,0.8794204,12304.3
AlpacaEval,CQR,15,3,2e-06,0.04,200,13705.2557059288,57.337883,22.727272,36.694466,67.64589,75.462456,47.22928,39.886,54.666668,64.62585,6.459564,809.2971,-0.22349349,-0.29250917,-0.2485901,1230.0
AlpacaEval,CQR,16,1,2e-06,0.02,1400,8643.803029632567,58.27645,23.737373,54.13192,68.38279,76.00653,48.392223,43.57045,69.63333,78.85906,18.168123,950.77734,0.4422399,0.45981777,0.44863188,8643.7
AlpacaEval,CQR,17,1,4e-06,0.02,2000,12304.401921129223,59.215015,21.717173,56.254738,69.51802,75.89771,51.519127,50.704575,77.1,80.68965,22.627554,927.859,0.9108035,0.8244999,0.8794204,12304.3
AlpacaEval,CQR,18,0,4e-06,0.01,400,2466.3019138336185,59.04437,24.242424,53.60121,69.34873,75.84331,49.211784,49.659184,76.066666,85.2349,22.847424,982.0952,1.3029851,1.3583269,1.3231094,2466.2
AlpacaEval,CQR,19,0,2e-06,0.04,800,4920.101713037491,58.361774,23.737373,52.691433,68.31309,76.060936,48.239243,42.517574,66.333336,75.34247,14.325414,879.23193,0.18613517,-0.12584095,0.07268931,4920.0
AlpacaEval,CQR,20,0,4e-06,0.01,400,2466.301690912247,59.04437,24.242424,53.60121,69.34873,75.84331,49.211784,49.659184,76.066666,85.2349,22.847424,982.0952,1.3029851,1.3583269,1.3231094,2466.2
AlpacaEval,CQR,21,0,2e-06,0.01,1600,9825.802274799344,58.27645,21.717173,54.662624,68.42262,75.952126,48.15608,46.68413,71.73333,79.86577,19.916653,993.6011,0.04436696,0.8632374,0.34213802,9825.7
AlpacaEval,CQR,22,0,2e-06,0.01,1600,9825.801929092406,58.27645,21.717173,54.662624,68.42262,75.952126,48.15608,46.68413,71.73333,79.86577,19.916653,993.6011,0.04436696,0.8632374,0.34213802,9825.7
AlpacaEval,CQR,23,0,4e-06,0.01,400,2466.3016544342045,59.04437,24.242424,53.60121,69.34873,75.84331,49.211784,49.659184,76.066666,85.2349,22.847424,982.0952,1.3029851,1.3583269,1.3231094,2466.2
AlpacaEval,CQR,24,0,4e-06,0.01,400,2466.3015955448154,59.04437,24.242424,53.60121,69.34873,75.84331,49.211784,49.659184,76.066666,85.2349,22.847424,982.0952,1.3029851,1.3583269,1.3231094,2466.2
AlpacaEval,RandomSearch,0,0,4e-06,0.04,800,4924.401838636399,58.70307,23.232323,56.330555,69.32882,76.16975,51.254017,51.90982,72.933334,77.054794,19.70793,1005.7145,1.1171892,0.80891025,1.0050877,4924.3
AlpacaEval,RandomSearch,1,1,4e-06,0.04,800,4924.402189588547,58.70307,23.232323,56.330555,69.32882,76.16975,51.254017,51.90982,72.933334,77.054794,19.70793,1005.7145,1.1171892,0.80891025,1.0050877,4924.3
AlpacaEval,RandomSearch,2,1,2e-06,0.01,1600,9825.80211958885,58.27645,21.717173,54.662624,68.42262,75.952126,48.15608,46.68413,71.73333,79.86577,19.916653,993.6011,0.04436696,0.8632374,0.34213802,9825.7
AlpacaEval,RandomSearch,3,1,4e-06,0.01,400,2466.302089071274,59.04437,24.242424,53.60121,69.34873,75.84331,49.211784,49.659184,76.066666,85.2349,22.847424,982.0952,1.3029851,1.3583269,1.3231094,2466.2
AlpacaEval,RandomSearch,4,1,4e-06,0.01,400,2466.3019822597507,59.04437,24.242424,53.60121,69.34873,75.84331,49.211784,49.659184,76.066666,85.2349,22.847424,982.0952,1.3029851,1.3583269,1.3231094,2466.2
AlpacaEval,RandomSearch,5,0,4e-06,0.02,2000,12304.40171370506,59.215015,21.717173,56.254738,69.51802,75.89771,51.519127,50.704575,77.1,80.68965,22.627554,927.859,0.9108035,0.8244999,0.8794204,12304.3
AlpacaEval,RandomSearch,6,0,2e-06,0.01,1600,9825.80197534561,58.27645,21.717173,54.662624,68.42262,75.952126,48.15608,46.68413,71.73333,79.86577,19.916653,993.6011,0.04436696,0.8632374,0.34213802,9825.7
AlpacaEval,RandomSearch,7,0,4e-06,0.04,800,4924.401560878754,58.70307,23.232323,56.330555,69.32882,76.16975,51.254017,51.90982,72.933334,77.054794,19.70793,1005.7145,1.1171892,0.80891025,1.0050877,4924.3
AlpacaEval,RandomSearch,8,0,4e-06,0.01,400,2466.301813936234,59.04437,24.242424,53.60121,69.34873,75.84331,49.211784,49.659184,76.066666,85.2349,22.847424,982.0952,1.3029851,1.3583269,1.3231094,2466.2
AlpacaEval,RandomSearch,9,1,4e-06,0.02,2000,12304.40180954933,59.215015,21.717173,56.254738,69.51802,75.89771,51.519127,50.704575,77.1,80.68965,22.627554,927.859,0.9108035,0.8244999,0.8794204,12304.3
AlpacaEval,RandomSearch,10,1,2e-06,0.02,1400,8643.802251434325,58.27645,23.737373,54.13192,68.38279,76.00653,48.392223,43.57045,69.63333,78.85906,18.168123,950.77734,0.4422399,0.45981777,0.44863188,8643.7
AlpacaEval,RandomSearch,11,0,2e-06,0.02,1400,8643.801969861983,58.27645,23.737373,54.13192,68.38279,76.00653,48.392223,43.57045,69.63333,78.85906,18.168123,950.77734,0.4422399,0.45981777,0.44863188,8643.7
AlpacaEval,RandomSearch,12,0,4e-06,0.02,2000,12304.401649808882,59.215015,21.717173,56.254738,69.51802,75.89771,51.519127,50.704575,77.1,80.68965,22.627554,927.859,0.9108035,0.8244999,0.8794204,12304.3
AlpacaEval,RandomSearch,13,0,4e-06,0.01,400,2466.3020175457004,59.04437,24.242424,53.60121,69.34873,75.84331,49.211784,49.659184,76.066666,85.2349,22.847424,982.0952,1.3029851,1.3583269,1.3231094,2466.2
AlpacaEval,RandomSearch,14,1,4e-06,0.02,2000,12304.4017206192,59.215015,21.717173,56.254738,69.51802,75.89771,51.519127,50.704575,77.1,80.68965,22.627554,927.859,0.9108035,0.8244999,0.8794204,12304.3
AlpacaEval,RandomSearch,15,1,4e-06,0.01,400,2466.301855897904,59.04437,24.242424,53.60121,69.34873,75.84331,49.211784,49.659184,76.066666,85.2349,22.847424,982.0952,1.3029851,1.3583269,1.3231094,2466.2
AlpacaEval,RandomSearch,16,0,2e-06,0.01,1600,9825.802130317688,58.27645,21.717173,54.662624,68.42262,75.952126,48.15608,46.68413,71.73333,79.86577,19.916653,993.6011,0.04436696,0.8632374,0.34213802,9825.7
AlpacaEval,RandomSearch,17,0,2e-06,0.02,1400,8643.804550266264,58.27645,23.737373,54.13192,68.38279,76.00653,48.392223,43.57045,69.63333,78.85906,18.168123,950.77734,0.4422399,0.45981777,0.44863188,8643.7
AlpacaEval,RandomSearch,18,0,4e-06,0.02,2000,12304.401582336424,59.215015,21.717173,56.254738,69.51802,75.89771,51.519127,50.704575,77.1,80.68965,22.627554,927.859,0.9108035,0.8244999,0.8794204,12304.3
AlpacaEval,RandomSearch,19,0,2e-06,0.02,1400,8643.802126741408,58.27645,23.737373,54.13192,68.38279,76.00653,48.392223,43.57045,69.63333,78.85906,18.168123,950.77734,0.4422399,0.45981777,0.44863188,8643.7
AlpacaEval,RandomSearch,20,0,4e-06,0.02,2000,12304.402001953124,59.215015,21.717173,56.254738,69.51802,75.89771,51.519127,50.704575,77.1,80.68965,22.627554,927.859,0.9108035,0.8244999,0.8794204,12304.3
AlpacaEval,RandomSearch,21,1,4e-06,0.04,800,4924.401857233048,58.70307,23.232323,56.330555,69.32882,76.16975,51.254017,51.90982,72.933334,77.054794,19.70793,1005.7145,1.1171892,0.80891025,1.0050877,4924.3
AlpacaEval,RandomSearch,22,1,4e-06,0.02,2000,12304.401665067671,59.215015,21.717173,56.254738,69.51802,75.89771,51.519127,50.704575,77.1,80.68965,22.627554,927.859,0.9108035,0.8244999,0.8794204,12304.3
AlpacaEval,RandomSearch,23,1,4e-06,0.02,2000,12304.401909208296,59.215015,21.717173,56.254738,69.51802,75.89771,51.519127,50.704575,77.1,80.68965,22.627554,927.859,0.9108035,0.8244999,0.8794204,12304.3
AlpacaEval,RandomSearch,24,1,1e-06,0.04,1200,7415.702132320404,57.25256,21.717173,40.940105,67.62597,75.462456,47.464508,40.03588,58.2,62.5,6.6665845,790.6264,-1.096348,-1.4301001,-1.2177124,7415.6
AlpacaEval,TPE,0,1,4e-06,0.04,800,4924.401719188691,58.70307,23.232323,56.330555,69.32882,76.16975,51.254017,51.90982,72.933334,77.054794,19.70793,1005.7145,1.1171892,0.80891025,1.0050877,4924.3
AlpacaEval,TPE,1,0,4e-06,0.02,2000,12304.402008152008,59.215015,21.717173,56.254738,69.51802,75.89771,51.519127,50.704575,77.1,80.68965,22.627554,927.859,0.9108035,0.8244999,0.8794204,12304.3
AlpacaEval,TPE,2,0,2e-06,0.02,1400,8643.8019469738,58.27645,23.737373,54.13192,68.38279,76.00653,48.392223,43.57045,69.63333,78.85906,18.168123,950.77734,0.4422399,0.45981777,0.44863188,8643.7
AlpacaEval,TPE,3,1,4e-06,0.04,800,4924.401727056504,58.70307,23.232323,56.330555,69.32882,76.16975,51.254017,51.90982,72.933334,77.054794,19.70793,1005.7145,1.1171892,0.80891025,1.0050877,4924.3
AlpacaEval,TPE,4,1,4e-06,0.02,2000,12304.401696777342,59.215015,21.717173,56.254738,69.51802,75.89771,51.519127,50.704575,77.1,80.68965,22.627554,927.859,0.9108035,0.8244999,0.8794204,12304.3
AlpacaEval,TPE,5,1,2e-06,0.02,1400,8643.80225214958,58.27645,23.737373,54.13192,68.38279,76.00653,48.392223,43.57045,69.63333,78.85906,18.168123,950.77734,0.4422399,0.45981777,0.44863188,8643.7
AlpacaEval,TPE,6,0,4e-06,0.01,400,2466.304262018204,59.04437,24.242424,53.60121,69.34873,75.84331,49.211784,49.659184,76.066666,85.2349,22.847424,982.0952,1.3029851,1.3583269,1.3231094,2466.2
AlpacaEval,TPE,7,0,2e-06,0.01,1600,9825.802293872832,58.27645,21.717173,54.662624,68.42262,75.952126,48.15608,46.68413,71.73333,79.86577,19.916653,993.6011,0.04436696,0.8632374,0.34213802,9825.7
AlpacaEval,TPE,8,0,2e-06,0.04,800,4920.101936674118,58.361774,23.737373,52.691433,68.31309,76.060936,48.239243,42.517574,66.333336,75.34247,14.325414,879.23193,0.18613517,-0.12584095,0.07268931,4920.0
AlpacaEval,TPE,9,1,4e-06,0.01,400,2466.3024300098423,59.04437,24.242424,53.60121,69.34873,75.84331,49.211784,49.659184,76.066666,85.2349,22.847424,982.0952,1.3029851,1.3583269,1.3231094,2466.2
AlpacaEval,TPE,10,0,2e-06,0.04,800,4920.102055406571,58.361774,23.737373,52.691433,68.31309,76.060936,48.239243,42.517574,66.333336,75.34247,14.325414,879.23193,0.18613517,-0.12584095,0.07268931,4920.0
AlpacaEval,TPE,11,0,2e-06,0.02,1400,8643.802257633208,58.27645,23.737373,54.13192,68.38279,76.00653,48.392223,43.57045,69.63333,78.85906,18.168123,950.77734,0.4422399,0.45981777,0.44863188,8643.7
AlpacaEval,TPE,12,0,2e-06,0.02,1400,8643.802416419981,58.27645,23.737373,54.13192,68.38279,76.00653,48.392223,43.57045,69.63333,78.85906,18.168123,950.77734,0.4422399,0.45981777,0.44863188,8643.7
AlpacaEval,TPE,13,0,2e-06,0.02,1400,8643.802241420744,58.27645,23.737373,54.13192,68.38279,76.00653,48.392223,43.57045,69.63333,78.85906,18.168123,950.77734,0.4422399,0.45981777,0.44863188,8643.7
AlpacaEval,TPE,14,1,4e-06,0.01,400,2466.302339410782,59.04437,24.242424,53.60121,69.34873,75.84331,49.211784,49.659184,76.066666,85.2349,22.847424,982.0952,1.3029851,1.3583269,1.3231094,2466.2
AlpacaEval,TPE,15,1,1e-06,0.04,1200,7415.702288246155,57.25256,21.717173,40.940105,67.62597,75.462456,47.464508,40.03588,58.2,62.5,6.6665845,790.6264,-1.096348,-1.4301001,-1.2177124,7415.6
AlpacaEval,TPE,16,0,4e-06,0.02,2000,12304.402435159682,59.215015,21.717173,56.254738,69.51802,75.89771,51.519127,50.704575,77.1,80.68965,22.627554,927.859,0.9108035,0.8244999,0.8794204,12304.3
AlpacaEval,TPE,17,0,4e-06,0.04,800,4924.4020987510685,58.70307,23.232323,56.330555,69.32882,76.16975,51.254017,51.90982,72.933334,77.054794,19.70793,1005.7145,1.1171892,0.80891025,1.0050877,4924.3
AlpacaEval,TPE,18,0,2e-06,0.02,1400,8643.802288627623,58.27645,23.737373,54.13192,68.38279,76.00653,48.392223,43.57045,69.63333,78.85906,18.168123,950.77734,0.4422399,0.45981777,0.44863188,8643.7
AlpacaEval,TPE,19,0,4e-06,0.01,400,2466.3024073600773,59.04437,24.242424,53.60121,69.34873,75.84331,49.211784,49.659184,76.066666,85.2349,22.847424,982.0952,1.3029851,1.3583269,1.3231094,2466.2
AlpacaEval,TPE,20,0,4e-06,0.04,800,4924.401983356476,58.70307,23.232323,56.330555,69.32882,76.16975,51.254017,51.90982,72.933334,77.054794,19.70793,1005.7145,1.1171892,0.80891025,1.0050877,4924.3
AlpacaEval,TPE,21,0,4e-06,0.02,2000,12304.401944255827,59.215015,21.717173,56.254738,69.51802,75.89771,51.519127,50.704575,77.1,80.68965,22.627554,927.859,0.9108035,0.8244999,0.8794204,12304.3
AlpacaEval,TPE,22,0,4e-06,0.01,400,2466.3021863460544,59.04437,24.242424,53.60121,69.34873,75.84331,49.211784,49.659184,76.066666,85.2349,22.847424,982.0952,1.3029851,1.3583269,1.3231094,2466.2
AlpacaEval,TPE,23,1,4e-06,0.04,800,4924.401768302918,58.70307,23.232323,56.330555,69.32882,76.16975,51.254017,51.90982,72.933334,77.054794,19.70793,1005.7145,1.1171892,0.80891025,1.0050877,4924.3
AlpacaEval,TPE,24,0,2e-06,0.02,1400,8643.802771663664,58.27645,23.737373,54.13192,68.38279,76.00653,48.392223,43.57045,69.63333,78.85906,18.168123,950.77734,0.4422399,0.45981777,0.44863188,8643.7
Arena-Hard,ASHA,0,0,1e-06,0.02,2000,12283.802096700669,57.508533,22.727272,41.849888,67.69568,75.40805,47.398563,41.67952,59.966667,68.83117,5.762695,806.3376,-0.7186904,-1.2589402,-0.91514486,12283.7
Arena-Hard,ASHA,1,0,2e-06,0.01,1000,6141.101996278763,58.191128,20.20202,53.44958,68.47241,76.060936,47.843754,44.414764,73.4,76.736115,18.481031,947.7427,-0.28131455,0.5899513,0.03550938,6141.0
Arena-Hard,ASHA,2,0,1e-06,0.02,2000,12283.801860904692,57.508533,22.727272,41.849888,67.69568,75.40805,47.398563,41.67952,59.966667,68.83117,5.762695,806.3376,-0.7186904,-1.2589402,-0.91514486,12283.7
Arena-Hard,ASHA,3,0,4e-06,0.01,600,3699.403149938584,58.447098,20.20202,54.662624,69.4284,75.680084,50.070915,51.618816,78.13333,85.57047,21.252981,959.62146,0.52673775,1.2555095,0.79174566,3699.3
Arena-Hard,ASHA,4,0,4e-06,0.04,1000,6155.501784181595,58.788395,20.707071,56.86126,69.32882,76.22416,51.37511,49.23453,75.666664,81.63265,17.550583,912.20013,0.73411965,0.65883464,0.7067433,6155.4
Arena-Hard,ASHA,5,0,4e-06,0.02,1800,11074.00228319168,59.385666,20.707071,56.330555,69.5479,75.7345,51.593643,49.248272,77.76667,78.47682,22.222586,915.6758,0.826696,0.8378739,0.83076066,11073.9
Arena-Hard,ASHA,6,0,4e-06,0.02,1800,11074.002465581892,59.385666,20.707071,56.330555,69.5479,75.7345,51.593643,49.248272,77.76667,78.47682,22.222586,915.6758,0.826696,0.8378739,0.83076066,11073.9
Arena-Hard,ASHA,7,1,4e-06,0.01,600,3699.402341461182,58.447098,20.20202,54.662624,69.4284,75.680084,50.070915,51.618816,78.13333,85.57047,21.252981,959.62146,0.52673775,1.2555095,0.79174566,3699.3
Arena-Hard,ASHA,8,1,2e-06,0.02,1800,11113.401907062527,58.447098,21.212122,53.98029,68.41267,75.89771,48.54993,44.28987,71.9,78.81944,16.805481,936.9572,0.08688287,0.529228,0.24773562,11113.3
Arena-Hard,ASHA,9,0,4e-06,0.01,600,3699.402084684372,58.447098,20.20202,54.662624,69.4284,75.680084,50.070915,51.618816,78.13333,85.57047,21.252981,959.62146,0.52673775,1.2555095,0.79174566,3699.3
Arena-Hard,ASHA,10,0,2e-06,0.02,1800,11113.40177593231,58.447098,21.212122,53.98029,68.41267,75.89771,48.54993,44.28987,71.9,78.81944,16.805481,936.9572,0.08688287,0.529228,0.24773562,11113.3
Arena-Hard,ASHA,11,0,2e-06,0.01,1000,6141.102012968064,58.191128,20.20202,53.44958,68.47241,76.060936,47.843754,44.414764,73.4,76.736115,18.481031,947.7427,-0.28131455,0.5899513,0.03550938,6141.0
Arena-Hard,ASHA,12,0,4e-06,0.02,1800,11074.002375221253,59.385666,20.707071,56.330555,69.5479,75.7345,51.593643,49.248272,77.76667,78.47682,22.222586,915.6758,0.826696,0.8378739,0.83076066,11073.9
Arena-Hard,ASHA,13,0,4e-06,0.01,600,3699.4023293018345,58.447098,20.20202,54.662624,69.4284,75.680084,50.070915,51.618816,78.13333,85.57047,21.252981,959.62146,0.52673775,1.2555095,0.79174566,3699.3
Arena-Hard,ASHA,14,1,4e-06,0.02,1800,11074.002830600735,59.385666,20.707071,56.330555,69.5479,75.7345,51.593643,49.248272,77.76667,78.47682,22.222586,915.6758,0.826696,0.8378739,0.83076066,11073.9
Arena-Hard,ASHA,15,0,1e-06,0.02,2000,12283.802265024184,57.508533,22.727272,41.849888,67.69568,75.40805,47.398563,41.67952,59.966667,68.83117,5.762695,806.3376,-0.7186904,-1.2589402,-0.91514486,12283.7
Arena-Hard,ASHA,16,1,2e-06,0.02,1800,11113.402341222762,58.447098,21.212122,53.98029,68.41267,75.89771,48.54993,44.28987,71.9,78.81944,16.805481,936.9572,0.08688287,0.529228,0.24773562,11113.3
Arena-Hard,ASHA,17,1,4e-06,0.02,1800,11074.002861595152,59.385666,20.707071,56.330555,69.5479,75.7345,51.593643,49.248272,77.76667,78.47682,22.222586,915.6758,0.826696,0.8378739,0.83076066,11073.9
Arena-Hard,ASHA,18,0,4e-06,0.01,600,3699.4022119998936,58.447098,20.20202,54.662624,69.4284,75.680084,50.070915,51.618816,78.13333,85.57047,21.252981,959.62146,0.52673775,1.2555095,0.79174566,3699.3
Arena-Hard,ASHA,19,0,2e-06,0.04,1400,8610.201428747176,58.361774,22.727272,52.16073,68.273254,75.89771,48.642525,41.58211,68.9,81.78808,13.9110365,911.17474,0.13790397,0.2225931,0.16870002,8610.1
Arena-Hard,ASHA,20,0,4e-06,0.01,600,3699.402039146424,58.447098,20.20202,54.662624,69.4284,75.680084,50.070915,51.618816,78.13333,85.57047,21.252981,959.62146,0.52673775,1.2555095,0.79174566,3699.3
Arena-Hard,ASHA,21,0,2e-06,0.01,1000,6141.10199007988,58.191128,20.20202,53.44958,68.47241,76.060936,47.843754,44.414764,73.4,76.736115,18.481031,947.7427,-0.28131455,0.5899513,0.03550938,6141.0
Arena-Hard,ASHA,22,0,2e-06,0.01,1000,6141.102309799195,58.191128,20.20202,53.44958,68.47241,76.060936,47.843754,44.414764,73.4,76.736115,18.481031,947.7427,-0.28131455,0.5899513,0.03550938,6141.0
Arena-Hard,ASHA,23,0,4e-06,0.01,600,3699.402427530289,58.447098,20.20202,54.662624,69.4284,75.680084,50.070915,51.618816,78.13333,85.57047,21.252981,959.62146,0.52673775,1.2555095,0.79174566,3699.3
Arena-Hard,ASHA,24,0,4e-06,0.01,600,3699.4022375106815,58.447098,20.20202,54.662624,69.4284,75.680084,50.070915,51.618816,78.13333,85.57047,21.252981,959.62146,0.52673775,1.2555095,0.79174566,3699.3
Arena-Hard,BOHB,0,0,1e-06,0.02,2000,12283.802175617217,57.508533,22.727272,41.849888,67.69568,75.40805,47.398563,41.67952,59.966667,68.83117,5.762695,806.3376,-0.7186904,-1.2589402,-0.91514486,12283.7
Arena-Hard,BOHB,1,0,2e-06,0.01,1000,6141.102433776856,58.191128,20.20202,53.44958,68.47241,76.060936,47.843754,44.414764,73.4,76.736115,18.481031,947.7427,-0.28131455,0.5899513,0.03550938,6141.0
Arena-Hard,BOHB,2,0,1e-06,0.02,2000,12283.80221376419,57.508533,22.727272,41.849888,67.69568,75.40805,47.398563,41.67952,59.966667,68.83117,5.762695,806.3376,-0.7186904,-1.2589402,-0.91514486,12283.7
Arena-Hard,BOHB,3,0,4e-06,0.01,600,3699.402233934403,58.447098,20.20202,54.662624,69.4284,75.680084,50.070915,51.618816,78.13333,85.57047,21.252981,959.62146,0.52673775,1.2555095,0.79174566,3699.3
Arena-Hard,BOHB,4,0,4e-06,0.04,1000,6155.502186632157,58.788395,20.707071,56.86126,69.32882,76.22416,51.37511,49.23453,75.666664,81.63265,17.550583,912.20013,0.73411965,0.65883464,0.7067433,6155.4
Arena-Hard,BOHB,5,0,4e-06,0.02,1800,11074.002156114577,59.385666,20.707071,56.330555,69.5479,75.7345,51.593643,49.248272,77.76667,78.47682,22.222586,915.6758,0.826696,0.8378739,0.83076066,11073.9
Arena-Hard,BOHB,6,0,4e-06,0.02,1800,11074.002496814726,59.385666,20.707071,56.330555,69.5479,75.7345,51.593643,49.248272,77.76667,78.47682,22.222586,915.6758,0.826696,0.8378739,0.83076066,11073.9
Arena-Hard,BOHB,7,1,4e-06,0.01,600,3699.402409648896,58.447098,20.20202,54.662624,69.4284,75.680084,50.070915,51.618816,78.13333,85.57047,21.252981,959.62146,0.52673775,1.2555095,0.79174566,3699.3
Arena-Hard,BOHB,8,1,2e-06,0.02,1800,11113.402167654036,58.447098,21.212122,53.98029,68.41267,75.89771,48.54993,44.28987,71.9,78.81944,16.805481,936.9572,0.08688287,0.529228,0.24773562,11113.3
Arena-Hard,BOHB,9,0,4e-06,0.01,600,3699.402077054978,58.447098,20.20202,54.662624,69.4284,75.680084,50.070915,51.618816,78.13333,85.57047,21.252981,959.62146,0.52673775,1.2555095,0.79174566,3699.3
Arena-Hard,BOHB,10,0,2e-06,0.02,1800,11113.402362442015,58.447098,21.212122,53.98029,68.41267,75.89771,48.54993,44.28987,71.9,78.81944,16.805481,936.9572,0.08688287,0.529228,0.24773562,11113.3
Arena-Hard,BOHB,11,0,2e-06,0.01,1000,6141.102236127854,58.191128,20.20202,53.44958,68.47241,76.060936,47.843754,44.414764,73.4,76.736115,18.481031,947.7427,-0.28131455,0.5899513,0.03550938,6141.0
Arena-Hard,BOHB,12,0,4e-06,0.02,1800,11074.002586460112,59.385666,20.707071,56.330555,69.5479,75.7345,51.593643,49.248272,77.76667,78.47682,22.222586,915.6758,0.826696,0.8378739,0.83076066,11073.9
Arena-Hard,BOHB,13,0,4e-06,0.01,600,3699.403675651551,58.447098,20.20202,54.662624,69.4284,75.680084,50.070915,51.618816,78.13333,85.57047,21.252981,959.62146,0.52673775,1.2555095,0.79174566,3699.3
Arena-Hard,BOHB,14,1,4e-06,0.02,1800,11074.003295516966,59.385666,20.707071,56.330555,69.5479,75.7345,51.593643,49.248272,77.76667,78.47682,22.222586,915.6758,0.826696,0.8378739,0.83076066,11073.9
Arena-Hard,BOHB,15,0,1e-06,0.02,2000,12283.802250242232,57.508533,22.727272,41.849888,67.69568,75.40805,47.398563,41.67952,59.966667,68.83117,5.762695,806.3376,-0.7186904,-1.2589402,-0.91514486,12283.7
Arena-Hard,BOHB,16,1,2e-06,0.02,1800,11113.40248737335,58.447098,21.212122,53.98029,68.41267,75.89771,48.54993,44.28987,71.9,78.81944,16.805481,936.9572,0.08688287,0.529228,0.24773562,11113.3
Arena-Hard,BOHB,17,1,4e-06,0.02,1800,11074.002903079983,59.385666,20.707071,56.330555,69.5479,75.7345,51.593643,49.248272,77.76667,78.47682,22.222586,915.6758,0.826696,0.8378739,0.83076066,11073.9
Arena-Hard,BOHB,18,0,4e-06,0.01,600,3699.402599668503,58.447098,20.20202,54.662624,69.4284,75.680084,50.070915,51.618816,78.13333,85.57047,21.252981,959.62146,0.52673775,1.2555095,0.79174566,3699.3
Arena-Hard,BOHB,19,0,2e-06,0.04,1400,8610.20209417343,58.361774,22.727272,52.16073,68.273254,75.89771,48.642525,41.58211,68.9,81.78808,13.9110365,911.17474,0.13790397,0.2225931,0.16870002,8610.1
Arena-Hard,BOHB,20,0,4e-06,0.01,600,3699.4022608757023,58.447098,20.20202,54.662624,69.4284,75.680084,50.070915,51.618816,78.13333,85.57047,21.252981,959.62146,0.52673775,1.2555095,0.79174566,3699.3
Arena-Hard,BOHB,21,0,2e-06,0.01,1000,6141.102017974854,58.191128,20.20202,53.44958,68.47241,76.060936,47.843754,44.414764,73.4,76.736115,18.481031,947.7427,-0.28131455,0.5899513,0.03550938,6141.0
Arena-Hard,BOHB,22,0,2e-06,0.01,1000,6141.102165555954,58.191128,20.20202,53.44958,68.47241,76.060936,47.843754,44.414764,73.4,76.736115,18.481031,947.7427,-0.28131455,0.5899513,0.03550938,6141.0
Arena-Hard,BOHB,23,0,4e-06,0.01,600,3699.402326440812,58.447098,20.20202,54.662624,69.4284,75.680084,50.070915,51.618816,78.13333,85.57047,21.252981,959.62146,0.52673775,1.2555095,0.79174566,3699.3
Arena-Hard,BOHB,24,0,4e-06,0.01,600,3699.402075862885,58.447098,20.20202,54.662624,69.4284,75.680084,50.070915,51.618816,78.13333,85.57047,21.252981,959.62146,0.52673775,1.2555095,0.79174566,3699.3
Arena-Hard,BOTorch,0,1,4e-06,0.04,1000,6155.501588439942,58.788395,20.707071,56.86126,69.32882,76.22416,51.37511,49.23453,75.666664,81.63265,17.550583,912.20013,0.73411965,0.65883464,0.7067433,6155.4
Arena-Hard,BOTorch,1,0,2e-06,0.01,1000,6141.101742601395,58.191128,20.20202,53.44958,68.47241,76.060936,47.843754,44.414764,73.4,76.736115,18.481031,947.7427,-0.28131455,0.5899513,0.03550938,6141.0
Arena-Hard,BOTorch,2,1,1e-06,0.02,2000,12283.802195644375,57.508533,22.727272,41.849888,67.69568,75.40805,47.398563,41.67952,59.966667,68.83117,5.762695,806.3376,-0.7186904,-1.2589402,-0.91514486,12283.7
Arena-Hard,BOTorch,3,0,4e-06,0.02,1800,11074.00223956108,59.385666,20.707071,56.330555,69.5479,75.7345,51.593643,49.248272,77.76667,78.47682,22.222586,915.6758,0.826696,0.8378739,0.83076066,11073.9
Arena-Hard,BOTorch,4,0,4e-06,0.02,1800,11074.002318716048,59.385666,20.707071,56.330555,69.5479,75.7345,51.593643,49.248272,77.76667,78.47682,22.222586,915.6758,0.826696,0.8378739,0.83076066,11073.9
Arena-Hard,BOTorch,5,1,4e-06,0.01,600,3699.4019299507145,58.447098,20.20202,54.662624,69.4284,75.680084,50.070915,51.618816,78.13333,85.57047,21.252981,959.62146,0.52673775,1.2555095,0.79174566,3699.3
Arena-Hard,BOTorch,6,0,4e-06,0.02,1800,11074.002320623396,59.385666,20.707071,56.330555,69.5479,75.7345,51.593643,49.248272,77.76667,78.47682,22.222586,915.6758,0.826696,0.8378739,0.83076066,11073.9
Arena-Hard,BOTorch,7,0,4e-06,0.02,1800,11074.002383327484,59.385666,20.707071,56.330555,69.5479,75.7345,51.593643,49.248272,77.76667,78.47682,22.222586,915.6758,0.826696,0.8378739,0.83076066,11073.9
Arena-Hard,BOTorch,8,0,4e-06,0.04,1000,6155.501688814164,58.788395,20.707071,56.86126,69.32882,76.22416,51.37511,49.23453,75.666664,81.63265,17.550583,912.20013,0.73411965,0.65883464,0.7067433,6155.4
Arena-Hard,BOTorch,9,0,4e-06,0.04,1000,6155.501855945588,58.788395,20.707071,56.86126,69.32882,76.22416,51.37511,49.23453,75.666664,81.63265,17.550583,912.20013,0.73411965,0.65883464,0.7067433,6155.4
Arena-Hard,BOTorch,10,0,1e-06,0.01,2000,12347.302076673506,57.508533,20.707071,41.77407,67.5961,75.62568,47.385075,40.21574,60.333332,66.11842,5.762843,797.3752,-1.0311357,-1.3682412,-1.1537195,12347.2
Arena-Hard,BOTorch,11,1,4e-06,0.01,600,3699.402019119263,58.447098,20.20202,54.662624,69.4284,75.680084,50.070915,51.618816,78.13333,85.57047,21.252981,959.62146,0.52673775,1.2555095,0.79174566,3699.3
Arena-Hard,BOTorch,12,1,4e-06,0.04,1000,6155.501656389237,58.788395,20.707071,56.86126,69.32882,76.22416,51.37511,49.23453,75.666664,81.63265,17.550583,912.20013,0.73411965,0.65883464,0.7067433,6155.4
Arena-Hard,BOTorch,13,0,4e-06,0.01,600,3699.401850557328,58.447098,20.20202,54.662624,69.4284,75.680084,50.070915,51.618816,78.13333,85.57047,21.252981,959.62146,0.52673775,1.2555095,0.79174566,3699.3
Arena-Hard,BOTorch,14,1,2e-06,0.01,1000,6141.102088546753,58.191128,20.20202,53.44958,68.47241,76.060936,47.843754,44.414764,73.4,76.736115,18.481031,947.7427,-0.28131455,0.5899513,0.03550938,6141.0
Arena-Hard,BOTorch,15,1,2e-06,0.01,1000,6141.102021312714,58.191128,20.20202,53.44958,68.47241,76.060936,47.843754,44.414764,73.4,76.736115,18.481031,947.7427,-0.28131455,0.5899513,0.03550938,6141.0
Arena-Hard,BOTorch,16,1,4e-06,0.04,1000,6155.502202367783,58.788395,20.707071,56.86126,69.32882,76.22416,51.37511,49.23453,75.666664,81.63265,17.550583,912.20013,0.73411965,0.65883464,0.7067433,6155.4
Arena-Hard,BOTorch,17,1,2e-06,0.02,1800,11113.402434682845,58.447098,21.212122,53.98029,68.41267,75.89771,48.54993,44.28987,71.9,78.81944,16.805481,936.9572,0.08688287,0.529228,0.24773562,11113.3
Arena-Hard,BOTorch,18,1,2e-06,0.02,1800,11113.4017911911,58.447098,21.212122,53.98029,68.41267,75.89771,48.54993,44.28987,71.9,78.81944,16.805481,936.9572,0.08688287,0.529228,0.24773562,11113.3
Arena-Hard,BOTorch,19,0,1e-06,0.01,2000,12347.302227592469,57.508533,20.707071,41.77407,67.5961,75.62568,47.385075,40.21574,60.333332,66.11842,5.762843,797.3752,-1.0311357,-1.3682412,-1.1537195,12347.2
Arena-Hard,BOTorch,20,0,4e-06,0.01,600,3699.402042484284,58.447098,20.20202,54.662624,69.4284,75.680084,50.070915,51.618816,78.13333,85.57047,21.252981,959.62146,0.52673775,1.2555095,0.79174566,3699.3
Arena-Hard,BOTorch,21,1,4e-06,0.02,1800,11074.002317285536,59.385666,20.707071,56.330555,69.5479,75.7345,51.593643,49.248272,77.76667,78.47682,22.222586,915.6758,0.826696,0.8378739,0.83076066,11073.9
Arena-Hard,BOTorch,22,0,1e-06,0.02,2000,12283.802412366866,57.508533,22.727272,41.849888,67.69568,75.40805,47.398563,41.67952,59.966667,68.83117,5.762695,806.3376,-0.7186904,-1.2589402,-0.91514486,12283.7
Arena-Hard,BOTorch,23,0,4e-06,0.02,1800,11074.002251720429,59.385666,20.707071,56.330555,69.5479,75.7345,51.593643,49.248272,77.76667,78.47682,22.222586,915.6758,0.826696,0.8378739,0.83076066,11073.9
Arena-Hard,BOTorch,24,0,1e-06,0.02,2000,12283.802170610426,57.508533,22.727272,41.849888,67.69568,75.40805,47.398563,41.67952,59.966667,68.83117,5.762695,806.3376,-0.7186904,-1.2589402,-0.91514486,12283.7
Arena-Hard,CQR,0,0,1e-06,0.02,2000,12283.802764749526,57.508533,22.727272,41.849888,67.69568,75.40805,47.398563,41.67952,59.966667,68.83117,5.762695,806.3376,-0.7186904,-1.2589402,-0.91514486,12283.7
Arena-Hard,CQR,1,0,2e-06,0.01,1000,6141.101908302308,58.191128,20.20202,53.44958,68.47241,76.060936,47.843754,44.414764,73.4,76.736115,18.481031,947.7427,-0.28131455,0.5899513,0.03550938,6141.0
Arena-Hard,CQR,2,0,1e-06,0.02,2000,12283.80305418968,57.508533,22.727272,41.849888,67.69568,75.40805,47.398563,41.67952,59.966667,68.83117,5.762695,806.3376,-0.7186904,-1.2589402,-0.91514486,12283.7
Arena-Hard,CQR,3,0,4e-06,0.01,600,3699.4021388053898,58.447098,20.20202,54.662624,69.4284,75.680084,50.070915,51.618816,78.13333,85.57047,21.252981,959.62146,0.52673775,1.2555095,0.79174566,3699.3
Arena-Hard,CQR,4,0,4e-06,0.04,1000,6155.502475118637,58.788395,20.707071,56.86126,69.32882,76.22416,51.37511,49.23453,75.666664,81.63265,17.550583,912.20013,0.73411965,0.65883464,0.7067433,6155.4
Arena-Hard,CQR,5,0,4e-06,0.02,1800,11074.002203559874,59.385666,20.707071,56.330555,69.5479,75.7345,51.593643,49.248272,77.76667,78.47682,22.222586,915.6758,0.826696,0.8378739,0.83076066,11073.9
Arena-Hard,CQR,6,0,4e-06,0.02,1800,11074.00218567848,59.385666,20.707071,56.330555,69.5479,75.7345,51.593643,49.248272,77.76667,78.47682,22.222586,915.6758,0.826696,0.8378739,0.83076066,11073.9
Arena-Hard,CQR,7,1,4e-06,0.01,600,3699.4022580146793,58.447098,20.20202,54.662624,69.4284,75.680084,50.070915,51.618816,78.13333,85.57047,21.252981,959.62146,0.52673775,1.2555095,0.79174566,3699.3
Arena-Hard,CQR,8,1,2e-06,0.02,1800,11113.40152916908,58.447098,21.212122,53.98029,68.41267,75.89771,48.54993,44.28987,71.9,78.81944,16.805481,936.9572,0.08688287,0.529228,0.24773562,11113.3
Arena-Hard,CQR,9,0,4e-06,0.01,600,3699.401909208298,58.447098,20.20202,54.662624,69.4284,75.680084,50.070915,51.618816,78.13333,85.57047,21.252981,959.62146,0.52673775,1.2555095,0.79174566,3699.3
Arena-Hard,CQR,10,0,2e-06,0.02,1800,11113.4015191555,58.447098,21.212122,53.98029,68.41267,75.89771,48.54993,44.28987,71.9,78.81944,16.805481,936.9572,0.08688287,0.529228,0.24773562,11113.3
Arena-Hard,CQR,11,0,2e-06,0.01,1000,6141.101880407334,58.191128,20.20202,53.44958,68.47241,76.060936,47.843754,44.414764,73.4,76.736115,18.481031,947.7427,-0.28131455,0.5899513,0.03550938,6141.0
Arena-Hard,CQR,12,0,4e-06,0.02,1800,11074.002277469634,59.385666,20.707071,56.330555,69.5479,75.7345,51.593643,49.248272,77.76667,78.47682,22.222586,915.6758,0.826696,0.8378739,0.83076066,11073.9
Arena-Hard,CQR,13,0,4e-06,0.01,600,3699.4019745349888,58.447098,20.20202,54.662624,69.4284,75.680084,50.070915,51.618816,78.13333,85.57047,21.252981,959.62146,0.52673775,1.2555095,0.79174566,3699.3
Arena-Hard,CQR,14,1,4e-06,0.02,1800,11074.002448415757,59.385666,20.707071,56.330555,69.5479,75.7345,51.593643,49.248272,77.76667,78.47682,22.222586,915.6758,0.826696,0.8378739,0.83076066,11073.9
Arena-Hard,CQR,15,0,1e-06,0.02,2000,12283.802321529389,57.508533,22.727272,41.849888,67.69568,75.40805,47.398563,41.67952,59.966667,68.83117,5.762695,806.3376,-0.7186904,-1.2589402,-0.91514486,12283.7
Arena-Hard,CQR,16,1,2e-06,0.02,1800,11113.402250623702,58.447098,21.212122,53.98029,68.41267,75.89771,48.54993,44.28987,71.9,78.81944,16.805481,936.9572,0.08688287,0.529228,0.24773562,11113.3
Arena-Hard,CQR,17,1,4e-06,0.02,1800,11074.002896881102,59.385666,20.707071,56.330555,69.5479,75.7345,51.593643,49.248272,77.76667,78.47682,22.222586,915.6758,0.826696,0.8378739,0.83076066,11073.9
Arena-Hard,CQR,18,0,4e-06,0.01,600,3699.4021118640894,58.447098,20.20202,54.662624,69.4284,75.680084,50.070915,51.618816,78.13333,85.57047,21.252981,959.62146,0.52673775,1.2555095,0.79174566,3699.3
Arena-Hard,CQR,19,0,2e-06,0.04,1400,8610.202233648299,58.361774,22.727272,52.16073,68.273254,75.89771,48.642525,41.58211,68.9,81.78808,13.9110365,911.17474,0.13790397,0.2225931,0.16870002,8610.1
Arena-Hard,CQR,20,0,4e-06,0.01,600,3699.401830530167,58.447098,20.20202,54.662624,69.4284,75.680084,50.070915,51.618816,78.13333,85.57047,21.252981,959.62146,0.52673775,1.2555095,0.79174566,3699.3
Arena-Hard,CQR,21,0,2e-06,0.01,1000,6141.101758098603,58.191128,20.20202,53.44958,68.47241,76.060936,47.843754,44.414764,73.4,76.736115,18.481031,947.7427,-0.28131455,0.5899513,0.03550938,6141.0
Arena-Hard,CQR,22,0,2e-06,0.01,1000,6141.102207279206,58.191128,20.20202,53.44958,68.47241,76.060936,47.843754,44.414764,73.4,76.736115,18.481031,947.7427,-0.28131455,0.5899513,0.03550938,6141.0
Arena-Hard,CQR,23,0,4e-06,0.01,600,3699.4020029068,58.447098,20.20202,54.662624,69.4284,75.680084,50.070915,51.618816,78.13333,85.57047,21.252981,959.62146,0.52673775,1.2555095,0.79174566,3699.3
Arena-Hard,CQR,24,0,4e-06,0.01,600,3699.401857709885,58.447098,20.20202,54.662624,69.4284,75.680084,50.070915,51.618816,78.13333,85.57047,21.252981,959.62146,0.52673775,1.2555095,0.79174566,3699.3
Arena-Hard,RandomSearch,0,0,4e-06,0.02,1800,11074.002241945263,59.385666,20.707071,56.330555,69.5479,75.7345,51.593643,49.248272,77.76667,78.47682,22.222586,915.6758,0.826696,0.8378739,0.83076066,11073.9
Arena-Hard,RandomSearch,1,1,4e-06,0.02,1800,11074.00233659744,59.385666,20.707071,56.330555,69.5479,75.7345,51.593643,49.248272,77.76667,78.47682,22.222586,915.6758,0.826696,0.8378739,0.83076066,11073.9
Arena-Hard,RandomSearch,2,1,4e-06,0.02,1800,11074.002178525923,59.385666,20.707071,56.330555,69.5479,75.7345,51.593643,49.248272,77.76667,78.47682,22.222586,915.6758,0.826696,0.8378739,0.83076066,11073.9
Arena-Hard,RandomSearch,3,0,4e-06,0.04,1000,6155.501593685151,58.788395,20.707071,56.86126,69.32882,76.22416,51.37511,49.23453,75.666664,81.63265,17.550583,912.20013,0.73411965,0.65883464,0.7067433,6155.4
Arena-Hard,RandomSearch,4,0,2e-06,0.04,1400,8610.201329326628,58.361774,22.727272,52.16073,68.273254,75.89771,48.642525,41.58211,68.9,81.78808,13.9110365,911.17474,0.13790397,0.2225931,0.16870002,8610.1
Arena-Hard,RandomSearch,5,0,4e-06,0.04,1000,6155.501666879654,58.788395,20.707071,56.86126,69.32882,76.22416,51.37511,49.23453,75.666664,81.63265,17.550583,912.20013,0.73411965,0.65883464,0.7067433,6155.4
Arena-Hard,RandomSearch,6,0,4e-06,0.02,1800,11074.002393341065,59.385666,20.707071,56.330555,69.5479,75.7345,51.593643,49.248272,77.76667,78.47682,22.222586,915.6758,0.826696,0.8378739,0.83076066,11073.9
Arena-Hard,RandomSearch,7,1,4e-06,0.01,600,3699.402101373673,58.447098,20.20202,54.662624,69.4284,75.680084,50.070915,51.618816,78.13333,85.57047,21.252981,959.62146,0.52673775,1.2555095,0.79174566,3699.3
Arena-Hard,RandomSearch,8,1,4e-06,0.02,1800,11074.002574777602,59.385666,20.707071,56.330555,69.5479,75.7345,51.593643,49.248272,77.76667,78.47682,22.222586,915.6758,0.826696,0.8378739,0.83076066,11073.9
Arena-Hard,RandomSearch,9,1,2e-06,0.04,1400,8610.201608991621,58.361774,22.727272,52.16073,68.273254,75.89771,48.642525,41.58211,68.9,81.78808,13.9110365,911.17474,0.13790397,0.2225931,0.16870002,8610.1
Arena-Hard,RandomSearch,10,3,4e-06,0.02,200,13705.656185245512,57.84983,21.212122,45.86808,68.18363,75.62568,47.15046,40.8577,67.53333,76.689186,12.021942,875.90576,0.38362443,1.2703952,0.7060865,1230.4
Arena-Hard,RandomSearch,11,1,4e-06,0.04,1000,6155.502294874192,58.788395,20.707071,56.86126,69.32882,76.22416,51.37511,49.23453,75.666664,81.63265,17.550583,912.20013,0.73411965,0.65883464,0.7067433,6155.4
Arena-Hard,RandomSearch,12,1,2e-06,0.01,1000,6141.101794099808,58.191128,20.20202,53.44958,68.47241,76.060936,47.843754,44.414764,73.4,76.736115,18.481031,947.7427,-0.28131455,0.5899513,0.03550938,6141.0
Arena-Hard,RandomSearch,13,1,4e-06,0.04,1000,6155.501752471924,58.788395,20.707071,56.86126,69.32882,76.22416,51.37511,49.23453,75.666664,81.63265,17.550583,912.20013,0.73411965,0.65883464,0.7067433,6155.4
Arena-Hard,RandomSearch,14,0,4e-06,0.01,600,3699.402603244782,58.447098,20.20202,54.662624,69.4284,75.680084,50.070915,51.618816,78.13333,85.57047,21.252981,959.62146,0.52673775,1.2555095,0.79174566,3699.3
Arena-Hard,RandomSearch,15,0,4e-06,0.02,1800,11074.002218341826,59.385666,20.707071,56.330555,69.5479,75.7345,51.593643,49.248272,77.76667,78.47682,22.222586,915.6758,0.826696,0.8378739,0.83076066,11073.9
Arena-Hard,RandomSearch,16,0,1e-06,0.04,800,4943.802313899994,57.423206,23.232323,40.788475,67.53635,75.40805,47.438057,39.65495,59.533333,63.907284,5.6169047,794.3094,-1.011344,-1.3441482,-1.1323637,4943.7
Arena-Hard,RandomSearch,17,0,4e-06,0.01,600,3699.402381038666,58.447098,20.20202,54.662624,69.4284,75.680084,50.070915,51.618816,78.13333,85.57047,21.252981,959.62146,0.52673775,1.2555095,0.79174566,3699.3
Arena-Hard,RandomSearch,18,1,4e-06,0.01,600,3699.401966905594,58.447098,20.20202,54.662624,69.4284,75.680084,50.070915,51.618816,78.13333,85.57047,21.252981,959.62146,0.52673775,1.2555095,0.79174566,3699.3
Arena-Hard,RandomSearch,19,0,2e-06,0.01,1000,6141.102404689789,58.191128,20.20202,53.44958,68.47241,76.060936,47.843754,44.414764,73.4,76.736115,18.481031,947.7427,-0.28131455,0.5899513,0.03550938,6141.0
Arena-Hard,RandomSearch,20,0,4e-06,0.02,1800,11074.002855873106,59.385666,20.707071,56.330555,69.5479,75.7345,51.593643,49.248272,77.76667,78.47682,22.222586,915.6758,0.826696,0.8378739,0.83076066,11073.9
Arena-Hard,RandomSearch,21,0,1e-06,0.04,800,4943.802953100205,57.423206,23.232323,40.788475,67.53635,75.40805,47.438057,39.65495,59.533333,63.907284,5.6169047,794.3094,-1.011344,-1.3441482,-1.1323637,4943.7
Arena-Hard,RandomSearch,22,1,2e-06,0.01,1000,6141.102417087555,58.191128,20.20202,53.44958,68.47241,76.060936,47.843754,44.414764,73.4,76.736115,18.481031,947.7427,-0.28131455,0.5899513,0.03550938,6141.0
Arena-Hard,RandomSearch,23,0,4e-06,0.01,600,3699.402330255509,58.447098,20.20202,54.662624,69.4284,75.680084,50.070915,51.618816,78.13333,85.57047,21.252981,959.62146,0.52673775,1.2555095,0.79174566,3699.3
Arena-Hard,RandomSearch,24,1,2e-06,0.04,1400,8610.201831436156,58.361774,22.727272,52.16073,68.273254,75.89771,48.642525,41.58211,68.9,81.78808,13.9110365,911.17474,0.13790397,0.2225931,0.16870002,8610.1
Arena-Hard,TPE,0,1,2e-06,0.01,1000,6141.101723766327,58.191128,20.20202,53.44958,68.47241,76.060936,47.843754,44.414764,73.4,76.736115,18.481031,947.7427,-0.28131455,0.5899513,0.03550938,6141.0
Arena-Hard,TPE,1,1,4e-06,0.02,1800,11074.002715682982,59.385666,20.707071,56.330555,69.5479,75.7345,51.593643,49.248272,77.76667,78.47682,22.222586,915.6758,0.826696,0.8378739,0.83076066,11073.9
Arena-Hard,TPE,2,1,2e-06,0.04,1400,8610.201642608641,58.361774,22.727272,52.16073,68.273254,75.89771,48.642525,41.58211,68.9,81.78808,13.9110365,911.17474,0.13790397,0.2225931,0.16870002,8610.1
Arena-Hard,TPE,3,1,4e-06,0.04,1000,6155.50160894394,58.788395,20.707071,56.86126,69.32882,76.22416,51.37511,49.23453,75.666664,81.63265,17.550583,912.20013,0.73411965,0.65883464,0.7067433,6155.4
Arena-Hard,TPE,4,1,4e-06,0.02,1800,11074.002400016783,59.385666,20.707071,56.330555,69.5479,75.7345,51.593643,49.248272,77.76667,78.47682,22.222586,915.6758,0.826696,0.8378739,0.83076066,11073.9
Arena-Hard,TPE,5,0,4e-06,0.04,1000,6155.502145385743,58.788395,20.707071,56.86126,69.32882,76.22416,51.37511,49.23453,75.666664,81.63265,17.550583,912.20013,0.73411965,0.65883464,0.7067433,6155.4
Arena-Hard,TPE,6,0,4e-06,0.04,1000,6155.50183544159,58.788395,20.707071,56.86126,69.32882,76.22416,51.37511,49.23453,75.666664,81.63265,17.550583,912.20013,0.73411965,0.65883464,0.7067433,6155.4
Arena-Hard,TPE,7,0,2e-06,0.04,1400,8610.201675987242,58.361774,22.727272,52.16073,68.273254,75.89771,48.642525,41.58211,68.9,81.78808,13.9110365,911.17474,0.13790397,0.2225931,0.16870002,8610.1
Arena-Hard,TPE,8,1,4e-06,0.01,600,3699.40201125145,58.447098,20.20202,54.662624,69.4284,75.680084,50.070915,51.618816,78.13333,85.57047,21.252981,959.62146,0.52673775,1.2555095,0.79174566,3699.3
Arena-Hard,TPE,9,0,4e-06,0.02,1800,11074.002398586272,59.385666,20.707071,56.330555,69.5479,75.7345,51.593643,49.248272,77.76667,78.47682,22.222586,915.6758,0.826696,0.8378739,0.83076066,11073.9
Arena-Hard,TPE,10,1,4e-06,0.04,1000,6155.502121782303,58.788395,20.707071,56.86126,69.32882,76.22416,51.37511,49.23453,75.666664,81.63265,17.550583,912.20013,0.73411965,0.65883464,0.7067433,6155.4
Arena-Hard,TPE,11,0,2e-06,0.01,1000,6141.102239704132,58.191128,20.20202,53.44958,68.47241,76.060936,47.843754,44.414764,73.4,76.736115,18.481031,947.7427,-0.28131455,0.5899513,0.03550938,6141.0
Arena-Hard,TPE,12,0,2e-06,0.04,1400,8610.201874828337,58.361774,22.727272,52.16073,68.273254,75.89771,48.642525,41.58211,68.9,81.78808,13.9110365,911.17474,0.13790397,0.2225931,0.16870002,8610.1
Arena-Hard,TPE,13,0,4e-06,0.01,600,3699.402117109299,58.447098,20.20202,54.662624,69.4284,75.680084,50.070915,51.618816,78.13333,85.57047,21.252981,959.62146,0.52673775,1.2555095,0.79174566,3699.3
Arena-Hard,TPE,14,0,2e-06,0.01,1000,6141.101766204834,58.191128,20.20202,53.44958,68.47241,76.060936,47.843754,44.414764,73.4,76.736115,18.481031,947.7427,-0.28131455,0.5899513,0.03550938,6141.0
Arena-Hard,TPE,15,1,4e-06,0.04,1000,6155.501873350144,58.788395,20.707071,56.86126,69.32882,76.22416,51.37511,49.23453,75.666664,81.63265,17.550583,912.20013,0.73411965,0.65883464,0.7067433,6155.4
Arena-Hard,TPE,16,1,1e-06,0.02,2000,12283.802281236647,57.508533,22.727272,41.849888,67.69568,75.40805,47.398563,41.67952,59.966667,68.83117,5.762695,806.3376,-0.7186904,-1.2589402,-0.91514486,12283.7
Arena-Hard,TPE,17,1,2e-06,0.04,1400,8610.202011680602,58.361774,22.727272,52.16073,68.273254,75.89771,48.642525,41.58211,68.9,81.78808,13.9110365,911.17474,0.13790397,0.2225931,0.16870002,8610.1
Arena-Hard,TPE,18,1,4e-06,0.02,1800,11074.00291237831,59.385666,20.707071,56.330555,69.5479,75.7345,51.593643,49.248272,77.76667,78.47682,22.222586,915.6758,0.826696,0.8378739,0.83076066,11073.9
Arena-Hard,TPE,19,1,4e-06,0.01,600,3699.402215576172,58.447098,20.20202,54.662624,69.4284,75.680084,50.070915,51.618816,78.13333,85.57047,21.252981,959.62146,0.52673775,1.2555095,0.79174566,3699.3
Arena-Hard,TPE,20,0,1e-06,0.01,2000,12347.302075242997,57.508533,20.707071,41.77407,67.5961,75.62568,47.385075,40.21574,60.333332,66.11842,5.762843,797.3752,-1.0311357,-1.3682412,-1.1537195,12347.2
Arena-Hard,TPE,21,0,1e-06,0.02,2000,12283.802253341672,57.508533,22.727272,41.849888,67.69568,75.40805,47.398563,41.67952,59.966667,68.83117,5.762695,806.3376,-0.7186904,-1.2589402,-0.91514486,12283.7
Arena-Hard,TPE,22,0,4e-06,0.01,600,3699.401939249039,58.447098,20.20202,54.662624,69.4284,75.680084,50.070915,51.618816,78.13333,85.57047,21.252981,959.62146,0.52673775,1.2555095,0.79174566,3699.3
Arena-Hard,TPE,23,0,4e-06,0.01,600,3699.401991462708,58.447098,20.20202,54.662624,69.4284,75.680084,50.070915,51.618816,78.13333,85.57047,21.252981,959.62146,0.52673775,1.2555095,0.79174566,3699.3
Arena-Hard,TPE,24,1,2e-06,0.02,1800,11113.403260087964,58.447098,21.212122,53.98029,68.41267,75.89771,48.54993,44.28987,71.9,78.81944,16.805481,936.9572,0.08688287,0.529228,0.24773562,11113.3
ELO,ASHA,0,0,1e-06,0.02,1200,7370.30221734047,57.423206,23.232323,41.394997,67.5961,75.7889,47.40734,40.479263,57.7,67.43421,6.119512,840.1006,-0.6793503,-1.1446067,-0.84853446,7370.2
ELO,ASHA,1,0,2e-06,0.01,1600,9825.802101945876,58.27645,21.717173,54.662624,68.42262,75.952126,48.15608,46.68413,71.73333,79.86577,19.916653,993.6011,0.04436696,0.8632374,0.34213802,9825.7
ELO,ASHA,2,0,1e-06,0.02,1200,7370.301968193055,57.423206,23.232323,41.394997,67.5961,75.7889,47.40734,40.479263,57.7,67.43421,6.119512,840.1006,-0.6793503,-1.1446067,-0.84853446,7370.2
ELO,ASHA,3,1,2e-06,0.01,1600,9825.802446222304,58.27645,21.717173,54.662624,68.42262,75.952126,48.15608,46.68413,71.73333,79.86577,19.916653,993.6011,0.04436696,0.8632374,0.34213802,9825.7
ELO,ASHA,4,0,4e-06,0.04,800,4924.402195549012,58.70307,23.232323,56.330555,69.32882,76.16975,51.254017,51.90982,72.933334,77.054794,19.70793,1005.7145,1.1171892,0.80891025,1.0050877,4924.3
ELO,ASHA,5,1,4e-06,0.04,800,4924.401911354065,58.70307,23.232323,56.330555,69.32882,76.16975,51.254017,51.90982,72.933334,77.054794,19.70793,1005.7145,1.1171892,0.80891025,1.0050877,4924.3
ELO,ASHA,6,0,4e-06,0.02,2031,12495.101866817471,59.385666,19.69697,57.391964,69.577774,76.16975,51.550198,50.391075,77.333336,85.13513,22.30177,1003.3124,0.9199218,1.3050947,1.0599847,12495.0
ELO,ASHA,7,1,4e-06,0.01,400,2466.3020730972294,59.04437,24.242424,53.60121,69.34873,75.84331,49.211784,49.659184,76.066666,85.2349,22.847424,982.0952,1.3029851,1.3583269,1.3231094,2466.2
ELO,ASHA,8,1,2e-06,0.02,600,3704.502443170548,58.447098,21.717173,52.16073,68.28321,76.060936,47.978085,41.739475,67.166664,77.55102,13.244791,977.8431,0.16739589,0.3923012,0.24917963,3704.4
ELO,ASHA,9,1,4e-06,0.02,2031,12495.102269029616,59.385666,19.69697,57.391964,69.577774,76.16975,51.550198,50.391075,77.333336,85.13513,22.30177,1003.3124,0.9199218,1.3050947,1.0599847,12495.0
ELO,ASHA,10,0,2e-06,0.02,600,3704.501803731919,58.447098,21.717173,52.16073,68.28321,76.060936,47.978085,41.739475,67.166664,77.55102,13.244791,977.8431,0.16739589,0.3923012,0.24917963,3704.4
ELO,ASHA,11,0,2e-06,0.01,1600,9825.8020509243,58.27645,21.717173,54.662624,68.42262,75.952126,48.15608,46.68413,71.73333,79.86577,19.916653,993.6011,0.04436696,0.8632374,0.34213802,9825.7
ELO,ASHA,12,0,4e-06,0.02,2031,12495.10196290016,59.385666,19.69697,57.391964,69.577774,76.16975,51.550198,50.391075,77.333336,85.13513,22.30177,1003.3124,0.9199218,1.3050947,1.0599847,12495.0
ELO,ASHA,13,0,4e-06,0.01,400,2466.302266454697,59.04437,24.242424,53.60121,69.34873,75.84331,49.211784,49.659184,76.066666,85.2349,22.847424,982.0952,1.3029851,1.3583269,1.3231094,2466.2
ELO,ASHA,14,1,4e-06,0.02,2031,12495.102002239226,59.385666,19.69697,57.391964,69.577774,76.16975,51.550198,50.391075,77.333336,85.13513,22.30177,1003.3124,0.9199218,1.3050947,1.0599847,12495.0
ELO,ASHA,15,0,1e-06,0.02,1200,7370.302331066132,57.423206,23.232323,41.394997,67.5961,75.7889,47.40734,40.479263,57.7,67.43421,6.119512,840.1006,-0.6793503,-1.1446067,-0.84853446,7370.2
ELO,ASHA,16,1,2e-06,0.02,600,3704.502235031128,58.447098,21.717173,52.16073,68.28321,76.060936,47.978085,41.739475,67.166664,77.55102,13.244791,977.8431,0.16739589,0.3923012,0.24917963,3704.4
ELO,ASHA,17,1,4e-06,0.02,2031,12495.102118587492,59.385666,19.69697,57.391964,69.577774,76.16975,51.550198,50.391075,77.333336,85.13513,22.30177,1003.3124,0.9199218,1.3050947,1.0599847,12495.0
ELO,ASHA,18,0,4e-06,0.01,400,2466.301912879944,59.04437,24.242424,53.60121,69.34873,75.84331,49.211784,49.659184,76.066666,85.2349,22.847424,982.0952,1.3029851,1.3583269,1.3231094,2466.2
ELO,ASHA,19,0,2e-06,0.04,2000,12300.201661920546,58.191128,21.212122,53.297955,68.223465,75.89771,48.66732,41.796932,68.166664,81.04575,13.11449,948.35693,-0.18675858,0.24783328,-0.028725177,12300.1
ELO,ASHA,20,1,4e-06,0.02,2031,12495.102014398572,59.385666,19.69697,57.391964,69.577774,76.16975,51.550198,50.391075,77.333336,85.13513,22.30177,1003.3124,0.9199218,1.3050947,1.0599847,12495.0
ELO,ASHA,21,0,2e-06,0.01,1600,9825.801979160307,58.27645,21.717173,54.662624,68.42262,75.952126,48.15608,46.68413,71.73333,79.86577,19.916653,993.6011,0.04436696,0.8632374,0.34213802,9825.7
ELO,ASHA,22,0,2e-06,0.01,1600,9825.802388525008,58.27645,21.717173,54.662624,68.42262,75.952126,48.15608,46.68413,71.73333,79.86577,19.916653,993.6011,0.04436696,0.8632374,0.34213802,9825.7
ELO,ASHA,23,0,4e-06,0.01,400,2466.301726675034,59.04437,24.242424,53.60121,69.34873,75.84331,49.211784,49.659184,76.066666,85.2349,22.847424,982.0952,1.3029851,1.3583269,1.3231094,2466.2
ELO,ASHA,24,0,4e-06,0.01,400,2466.302308416367,59.04437,24.242424,53.60121,69.34873,75.84331,49.211784,49.659184,76.066666,85.2349,22.847424,982.0952,1.3029851,1.3583269,1.3231094,2466.2
ELO,BOHB,0,0,1e-06,0.02,1200,7370.302122449875,57.423206,23.232323,41.394997,67.5961,75.7889,47.40734,40.479263,57.7,67.43421,6.119512,840.1006,-0.6793503,-1.1446067,-0.84853446,7370.2
ELO,BOHB,1,0,2e-06,0.01,1600,9825.801972246169,58.27645,21.717173,54.662624,68.42262,75.952126,48.15608,46.68413,71.73333,79.86577,19.916653,993.6011,0.04436696,0.8632374,0.34213802,9825.7
ELO,BOHB,2,0,1e-06,0.02,1200,7370.301947689057,57.423206,23.232323,41.394997,67.5961,75.7889,47.40734,40.479263,57.7,67.43421,6.119512,840.1006,-0.6793503,-1.1446067,-0.84853446,7370.2
ELO,BOHB,3,1,2e-06,0.01,1600,9825.802014923094,58.27645,21.717173,54.662624,68.42262,75.952126,48.15608,46.68413,71.73333,79.86577,19.916653,993.6011,0.04436696,0.8632374,0.34213802,9825.7
ELO,BOHB,4,0,4e-06,0.04,800,4924.401645040512,58.70307,23.232323,56.330555,69.32882,76.16975,51.254017,51.90982,72.933334,77.054794,19.70793,1005.7145,1.1171892,0.80891025,1.0050877,4924.3
ELO,BOHB,5,1,4e-06,0.04,800,4924.402447795868,58.70307,23.232323,56.330555,69.32882,76.16975,51.254017,51.90982,72.933334,77.054794,19.70793,1005.7145,1.1171892,0.80891025,1.0050877,4924.3
ELO,BOHB,6,0,4e-06,0.02,2031,12495.10188422203,59.385666,19.69697,57.391964,69.577774,76.16975,51.550198,50.391075,77.333336,85.13513,22.30177,1003.3124,0.9199218,1.3050947,1.0599847,12495.0
ELO,BOHB,7,1,4e-06,0.01,400,2466.302758073807,59.04437,24.242424,53.60121,69.34873,75.84331,49.211784,49.659184,76.066666,85.2349,22.847424,982.0952,1.3029851,1.3583269,1.3231094,2466.2
ELO,BOHB,8,1,2e-06,0.02,600,3704.502057409287,58.447098,21.717173,52.16073,68.28321,76.060936,47.978085,41.739475,67.166664,77.55102,13.244791,977.8431,0.16739589,0.3923012,0.24917963,3704.4
ELO,BOHB,9,1,4e-06,0.02,2031,12495.10219607353,59.385666,19.69697,57.391964,69.577774,76.16975,51.550198,50.391075,77.333336,85.13513,22.30177,1003.3124,0.9199218,1.3050947,1.0599847,12495.0
ELO,BOHB,10,0,2e-06,0.02,600,3704.501703834534,58.447098,21.717173,52.16073,68.28321,76.060936,47.978085,41.739475,67.166664,77.55102,13.244791,977.8431,0.16739589,0.3923012,0.24917963,3704.4
ELO,BOHB,11,0,2e-06,0.01,1600,9825.802315568922,58.27645,21.717173,54.662624,68.42262,75.952126,48.15608,46.68413,71.73333,79.86577,19.916653,993.6011,0.04436696,0.8632374,0.34213802,9825.7
ELO,BOHB,12,0,4e-06,0.02,2031,12495.101753568648,59.385666,19.69697,57.391964,69.577774,76.16975,51.550198,50.391075,77.333336,85.13513,22.30177,1003.3124,0.9199218,1.3050947,1.0599847,12495.0
ELO,BOHB,13,0,4e-06,0.01,400,2466.302039241791,59.04437,24.242424,53.60121,69.34873,75.84331,49.211784,49.659184,76.066666,85.2349,22.847424,982.0952,1.3029851,1.3583269,1.3231094,2466.2
ELO,BOHB,14,1,4e-06,0.02,2031,12495.10222826004,59.385666,19.69697,57.391964,69.577774,76.16975,51.550198,50.391075,77.333336,85.13513,22.30177,1003.3124,0.9199218,1.3050947,1.0599847,12495.0
ELO,BOHB,15,0,1e-06,0.02,1200,7370.3024185657505,57.423206,23.232323,41.394997,67.5961,75.7889,47.40734,40.479263,57.7,67.43421,6.119512,840.1006,-0.6793503,-1.1446067,-0.84853446,7370.2
ELO,BOHB,16,1,2e-06,0.02,600,3704.50232372284,58.447098,21.717173,52.16073,68.28321,76.060936,47.978085,41.739475,67.166664,77.55102,13.244791,977.8431,0.16739589,0.3923012,0.24917963,3704.4
ELO,BOHB,17,1,4e-06,0.02,2031,12495.102205848692,59.385666,19.69697,57.391964,69.577774,76.16975,51.550198,50.391075,77.333336,85.13513,22.30177,1003.3124,0.9199218,1.3050947,1.0599847,12495.0
ELO,BOHB,18,0,4e-06,0.01,400,2466.3018940448765,59.04437,24.242424,53.60121,69.34873,75.84331,49.211784,49.659184,76.066666,85.2349,22.847424,982.0952,1.3029851,1.3583269,1.3231094,2466.2
ELO,BOHB,19,0,2e-06,0.04,2000,12300.2014649868,58.191128,21.212122,53.297955,68.223465,75.89771,48.66732,41.796932,68.166664,81.04575,13.11449,948.35693,-0.18675858,0.24783328,-0.028725177,12300.1
ELO,BOHB,20,1,4e-06,0.02,2031,12495.102235412596,59.385666,19.69697,57.391964,69.577774,76.16975,51.550198,50.391075,77.333336,85.13513,22.30177,1003.3124,0.9199218,1.3050947,1.0599847,12495.0
ELO,BOHB,21,0,2e-06,0.01,1600,9825.802513694762,58.27645,21.717173,54.662624,68.42262,75.952126,48.15608,46.68413,71.73333,79.86577,19.916653,993.6011,0.04436696,0.8632374,0.34213802,9825.7
ELO,BOHB,22,0,2e-06,0.01,1600,9825.802461004256,58.27645,21.717173,54.662624,68.42262,75.952126,48.15608,46.68413,71.73333,79.86577,19.916653,993.6011,0.04436696,0.8632374,0.34213802,9825.7
ELO,BOHB,23,0,4e-06,0.01,400,2466.3021195888523,59.04437,24.242424,53.60121,69.34873,75.84331,49.211784,49.659184,76.066666,85.2349,22.847424,982.0952,1.3029851,1.3583269,1.3231094,2466.2
ELO,BOHB,24,0,4e-06,0.01,400,2466.3018001079563,59.04437,24.242424,53.60121,69.34873,75.84331,49.211784,49.659184,76.066666,85.2349,22.847424,982.0952,1.3029851,1.3583269,1.3231094,2466.2
ELO,BOTorch,0,0,4e-06,0.02,2031,12495.101906633376,59.385666,19.69697,57.391964,69.577774,76.16975,51.550198,50.391075,77.333336,85.13513,22.30177,1003.3124,0.9199218,1.3050947,1.0599847,12495.0
ELO,BOTorch,1,0,4e-06,0.02,2031,12495.102027988432,59.385666,19.69697,57.391964,69.577774,76.16975,51.550198,50.391075,77.333336,85.13513,22.30177,1003.3124,0.9199218,1.3050947,1.0599847,12495.0
ELO,BOTorch,2,1,4e-06,0.02,2031,12495.102033948897,59.385666,19.69697,57.391964,69.577774,76.16975,51.550198,50.391075,77.333336,85.13513,22.30177,1003.3124,0.9199218,1.3050947,1.0599847,12495.0
ELO,BOTorch,3,0,1e-06,0.01,2031,12538.701653337475,57.593857,19.69697,40.333588,67.5463,75.40805,47.265163,41.40475,58.1,63.851353,6.0374947,854.5315,-1.1608448,-1.1553656,-1.1588523,12538.6
ELO,BOTorch,4,0,2e-06,0.01,1600,9825.802054500578,58.27645,21.717173,54.662624,68.42262,75.952126,48.15608,46.68413,71.73333,79.86577,19.916653,993.6011,0.04436696,0.8632374,0.34213802,9825.7
ELO,BOTorch,5,1,1e-06,0.01,2031,12538.701500511168,57.593857,19.69697,40.333588,67.5463,75.40805,47.265163,41.40475,58.1,63.851353,6.0374947,854.5315,-1.1608448,-1.1553656,-1.1588523,12538.6
ELO,BOTorch,6,0,4e-06,0.02,2031,12495.101862764355,59.385666,19.69697,57.391964,69.577774,76.16975,51.550198,50.391075,77.333336,85.13513,22.30177,1003.3124,0.9199218,1.3050947,1.0599847,12495.0
ELO,BOTorch,7,1,4e-06,0.04,800,4924.401581859589,58.70307,23.232323,56.330555,69.32882,76.16975,51.254017,51.90982,72.933334,77.054794,19.70793,1005.7145,1.1171892,0.80891025,1.0050877,4924.3
ELO,BOTorch,8,1,4e-06,0.01,400,2466.3018537521366,59.04437,24.242424,53.60121,69.34873,75.84331,49.211784,49.659184,76.066666,85.2349,22.847424,982.0952,1.3029851,1.3583269,1.3231094,2466.2
ELO,BOTorch,9,1,4e-06,0.01,400,2466.302107667924,59.04437,24.242424,53.60121,69.34873,75.84331,49.211784,49.659184,76.066666,85.2349,22.847424,982.0952,1.3029851,1.3583269,1.3231094,2466.2
ELO,BOTorch,10,0,2e-06,0.04,2000,12300.201487159728,58.191128,21.212122,53.297955,68.223465,75.89771,48.66732,41.796932,68.166664,81.04575,13.11449,948.35693,-0.18675858,0.24783328,-0.028725177,12300.1
ELO,BOTorch,11,1,4e-06,0.04,800,4924.401770448685,58.70307,23.232323,56.330555,69.32882,76.16975,51.254017,51.90982,72.933334,77.054794,19.70793,1005.7145,1.1171892,0.80891025,1.0050877,4924.3
ELO,BOTorch,12,0,1e-06,0.04,2000,12359.402050828932,56.82594,21.717173,40.864292,67.50647,75.19042,47.443817,41.219906,56.3,66.0,6.624421,832.9813,-1.1625247,-1.3395776,-1.2269075,12359.3
ELO,BOTorch,13,1,4e-06,0.02,2031,12495.101814603804,59.385666,19.69697,57.391964,69.577774,76.16975,51.550198,50.391075,77.333336,85.13513,22.30177,1003.3124,0.9199218,1.3050947,1.0599847,12495.0
ELO,BOTorch,14,0,2e-06,0.01,1600,9825.802459573744,58.27645,21.717173,54.662624,68.42262,75.952126,48.15608,46.68413,71.73333,79.86577,19.916653,993.6011,0.04436696,0.8632374,0.34213802,9825.7
ELO,BOTorch,15,0,4e-06,0.02,2031,12495.102028226853,59.385666,19.69697,57.391964,69.577774,76.16975,51.550198,50.391075,77.333336,85.13513,22.30177,1003.3124,0.9199218,1.3050947,1.0599847,12495.0
ELO,BOTorch,16,0,4e-06,0.04,800,4924.401569461823,58.70307,23.232323,56.330555,69.32882,76.16975,51.254017,51.90982,72.933334,77.054794,19.70793,1005.7145,1.1171892,0.80891025,1.0050877,4924.3
ELO,BOTorch,17,0,2e-06,0.01,1600,9825.802026605605,58.27645,21.717173,54.662624,68.42262,75.952126,48.15608,46.68413,71.73333,79.86577,19.916653,993.6011,0.04436696,0.8632374,0.34213802,9825.7
ELO,BOTorch,18,0,4e-06,0.01,400,2466.30181298256,59.04437,24.242424,53.60121,69.34873,75.84331,49.211784,49.659184,76.066666,85.2349,22.847424,982.0952,1.3029851,1.3583269,1.3231094,2466.2
ELO,BOTorch,19,0,4e-06,0.01,400,2466.301849460602,59.04437,24.242424,53.60121,69.34873,75.84331,49.211784,49.659184,76.066666,85.2349,22.847424,982.0952,1.3029851,1.3583269,1.3231094,2466.2
ELO,BOTorch,20,1,4e-06,0.04,800,4924.401680564881,58.70307,23.232323,56.330555,69.32882,76.16975,51.254017,51.90982,72.933334,77.054794,19.70793,1005.7145,1.1171892,0.80891025,1.0050877,4924.3
ELO,BOTorch,21,0,4e-06,0.02,2031,12495.101802444457,59.385666,19.69697,57.391964,69.577774,76.16975,51.550198,50.391075,77.333336,85.13513,22.30177,1003.3124,0.9199218,1.3050947,1.0599847,12495.0
ELO,BOTorch,22,0,4e-06,0.04,800,4924.401688432694,58.70307,23.232323,56.330555,69.32882,76.16975,51.254017,51.90982,72.933334,77.054794,19.70793,1005.7145,1.1171892,0.80891025,1.0050877,4924.3
ELO,BOTorch,23,0,2e-06,0.02,600,3704.501680231095,58.447098,21.717173,52.16073,68.28321,76.060936,47.978085,41.739475,67.166664,77.55102,13.244791,977.8431,0.16739589,0.3923012,0.24917963,3704.4
ELO,BOTorch,24,1,4e-06,0.01,400,2466.301810359955,59.04437,24.242424,53.60121,69.34873,75.84331,49.211784,49.659184,76.066666,85.2349,22.847424,982.0952,1.3029851,1.3583269,1.3231094,2466.2
ELO,CQR,0,0,1e-06,0.02,1200,7370.301898097992,57.423206,23.232323,41.394997,67.5961,75.7889,47.40734,40.479263,57.7,67.43421,6.119512,840.1006,-0.6793503,-1.1446067,-0.84853446,7370.2
ELO,CQR,1,0,2e-06,0.01,1600,9825.802007532118,58.27645,21.717173,54.662624,68.42262,75.952126,48.15608,46.68413,71.73333,79.86577,19.916653,993.6011,0.04436696,0.8632374,0.34213802,9825.7
ELO,CQR,2,0,1e-06,0.02,1200,7370.301922893524,57.423206,23.232323,41.394997,67.5961,75.7889,47.40734,40.479263,57.7,67.43421,6.119512,840.1006,-0.6793503,-1.1446067,-0.84853446,7370.2
ELO,CQR,3,1,2e-06,0.01,1600,9825.802001333235,58.27645,21.717173,54.662624,68.42262,75.952126,48.15608,46.68413,71.73333,79.86577,19.916653,993.6011,0.04436696,0.8632374,0.34213802,9825.7
ELO,CQR,4,0,4e-06,0.04,800,4924.401419496537,58.70307,23.232323,56.330555,69.32882,76.16975,51.254017,51.90982,72.933334,77.054794,19.70793,1005.7145,1.1171892,0.80891025,1.0050877,4924.3
ELO,CQR,5,1,4e-06,0.04,800,4924.401588535309,58.70307,23.232323,56.330555,69.32882,76.16975,51.254017,51.90982,72.933334,77.054794,19.70793,1005.7145,1.1171892,0.80891025,1.0050877,4924.3
ELO,CQR,6,0,4e-06,0.02,2031,12495.102967596053,59.385666,19.69697,57.391964,69.577774,76.16975,51.550198,50.391075,77.333336,85.13513,22.30177,1003.3124,0.9199218,1.3050947,1.0599847,12495.0
ELO,CQR,7,1,4e-06,0.01,400,2466.30176935196,59.04437,24.242424,53.60121,69.34873,75.84331,49.211784,49.659184,76.066666,85.2349,22.847424,982.0952,1.3029851,1.3583269,1.3231094,2466.2
ELO,CQR,8,1,2e-06,0.02,600,3704.501718139649,58.447098,21.717173,52.16073,68.28321,76.060936,47.978085,41.739475,67.166664,77.55102,13.244791,977.8431,0.16739589,0.3923012,0.24917963,3704.4
ELO,CQR,9,1,4e-06,0.02,2031,12495.102383470534,59.385666,19.69697,57.391964,69.577774,76.16975,51.550198,50.391075,77.333336,85.13513,22.30177,1003.3124,0.9199218,1.3050947,1.0599847,12495.0
ELO,CQR,10,0,2e-06,0.02,600,3704.501973247528,58.447098,21.717173,52.16073,68.28321,76.060936,47.978085,41.739475,67.166664,77.55102,13.244791,977.8431,0.16739589,0.3923012,0.24917963,3704.4
ELO,CQR,11,0,2e-06,0.01,1600,9825.802174425124,58.27645,21.717173,54.662624,68.42262,75.952126,48.15608,46.68413,71.73333,79.86577,19.916653,993.6011,0.04436696,0.8632374,0.34213802,9825.7
ELO,CQR,12,0,4e-06,0.02,2031,12495.10214576721,59.385666,19.69697,57.391964,69.577774,76.16975,51.550198,50.391075,77.333336,85.13513,22.30177,1003.3124,0.9199218,1.3050947,1.0599847,12495.0
ELO,CQR,13,0,4e-06,0.01,400,2466.301922178269,59.04437,24.242424,53.60121,69.34873,75.84331,49.211784,49.659184,76.066666,85.2349,22.847424,982.0952,1.3029851,1.3583269,1.3231094,2466.2
ELO,CQR,14,1,4e-06,0.02,2031,12495.102039194106,59.385666,19.69697,57.391964,69.577774,76.16975,51.550198,50.391075,77.333336,85.13513,22.30177,1003.3124,0.9199218,1.3050947,1.0599847,12495.0
ELO,CQR,15,0,1e-06,0.02,1200,7370.302270507813,57.423206,23.232323,41.394997,67.5961,75.7889,47.40734,40.479263,57.7,67.43421,6.119512,840.1006,-0.6793503,-1.1446067,-0.84853446,7370.2
ELO,CQR,16,1,2e-06,0.02,600,3704.502112722397,58.447098,21.717173,52.16073,68.28321,76.060936,47.978085,41.739475,67.166664,77.55102,13.244791,977.8431,0.16739589,0.3923012,0.24917963,3704.4
ELO,CQR,17,1,4e-06,0.02,2031,12495.102187252043,59.385666,19.69697,57.391964,69.577774,76.16975,51.550198,50.391075,77.333336,85.13513,22.30177,1003.3124,0.9199218,1.3050947,1.0599847,12495.0
ELO,CQR,18,0,4e-06,0.01,400,2466.3024774551395,59.04437,24.242424,53.60121,69.34873,75.84331,49.211784,49.659184,76.066666,85.2349,22.847424,982.0952,1.3029851,1.3583269,1.3231094,2466.2
ELO,CQR,19,0,2e-06,0.04,2000,12300.201801395417,58.191128,21.212122,53.297955,68.223465,75.89771,48.66732,41.796932,68.166664,81.04575,13.11449,948.35693,-0.18675858,0.24783328,-0.028725177,12300.1
ELO,CQR,20,1,4e-06,0.02,2031,12495.102131700514,59.385666,19.69697,57.391964,69.577774,76.16975,51.550198,50.391075,77.333336,85.13513,22.30177,1003.3124,0.9199218,1.3050947,1.0599847,12495.0
ELO,CQR,21,0,2e-06,0.01,1600,9825.802355861662,58.27645,21.717173,54.662624,68.42262,75.952126,48.15608,46.68413,71.73333,79.86577,19.916653,993.6011,0.04436696,0.8632374,0.34213802,9825.7
ELO,CQR,22,0,2e-06,0.01,1600,9825.802474832532,58.27645,21.717173,54.662624,68.42262,75.952126,48.15608,46.68413,71.73333,79.86577,19.916653,993.6011,0.04436696,0.8632374,0.34213802,9825.7
ELO,CQR,23,0,4e-06,0.01,400,2466.3021048069004,59.04437,24.242424,53.60121,69.34873,75.84331,49.211784,49.659184,76.066666,85.2349,22.847424,982.0952,1.3029851,1.3583269,1.3231094,2466.2
ELO,CQR,24,0,4e-06,0.01,400,2466.301972961426,59.04437,24.242424,53.60121,69.34873,75.84331,49.211784,49.659184,76.066666,85.2349,22.847424,982.0952,1.3029851,1.3583269,1.3231094,2466.2
ELO,RandomSearch,0,0,1e-06,0.02,1200,7370.303585863114,57.423206,23.232323,41.394997,67.5961,75.7889,47.40734,40.479263,57.7,67.43421,6.119512,840.1006,-0.6793503,-1.1446067,-0.84853446,7370.2
ELO,RandomSearch,1,2,4e-06,0.02,200,13705.655283546446,57.84983,21.212122,45.86808,68.18363,75.62568,47.15046,40.8577,67.53333,76.689186,12.021942,875.90576,0.38362443,1.2703952,0.7060865,1230.4
ELO,RandomSearch,2,0,4e-06,0.04,800,4924.401831245423,58.70307,23.232323,56.330555,69.32882,76.16975,51.254017,51.90982,72.933334,77.054794,19.70793,1005.7145,1.1171892,0.80891025,1.0050877,4924.3
ELO,RandomSearch,3,0,1e-06,0.01,2031,12538.701329565049,57.593857,19.69697,40.333588,67.5463,75.40805,47.265163,41.40475,58.1,63.851353,6.0374947,854.5315,-1.1608448,-1.1553656,-1.1588523,12538.6
ELO,RandomSearch,4,0,4e-06,0.01,400,2466.301824426652,59.04437,24.242424,53.60121,69.34873,75.84331,49.211784,49.659184,76.066666,85.2349,22.847424,982.0952,1.3029851,1.3583269,1.3231094,2466.2
ELO,RandomSearch,5,1,4e-06,0.04,800,4924.401622390747,58.70307,23.232323,56.330555,69.32882,76.16975,51.254017,51.90982,72.933334,77.054794,19.70793,1005.7145,1.1171892,0.80891025,1.0050877,4924.3
ELO,RandomSearch,6,0,1e-06,0.01,2031,12538.701975679396,57.593857,19.69697,40.333588,67.5463,75.40805,47.265163,41.40475,58.1,63.851353,6.0374947,854.5315,-1.1608448,-1.1553656,-1.1588523,12538.6
ELO,RandomSearch,7,0,2e-06,0.01,1600,9825.801884269713,58.27645,21.717173,54.662624,68.42262,75.952126,48.15608,46.68413,71.73333,79.86577,19.916653,993.6011,0.04436696,0.8632374,0.34213802,9825.7
ELO,RandomSearch,8,1,4e-06,0.04,800,4924.401517009736,58.70307,23.232323,56.330555,69.32882,76.16975,51.254017,51.90982,72.933334,77.054794,19.70793,1005.7145,1.1171892,0.80891025,1.0050877,4924.3
ELO,RandomSearch,9,0,4e-06,0.04,800,4924.401524877549,58.70307,23.232323,56.330555,69.32882,76.16975,51.254017,51.90982,72.933334,77.054794,19.70793,1005.7145,1.1171892,0.80891025,1.0050877,4924.3
ELO,RandomSearch,10,0,2e-06,0.04,2000,12300.201465463637,58.191128,21.212122,53.297955,68.223465,75.89771,48.66732,41.796932,68.166664,81.04575,13.11449,948.35693,-0.18675858,0.24783328,-0.028725177,12300.1
ELO,RandomSearch,11,0,2e-06,0.01,1600,9825.8019200325,58.27645,21.717173,54.662624,68.42262,75.952126,48.15608,46.68413,71.73333,79.86577,19.916653,993.6011,0.04436696,0.8632374,0.34213802,9825.7
ELO,RandomSearch,12,0,1e-06,0.01,2031,12538.701607084273,57.593857,19.69697,40.333588,67.5463,75.40805,47.265163,41.40475,58.1,63.851353,6.0374947,854.5315,-1.1608448,-1.1553656,-1.1588523,12538.6
ELO,RandomSearch,13,0,1e-06,0.02,1200,7370.302110290528,57.423206,23.232323,41.394997,67.5961,75.7889,47.40734,40.479263,57.7,67.43421,6.119512,840.1006,-0.6793503,-1.1446067,-0.84853446,7370.2
ELO,RandomSearch,14,0,4e-06,0.02,2031,12495.101626968382,59.385666,19.69697,57.391964,69.577774,76.16975,51.550198,50.391075,77.333336,85.13513,22.30177,1003.3124,0.9199218,1.3050947,1.0599847,12495.0
ELO,RandomSearch,15,0,4e-06,0.02,2031,12495.101912117005,59.385666,19.69697,57.391964,69.577774,76.16975,51.550198,50.391075,77.333336,85.13513,22.30177,1003.3124,0.9199218,1.3050947,1.0599847,12495.0
ELO,RandomSearch,16,1,4e-06,0.04,800,4924.401900148392,58.70307,23.232323,56.330555,69.32882,76.16975,51.254017,51.90982,72.933334,77.054794,19.70793,1005.7145,1.1171892,0.80891025,1.0050877,4924.3
ELO,RandomSearch,17,0,4e-06,0.04,800,4924.401551580429,58.70307,23.232323,56.330555,69.32882,76.16975,51.254017,51.90982,72.933334,77.054794,19.70793,1005.7145,1.1171892,0.80891025,1.0050877,4924.3
ELO,RandomSearch,18,0,2e-06,0.02,600,3704.502070045472,58.447098,21.717173,52.16073,68.28321,76.060936,47.978085,41.739475,67.166664,77.55102,13.244791,977.8431,0.16739589,0.3923012,0.24917963,3704.4
ELO,RandomSearch,19,1,4e-06,0.02,2031,12495.101960754391,59.385666,19.69697,57.391964,69.577774,76.16975,51.550198,50.391075,77.333336,85.13513,22.30177,1003.3124,0.9199218,1.3050947,1.0599847,12495.0
ELO,RandomSearch,20,0,2e-06,0.02,600,3704.501659965516,58.447098,21.717173,52.16073,68.28321,76.060936,47.978085,41.739475,67.166664,77.55102,13.244791,977.8431,0.16739589,0.3923012,0.24917963,3704.4
ELO,RandomSearch,21,0,4e-06,0.04,800,4924.401850318909,58.70307,23.232323,56.330555,69.32882,76.16975,51.254017,51.90982,72.933334,77.054794,19.70793,1005.7145,1.1171892,0.80891025,1.0050877,4924.3
ELO,RandomSearch,22,0,2e-06,0.01,1600,9825.802179193495,58.27645,21.717173,54.662624,68.42262,75.952126,48.15608,46.68413,71.73333,79.86577,19.916653,993.6011,0.04436696,0.8632374,0.34213802,9825.7
ELO,RandomSearch,23,1,2e-06,0.01,1600,9825.8023897171,58.27645,21.717173,54.662624,68.42262,75.952126,48.15608,46.68413,71.73333,79.86577,19.916653,993.6011,0.04436696,0.8632374,0.34213802,9825.7
ELO,RandomSearch,24,1,2e-06,0.02,600,3704.50205860138,58.447098,21.717173,52.16073,68.28321,76.060936,47.978085,41.739475,67.166664,77.55102,13.244791,977.8431,0.16739589,0.3923012,0.24917963,3704.4
ELO,TPE,0,0,4e-06,0.04,800,4924.40155324936,58.70307,23.232323,56.330555,69.32882,76.16975,51.254017,51.90982,72.933334,77.054794,19.70793,1005.7145,1.1171892,0.80891025,1.0050877,4924.3
ELO,TPE,1,0,4e-06,0.02,2031,12495.101925230025,59.385666,19.69697,57.391964,69.577774,76.16975,51.550198,50.391075,77.333336,85.13513,22.30177,1003.3124,0.9199218,1.3050947,1.0599847,12495.0
ELO,TPE,2,0,2e-06,0.01,1600,9825.801841592787,58.27645,21.717173,54.662624,68.42262,75.952126,48.15608,46.68413,71.73333,79.86577,19.916653,993.6011,0.04436696,0.8632374,0.34213802,9825.7
ELO,TPE,3,0,2e-06,0.02,600,3704.501452302933,58.447098,21.717173,52.16073,68.28321,76.060936,47.978085,41.739475,67.166664,77.55102,13.244791,977.8431,0.16739589,0.3923012,0.24917963,3704.4
ELO,TPE,4,1,4e-06,0.02,2031,12495.101904964446,59.385666,19.69697,57.391964,69.577774,76.16975,51.550198,50.391075,77.333336,85.13513,22.30177,1003.3124,0.9199218,1.3050947,1.0599847,12495.0
ELO,TPE,5,1,4e-06,0.04,800,4924.401662683487,58.70307,23.232323,56.330555,69.32882,76.16975,51.254017,51.90982,72.933334,77.054794,19.70793,1005.7145,1.1171892,0.80891025,1.0050877,4924.3
ELO,TPE,6,1,2e-06,0.01,1600,9825.802771902085,58.27645,21.717173,54.662624,68.42262,75.952126,48.15608,46.68413,71.73333,79.86577,19.916653,993.6011,0.04436696,0.8632374,0.34213802,9825.7
ELO,TPE,7,1,2e-06,0.02,600,3704.50155339241,58.447098,21.717173,52.16073,68.28321,76.060936,47.978085,41.739475,67.166664,77.55102,13.244791,977.8431,0.16739589,0.3923012,0.24917963,3704.4
ELO,TPE,8,1,2e-06,0.01,1600,9825.801975107192,58.27645,21.717173,54.662624,68.42262,75.952126,48.15608,46.68413,71.73333,79.86577,19.916653,993.6011,0.04436696,0.8632374,0.34213802,9825.7
ELO,TPE,9,1,4e-06,0.04,800,4924.401697015763,58.70307,23.232323,56.330555,69.32882,76.16975,51.254017,51.90982,72.933334,77.054794,19.70793,1005.7145,1.1171892,0.80891025,1.0050877,4924.3
ELO,TPE,10,1,2e-06,0.01,1600,9825.802404737473,58.27645,21.717173,54.662624,68.42262,75.952126,48.15608,46.68413,71.73333,79.86577,19.916653,993.6011,0.04436696,0.8632374,0.34213802,9825.7
ELO,TPE,11,0,4e-06,0.02,2031,12495.1020134449,59.385666,19.69697,57.391964,69.577774,76.16975,51.550198,50.391075,77.333336,85.13513,22.30177,1003.3124,0.9199218,1.3050947,1.0599847,12495.0
ELO,TPE,12,0,2e-06,0.01,1600,9825.801914310454,58.27645,21.717173,54.662624,68.42262,75.952126,48.15608,46.68413,71.73333,79.86577,19.916653,993.6011,0.04436696,0.8632374,0.34213802,9825.7
ELO,TPE,13,1,4e-06,0.01,400,2466.3017247676853,59.04437,24.242424,53.60121,69.34873,75.84331,49.211784,49.659184,76.066666,85.2349,22.847424,982.0952,1.3029851,1.3583269,1.3231094,2466.2
ELO,TPE,14,1,4e-06,0.01,400,2466.3016577720646,59.04437,24.242424,53.60121,69.34873,75.84331,49.211784,49.659184,76.066666,85.2349,22.847424,982.0952,1.3029851,1.3583269,1.3231094,2466.2
ELO,TPE,15,0,4e-06,0.02,2031,12495.101675367354,59.385666,19.69697,57.391964,69.577774,76.16975,51.550198,50.391075,77.333336,85.13513,22.30177,1003.3124,0.9199218,1.3050947,1.0599847,12495.0
ELO,TPE,16,0,4e-06,0.01,400,2466.301792955399,59.04437,24.242424,53.60121,69.34873,75.84331,49.211784,49.659184,76.066666,85.2349,22.847424,982.0952,1.3029851,1.3583269,1.3231094,2466.2
ELO,TPE,17,0,4e-06,0.04,800,4924.401931381226,58.70307,23.232323,56.330555,69.32882,76.16975,51.254017,51.90982,72.933334,77.054794,19.70793,1005.7145,1.1171892,0.80891025,1.0050877,4924.3
ELO,TPE,18,1,4e-06,0.01,400,2466.301980352402,59.04437,24.242424,53.60121,69.34873,75.84331,49.211784,49.659184,76.066666,85.2349,22.847424,982.0952,1.3029851,1.3583269,1.3231094,2466.2
ELO,TPE,19,0,4e-06,0.01,400,2466.301625823975,59.04437,24.242424,53.60121,69.34873,75.84331,49.211784,49.659184,76.066666,85.2349,22.847424,982.0952,1.3029851,1.3583269,1.3231094,2466.2
ELO,TPE,20,1,2e-06,0.01,1600,9825.802018260954,58.27645,21.717173,54.662624,68.42262,75.952126,48.15608,46.68413,71.73333,79.86577,19.916653,993.6011,0.04436696,0.8632374,0.34213802,9825.7
ELO,TPE,21,1,4e-06,0.02,2031,12495.101720428464,59.385666,19.69697,57.391964,69.577774,76.16975,51.550198,50.391075,77.333336,85.13513,22.30177,1003.3124,0.9199218,1.3050947,1.0599847,12495.0
ELO,TPE,22,1,4e-06,0.04,800,4924.401678895951,58.70307,23.232323,56.330555,69.32882,76.16975,51.254017,51.90982,72.933334,77.054794,19.70793,1005.7145,1.1171892,0.80891025,1.0050877,4924.3
ELO,TPE,23,1,4e-06,0.02,2031,12495.101936674117,59.385666,19.69697,57.391964,69.577774,76.16975,51.550198,50.391075,77.333336,85.13513,22.30177,1003.3124,0.9199218,1.3050947,1.0599847,12495.0
ELO,TPE,24,0,1e-06,0.01,2031,12538.701247072218,57.593857,19.69697,40.333588,67.5463,75.40805,47.265163,41.40475,58.1,63.851353,6.0374947,854.5315,-1.1608448,-1.1553656,-1.1588523,12538.6
IFEval,ASHA,0,0,1e-06,0.02,2000,12283.802264547348,57.508533,22.727272,41.849888,67.69568,75.40805,47.398563,41.67952,59.966667,68.83117,5.762695,806.3376,-0.7186904,-1.2589402,-0.91514486,12283.7
IFEval,ASHA,1,0,2e-06,0.01,1600,9825.801948165892,58.27645,21.717173,54.662624,68.42262,75.952126,48.15608,46.68413,71.73333,79.86577,19.916653,993.6011,0.04436696,0.8632374,0.34213802,9825.7
IFEval,ASHA,2,0,1e-06,0.02,2000,12283.802211380003,57.508533,22.727272,41.849888,67.69568,75.40805,47.398563,41.67952,59.966667,68.83117,5.762695,806.3376,-0.7186904,-1.2589402,-0.91514486,12283.7
IFEval,ASHA,3,0,4e-06,0.01,1200,7398.601811742783,58.959045,21.212122,55.49659,69.63752,75.952126,50.74956,52.10591,76.9,84.76821,22.155375,935.5556,0.79113394,0.999968,0.8670736,7398.5
IFEval,ASHA,4,0,4e-06,0.04,800,4924.401704883576,58.70307,23.232323,56.330555,69.32882,76.16975,51.254017,51.90982,72.933334,77.054794,19.70793,1005.7145,1.1171892,0.80891025,1.0050877,4924.3
IFEval,ASHA,5,1,4e-06,0.04,800,4924.402293777466,58.70307,23.232323,56.330555,69.32882,76.16975,51.254017,51.90982,72.933334,77.054794,19.70793,1005.7145,1.1171892,0.80891025,1.0050877,4924.3
IFEval,ASHA,6,0,4e-06,0.02,2000,12304.401880598069,59.215015,21.717173,56.254738,69.51802,75.89771,51.519127,50.704575,77.1,80.68965,22.627554,927.859,0.9108035,0.8244999,0.8794204,12304.3
IFEval,ASHA,7,1,4e-06,0.01,1200,7398.601973152161,58.959045,21.212122,55.49659,69.63752,75.952126,50.74956,52.10591,76.9,84.76821,22.155375,935.5556,0.79113394,0.999968,0.8670736,7398.5
IFEval,ASHA,8,1,2e-06,0.02,2000,12348.201994276043,58.532425,22.727272,54.359364,68.333,76.00653,48.504456,45.677467,71.86667,87.93104,16.470451,952.8265,0.33114612,0.74062866,0.48004887,12348.1
IFEval,ASHA,9,0,4e-06,0.01,1200,7398.601746177674,58.959045,21.212122,55.49659,69.63752,75.952126,50.74956,52.10591,76.9,84.76821,22.155375,935.5556,0.79113394,0.999968,0.8670736,7398.5
IFEval,ASHA,10,0,2e-06,0.02,2000,12348.20167980194,58.532425,22.727272,54.359364,68.333,76.00653,48.504456,45.677467,71.86667,87.93104,16.470451,952.8265,0.33114612,0.74062866,0.48004887,12348.1
IFEval,ASHA,11,0,2e-06,0.01,1600,9825.801967239378,58.27645,21.717173,54.662624,68.42262,75.952126,48.15608,46.68413,71.73333,79.86577,19.916653,993.6011,0.04436696,0.8632374,0.34213802,9825.7
IFEval,ASHA,12,0,4e-06,0.02,2000,12304.40166363716,59.215015,21.717173,56.254738,69.51802,75.89771,51.519127,50.704575,77.1,80.68965,22.627554,927.859,0.9108035,0.8244999,0.8794204,12304.3
IFEval,ASHA,13,0,4e-06,0.01,1200,7398.601902103424,58.959045,21.212122,55.49659,69.63752,75.952126,50.74956,52.10591,76.9,84.76821,22.155375,935.5556,0.79113394,0.999968,0.8670736,7398.5
IFEval,ASHA,14,1,4e-06,0.02,2000,12304.401900863646,59.215015,21.717173,56.254738,69.51802,75.89771,51.519127,50.704575,77.1,80.68965,22.627554,927.859,0.9108035,0.8244999,0.8794204,12304.3
IFEval,ASHA,15,0,1e-06,0.02,2000,12283.80227074623,57.508533,22.727272,41.849888,67.69568,75.40805,47.398563,41.67952,59.966667,68.83117,5.762695,806.3376,-0.7186904,-1.2589402,-0.91514486,12283.7
IFEval,ASHA,16,1,2e-06,0.02,2000,12348.2014983654,58.532425,22.727272,54.359364,68.333,76.00653,48.504456,45.677467,71.86667,87.93104,16.470451,952.8265,0.33114612,0.74062866,0.48004887,12348.1
IFEval,ASHA,17,1,4e-06,0.02,2000,12304.401938533782,59.215015,21.717173,56.254738,69.51802,75.89771,51.519127,50.704575,77.1,80.68965,22.627554,927.859,0.9108035,0.8244999,0.8794204,12304.3
IFEval,ASHA,18,0,4e-06,0.01,1200,7398.601972913742,58.959045,21.212122,55.49659,69.63752,75.952126,50.74956,52.10591,76.9,84.76821,22.155375,935.5556,0.79113394,0.999968,0.8670736,7398.5
IFEval,ASHA,19,0,2e-06,0.04,1600,9840.201316213606,58.020477,21.717173,52.918877,68.28321,76.060936,48.53505,44.64083,67.23333,76.642334,13.071371,927.83405,-0.03811082,0.08090296,0.0051669176,9840.1
IFEval,ASHA,20,0,4e-06,0.01,1200,7398.601991033554,58.959045,21.212122,55.49659,69.63752,75.952126,50.74956,52.10591,76.9,84.76821,22.155375,935.5556,0.79113394,0.999968,0.8670736,7398.5
IFEval,ASHA,21,0,2e-06,0.01,1600,9825.80204734802,58.27645,21.717173,54.662624,68.42262,75.952126,48.15608,46.68413,71.73333,79.86577,19.916653,993.6011,0.04436696,0.8632374,0.34213802,9825.7
IFEval,ASHA,22,0,2e-06,0.01,1600,9825.80184636116,58.27645,21.717173,54.662624,68.42262,75.952126,48.15608,46.68413,71.73333,79.86577,19.916653,993.6011,0.04436696,0.8632374,0.34213802,9825.7
IFEval,ASHA,23,0,4e-06,0.01,1200,7398.601783370972,58.959045,21.212122,55.49659,69.63752,75.952126,50.74956,52.10591,76.9,84.76821,22.155375,935.5556,0.79113394,0.999968,0.8670736,7398.5
IFEval,ASHA,24,0,4e-06,0.01,1200,7398.601645088196,58.959045,21.212122,55.49659,69.63752,75.952126,50.74956,52.10591,76.9,84.76821,22.155375,935.5556,0.79113394,0.999968,0.8670736,7398.5
IFEval,BOHB,0,0,1e-06,0.02,2000,12283.801957941054,57.508533,22.727272,41.849888,67.69568,75.40805,47.398563,41.67952,59.966667,68.83117,5.762695,806.3376,-0.7186904,-1.2589402,-0.91514486,12283.7
IFEval,BOHB,1,0,2e-06,0.01,1600,9825.802284574507,58.27645,21.717173,54.662624,68.42262,75.952126,48.15608,46.68413,71.73333,79.86577,19.916653,993.6011,0.04436696,0.8632374,0.34213802,9825.7
IFEval,BOHB,2,0,1e-06,0.02,2000,12283.801937437056,57.508533,22.727272,41.849888,67.69568,75.40805,47.398563,41.67952,59.966667,68.83117,5.762695,806.3376,-0.7186904,-1.2589402,-0.91514486,12283.7
IFEval,BOHB,3,0,4e-06,0.01,1200,7398.601598596573,58.959045,21.212122,55.49659,69.63752,75.952126,50.74956,52.10591,76.9,84.76821,22.155375,935.5556,0.79113394,0.999968,0.8670736,7398.5
IFEval,BOHB,4,0,4e-06,0.04,800,4924.4015260696415,58.70307,23.232323,56.330555,69.32882,76.16975,51.254017,51.90982,72.933334,77.054794,19.70793,1005.7145,1.1171892,0.80891025,1.0050877,4924.3
IFEval,BOHB,5,1,4e-06,0.04,800,4924.402135229111,58.70307,23.232323,56.330555,69.32882,76.16975,51.254017,51.90982,72.933334,77.054794,19.70793,1005.7145,1.1171892,0.80891025,1.0050877,4924.3
IFEval,BOHB,6,0,4e-06,0.02,2000,12304.401617145537,59.215015,21.717173,56.254738,69.51802,75.89771,51.519127,50.704575,77.1,80.68965,22.627554,927.859,0.9108035,0.8244999,0.8794204,12304.3
IFEval,BOHB,7,1,4e-06,0.01,1200,7398.60251531601,58.959045,21.212122,55.49659,69.63752,75.952126,50.74956,52.10591,76.9,84.76821,22.155375,935.5556,0.79113394,0.999968,0.8670736,7398.5
IFEval,BOHB,8,1,2e-06,0.02,2000,12348.2023106575,58.532425,22.727272,54.359364,68.333,76.00653,48.504456,45.677467,71.86667,87.93104,16.470451,952.8265,0.33114612,0.74062866,0.48004887,12348.1
IFEval,BOHB,9,0,4e-06,0.01,1200,7398.601848220826,58.959045,21.212122,55.49659,69.63752,75.952126,50.74956,52.10591,76.9,84.76821,22.155375,935.5556,0.79113394,0.999968,0.8670736,7398.5
IFEval,BOHB,10,0,2e-06,0.02,2000,12348.20183906555,58.532425,22.727272,54.359364,68.333,76.00653,48.504456,45.677467,71.86667,87.93104,16.470451,952.8265,0.33114612,0.74062866,0.48004887,12348.1
IFEval,BOHB,11,0,2e-06,0.01,1600,9825.802251195906,58.27645,21.717173,54.662624,68.42262,75.952126,48.15608,46.68413,71.73333,79.86577,19.916653,993.6011,0.04436696,0.8632374,0.34213802,9825.7
IFEval,BOHB,12,0,4e-06,0.02,2000,12304.401936626433,59.215015,21.717173,56.254738,69.51802,75.89771,51.519127,50.704575,77.1,80.68965,22.627554,927.859,0.9108035,0.8244999,0.8794204,12304.3
IFEval,BOHB,13,0,4e-06,0.01,1200,7398.602360820771,58.959045,21.212122,55.49659,69.63752,75.952126,50.74956,52.10591,76.9,84.76821,22.155375,935.5556,0.79113394,0.999968,0.8670736,7398.5
IFEval,BOHB,14,1,4e-06,0.02,2000,12304.403647994994,59.215015,21.717173,56.254738,69.51802,75.89771,51.519127,50.704575,77.1,80.68965,22.627554,927.859,0.9108035,0.8244999,0.8794204,12304.3
IFEval,BOHB,15,0,1e-06,0.02,2000,12283.80232772827,57.508533,22.727272,41.849888,67.69568,75.40805,47.398563,41.67952,59.966667,68.83117,5.762695,806.3376,-0.7186904,-1.2589402,-0.91514486,12283.7
IFEval,BOHB,16,1,2e-06,0.02,2000,12348.201736068724,58.532425,22.727272,54.359364,68.333,76.00653,48.504456,45.677467,71.86667,87.93104,16.470451,952.8265,0.33114612,0.74062866,0.48004887,12348.1
IFEval,BOHB,17,1,4e-06,0.02,2000,12304.401738500594,59.215015,21.717173,56.254738,69.51802,75.89771,51.519127,50.704575,77.1,80.68965,22.627554,927.859,0.9108035,0.8244999,0.8794204,12304.3
IFEval,BOHB,18,0,4e-06,0.01,1200,7398.601983165741,58.959045,21.212122,55.49659,69.63752,75.952126,50.74956,52.10591,76.9,84.76821,22.155375,935.5556,0.79113394,0.999968,0.8670736,7398.5
IFEval,BOHB,19,0,2e-06,0.04,1600,9840.201609945296,58.020477,21.717173,52.918877,68.28321,76.060936,48.53505,44.64083,67.23333,76.642334,13.071371,927.83405,-0.03811082,0.08090296,0.0051669176,9840.1
IFEval,BOHB,20,0,4e-06,0.01,1200,7398.602051115036,58.959045,21.212122,55.49659,69.63752,75.952126,50.74956,52.10591,76.9,84.76821,22.155375,935.5556,0.79113394,0.999968,0.8670736,7398.5
IFEval,BOHB,21,0,2e-06,0.01,1600,9825.801944112776,58.27645,21.717173,54.662624,68.42262,75.952126,48.15608,46.68413,71.73333,79.86577,19.916653,993.6011,0.04436696,0.8632374,0.34213802,9825.7
IFEval,BOHB,22,0,2e-06,0.01,1600,9825.80186448097,58.27645,21.717173,54.662624,68.42262,75.952126,48.15608,46.68413,71.73333,79.86577,19.916653,993.6011,0.04436696,0.8632374,0.34213802,9825.7
IFEval,BOHB,23,0,4e-06,0.01,1200,7398.602039670945,58.959045,21.212122,55.49659,69.63752,75.952126,50.74956,52.10591,76.9,84.76821,22.155375,935.5556,0.79113394,0.999968,0.8670736,7398.5
IFEval,BOHB,24,0,4e-06,0.01,1200,7398.602290248871,58.959045,21.212122,55.49659,69.63752,75.952126,50.74956,52.10591,76.9,84.76821,22.155375,935.5556,0.79113394,0.999968,0.8670736,7398.5
IFEval,BOTorch,0,1,2e-06,0.01,1600,9825.802084064482,58.27645,21.717173,54.662624,68.42262,75.952126,48.15608,46.68413,71.73333,79.86577,19.916653,993.6011,0.04436696,0.8632374,0.34213802,9825.7
IFEval,BOTorch,1,1,4e-06,0.04,800,4924.401691293717,58.70307,23.232323,56.330555,69.32882,76.16975,51.254017,51.90982,72.933334,77.054794,19.70793,1005.7145,1.1171892,0.80891025,1.0050877,4924.3
IFEval,BOTorch,2,0,2e-06,0.01,1600,9825.801991319657,58.27645,21.717173,54.662624,68.42262,75.952126,48.15608,46.68413,71.73333,79.86577,19.916653,993.6011,0.04436696,0.8632374,0.34213802,9825.7
IFEval,BOTorch,3,0,1e-06,0.02,2000,12283.80192694664,57.508533,22.727272,41.849888,67.69568,75.40805,47.398563,41.67952,59.966667,68.83117,5.762695,806.3376,-0.7186904,-1.2589402,-0.91514486,12283.7
IFEval,BOTorch,4,0,2e-06,0.04,1600,9840.201709604262,58.020477,21.717173,52.918877,68.28321,76.060936,48.53505,44.64083,67.23333,76.642334,13.071371,927.83405,-0.03811082,0.08090296,0.0051669176,9840.1
IFEval,BOTorch,5,1,4e-06,0.04,800,4924.4018455505375,58.70307,23.232323,56.330555,69.32882,76.16975,51.254017,51.90982,72.933334,77.054794,19.70793,1005.7145,1.1171892,0.80891025,1.0050877,4924.3
IFEval,BOTorch,6,0,4e-06,0.04,800,4924.401636934281,58.70307,23.232323,56.330555,69.32882,76.16975,51.254017,51.90982,72.933334,77.054794,19.70793,1005.7145,1.1171892,0.80891025,1.0050877,4924.3
IFEval,BOTorch,7,1,4e-06,0.02,2000,12304.402168130871,59.215015,21.717173,56.254738,69.51802,75.89771,51.519127,50.704575,77.1,80.68965,22.627554,927.859,0.9108035,0.8244999,0.8794204,12304.3
IFEval,BOTorch,8,1,2e-06,0.01,1600,9825.802289581296,58.27645,21.717173,54.662624,68.42262,75.952126,48.15608,46.68413,71.73333,79.86577,19.916653,993.6011,0.04436696,0.8632374,0.34213802,9825.7
IFEval,BOTorch,9,0,4e-06,0.01,1200,7398.602687454224,58.959045,21.212122,55.49659,69.63752,75.952126,50.74956,52.10591,76.9,84.76821,22.155375,935.5556,0.79113394,0.999968,0.8670736,7398.5
IFEval,BOTorch,10,0,4e-06,0.02,2000,12304.402464723586,59.215015,21.717173,56.254738,69.51802,75.89771,51.519127,50.704575,77.1,80.68965,22.627554,927.859,0.9108035,0.8244999,0.8794204,12304.3
IFEval,BOTorch,11,0,4e-06,0.04,800,4924.401720380783,58.70307,23.232323,56.330555,69.32882,76.16975,51.254017,51.90982,72.933334,77.054794,19.70793,1005.7145,1.1171892,0.80891025,1.0050877,4924.3
IFEval,BOTorch,12,0,2e-06,0.04,1600,9840.201732254029,58.020477,21.717173,52.918877,68.28321,76.060936,48.53505,44.64083,67.23333,76.642334,13.071371,927.83405,-0.03811082,0.08090296,0.0051669176,9840.1
IFEval,BOTorch,13,0,4e-06,0.01,1200,7398.601679182053,58.959045,21.212122,55.49659,69.63752,75.952126,50.74956,52.10591,76.9,84.76821,22.155375,935.5556,0.79113394,0.999968,0.8670736,7398.5
IFEval,BOTorch,14,1,4e-06,0.01,1200,7398.601722574234,58.959045,21.212122,55.49659,69.63752,75.952126,50.74956,52.10591,76.9,84.76821,22.155375,935.5556,0.79113394,0.999968,0.8670736,7398.5
IFEval,BOTorch,15,1,4e-06,0.02,2000,12304.40184316635,59.215015,21.717173,56.254738,69.51802,75.89771,51.519127,50.704575,77.1,80.68965,22.627554,927.859,0.9108035,0.8244999,0.8794204,12304.3
IFEval,BOTorch,16,1,2e-06,0.04,1600,9840.201330280302,58.020477,21.717173,52.918877,68.28321,76.060936,48.53505,44.64083,67.23333,76.642334,13.071371,927.83405,-0.03811082,0.08090296,0.0051669176,9840.1
IFEval,BOTorch,17,1,4e-06,0.01,1200,7398.6017757415775,58.959045,21.212122,55.49659,69.63752,75.952126,50.74956,52.10591,76.9,84.76821,22.155375,935.5556,0.79113394,0.999968,0.8670736,7398.5
IFEval,BOTorch,18,0,2e-06,0.01,1600,9825.80211482048,58.27645,21.717173,54.662624,68.42262,75.952126,48.15608,46.68413,71.73333,79.86577,19.916653,993.6011,0.04436696,0.8632374,0.34213802,9825.7
IFEval,BOTorch,19,1,4e-06,0.04,800,4924.401535129548,58.70307,23.232323,56.330555,69.32882,76.16975,51.254017,51.90982,72.933334,77.054794,19.70793,1005.7145,1.1171892,0.80891025,1.0050877,4924.3
IFEval,BOTorch,20,1,4e-06,0.01,1200,7398.601656770706,58.959045,21.212122,55.49659,69.63752,75.952126,50.74956,52.10591,76.9,84.76821,22.155375,935.5556,0.79113394,0.999968,0.8670736,7398.5
IFEval,BOTorch,21,0,4e-06,0.02,2000,12304.401537990569,59.215015,21.717173,56.254738,69.51802,75.89771,51.519127,50.704575,77.1,80.68965,22.627554,927.859,0.9108035,0.8244999,0.8794204,12304.3
IFEval,BOTorch,22,0,1e-06,0.02,2000,12283.802018022536,57.508533,22.727272,41.849888,67.69568,75.40805,47.398563,41.67952,59.966667,68.83117,5.762695,806.3376,-0.7186904,-1.2589402,-0.91514486,12283.7
IFEval,BOTorch,23,1,2e-06,0.01,1600,9825.80202898979,58.27645,21.717173,54.662624,68.42262,75.952126,48.15608,46.68413,71.73333,79.86577,19.916653,993.6011,0.04436696,0.8632374,0.34213802,9825.7
IFEval,BOTorch,24,0,4e-06,0.01,1200,7398.60182056427,58.959045,21.212122,55.49659,69.63752,75.952126,50.74956,52.10591,76.9,84.76821,22.155375,935.5556,0.79113394,0.999968,0.8670736,7398.5
IFEval,CQR,0,0,1e-06,0.02,2000,12283.802031373976,57.508533,22.727272,41.849888,67.69568,75.40805,47.398563,41.67952,59.966667,68.83117,5.762695,806.3376,-0.7186904,-1.2589402,-0.91514486,12283.7
IFEval,CQR,1,0,2e-06,0.01,1600,9825.802085733412,58.27645,21.717173,54.662624,68.42262,75.952126,48.15608,46.68413,71.73333,79.86577,19.916653,993.6011,0.04436696,0.8632374,0.34213802,9825.7
IFEval,CQR,2,0,1e-06,0.02,2000,12283.802045679093,57.508533,22.727272,41.849888,67.69568,75.40805,47.398563,41.67952,59.966667,68.83117,5.762695,806.3376,-0.7186904,-1.2589402,-0.91514486,12283.7
IFEval,CQR,3,0,4e-06,0.01,1200,7398.6018630027775,58.959045,21.212122,55.49659,69.63752,75.952126,50.74956,52.10591,76.9,84.76821,22.155375,935.5556,0.79113394,0.999968,0.8670736,7398.5
IFEval,CQR,4,0,4e-06,0.04,800,4924.401726102829,58.70307,23.232323,56.330555,69.32882,76.16975,51.254017,51.90982,72.933334,77.054794,19.70793,1005.7145,1.1171892,0.80891025,1.0050877,4924.3
IFEval,CQR,5,1,4e-06,0.04,800,4924.401961421967,58.70307,23.232323,56.330555,69.32882,76.16975,51.254017,51.90982,72.933334,77.054794,19.70793,1005.7145,1.1171892,0.80891025,1.0050877,4924.3
IFEval,CQR,6,0,4e-06,0.02,2000,12304.40165195465,59.215015,21.717173,56.254738,69.51802,75.89771,51.519127,50.704575,77.1,80.68965,22.627554,927.859,0.9108035,0.8244999,0.8794204,12304.3
IFEval,CQR,7,1,4e-06,0.01,1200,7398.601876354218,58.959045,21.212122,55.49659,69.63752,75.952126,50.74956,52.10591,76.9,84.76821,22.155375,935.5556,0.79113394,0.999968,0.8670736,7398.5
IFEval,CQR,8,1,2e-06,0.02,2000,12348.201950407029,58.532425,22.727272,54.359364,68.333,76.00653,48.504456,45.677467,71.86667,87.93104,16.470451,952.8265,0.33114612,0.74062866,0.48004887,12348.1
IFEval,CQR,9,0,4e-06,0.01,1200,7398.601993894577,58.959045,21.212122,55.49659,69.63752,75.952126,50.74956,52.10591,76.9,84.76821,22.155375,935.5556,0.79113394,0.999968,0.8670736,7398.5
IFEval,CQR,10,0,2e-06,0.02,2000,12348.20150837898,58.532425,22.727272,54.359364,68.333,76.00653,48.504456,45.677467,71.86667,87.93104,16.470451,952.8265,0.33114612,0.74062866,0.48004887,12348.1
IFEval,CQR,11,0,2e-06,0.01,1600,9825.8019469738,58.27645,21.717173,54.662624,68.42262,75.952126,48.15608,46.68413,71.73333,79.86577,19.916653,993.6011,0.04436696,0.8632374,0.34213802,9825.7
IFEval,CQR,12,0,4e-06,0.02,2000,12304.401879882813,59.215015,21.717173,56.254738,69.51802,75.89771,51.519127,50.704575,77.1,80.68965,22.627554,927.859,0.9108035,0.8244999,0.8794204,12304.3
IFEval,CQR,13,0,4e-06,0.01,1200,7398.601787424088,58.959045,21.212122,55.49659,69.63752,75.952126,50.74956,52.10591,76.9,84.76821,22.155375,935.5556,0.79113394,0.999968,0.8670736,7398.5
IFEval,CQR,14,1,4e-06,0.02,2000,12304.402526712416,59.215015,21.717173,56.254738,69.51802,75.89771,51.519127,50.704575,77.1,80.68965,22.627554,927.859,0.9108035,0.8244999,0.8794204,12304.3
IFEval,CQR,15,0,1e-06,0.02,2000,12283.802122211457,57.508533,22.727272,41.849888,67.69568,75.40805,47.398563,41.67952,59.966667,68.83117,5.762695,806.3376,-0.7186904,-1.2589402,-0.91514486,12283.7
IFEval,CQR,16,1,2e-06,0.02,2000,12348.201728200913,58.532425,22.727272,54.359364,68.333,76.00653,48.504456,45.677467,71.86667,87.93104,16.470451,952.8265,0.33114612,0.74062866,0.48004887,12348.1
IFEval,CQR,17,1,4e-06,0.02,2000,12304.401731824872,59.215015,21.717173,56.254738,69.51802,75.89771,51.519127,50.704575,77.1,80.68965,22.627554,927.859,0.9108035,0.8244999,0.8794204,12304.3
IFEval,CQR,18,0,4e-06,0.01,1200,7398.60175189972,58.959045,21.212122,55.49659,69.63752,75.952126,50.74956,52.10591,76.9,84.76821,22.155375,935.5556,0.79113394,0.999968,0.8670736,7398.5
IFEval,CQR,19,0,2e-06,0.04,1600,9840.201660966872,58.020477,21.717173,52.918877,68.28321,76.060936,48.53505,44.64083,67.23333,76.642334,13.071371,927.83405,-0.03811082,0.08090296,0.0051669176,9840.1
IFEval,CQR,20,0,4e-06,0.01,1200,7398.601903295517,58.959045,21.212122,55.49659,69.63752,75.952126,50.74956,52.10591,76.9,84.76821,22.155375,935.5556,0.79113394,0.999968,0.8670736,7398.5
IFEval,CQR,21,0,2e-06,0.01,1600,9825.802397584914,58.27645,21.717173,54.662624,68.42262,75.952126,48.15608,46.68413,71.73333,79.86577,19.916653,993.6011,0.04436696,0.8632374,0.34213802,9825.7
IFEval,CQR,22,0,2e-06,0.01,1600,9825.801961517333,58.27645,21.717173,54.662624,68.42262,75.952126,48.15608,46.68413,71.73333,79.86577,19.916653,993.6011,0.04436696,0.8632374,0.34213802,9825.7
IFEval,CQR,23,0,4e-06,0.01,1200,7398.60189781189,58.959045,21.212122,55.49659,69.63752,75.952126,50.74956,52.10591,76.9,84.76821,22.155375,935.5556,0.79113394,0.999968,0.8670736,7398.5
IFEval,CQR,24,0,4e-06,0.01,1200,7398.602393960953,58.959045,21.212122,55.49659,69.63752,75.952126,50.74956,52.10591,76.9,84.76821,22.155375,935.5556,0.79113394,0.999968,0.8670736,7398.5
IFEval,RandomSearch,0,0,1e-06,0.01,800,4939.00196633339,57.593857,23.232323,41.015923,67.67576,75.7345,47.330757,41.83439,57.933334,66.78322,6.0112824,819.5563,-0.71689117,-1.216845,-0.89869255,4938.9
IFEval,RandomSearch,1,1,4e-06,0.02,2000,12304.402229881283,59.215015,21.717173,56.254738,69.51802,75.89771,51.519127,50.704575,77.1,80.68965,22.627554,927.859,0.9108035,0.8244999,0.8794204,12304.3
IFEval,RandomSearch,2,1,2e-06,0.02,2000,12348.201949214934,58.532425,22.727272,54.359364,68.333,76.00653,48.504456,45.677467,71.86667,87.93104,16.470451,952.8265,0.33114612,0.74062866,0.48004887,12348.1
IFEval,RandomSearch,3,1,2e-06,0.02,2000,12348.201601839064,58.532425,22.727272,54.359364,68.333,76.00653,48.504456,45.677467,71.86667,87.93104,16.470451,952.8265,0.33114612,0.74062866,0.48004887,12348.1
IFEval,RandomSearch,4,0,4e-06,0.02,2000,12304.40171895027,59.215015,21.717173,56.254738,69.51802,75.89771,51.519127,50.704575,77.1,80.68965,22.627554,927.859,0.9108035,0.8244999,0.8794204,12304.3
IFEval,RandomSearch,5,0,2e-06,0.01,1600,9825.802175617217,58.27645,21.717173,54.662624,68.42262,75.952126,48.15608,46.68413,71.73333,79.86577,19.916653,993.6011,0.04436696,0.8632374,0.34213802,9825.7
IFEval,RandomSearch,6,1,2e-06,0.01,1600,9825.802406167984,58.27645,21.717173,54.662624,68.42262,75.952126,48.15608,46.68413,71.73333,79.86577,19.916653,993.6011,0.04436696,0.8632374,0.34213802,9825.7
IFEval,RandomSearch,7,0,4e-06,0.02,2000,12304.402013635634,59.215015,21.717173,56.254738,69.51802,75.89771,51.519127,50.704575,77.1,80.68965,22.627554,927.859,0.9108035,0.8244999,0.8794204,12304.3
IFEval,RandomSearch,8,1,2e-06,0.01,1600,9825.80223212242,58.27645,21.717173,54.662624,68.42262,75.952126,48.15608,46.68413,71.73333,79.86577,19.916653,993.6011,0.04436696,0.8632374,0.34213802,9825.7
IFEval,RandomSearch,9,1,4e-06,0.04,800,4924.401788568497,58.70307,23.232323,56.330555,69.32882,76.16975,51.254017,51.90982,72.933334,77.054794,19.70793,1005.7145,1.1171892,0.80891025,1.0050877,4924.3
IFEval,RandomSearch,10,1,4e-06,0.01,1200,7398.602236843109,58.959045,21.212122,55.49659,69.63752,75.952126,50.74956,52.10591,76.9,84.76821,22.155375,935.5556,0.79113394,0.999968,0.8670736,7398.5
IFEval,RandomSearch,11,0,4e-06,0.02,2000,12304.402356958388,59.215015,21.717173,56.254738,69.51802,75.89771,51.519127,50.704575,77.1,80.68965,22.627554,927.859,0.9108035,0.8244999,0.8794204,12304.3
IFEval,RandomSearch,12,1,2e-06,0.04,1600,9840.202011680602,58.020477,21.717173,52.918877,68.28321,76.060936,48.53505,44.64083,67.23333,76.642334,13.071371,927.83405,-0.03811082,0.08090296,0.0051669176,9840.1
IFEval,RandomSearch,13,0,1e-06,0.02,2000,12283.802536344529,57.508533,22.727272,41.849888,67.69568,75.40805,47.398563,41.67952,59.966667,68.83117,5.762695,806.3376,-0.7186904,-1.2589402,-0.91514486,12283.7
IFEval,RandomSearch,14,0,4e-06,0.02,2000,12304.402170038222,59.215015,21.717173,56.254738,69.51802,75.89771,51.519127,50.704575,77.1,80.68965,22.627554,927.859,0.9108035,0.8244999,0.8794204,12304.3
IFEval,RandomSearch,15,0,4e-06,0.02,2000,12304.401699399948,59.215015,21.717173,56.254738,69.51802,75.89771,51.519127,50.704575,77.1,80.68965,22.627554,927.859,0.9108035,0.8244999,0.8794204,12304.3
IFEval,RandomSearch,16,1,2e-06,0.01,1600,9825.802156305312,58.27645,21.717173,54.662624,68.42262,75.952126,48.15608,46.68413,71.73333,79.86577,19.916653,993.6011,0.04436696,0.8632374,0.34213802,9825.7
IFEval,RandomSearch,17,0,4e-06,0.01,1200,7398.603879547119,58.959045,21.212122,55.49659,69.63752,75.952126,50.74956,52.10591,76.9,84.76821,22.155375,935.5556,0.79113394,0.999968,0.8670736,7398.5
IFEval,RandomSearch,18,1,4e-06,0.01,1200,7398.602697467804,58.959045,21.212122,55.49659,69.63752,75.952126,50.74956,52.10591,76.9,84.76821,22.155375,935.5556,0.79113394,0.999968,0.8670736,7398.5
IFEval,RandomSearch,19,1,4e-06,0.01,1200,7398.601881361008,58.959045,21.212122,55.49659,69.63752,75.952126,50.74956,52.10591,76.9,84.76821,22.155375,935.5556,0.79113394,0.999968,0.8670736,7398.5
IFEval,RandomSearch,20,0,2e-06,0.04,1600,9840.201858854292,58.020477,21.717173,52.918877,68.28321,76.060936,48.53505,44.64083,67.23333,76.642334,13.071371,927.83405,-0.03811082,0.08090296,0.0051669176,9840.1
IFEval,RandomSearch,21,1,2e-06,0.02,2000,12348.201821660994,58.532425,22.727272,54.359364,68.333,76.00653,48.504456,45.677467,71.86667,87.93104,16.470451,952.8265,0.33114612,0.74062866,0.48004887,12348.1
IFEval,RandomSearch,22,0,4e-06,0.01,1200,7398.601626491547,58.959045,21.212122,55.49659,69.63752,75.952126,50.74956,52.10591,76.9,84.76821,22.155375,935.5556,0.79113394,0.999968,0.8670736,7398.5
IFEval,RandomSearch,23,1,4e-06,0.01,1200,7398.602012968064,58.959045,21.212122,55.49659,69.63752,75.952126,50.74956,52.10591,76.9,84.76821,22.155375,935.5556,0.79113394,0.999968,0.8670736,7398.5
IFEval,RandomSearch,24,0,4e-06,0.01,1200,7398.602054214478,58.959045,21.212122,55.49659,69.63752,75.952126,50.74956,52.10591,76.9,84.76821,22.155375,935.5556,0.79113394,0.999968,0.8670736,7398.5
IFEval,TPE,0,0,4e-06,0.02,2000,12304.401402330395,59.215015,21.717173,56.254738,69.51802,75.89771,51.519127,50.704575,77.1,80.68965,22.627554,927.859,0.9108035,0.8244999,0.8794204,12304.3
IFEval,TPE,1,0,2e-06,0.01,1600,9825.802662467957,58.27645,21.717173,54.662624,68.42262,75.952126,48.15608,46.68413,71.73333,79.86577,19.916653,993.6011,0.04436696,0.8632374,0.34213802,9825.7
IFEval,TPE,2,1,2e-06,0.01,1600,9825.801991558072,58.27645,21.717173,54.662624,68.42262,75.952126,48.15608,46.68413,71.73333,79.86577,19.916653,993.6011,0.04436696,0.8632374,0.34213802,9825.7
IFEval,TPE,3,1,4e-06,0.01,1200,7398.601742362976,58.959045,21.212122,55.49659,69.63752,75.952126,50.74956,52.10591,76.9,84.76821,22.155375,935.5556,0.79113394,0.999968,0.8670736,7398.5
IFEval,TPE,4,1,2e-06,0.01,1600,9825.802157497405,58.27645,21.717173,54.662624,68.42262,75.952126,48.15608,46.68413,71.73333,79.86577,19.916653,993.6011,0.04436696,0.8632374,0.34213802,9825.7
IFEval,TPE,5,0,2e-06,0.04,1600,9840.202565050124,58.020477,21.717173,52.918877,68.28321,76.060936,48.53505,44.64083,67.23333,76.642334,13.071371,927.83405,-0.03811082,0.08090296,0.0051669176,9840.1
IFEval,TPE,6,0,4e-06,0.02,2000,12304.402466392516,59.215015,21.717173,56.254738,69.51802,75.89771,51.519127,50.704575,77.1,80.68965,22.627554,927.859,0.9108035,0.8244999,0.8794204,12304.3
IFEval,TPE,7,1,4e-06,0.01,1200,7398.60185918808,58.959045,21.212122,55.49659,69.63752,75.952126,50.74956,52.10591,76.9,84.76821,22.155375,935.5556,0.79113394,0.999968,0.8670736,7398.5
IFEval,TPE,8,1,1e-06,0.02,2000,12283.801898813246,57.508533,22.727272,41.849888,67.69568,75.40805,47.398563,41.67952,59.966667,68.83117,5.762695,806.3376,-0.7186904,-1.2589402,-0.91514486,12283.7
IFEval,TPE,9,0,1e-06,0.04,600,3707.902052497864,57.508533,23.232323,39.575436,67.655846,75.462456,47.263943,41.67077,59.2,63.157894,5.9323864,825.1549,-0.7861497,-1.1636773,-0.92343247,3707.8
IFEval,TPE,10,0,4e-06,0.04,800,4924.401992416382,58.70307,23.232323,56.330555,69.32882,76.16975,51.254017,51.90982,72.933334,77.054794,19.70793,1005.7145,1.1171892,0.80891025,1.0050877,4924.3
IFEval,TPE,11,0,4e-06,0.04,800,4924.401896095276,58.70307,23.232323,56.330555,69.32882,76.16975,51.254017,51.90982,72.933334,77.054794,19.70793,1005.7145,1.1171892,0.80891025,1.0050877,4924.3
IFEval,TPE,12,0,4e-06,0.02,2000,12304.401988124846,59.215015,21.717173,56.254738,69.51802,75.89771,51.519127,50.704575,77.1,80.68965,22.627554,927.859,0.9108035,0.8244999,0.8794204,12304.3
IFEval,TPE,13,0,2e-06,0.02,2000,12348.201302862166,58.532425,22.727272,54.359364,68.333,76.00653,48.504456,45.677467,71.86667,87.93104,16.470451,952.8265,0.33114612,0.74062866,0.48004887,12348.1
IFEval,TPE,14,0,1e-06,0.02,2000,12283.8022254467,57.508533,22.727272,41.849888,67.69568,75.40805,47.398563,41.67952,59.966667,68.83117,5.762695,806.3376,-0.7186904,-1.2589402,-0.91514486,12283.7
IFEval,TPE,15,0,4e-06,0.04,800,4924.401528215409,58.70307,23.232323,56.330555,69.32882,76.16975,51.254017,51.90982,72.933334,77.054794,19.70793,1005.7145,1.1171892,0.80891025,1.0050877,4924.3
IFEval,TPE,16,1,4e-06,0.02,2000,12304.402119493485,59.215015,21.717173,56.254738,69.51802,75.89771,51.519127,50.704575,77.1,80.68965,22.627554,927.859,0.9108035,0.8244999,0.8794204,12304.3
IFEval,TPE,17,0,4e-06,0.01,1200,7398.602068281174,58.959045,21.212122,55.49659,69.63752,75.952126,50.74956,52.10591,76.9,84.76821,22.155375,935.5556,0.79113394,0.999968,0.8670736,7398.5
IFEval,TPE,18,1,4e-06,0.02,2000,12304.401573514937,59.215015,21.717173,56.254738,69.51802,75.89771,51.519127,50.704575,77.1,80.68965,22.627554,927.859,0.9108035,0.8244999,0.8794204,12304.3
IFEval,TPE,19,0,4e-06,0.01,1200,7398.601837015152,58.959045,21.212122,55.49659,69.63752,75.952126,50.74956,52.10591,76.9,84.76821,22.155375,935.5556,0.79113394,0.999968,0.8670736,7398.5
IFEval,TPE,20,0,4e-06,0.02,2000,12304.402369594573,59.215015,21.717173,56.254738,69.51802,75.89771,51.519127,50.704575,77.1,80.68965,22.627554,927.859,0.9108035,0.8244999,0.8794204,12304.3
IFEval,TPE,21,1,4e-06,0.04,800,4924.401553487778,58.70307,23.232323,56.330555,69.32882,76.16975,51.254017,51.90982,72.933334,77.054794,19.70793,1005.7145,1.1171892,0.80891025,1.0050877,4924.3
IFEval,TPE,22,0,4e-06,0.04,800,4924.401507234574,58.70307,23.232323,56.330555,69.32882,76.16975,51.254017,51.90982,72.933334,77.054794,19.70793,1005.7145,1.1171892,0.80891025,1.0050877,4924.3
IFEval,TPE,23,0,2e-06,0.04,1600,9840.202261304854,58.020477,21.717173,52.918877,68.28321,76.060936,48.53505,44.64083,67.23333,76.642334,13.071371,927.83405,-0.03811082,0.08090296,0.0051669176,9840.1
IFEval,TPE,24,0,4e-06,0.04,800,4924.401529169083,58.70307,23.232323,56.330555,69.32882,76.16975,51.254017,51.90982,72.933334,77.054794,19.70793,1005.7145,1.1171892,0.80891025,1.0050877,4924.3
MT-Bench,ASHA,0,0,1e-06,0.02,1600,9827.102111673354,57.25256,21.717173,41.31918,67.67576,75.680084,47.306973,39.01548,59.266666,70.5298,6.004068,809.6844,-1.1004227,-1.1233144,-1.108747,9827.0
MT-Bench,ASHA,1,0,2e-06,0.01,1400,8597.601882791518,58.1058,21.212122,54.056103,68.41267,75.7345,48.152256,45.511353,71.36667,81.08108,16.864948,964.44305,-0.09285174,0.5831789,0.15297757,8597.5
MT-Bench,ASHA,2,0,1e-06,0.02,1600,9827.101917123791,57.25256,21.717173,41.31918,67.67576,75.680084,47.306973,39.01548,59.266666,70.5298,6.004068,809.6844,-1.1004227,-1.1233144,-1.108747,9827.0
MT-Bench,ASHA,3,0,4e-06,0.01,800,4932.501729106903,58.87372,23.232323,55.799847,69.55785,75.89771,50.37654,51.51764,76.86667,87.5,20.779196,958.30347,0.9636782,1.138409,1.0272167,4932.4
MT-Bench,ASHA,4,1,2e-06,0.02,2000,12348.202078199383,58.532425,22.727272,54.359364,68.333,76.00653,48.504456,45.677467,71.86667,87.93104,16.470451,952.8265,0.33114612,0.74062866,0.48004887,12348.1
MT-Bench,ASHA,5,0,4e-06,0.02,1200,7382.701898908615,59.47099,21.717173,57.240334,69.60765,75.51687,51.3951,50.026375,76.566666,89.11565,21.393772,937.7151,0.70896316,1.0820725,0.8446393,7382.6
MT-Bench,ASHA,6,0,4e-06,0.02,1200,7382.702379560471,59.47099,21.717173,57.240334,69.60765,75.51687,51.3951,50.026375,76.566666,89.11565,21.393772,937.7151,0.70896316,1.0820725,0.8446393,7382.6
MT-Bench,ASHA,7,1,4e-06,0.01,800,4932.501871204377,58.87372,23.232323,55.799847,69.55785,75.89771,50.37654,51.51764,76.86667,87.5,20.779196,958.30347,0.9636782,1.138409,1.0272167,4932.4
MT-Bench,ASHA,8,1,2e-06,0.02,2000,12348.20154891014,58.532425,22.727272,54.359364,68.333,76.00653,48.504456,45.677467,71.86667,87.93104,16.470451,952.8265,0.33114612,0.74062866,0.48004887,12348.1
MT-Bench,ASHA,9,1,4e-06,0.02,1200,7382.7019821167,59.47099,21.717173,57.240334,69.60765,75.51687,51.3951,50.026375,76.566666,89.11565,21.393772,937.7151,0.70896316,1.0820725,0.8446393,7382.6
MT-Bench,ASHA,10,0,2e-06,0.02,2000,12348.203333234786,58.532425,22.727272,54.359364,68.333,76.00653,48.504456,45.677467,71.86667,87.93104,16.470451,952.8265,0.33114612,0.74062866,0.48004887,12348.1
MT-Bench,ASHA,11,1,2e-06,0.02,2000,12348.201752281188,58.532425,22.727272,54.359364,68.333,76.00653,48.504456,45.677467,71.86667,87.93104,16.470451,952.8265,0.33114612,0.74062866,0.48004887,12348.1
MT-Bench,ASHA,12,0,4e-06,0.02,1200,7382.702300167084,59.47099,21.717173,57.240334,69.60765,75.51687,51.3951,50.026375,76.566666,89.11565,21.393772,937.7151,0.70896316,1.0820725,0.8446393,7382.6
MT-Bench,ASHA,13,0,4e-06,0.01,800,4932.501666164399,58.87372,23.232323,55.799847,69.55785,75.89771,50.37654,51.51764,76.86667,87.5,20.779196,958.30347,0.9636782,1.138409,1.0272167,4932.4
MT-Bench,ASHA,14,1,4e-06,0.02,1200,7382.704408740998,59.47099,21.717173,57.240334,69.60765,75.51687,51.3951,50.026375,76.566666,89.11565,21.393772,937.7151,0.70896316,1.0820725,0.8446393,7382.6
MT-Bench,ASHA,15,0,1e-06,0.02,1600,9827.107709026335,57.25256,21.717173,41.31918,67.67576,75.680084,47.306973,39.01548,59.266666,70.5298,6.004068,809.6844,-1.1004227,-1.1233144,-1.108747,9827.0
MT-Bench,ASHA,16,1,2e-06,0.02,2000,12348.201959705351,58.532425,22.727272,54.359364,68.333,76.00653,48.504456,45.677467,71.86667,87.93104,16.470451,952.8265,0.33114612,0.74062866,0.48004887,12348.1
MT-Bench,ASHA,17,1,4e-06,0.02,1200,7382.702461338044,59.47099,21.717173,57.240334,69.60765,75.51687,51.3951,50.026375,76.566666,89.11565,21.393772,937.7151,0.70896316,1.0820725,0.8446393,7382.6
MT-Bench,ASHA,18,0,4e-06,0.01,800,4932.501980638504,58.87372,23.232323,55.799847,69.55785,75.89771,50.37654,51.51764,76.86667,87.5,20.779196,958.30347,0.9636782,1.138409,1.0272167,4932.4
MT-Bench,ASHA,19,0,2e-06,0.04,1400,8610.201507663725,58.361774,22.727272,52.16073,68.273254,75.89771,48.642525,41.58211,68.9,81.78808,13.9110365,911.17474,0.13790397,0.2225931,0.16870002,8610.1
MT-Bench,ASHA,20,1,4e-06,0.02,1200,7382.7021475791935,59.47099,21.717173,57.240334,69.60765,75.51687,51.3951,50.026375,76.566666,89.11565,21.393772,937.7151,0.70896316,1.0820725,0.8446393,7382.6
MT-Bench,ASHA,21,0,2e-06,0.01,1400,8597.601886606215,58.1058,21.212122,54.056103,68.41267,75.7345,48.152256,45.511353,71.36667,81.08108,16.864948,964.44305,-0.09285174,0.5831789,0.15297757,8597.5
MT-Bench,ASHA,22,0,2e-06,0.01,1400,8597.602421855925,58.1058,21.212122,54.056103,68.41267,75.7345,48.152256,45.511353,71.36667,81.08108,16.864948,964.44305,-0.09285174,0.5831789,0.15297757,8597.5
MT-Bench,ASHA,23,0,4e-06,0.01,800,4932.50220952034,58.87372,23.232323,55.799847,69.55785,75.89771,50.37654,51.51764,76.86667,87.5,20.779196,958.30347,0.9636782,1.138409,1.0272167,4932.4
MT-Bench,ASHA,24,1,2e-06,0.02,2000,12348.20179877281,58.532425,22.727272,54.359364,68.333,76.00653,48.504456,45.677467,71.86667,87.93104,16.470451,952.8265,0.33114612,0.74062866,0.48004887,12348.1
MT-Bench,BOHB,0,0,1e-06,0.02,1600,9827.10202846527,57.25256,21.717173,41.31918,67.67576,75.680084,47.306973,39.01548,59.266666,70.5298,6.004068,809.6844,-1.1004227,-1.1233144,-1.108747,9827.0
MT-Bench,BOHB,1,0,2e-06,0.01,1400,8597.601927375792,58.1058,21.212122,54.056103,68.41267,75.7345,48.152256,45.511353,71.36667,81.08108,16.864948,964.44305,-0.09285174,0.5831789,0.15297757,8597.5
MT-Bench,BOHB,2,0,1e-06,0.02,1600,9827.102211809157,57.25256,21.717173,41.31918,67.67576,75.680084,47.306973,39.01548,59.266666,70.5298,6.004068,809.6844,-1.1004227,-1.1233144,-1.108747,9827.0
MT-Bench,BOHB,3,0,4e-06,0.01,800,4932.501736736298,58.87372,23.232323,55.799847,69.55785,75.89771,50.37654,51.51764,76.86667,87.5,20.779196,958.30347,0.9636782,1.138409,1.0272167,4932.4
MT-Bench,BOHB,4,1,2e-06,0.02,2000,12348.201612091065,58.532425,22.727272,54.359364,68.333,76.00653,48.504456,45.677467,71.86667,87.93104,16.470451,952.8265,0.33114612,0.74062866,0.48004887,12348.1
MT-Bench,BOHB,5,0,4e-06,0.02,1200,7382.704577302933,59.47099,21.717173,57.240334,69.60765,75.51687,51.3951,50.026375,76.566666,89.11565,21.393772,937.7151,0.70896316,1.0820725,0.8446393,7382.6
MT-Bench,BOHB,6,0,4e-06,0.02,1200,7382.701832151413,59.47099,21.717173,57.240334,69.60765,75.51687,51.3951,50.026375,76.566666,89.11565,21.393772,937.7151,0.70896316,1.0820725,0.8446393,7382.6
MT-Bench,BOHB,7,1,4e-06,0.01,800,4932.502802944184,58.87372,23.232323,55.799847,69.55785,75.89771,50.37654,51.51764,76.86667,87.5,20.779196,958.30347,0.9636782,1.138409,1.0272167,4932.4
MT-Bench,BOHB,8,1,2e-06,0.02,2000,12348.201422548293,58.532425,22.727272,54.359364,68.333,76.00653,48.504456,45.677467,71.86667,87.93104,16.470451,952.8265,0.33114612,0.74062866,0.48004887,12348.1
MT-Bench,BOHB,9,1,4e-06,0.02,1200,7382.702316141129,59.47099,21.717173,57.240334,69.60765,75.51687,51.3951,50.026375,76.566666,89.11565,21.393772,937.7151,0.70896316,1.0820725,0.8446393,7382.6
MT-Bench,BOHB,10,0,2e-06,0.02,2000,12348.20154867172,58.532425,22.727272,54.359364,68.333,76.00653,48.504456,45.677467,71.86667,87.93104,16.470451,952.8265,0.33114612,0.74062866,0.48004887,12348.1
MT-Bench,BOHB,11,1,2e-06,0.02,2000,12348.201890802382,58.532425,22.727272,54.359364,68.333,76.00653,48.504456,45.677467,71.86667,87.93104,16.470451,952.8265,0.33114612,0.74062866,0.48004887,12348.1
MT-Bench,BOHB,12,0,4e-06,0.02,1200,7382.701949453354,59.47099,21.717173,57.240334,69.60765,75.51687,51.3951,50.026375,76.566666,89.11565,21.393772,937.7151,0.70896316,1.0820725,0.8446393,7382.6
MT-Bench,BOHB,13,0,4e-06,0.01,800,4932.501570558548,58.87372,23.232323,55.799847,69.55785,75.89771,50.37654,51.51764,76.86667,87.5,20.779196,958.30347,0.9636782,1.138409,1.0272167,4932.4
MT-Bench,BOHB,14,1,4e-06,0.02,1200,7382.702160453797,59.47099,21.717173,57.240334,69.60765,75.51687,51.3951,50.026375,76.566666,89.11565,21.393772,937.7151,0.70896316,1.0820725,0.8446393,7382.6
MT-Bench,BOHB,15,0,1e-06,0.02,1600,9827.101965761183,57.25256,21.717173,41.31918,67.67576,75.680084,47.306973,39.01548,59.266666,70.5298,6.004068,809.6844,-1.1004227,-1.1233144,-1.108747,9827.0
MT-Bench,BOHB,16,1,2e-06,0.02,2000,12348.201494073866,58.532425,22.727272,54.359364,68.333,76.00653,48.504456,45.677467,71.86667,87.93104,16.470451,952.8265,0.33114612,0.74062866,0.48004887,12348.1
MT-Bench,BOHB,17,1,4e-06,0.02,1200,7382.702170467377,59.47099,21.717173,57.240334,69.60765,75.51687,51.3951,50.026375,76.566666,89.11565,21.393772,937.7151,0.70896316,1.0820725,0.8446393,7382.6
MT-Bench,BOHB,18,0,4e-06,0.01,800,4932.502083635331,58.87372,23.232323,55.799847,69.55785,75.89771,50.37654,51.51764,76.86667,87.5,20.779196,958.30347,0.9636782,1.138409,1.0272167,4932.4
MT-Bench,BOHB,19,0,2e-06,0.04,1400,8610.201542472838,58.361774,22.727272,52.16073,68.273254,75.89771,48.642525,41.58211,68.9,81.78808,13.9110365,911.17474,0.13790397,0.2225931,0.16870002,8610.1
MT-Bench,BOHB,20,1,4e-06,0.02,1200,7382.701936578751,59.47099,21.717173,57.240334,69.60765,75.51687,51.3951,50.026375,76.566666,89.11565,21.393772,937.7151,0.70896316,1.0820725,0.8446393,7382.6
MT-Bench,BOHB,21,0,2e-06,0.01,1400,8597.6018389225,58.1058,21.212122,54.056103,68.41267,75.7345,48.152256,45.511353,71.36667,81.08108,16.864948,964.44305,-0.09285174,0.5831789,0.15297757,8597.5
MT-Bench,BOHB,22,0,2e-06,0.01,1400,8597.602142190932,58.1058,21.212122,54.056103,68.41267,75.7345,48.152256,45.511353,71.36667,81.08108,16.864948,964.44305,-0.09285174,0.5831789,0.15297757,8597.5
MT-Bench,BOHB,23,0,4e-06,0.01,800,4932.502231693268,58.87372,23.232323,55.799847,69.55785,75.89771,50.37654,51.51764,76.86667,87.5,20.779196,958.30347,0.9636782,1.138409,1.0272167,4932.4
MT-Bench,BOHB,24,1,2e-06,0.02,2000,12348.20153865814,58.532425,22.727272,54.359364,68.333,76.00653,48.504456,45.677467,71.86667,87.93104,16.470451,952.8265,0.33114612,0.74062866,0.48004887,12348.1
MT-Bench,BOTorch,0,1,2e-06,0.02,2000,12348.201934194563,58.532425,22.727272,54.359364,68.333,76.00653,48.504456,45.677467,71.86667,87.93104,16.470451,952.8265,0.33114612,0.74062866,0.48004887,12348.1
MT-Bench,BOTorch,1,1,4e-06,0.02,1200,7382.702438211441,59.47099,21.717173,57.240334,69.60765,75.51687,51.3951,50.026375,76.566666,89.11565,21.393772,937.7151,0.70896316,1.0820725,0.8446393,7382.6
MT-Bench,BOTorch,2,0,1e-06,0.01,1400,8643.102372741698,57.764503,21.717173,40.864292,67.79526,75.62568,47.404415,39.216557,58.933334,70.7483,5.722455,791.2416,-0.8597832,-1.1873592,-0.97890174,8643.0
MT-Bench,BOTorch,3,1,4e-06,0.04,1200,7386.502219295502,58.788395,22.727272,57.543594,69.32882,76.16975,51.62948,49.365685,73.1,86.07143,18.659197,930.0617,1.0420135,0.7410962,0.932589,7386.4
MT-Bench,BOTorch,4,1,1e-06,0.01,1400,8643.106067991255,57.764503,21.717173,40.864292,67.79526,75.62568,47.404415,39.216557,58.933334,70.7483,5.722455,791.2416,-0.8597832,-1.1873592,-0.97890174,8643.0
MT-Bench,BOTorch,5,0,4e-06,0.01,800,4932.505500650406,58.87372,23.232323,55.799847,69.55785,75.89771,50.37654,51.51764,76.86667,87.5,20.779196,958.30347,0.9636782,1.138409,1.0272167,4932.4
MT-Bench,BOTorch,6,0,2e-06,0.04,1400,8610.20175704956,58.361774,22.727272,52.16073,68.273254,75.89771,48.642525,41.58211,68.9,81.78808,13.9110365,911.17474,0.13790397,0.2225931,0.16870002,8610.1
MT-Bench,BOTorch,7,0,4e-06,0.01,800,4932.502130603791,58.87372,23.232323,55.799847,69.55785,75.89771,50.37654,51.51764,76.86667,87.5,20.779196,958.30347,0.9636782,1.138409,1.0272167,4932.4
MT-Bench,BOTorch,8,0,4e-06,0.01,800,4932.501978969574,58.87372,23.232323,55.799847,69.55785,75.89771,50.37654,51.51764,76.86667,87.5,20.779196,958.30347,0.9636782,1.138409,1.0272167,4932.4
MT-Bench,BOTorch,9,1,2e-06,0.02,2000,12348.201872920989,58.532425,22.727272,54.359364,68.333,76.00653,48.504456,45.677467,71.86667,87.93104,16.470451,952.8265,0.33114612,0.74062866,0.48004887,12348.1
MT-Bench,BOTorch,10,1,2e-06,0.01,1400,8597.602073287962,58.1058,21.212122,54.056103,68.41267,75.7345,48.152256,45.511353,71.36667,81.08108,16.864948,964.44305,-0.09285174,0.5831789,0.15297757,8597.5
MT-Bench,BOTorch,11,0,4e-06,0.01,800,4932.502469396592,58.87372,23.232323,55.799847,69.55785,75.89771,50.37654,51.51764,76.86667,87.5,20.779196,958.30347,0.9636782,1.138409,1.0272167,4932.4
MT-Bench,BOTorch,12,0,4e-06,0.02,1200,7382.702519989014,59.47099,21.717173,57.240334,69.60765,75.51687,51.3951,50.026375,76.566666,89.11565,21.393772,937.7151,0.70896316,1.0820725,0.8446393,7382.6
MT-Bench,BOTorch,13,0,2e-06,0.02,2000,12348.201792335509,58.532425,22.727272,54.359364,68.333,76.00653,48.504456,45.677467,71.86667,87.93104,16.470451,952.8265,0.33114612,0.74062866,0.48004887,12348.1
MT-Bench,BOTorch,14,0,4e-06,0.01,800,4932.502109146119,58.87372,23.232323,55.799847,69.55785,75.89771,50.37654,51.51764,76.86667,87.5,20.779196,958.30347,0.9636782,1.138409,1.0272167,4932.4
MT-Bench,BOTorch,15,1,4e-06,0.02,1200,7382.702436065674,59.47099,21.717173,57.240334,69.60765,75.51687,51.3951,50.026375,76.566666,89.11565,21.393772,937.7151,0.70896316,1.0820725,0.8446393,7382.6
MT-Bench,BOTorch,16,1,4e-06,0.01,800,4932.502458429337,58.87372,23.232323,55.799847,69.55785,75.89771,50.37654,51.51764,76.86667,87.5,20.779196,958.30347,0.9636782,1.138409,1.0272167,4932.4
MT-Bench,BOTorch,17,1,4e-06,0.02,1200,7382.702394104004,59.47099,21.717173,57.240334,69.60765,75.51687,51.3951,50.026375,76.566666,89.11565,21.393772,937.7151,0.70896316,1.0820725,0.8446393,7382.6
MT-Bench,BOTorch,18,0,2e-06,0.04,1400,8610.201875782011,58.361774,22.727272,52.16073,68.273254,75.89771,48.642525,41.58211,68.9,81.78808,13.9110365,911.17474,0.13790397,0.2225931,0.16870002,8610.1
MT-Bench,BOTorch,19,1,2e-06,0.01,1400,8597.602425670622,58.1058,21.212122,54.056103,68.41267,75.7345,48.152256,45.511353,71.36667,81.08108,16.864948,964.44305,-0.09285174,0.5831789,0.15297757,8597.5
MT-Bench,BOTorch,20,0,4e-06,0.02,1200,7382.702150678635,59.47099,21.717173,57.240334,69.60765,75.51687,51.3951,50.026375,76.566666,89.11565,21.393772,937.7151,0.70896316,1.0820725,0.8446393,7382.6
MT-Bench,BOTorch,21,1,4e-06,0.02,1200,7382.702186918259,59.47099,21.717173,57.240334,69.60765,75.51687,51.3951,50.026375,76.566666,89.11565,21.393772,937.7151,0.70896316,1.0820725,0.8446393,7382.6
MT-Bench,BOTorch,22,0,4e-06,0.02,1200,7382.702529287339,59.47099,21.717173,57.240334,69.60765,75.51687,51.3951,50.026375,76.566666,89.11565,21.393772,937.7151,0.70896316,1.0820725,0.8446393,7382.6
MT-Bench,BOTorch,23,0,4e-06,0.04,1200,7386.501873350144,58.788395,22.727272,57.543594,69.32882,76.16975,51.62948,49.365685,73.1,86.07143,18.659197,930.0617,1.0420135,0.7410962,0.932589,7386.4
MT-Bench,BOTorch,24,0,2e-06,0.04,1400,8610.201548433302,58.361774,22.727272,52.16073,68.273254,75.89771,48.642525,41.58211,68.9,81.78808,13.9110365,911.17474,0.13790397,0.2225931,0.16870002,8610.1
MT-Bench,CQR,0,0,1e-06,0.02,1600,9827.10209546089,57.25256,21.717173,41.31918,67.67576,75.680084,47.306973,39.01548,59.266666,70.5298,6.004068,809.6844,-1.1004227,-1.1233144,-1.108747,9827.0
MT-Bench,CQR,1,0,2e-06,0.01,1400,8597.601775979994,58.1058,21.212122,54.056103,68.41267,75.7345,48.152256,45.511353,71.36667,81.08108,16.864948,964.44305,-0.09285174,0.5831789,0.15297757,8597.5
MT-Bench,CQR,2,0,1e-06,0.02,1600,9827.101682281493,57.25256,21.717173,41.31918,67.67576,75.680084,47.306973,39.01548,59.266666,70.5298,6.004068,809.6844,-1.1004227,-1.1233144,-1.108747,9827.0
MT-Bench,CQR,3,0,4e-06,0.01,800,4932.501775121689,58.87372,23.232323,55.799847,69.55785,75.89771,50.37654,51.51764,76.86667,87.5,20.779196,958.30347,0.9636782,1.138409,1.0272167,4932.4
MT-Bench,CQR,4,1,2e-06,0.02,2000,12348.201499557494,58.532425,22.727272,54.359364,68.333,76.00653,48.504456,45.677467,71.86667,87.93104,16.470451,952.8265,0.33114612,0.74062866,0.48004887,12348.1
MT-Bench,CQR,5,0,4e-06,0.02,1200,7382.70185623169,59.47099,21.717173,57.240334,69.60765,75.51687,51.3951,50.026375,76.566666,89.11565,21.393772,937.7151,0.70896316,1.0820725,0.8446393,7382.6
MT-Bench,CQR,6,0,4e-06,0.02,1200,7382.702028846741,59.47099,21.717173,57.240334,69.60765,75.51687,51.3951,50.026375,76.566666,89.11565,21.393772,937.7151,0.70896316,1.0820725,0.8446393,7382.6
MT-Bench,CQR,7,1,4e-06,0.01,800,4932.502088403702,58.87372,23.232323,55.799847,69.55785,75.89771,50.37654,51.51764,76.86667,87.5,20.779196,958.30347,0.9636782,1.138409,1.0272167,4932.4
MT-Bench,CQR,8,1,2e-06,0.02,2000,12348.201458787917,58.532425,22.727272,54.359364,68.333,76.00653,48.504456,45.677467,71.86667,87.93104,16.470451,952.8265,0.33114612,0.74062866,0.48004887,12348.1
MT-Bench,CQR,9,1,4e-06,0.02,1200,7382.702692127228,59.47099,21.717173,57.240334,69.60765,75.51687,51.3951,50.026375,76.566666,89.11565,21.393772,937.7151,0.70896316,1.0820725,0.8446393,7382.6
MT-Bench,CQR,10,0,2e-06,0.02,2000,12348.20141301155,58.532425,22.727272,54.359364,68.333,76.00653,48.504456,45.677467,71.86667,87.93104,16.470451,952.8265,0.33114612,0.74062866,0.48004887,12348.1
MT-Bench,CQR,11,1,2e-06,0.02,2000,12348.201531267165,58.532425,22.727272,54.359364,68.333,76.00653,48.504456,45.677467,71.86667,87.93104,16.470451,952.8265,0.33114612,0.74062866,0.48004887,12348.1
MT-Bench,CQR,12,0,4e-06,0.02,1200,7382.7017935276035,59.47099,21.717173,57.240334,69.60765,75.51687,51.3951,50.026375,76.566666,89.11565,21.393772,937.7151,0.70896316,1.0820725,0.8446393,7382.6
MT-Bench,CQR,13,0,4e-06,0.01,800,4932.5018907547,58.87372,23.232323,55.799847,69.55785,75.89771,50.37654,51.51764,76.86667,87.5,20.779196,958.30347,0.9636782,1.138409,1.0272167,4932.4
MT-Bench,CQR,14,1,4e-06,0.02,1200,7382.70187625885,59.47099,21.717173,57.240334,69.60765,75.51687,51.3951,50.026375,76.566666,89.11565,21.393772,937.7151,0.70896316,1.0820725,0.8446393,7382.6
MT-Bench,CQR,15,0,1e-06,0.02,1600,9827.10164747238,57.25256,21.717173,41.31918,67.67576,75.680084,47.306973,39.01548,59.266666,70.5298,6.004068,809.6844,-1.1004227,-1.1233144,-1.108747,9827.0
MT-Bench,CQR,16,1,2e-06,0.02,2000,12348.20152888298,58.532425,22.727272,54.359364,68.333,76.00653,48.504456,45.677467,71.86667,87.93104,16.470451,952.8265,0.33114612,0.74062866,0.48004887,12348.1
MT-Bench,CQR,17,1,4e-06,0.02,1200,7382.70204076767,59.47099,21.717173,57.240334,69.60765,75.51687,51.3951,50.026375,76.566666,89.11565,21.393772,937.7151,0.70896316,1.0820725,0.8446393,7382.6
MT-Bench,CQR,18,0,4e-06,0.01,800,4932.50205693245,58.87372,23.232323,55.799847,69.55785,75.89771,50.37654,51.51764,76.86667,87.5,20.779196,958.30347,0.9636782,1.138409,1.0272167,4932.4
MT-Bench,CQR,19,0,2e-06,0.04,1400,8610.201580381392,58.361774,22.727272,52.16073,68.273254,75.89771,48.642525,41.58211,68.9,81.78808,13.9110365,911.17474,0.13790397,0.2225931,0.16870002,8610.1
MT-Bench,CQR,20,1,4e-06,0.02,1200,7382.702432966233,59.47099,21.717173,57.240334,69.60765,75.51687,51.3951,50.026375,76.566666,89.11565,21.393772,937.7151,0.70896316,1.0820725,0.8446393,7382.6
MT-Bench,CQR,21,0,2e-06,0.01,1400,8597.601909971236,58.1058,21.212122,54.056103,68.41267,75.7345,48.152256,45.511353,71.36667,81.08108,16.864948,964.44305,-0.09285174,0.5831789,0.15297757,8597.5
MT-Bench,CQR,22,0,2e-06,0.01,1400,8597.601814603804,58.1058,21.212122,54.056103,68.41267,75.7345,48.152256,45.511353,71.36667,81.08108,16.864948,964.44305,-0.09285174,0.5831789,0.15297757,8597.5
MT-Bench,CQR,23,0,4e-06,0.01,800,4932.502049541474,58.87372,23.232323,55.799847,69.55785,75.89771,50.37654,51.51764,76.86667,87.5,20.779196,958.30347,0.9636782,1.138409,1.0272167,4932.4
MT-Bench,CQR,24,1,2e-06,0.02,2000,12348.20140132904,58.532425,22.727272,54.359364,68.333,76.00653,48.504456,45.677467,71.86667,87.93104,16.470451,952.8265,0.33114612,0.74062866,0.48004887,12348.1
MT-Bench,RandomSearch,0,1,2e-06,0.02,2000,12348.201881980896,58.532425,22.727272,54.359364,68.333,76.00653,48.504456,45.677467,71.86667,87.93104,16.470451,952.8265,0.33114612,0.74062866,0.48004887,12348.1
MT-Bench,RandomSearch,1,0,4e-06,0.02,1200,7382.701978540421,59.47099,21.717173,57.240334,69.60765,75.51687,51.3951,50.026375,76.566666,89.11565,21.393772,937.7151,0.70896316,1.0820725,0.8446393,7382.6
MT-Bench,RandomSearch,2,0,2e-06,0.01,1400,8597.602115249632,58.1058,21.212122,54.056103,68.41267,75.7345,48.152256,45.511353,71.36667,81.08108,16.864948,964.44305,-0.09285174,0.5831789,0.15297757,8597.5
MT-Bench,RandomSearch,3,1,1e-06,0.01,1400,8643.103237962721,57.764503,21.717173,40.864292,67.79526,75.62568,47.404415,39.216557,58.933334,70.7483,5.722455,791.2416,-0.8597832,-1.1873592,-0.97890174,8643.0
MT-Bench,RandomSearch,4,1,4e-06,0.04,1200,7386.502325630188,58.788395,22.727272,57.543594,69.32882,76.16975,51.62948,49.365685,73.1,86.07143,18.659197,930.0617,1.0420135,0.7410962,0.932589,7386.4
MT-Bench,RandomSearch,5,0,2e-06,0.02,2000,12348.202007150649,58.532425,22.727272,54.359364,68.333,76.00653,48.504456,45.677467,71.86667,87.93104,16.470451,952.8265,0.33114612,0.74062866,0.48004887,12348.1
MT-Bench,RandomSearch,6,1,4e-06,0.02,1200,7382.702283477784,59.47099,21.717173,57.240334,69.60765,75.51687,51.3951,50.026375,76.566666,89.11565,21.393772,937.7151,0.70896316,1.0820725,0.8446393,7382.6
MT-Bench,RandomSearch,7,1,4e-06,0.01,800,4932.502061700821,58.87372,23.232323,55.799847,69.55785,75.89771,50.37654,51.51764,76.86667,87.5,20.779196,958.30347,0.9636782,1.138409,1.0272167,4932.4
MT-Bench,RandomSearch,8,0,2e-06,0.02,2000,12348.201871967314,58.532425,22.727272,54.359364,68.333,76.00653,48.504456,45.677467,71.86667,87.93104,16.470451,952.8265,0.33114612,0.74062866,0.48004887,12348.1
MT-Bench,RandomSearch,9,0,2e-06,0.02,2000,12348.201370096203,58.532425,22.727272,54.359364,68.333,76.00653,48.504456,45.677467,71.86667,87.93104,16.470451,952.8265,0.33114612,0.74062866,0.48004887,12348.1
MT-Bench,RandomSearch,10,0,2e-06,0.01,1400,8597.602219200133,58.1058,21.212122,54.056103,68.41267,75.7345,48.152256,45.511353,71.36667,81.08108,16.864948,964.44305,-0.09285174,0.5831789,0.15297757,8597.5
MT-Bench,RandomSearch,11,1,4e-06,0.04,1200,7386.502568101883,58.788395,22.727272,57.543594,69.32882,76.16975,51.62948,49.365685,73.1,86.07143,18.659197,930.0617,1.0420135,0.7410962,0.932589,7386.4
MT-Bench,RandomSearch,12,1,4e-06,0.01,800,4932.502295589447,58.87372,23.232323,55.799847,69.55785,75.89771,50.37654,51.51764,76.86667,87.5,20.779196,958.30347,0.9636782,1.138409,1.0272167,4932.4
MT-Bench,RandomSearch,13,0,4e-06,0.04,1200,7386.501966571808,58.788395,22.727272,57.543594,69.32882,76.16975,51.62948,49.365685,73.1,86.07143,18.659197,930.0617,1.0420135,0.7410962,0.932589,7386.4
MT-Bench,RandomSearch,14,0,2e-06,0.01,1400,8597.602450227736,58.1058,21.212122,54.056103,68.41267,75.7345,48.152256,45.511353,71.36667,81.08108,16.864948,964.44305,-0.09285174,0.5831789,0.15297757,8597.5
MT-Bench,RandomSearch,15,1,4e-06,0.04,1200,7386.502262449265,58.788395,22.727272,57.543594,69.32882,76.16975,51.62948,49.365685,73.1,86.07143,18.659197,930.0617,1.0420135,0.7410962,0.932589,7386.4
MT-Bench,RandomSearch,16,1,2e-06,0.02,2000,12348.201840019225,58.532425,22.727272,54.359364,68.333,76.00653,48.504456,45.677467,71.86667,87.93104,16.470451,952.8265,0.33114612,0.74062866,0.48004887,12348.1
MT-Bench,RandomSearch,17,1,4e-06,0.01,800,4932.502137279511,58.87372,23.232323,55.799847,69.55785,75.89771,50.37654,51.51764,76.86667,87.5,20.779196,958.30347,0.9636782,1.138409,1.0272167,4932.4
MT-Bench,RandomSearch,18,0,4e-06,0.01,800,4932.502555942536,58.87372,23.232323,55.799847,69.55785,75.89771,50.37654,51.51764,76.86667,87.5,20.779196,958.30347,0.9636782,1.138409,1.0272167,4932.4
MT-Bench,RandomSearch,19,0,2e-06,0.02,2000,12348.201907014844,58.532425,22.727272,54.359364,68.333,76.00653,48.504456,45.677467,71.86667,87.93104,16.470451,952.8265,0.33114612,0.74062866,0.48004887,12348.1
MT-Bench,RandomSearch,20,0,2e-06,0.01,1400,8597.602293348311,58.1058,21.212122,54.056103,68.41267,75.7345,48.152256,45.511353,71.36667,81.08108,16.864948,964.44305,-0.09285174,0.5831789,0.15297757,8597.5
MT-Bench,RandomSearch,21,0,2e-06,0.02,2000,12348.20209083557,58.532425,22.727272,54.359364,68.333,76.00653,48.504456,45.677467,71.86667,87.93104,16.470451,952.8265,0.33114612,0.74062866,0.48004887,12348.1
MT-Bench,RandomSearch,22,1,4e-06,0.04,1200,7386.5024422168735,58.788395,22.727272,57.543594,69.32882,76.16975,51.62948,49.365685,73.1,86.07143,18.659197,930.0617,1.0420135,0.7410962,0.932589,7386.4
MT-Bench,RandomSearch,23,0,1e-06,0.01,1400,8643.102130985259,57.764503,21.717173,40.864292,67.79526,75.62568,47.404415,39.216557,58.933334,70.7483,5.722455,791.2416,-0.8597832,-1.1873592,-0.97890174,8643.0
MT-Bench,RandomSearch,24,0,2e-06,0.04,1400,8610.201529598235,58.361774,22.727272,52.16073,68.273254,75.89771,48.642525,41.58211,68.9,81.78808,13.9110365,911.17474,0.13790397,0.2225931,0.16870002,8610.1
MT-Bench,TPE,0,1,4e-06,0.02,1200,7382.70217499733,59.47099,21.717173,57.240334,69.60765,75.51687,51.3951,50.026375,76.566666,89.11565,21.393772,937.7151,0.70896316,1.0820725,0.8446393,7382.6
MT-Bench,TPE,1,1,1e-06,0.02,1600,9827.102262115475,57.25256,21.717173,41.31918,67.67576,75.680084,47.306973,39.01548,59.266666,70.5298,6.004068,809.6844,-1.1004227,-1.1233144,-1.108747,9827.0
MT-Bench,TPE,2,0,1e-06,0.01,1400,8643.10233197212,57.764503,21.717173,40.864292,67.79526,75.62568,47.404415,39.216557,58.933334,70.7483,5.722455,791.2416,-0.8597832,-1.1873592,-0.97890174,8643.0
MT-Bench,TPE,3,1,4e-06,0.02,1200,7382.702300643921,59.47099,21.717173,57.240334,69.60765,75.51687,51.3951,50.026375,76.566666,89.11565,21.393772,937.7151,0.70896316,1.0820725,0.8446393,7382.6
MT-Bench,TPE,4,1,2e-06,0.04,1400,8610.20178208351,58.361774,22.727272,52.16073,68.273254,75.89771,48.642525,41.58211,68.9,81.78808,13.9110365,911.17474,0.13790397,0.2225931,0.16870002,8610.1
MT-Bench,TPE,5,0,2e-06,0.02,2000,12348.201425886153,58.532425,22.727272,54.359364,68.333,76.00653,48.504456,45.677467,71.86667,87.93104,16.470451,952.8265,0.33114612,0.74062866,0.48004887,12348.1
MT-Bench,TPE,6,1,2e-06,0.04,1400,8610.20150194168,58.361774,22.727272,52.16073,68.273254,75.89771,48.642525,41.58211,68.9,81.78808,13.9110365,911.17474,0.13790397,0.2225931,0.16870002,8610.1
MT-Bench,TPE,7,0,1e-06,0.02,1600,9827.101759052275,57.25256,21.717173,41.31918,67.67576,75.680084,47.306973,39.01548,59.266666,70.5298,6.004068,809.6844,-1.1004227,-1.1233144,-1.108747,9827.0
MT-Bench,TPE,8,0,1e-06,0.01,1400,8643.101716136931,57.764503,21.717173,40.864292,67.79526,75.62568,47.404415,39.216557,58.933334,70.7483,5.722455,791.2416,-0.8597832,-1.1873592,-0.97890174,8643.0
MT-Bench,TPE,9,1,4e-06,0.01,800,4932.501891708374,58.87372,23.232323,55.799847,69.55785,75.89771,50.37654,51.51764,76.86667,87.5,20.779196,958.30347,0.9636782,1.138409,1.0272167,4932.4
MT-Bench,TPE,10,1,4e-06,0.02,1200,7382.701815462113,59.47099,21.717173,57.240334,69.60765,75.51687,51.3951,50.026375,76.566666,89.11565,21.393772,937.7151,0.70896316,1.0820725,0.8446393,7382.6
MT-Bench,TPE,11,1,4e-06,0.01,800,4932.501591539383,58.87372,23.232323,55.799847,69.55785,75.89771,50.37654,51.51764,76.86667,87.5,20.779196,958.30347,0.9636782,1.138409,1.0272167,4932.4
MT-Bench,TPE,12,1,2e-06,0.04,1400,8610.201601600646,58.361774,22.727272,52.16073,68.273254,75.89771,48.642525,41.58211,68.9,81.78808,13.9110365,911.17474,0.13790397,0.2225931,0.16870002,8610.1
MT-Bench,TPE,13,0,2e-06,0.01,1400,8597.601651763915,58.1058,21.212122,54.056103,68.41267,75.7345,48.152256,45.511353,71.36667,81.08108,16.864948,964.44305,-0.09285174,0.5831789,0.15297757,8597.5
MT-Bench,TPE,14,0,4e-06,0.02,1200,7382.702472782135,59.47099,21.717173,57.240334,69.60765,75.51687,51.3951,50.026375,76.566666,89.11565,21.393772,937.7151,0.70896316,1.0820725,0.8446393,7382.6
MT-Bench,TPE,15,0,4e-06,0.01,800,4932.501834487915,58.87372,23.232323,55.799847,69.55785,75.89771,50.37654,51.51764,76.86667,87.5,20.779196,958.30347,0.9636782,1.138409,1.0272167,4932.4
MT-Bench,TPE,16,0,4e-06,0.04,1200,7386.501750564576,58.788395,22.727272,57.543594,69.32882,76.16975,51.62948,49.365685,73.1,86.07143,18.659197,930.0617,1.0420135,0.7410962,0.932589,7386.4
MT-Bench,TPE,17,0,2e-06,0.04,1400,8610.201350069045,58.361774,22.727272,52.16073,68.273254,75.89771,48.642525,41.58211,68.9,81.78808,13.9110365,911.17474,0.13790397,0.2225931,0.16870002,8610.1
MT-Bench,TPE,18,0,1e-06,0.01,1400,8643.101642704009,57.764503,21.717173,40.864292,67.79526,75.62568,47.404415,39.216557,58.933334,70.7483,5.722455,791.2416,-0.8597832,-1.1873592,-0.97890174,8643.0
MT-Bench,TPE,19,1,2e-06,0.01,1400,8597.603046035765,58.1058,21.212122,54.056103,68.41267,75.7345,48.152256,45.511353,71.36667,81.08108,16.864948,964.44305,-0.09285174,0.5831789,0.15297757,8597.5
MT-Bench,TPE,20,1,4e-06,0.02,1200,7382.70212135315,59.47099,21.717173,57.240334,69.60765,75.51687,51.3951,50.026375,76.566666,89.11565,21.393772,937.7151,0.70896316,1.0820725,0.8446393,7382.6
MT-Bench,TPE,21,0,4e-06,0.02,1200,7382.702269887925,59.47099,21.717173,57.240334,69.60765,75.51687,51.3951,50.026375,76.566666,89.11565,21.393772,937.7151,0.70896316,1.0820725,0.8446393,7382.6
MT-Bench,TPE,22,1,2e-06,0.04,1400,8610.201923942564,58.361774,22.727272,52.16073,68.273254,75.89771,48.642525,41.58211,68.9,81.78808,13.9110365,911.17474,0.13790397,0.2225931,0.16870002,8610.1
MT-Bench,TPE,23,1,4e-06,0.02,1200,7382.701838111878,59.47099,21.717173,57.240334,69.60765,75.51687,51.3951,50.026375,76.566666,89.11565,21.393772,937.7151,0.70896316,1.0820725,0.8446393,7382.6
MT-Bench,TPE,24,0,4e-06,0.01,800,4932.501704311371,58.87372,23.232323,55.799847,69.55785,75.89771,50.37654,51.51764,76.86667,87.5,20.779196,958.30347,0.9636782,1.138409,1.0272167,4932.4
Z-All,ASHA,0,2,2e-06,0.04,200,13705.255744314192,57.337883,22.727272,36.694466,67.64589,75.462456,47.22928,39.886,54.666668,64.62585,6.459564,809.2971,-0.22349349,-0.29250917,-0.2485901,1230.0
Z-All,ASHA,1,0,2e-06,0.01,600,3684.702504968644,58.447098,23.737373,53.222137,68.47241,75.89771,47.677372,43.378124,68.8,79.13908,17.221611,946.8224,0.39524382,0.5420019,0.4486104,3684.6
Z-All,ASHA,2,0,1e-06,0.02,200,1228.5021348953246,56.82594,21.717173,34.95072,67.377014,75.62568,47.361664,40.41931,55.566666,56.907894,4.1556582,801.44183,-0.3139352,-0.6757536,-0.44550553,1228.4
Z-All,ASHA,3,0,4e-06,0.01,400,2466.30213508606,59.04437,24.242424,53.60121,69.34873,75.84331,49.211784,49.659184,76.066666,85.2349,22.847424,982.0952,1.3029851,1.3583269,1.3231094,2466.2
Z-All,ASHA,4,0,4e-06,0.04,1800,11079.802263593672,58.361774,24.242424,56.70963,69.338776,76.11534,51.542934,49.901485,73.6,82.06896,18.250572,961.35956,1.1963435,0.8571509,1.0730008,11079.7
Z-All,ASHA,5,0,4e-06,0.02,400,2461.0104123115543,59.300343,20.707071,53.44958,69.16949,76.16975,49.70932,47.424778,75.73333,85.9589,20.037004,992.27344,1.0388099,1.2837253,1.1278701,2460.9
Z-All,ASHA,6,0,4e-06,0.02,400,2461.001965379716,59.300343,20.707071,53.44958,69.16949,76.16975,49.70932,47.424778,75.73333,85.9589,20.037004,992.27344,1.0388099,1.2837253,1.1278701,2460.9
Z-All,ASHA,7,1,4e-06,0.01,400,2466.3030916213997,59.04437,24.242424,53.60121,69.34873,75.84331,49.211784,49.659184,76.066666,85.2349,22.847424,982.0952,1.3029851,1.3583269,1.3231094,2466.2
Z-All,ASHA,8,1,2e-06,0.02,2000,12348.201580381392,58.532425,22.727272,54.359364,68.333,76.00653,48.504456,45.677467,71.86667,87.93104,16.470451,952.8265,0.33114612,0.74062866,0.48004887,12348.1
Z-All,ASHA,9,0,4e-06,0.01,400,2466.3033617496494,59.04437,24.242424,53.60121,69.34873,75.84331,49.211784,49.659184,76.066666,85.2349,22.847424,982.0952,1.3029851,1.3583269,1.3231094,2466.2
Z-All,ASHA,10,0,2e-06,0.02,2000,12348.20134911537,58.532425,22.727272,54.359364,68.333,76.00653,48.504456,45.677467,71.86667,87.93104,16.470451,952.8265,0.33114612,0.74062866,0.48004887,12348.1
Z-All,ASHA,11,1,2e-06,0.02,2000,12348.20320830345,58.532425,22.727272,54.359364,68.333,76.00653,48.504456,45.677467,71.86667,87.93104,16.470451,952.8265,0.33114612,0.74062866,0.48004887,12348.1
Z-All,ASHA,12,0,4e-06,0.02,400,2461.002173519135,59.300343,20.707071,53.44958,69.16949,76.16975,49.70932,47.424778,75.73333,85.9589,20.037004,992.27344,1.0388099,1.2837253,1.1278701,2460.9
Z-All,ASHA,13,0,4e-06,0.01,400,2466.302113628388,59.04437,24.242424,53.60121,69.34873,75.84331,49.211784,49.659184,76.066666,85.2349,22.847424,982.0952,1.3029851,1.3583269,1.3231094,2466.2
Z-All,ASHA,14,1,4e-06,0.02,400,2461.0022603034977,59.300343,20.707071,53.44958,69.16949,76.16975,49.70932,47.424778,75.73333,85.9589,20.037004,992.27344,1.0388099,1.2837253,1.1278701,2460.9
Z-All,ASHA,15,3,2e-06,0.04,200,13705.256045913697,57.337883,22.727272,36.694466,67.64589,75.462456,47.22928,39.886,54.666668,64.62585,6.459564,809.2971,-0.22349349,-0.29250917,-0.2485901,1230.0
Z-All,ASHA,16,1,2e-06,0.02,2000,12348.202128028868,58.532425,22.727272,54.359364,68.333,76.00653,48.504456,45.677467,71.86667,87.93104,16.470451,952.8265,0.33114612,0.74062866,0.48004887,12348.1
Z-All,ASHA,17,1,4e-06,0.02,400,2461.002223348618,59.300343,20.707071,53.44958,69.16949,76.16975,49.70932,47.424778,75.73333,85.9589,20.037004,992.27344,1.0388099,1.2837253,1.1278701,2460.9
Z-All,ASHA,18,0,4e-06,0.01,400,2466.302560663224,59.04437,24.242424,53.60121,69.34873,75.84331,49.211784,49.659184,76.066666,85.2349,22.847424,982.0952,1.3029851,1.3583269,1.3231094,2466.2
Z-All,ASHA,19,3,4e-06,0.04,200,13726.3562584877,57.84983,21.212122,44.9583,68.18363,75.244835,47.510162,40.8577,64.76667,78.08219,10.48408,894.77155,0.42513323,1.1480736,0.68802065,1231.1
Z-All,ASHA,20,0,4e-06,0.01,400,2466.302092170716,59.04437,24.242424,53.60121,69.34873,75.84331,49.211784,49.659184,76.066666,85.2349,22.847424,982.0952,1.3029851,1.3583269,1.3231094,2466.2
Z-All,ASHA,21,0,2e-06,0.01,600,3684.701938247681,58.447098,23.737373,53.222137,68.47241,75.89771,47.677372,43.378124,68.8,79.13908,17.221611,946.8224,0.39524382,0.5420019,0.4486104,3684.6
Z-All,ASHA,22,0,2e-06,0.01,600,3684.7021401882175,58.447098,23.737373,53.222137,68.47241,75.89771,47.677372,43.378124,68.8,79.13908,17.221611,946.8224,0.39524382,0.5420019,0.4486104,3684.6
Z-All,ASHA,23,0,4e-06,0.01,400,2466.301788187028,59.04437,24.242424,53.60121,69.34873,75.84331,49.211784,49.659184,76.066666,85.2349,22.847424,982.0952,1.3029851,1.3583269,1.3231094,2466.2
Z-All,ASHA,24,0,4e-06,0.01,400,2466.301879262925,59.04437,24.242424,53.60121,69.34873,75.84331,49.211784,49.659184,76.066666,85.2349,22.847424,982.0952,1.3029851,1.3583269,1.3231094,2466.2
Z-All,BOHB,0,2,2e-06,0.04,200,13705.255738353728,57.337883,22.727272,36.694466,67.64589,75.462456,47.22928,39.886,54.666668,64.62585,6.459564,809.2971,-0.22349349,-0.29250917,-0.2485901,1230.0
Z-All,BOHB,1,0,2e-06,0.01,600,3684.7021134853367,58.447098,23.737373,53.222137,68.47241,75.89771,47.677372,43.378124,68.8,79.13908,17.221611,946.8224,0.39524382,0.5420019,0.4486104,3684.6
Z-All,BOHB,2,0,1e-06,0.02,200,1228.5021956920623,56.82594,21.717173,34.95072,67.377014,75.62568,47.361664,40.41931,55.566666,56.907894,4.1556582,801.44183,-0.3139352,-0.6757536,-0.44550553,1228.4
Z-All,BOHB,3,0,4e-06,0.01,400,2466.302405929566,59.04437,24.242424,53.60121,69.34873,75.84331,49.211784,49.659184,76.066666,85.2349,22.847424,982.0952,1.3029851,1.3583269,1.3231094,2466.2
Z-All,BOHB,4,0,4e-06,0.04,1800,11079.802388525008,58.361774,24.242424,56.70963,69.338776,76.11534,51.542934,49.901485,73.6,82.06896,18.250572,961.35956,1.1963435,0.8571509,1.0730008,11079.7
Z-All,BOHB,5,0,4e-06,0.02,400,2461.001912927628,59.300343,20.707071,53.44958,69.16949,76.16975,49.70932,47.424778,75.73333,85.9589,20.037004,992.27344,1.0388099,1.2837253,1.1278701,2460.9
Z-All,BOHB,6,0,4e-06,0.02,400,2461.008531904221,59.300343,20.707071,53.44958,69.16949,76.16975,49.70932,47.424778,75.73333,85.9589,20.037004,992.27344,1.0388099,1.2837253,1.1278701,2460.9
Z-All,BOHB,7,1,4e-06,0.01,400,2466.301740264893,59.04437,24.242424,53.60121,69.34873,75.84331,49.211784,49.659184,76.066666,85.2349,22.847424,982.0952,1.3029851,1.3583269,1.3231094,2466.2
Z-All,BOHB,8,1,2e-06,0.02,2000,12348.204828119276,58.532425,22.727272,54.359364,68.333,76.00653,48.504456,45.677467,71.86667,87.93104,16.470451,952.8265,0.33114612,0.74062866,0.48004887,12348.1
Z-All,BOHB,9,0,4e-06,0.01,400,2466.3022032737736,59.04437,24.242424,53.60121,69.34873,75.84331,49.211784,49.659184,76.066666,85.2349,22.847424,982.0952,1.3029851,1.3583269,1.3231094,2466.2
Z-All,BOHB,10,0,2e-06,0.02,2000,12348.20143494606,58.532425,22.727272,54.359364,68.333,76.00653,48.504456,45.677467,71.86667,87.93104,16.470451,952.8265,0.33114612,0.74062866,0.48004887,12348.1
Z-All,BOHB,11,1,2e-06,0.02,2000,12348.201564168929,58.532425,22.727272,54.359364,68.333,76.00653,48.504456,45.677467,71.86667,87.93104,16.470451,952.8265,0.33114612,0.74062866,0.48004887,12348.1
Z-All,BOHB,12,0,4e-06,0.02,400,2461.0021527767185,59.300343,20.707071,53.44958,69.16949,76.16975,49.70932,47.424778,75.73333,85.9589,20.037004,992.27344,1.0388099,1.2837253,1.1278701,2460.9
Z-All,BOHB,13,0,4e-06,0.01,400,2466.3016718387607,59.04437,24.242424,53.60121,69.34873,75.84331,49.211784,49.659184,76.066666,85.2349,22.847424,982.0952,1.3029851,1.3583269,1.3231094,2466.2
Z-All,BOHB,14,1,4e-06,0.02,400,2461.0020481109623,59.300343,20.707071,53.44958,69.16949,76.16975,49.70932,47.424778,75.73333,85.9589,20.037004,992.27344,1.0388099,1.2837253,1.1278701,2460.9
Z-All,BOHB,15,3,2e-06,0.04,200,13705.255667304991,57.337883,22.727272,36.694466,67.64589,75.462456,47.22928,39.886,54.666668,64.62585,6.459564,809.2971,-0.22349349,-0.29250917,-0.2485901,1230.0
Z-All,BOHB,16,1,2e-06,0.02,2000,12348.201731300353,58.532425,22.727272,54.359364,68.333,76.00653,48.504456,45.677467,71.86667,87.93104,16.470451,952.8265,0.33114612,0.74062866,0.48004887,12348.1
Z-All,BOHB,17,1,4e-06,0.02,400,2461.0022338390354,59.300343,20.707071,53.44958,69.16949,76.16975,49.70932,47.424778,75.73333,85.9589,20.037004,992.27344,1.0388099,1.2837253,1.1278701,2460.9
Z-All,BOHB,18,0,4e-06,0.01,400,2466.3018883228306,59.04437,24.242424,53.60121,69.34873,75.84331,49.211784,49.659184,76.066666,85.2349,22.847424,982.0952,1.3029851,1.3583269,1.3231094,2466.2
Z-All,BOHB,19,3,4e-06,0.04,200,13726.355888700484,57.84983,21.212122,44.9583,68.18363,75.244835,47.510162,40.8577,64.76667,78.08219,10.48408,894.77155,0.42513323,1.1480736,0.68802065,1231.1
Z-All,BOHB,20,0,4e-06,0.01,400,2466.302223539353,59.04437,24.242424,53.60121,69.34873,75.84331,49.211784,49.659184,76.066666,85.2349,22.847424,982.0952,1.3029851,1.3583269,1.3231094,2466.2
Z-All,BOHB,21,0,2e-06,0.01,600,3684.7023895740513,58.447098,23.737373,53.222137,68.47241,75.89771,47.677372,43.378124,68.8,79.13908,17.221611,946.8224,0.39524382,0.5420019,0.4486104,3684.6
Z-All,BOHB,22,0,2e-06,0.01,600,3684.702103710175,58.447098,23.737373,53.222137,68.47241,75.89771,47.677372,43.378124,68.8,79.13908,17.221611,946.8224,0.39524382,0.5420019,0.4486104,3684.6
Z-All,BOHB,23,0,4e-06,0.01,400,2466.301950311661,59.04437,24.242424,53.60121,69.34873,75.84331,49.211784,49.659184,76.066666,85.2349,22.847424,982.0952,1.3029851,1.3583269,1.3231094,2466.2
Z-All,BOHB,24,0,4e-06,0.01,400,2466.3021541595463,59.04437,24.242424,53.60121,69.34873,75.84331,49.211784,49.659184,76.066666,85.2349,22.847424,982.0952,1.3029851,1.3583269,1.3231094,2466.2
Z-All,BOTorch,0,2,4e-06,0.01,200,13708.355639076231,58.1058,20.707071,48.521606,68.23342,75.353645,47.080288,43.260715,67.7,77.36487,13.217732,911.6769,0.52352625,1.5344069,0.89111924,1233.1
Z-All,BOTorch,1,1,4e-06,0.04,1800,11079.80256948471,58.361774,24.242424,56.70963,69.338776,76.11534,51.542934,49.901485,73.6,82.06896,18.250572,961.35956,1.1963435,0.8571509,1.0730008,11079.7
Z-All,BOTorch,2,0,4e-06,0.02,400,2461.0021890163425,59.300343,20.707071,53.44958,69.16949,76.16975,49.70932,47.424778,75.73333,85.9589,20.037004,992.27344,1.0388099,1.2837253,1.1278701,2460.9
Z-All,BOTorch,3,1,2e-06,0.01,600,3684.702099180222,58.447098,23.737373,53.222137,68.47241,75.89771,47.677372,43.378124,68.8,79.13908,17.221611,946.8224,0.39524382,0.5420019,0.4486104,3684.6
Z-All,BOTorch,4,0,4e-06,0.04,1800,11079.802752590178,58.361774,24.242424,56.70963,69.338776,76.11534,51.542934,49.901485,73.6,82.06896,18.250572,961.35956,1.1963435,0.8571509,1.0730008,11079.7
Z-All,BOTorch,5,1,2e-06,0.01,600,3684.7027026176456,58.447098,23.737373,53.222137,68.47241,75.89771,47.677372,43.378124,68.8,79.13908,17.221611,946.8224,0.39524382,0.5420019,0.4486104,3684.6
Z-All,BOTorch,6,0,4e-06,0.01,400,2466.301982736588,59.04437,24.242424,53.60121,69.34873,75.84331,49.211784,49.659184,76.066666,85.2349,22.847424,982.0952,1.3029851,1.3583269,1.3231094,2466.2
Z-All,BOTorch,7,0,2e-06,0.01,600,3684.702483272553,58.447098,23.737373,53.222137,68.47241,75.89771,47.677372,43.378124,68.8,79.13908,17.221611,946.8224,0.39524382,0.5420019,0.4486104,3684.6
Z-All,BOTorch,8,1,4e-06,0.04,1800,11079.802482700346,58.361774,24.242424,56.70963,69.338776,76.11534,51.542934,49.901485,73.6,82.06896,18.250572,961.35956,1.1963435,0.8571509,1.0730008,11079.7
Z-All,BOTorch,9,0,1e-06,0.02,200,1228.5020433425902,56.82594,21.717173,34.95072,67.377014,75.62568,47.361664,40.41931,55.566666,56.907894,4.1556582,801.44183,-0.3139352,-0.6757536,-0.44550553,1228.4
Z-All,BOTorch,10,0,2e-06,0.04,1400,8610.201889848708,58.361774,22.727272,52.16073,68.273254,75.89771,48.642525,41.58211,68.9,81.78808,13.9110365,911.17474,0.13790397,0.2225931,0.16870002,8610.1
Z-All,BOTorch,11,1,1e-06,0.02,200,1228.5022002220153,56.82594,21.717173,34.95072,67.377014,75.62568,47.361664,40.41931,55.566666,56.907894,4.1556582,801.44183,-0.3139352,-0.6757536,-0.44550553,1228.4
Z-All,BOTorch,12,0,4e-06,0.01,400,2466.3020158767704,59.04437,24.242424,53.60121,69.34873,75.84331,49.211784,49.659184,76.066666,85.2349,22.847424,982.0952,1.3029851,1.3583269,1.3231094,2466.2
Z-All,BOTorch,13,1,2e-06,0.04,1400,8610.201789951323,58.361774,22.727272,52.16073,68.273254,75.89771,48.642525,41.58211,68.9,81.78808,13.9110365,911.17474,0.13790397,0.2225931,0.16870002,8610.1
Z-All,BOTorch,14,0,1e-06,0.02,200,1228.5018521308898,56.82594,21.717173,34.95072,67.377014,75.62568,47.361664,40.41931,55.566666,56.907894,4.1556582,801.44183,-0.3139352,-0.6757536,-0.44550553,1228.4
Z-All,BOTorch,15,0,2e-06,0.04,1400,8610.201544618605,58.361774,22.727272,52.16073,68.273254,75.89771,48.642525,41.58211,68.9,81.78808,13.9110365,911.17474,0.13790397,0.2225931,0.16870002,8610.1
Z-All,BOTorch,16,0,4e-06,0.02,400,2461.00205860138,59.300343,20.707071,53.44958,69.16949,76.16975,49.70932,47.424778,75.73333,85.9589,20.037004,992.27344,1.0388099,1.2837253,1.1278701,2460.9
Z-All,BOTorch,17,0,4e-06,0.02,400,2461.001905536652,59.300343,20.707071,53.44958,69.16949,76.16975,49.70932,47.424778,75.73333,85.9589,20.037004,992.27344,1.0388099,1.2837253,1.1278701,2460.9
Z-All,BOTorch,18,0,1e-06,0.01,200,1234.8020013332366,56.740616,22.222221,34.874905,67.38698,75.29924,47.30732,40.245716,52.0,54.63576,4.8149557,727.1469,-0.6409024,-1.1318415,-0.8194257,1234.7
Z-All,BOTorch,19,0,4e-06,0.01,400,2466.3020685672764,59.04437,24.242424,53.60121,69.34873,75.84331,49.211784,49.659184,76.066666,85.2349,22.847424,982.0952,1.3029851,1.3583269,1.3231094,2466.2
Z-All,BOTorch,20,0,4e-06,0.02,400,2461.00192770958,59.300343,20.707071,53.44958,69.16949,76.16975,49.70932,47.424778,75.73333,85.9589,20.037004,992.27344,1.0388099,1.2837253,1.1278701,2460.9
Z-All,BOTorch,21,1,4e-06,0.02,400,2461.001933193207,59.300343,20.707071,53.44958,69.16949,76.16975,49.70932,47.424778,75.73333,85.9589,20.037004,992.27344,1.0388099,1.2837253,1.1278701,2460.9
Z-All,BOTorch,22,0,4e-06,0.02,400,2461.0021561145786,59.300343,20.707071,53.44958,69.16949,76.16975,49.70932,47.424778,75.73333,85.9589,20.037004,992.27344,1.0388099,1.2837253,1.1278701,2460.9
Z-All,BOTorch,23,1,2e-06,0.02,2000,12348.201821660994,58.532425,22.727272,54.359364,68.333,76.00653,48.504456,45.677467,71.86667,87.93104,16.470451,952.8265,0.33114612,0.74062866,0.48004887,12348.1
Z-All,BOTorch,24,1,4e-06,0.02,400,2461.0021255970005,59.300343,20.707071,53.44958,69.16949,76.16975,49.70932,47.424778,75.73333,85.9589,20.037004,992.27344,1.0388099,1.2837253,1.1278701,2460.9
Z-All,CQR,0,2,2e-06,0.04,200,13705.255815362929,57.337883,22.727272,36.694466,67.64589,75.462456,47.22928,39.886,54.666668,64.62585,6.459564,809.2971,-0.22349349,-0.29250917,-0.2485901,1230.0
Z-All,CQR,1,0,2e-06,0.01,600,3684.7021668910975,58.447098,23.737373,53.222137,68.47241,75.89771,47.677372,43.378124,68.8,79.13908,17.221611,946.8224,0.39524382,0.5420019,0.4486104,3684.6
Z-All,CQR,2,0,1e-06,0.02,200,1228.5020521640777,56.82594,21.717173,34.95072,67.377014,75.62568,47.361664,40.41931,55.566666,56.907894,4.1556582,801.44183,-0.3139352,-0.6757536,-0.44550553,1228.4
Z-All,CQR,3,0,4e-06,0.01,400,2466.301727151871,59.04437,24.242424,53.60121,69.34873,75.84331,49.211784,49.659184,76.066666,85.2349,22.847424,982.0952,1.3029851,1.3583269,1.3231094,2466.2
Z-All,CQR,4,0,4e-06,0.04,1800,11079.802088832854,58.361774,24.242424,56.70963,69.338776,76.11534,51.542934,49.901485,73.6,82.06896,18.250572,961.35956,1.1963435,0.8571509,1.0730008,11079.7
Z-All,CQR,5,0,4e-06,0.02,400,2461.0018945693973,59.300343,20.707071,53.44958,69.16949,76.16975,49.70932,47.424778,75.73333,85.9589,20.037004,992.27344,1.0388099,1.2837253,1.1278701,2460.9
Z-All,CQR,6,0,4e-06,0.02,400,2461.0018003940586,59.300343,20.707071,53.44958,69.16949,76.16975,49.70932,47.424778,75.73333,85.9589,20.037004,992.27344,1.0388099,1.2837253,1.1278701,2460.9
Z-All,CQR,7,1,4e-06,0.01,400,2466.3023365497597,59.04437,24.242424,53.60121,69.34873,75.84331,49.211784,49.659184,76.066666,85.2349,22.847424,982.0952,1.3029851,1.3583269,1.3231094,2466.2
Z-All,CQR,8,1,2e-06,0.02,2000,12348.204446887969,58.532425,22.727272,54.359364,68.333,76.00653,48.504456,45.677467,71.86667,87.93104,16.470451,952.8265,0.33114612,0.74062866,0.48004887,12348.1
Z-All,CQR,9,0,4e-06,0.01,400,2466.3017610073093,59.04437,24.242424,53.60121,69.34873,75.84331,49.211784,49.659184,76.066666,85.2349,22.847424,982.0952,1.3029851,1.3583269,1.3231094,2466.2
Z-All,CQR,10,0,2e-06,0.02,2000,12348.201660490036,58.532425,22.727272,54.359364,68.333,76.00653,48.504456,45.677467,71.86667,87.93104,16.470451,952.8265,0.33114612,0.74062866,0.48004887,12348.1
Z-All,CQR,11,1,2e-06,0.02,2000,12348.20153198242,58.532425,22.727272,54.359364,68.333,76.00653,48.504456,45.677467,71.86667,87.93104,16.470451,952.8265,0.33114612,0.74062866,0.48004887,12348.1
Z-All,CQR,12,0,4e-06,0.02,400,2461.0023883342747,59.300343,20.707071,53.44958,69.16949,76.16975,49.70932,47.424778,75.73333,85.9589,20.037004,992.27344,1.0388099,1.2837253,1.1278701,2460.9
Z-All,CQR,13,0,4e-06,0.01,400,2466.302373504639,59.04437,24.242424,53.60121,69.34873,75.84331,49.211784,49.659184,76.066666,85.2349,22.847424,982.0952,1.3029851,1.3583269,1.3231094,2466.2
Z-All,CQR,14,1,4e-06,0.02,400,2461.0029309749607,59.300343,20.707071,53.44958,69.16949,76.16975,49.70932,47.424778,75.73333,85.9589,20.037004,992.27344,1.0388099,1.2837253,1.1278701,2460.9
Z-All,CQR,15,3,2e-06,0.04,200,13705.25640735626,57.337883,22.727272,36.694466,67.64589,75.462456,47.22928,39.886,54.666668,64.62585,6.459564,809.2971,-0.22349349,-0.29250917,-0.2485901,1230.0
Z-All,CQR,16,1,2e-06,0.02,2000,12348.201822137831,58.532425,22.727272,54.359364,68.333,76.00653,48.504456,45.677467,71.86667,87.93104,16.470451,952.8265,0.33114612,0.74062866,0.48004887,12348.1
Z-All,CQR,17,1,4e-06,0.02,400,2461.00214586258,59.300343,20.707071,53.44958,69.16949,76.16975,49.70932,47.424778,75.73333,85.9589,20.037004,992.27344,1.0388099,1.2837253,1.1278701,2460.9
Z-All,CQR,18,0,4e-06,0.01,400,2466.302385902405,59.04437,24.242424,53.60121,69.34873,75.84331,49.211784,49.659184,76.066666,85.2349,22.847424,982.0952,1.3029851,1.3583269,1.3231094,2466.2
Z-All,CQR,19,3,4e-06,0.04,200,13726.35610089302,57.84983,21.212122,44.9583,68.18363,75.244835,47.510162,40.8577,64.76667,78.08219,10.48408,894.77155,0.42513323,1.1480736,0.68802065,1231.1
Z-All,CQR,20,0,4e-06,0.01,400,2466.3020905017856,59.04437,24.242424,53.60121,69.34873,75.84331,49.211784,49.659184,76.066666,85.2349,22.847424,982.0952,1.3029851,1.3583269,1.3231094,2466.2
Z-All,CQR,21,0,2e-06,0.01,600,3684.702209091187,58.447098,23.737373,53.222137,68.47241,75.89771,47.677372,43.378124,68.8,79.13908,17.221611,946.8224,0.39524382,0.5420019,0.4486104,3684.6
Z-All,CQR,22,0,2e-06,0.01,600,3684.7027932167057,58.447098,23.737373,53.222137,68.47241,75.89771,47.677372,43.378124,68.8,79.13908,17.221611,946.8224,0.39524382,0.5420019,0.4486104,3684.6
Z-All,CQR,23,0,4e-06,0.01,400,2466.3019467353824,59.04437,24.242424,53.60121,69.34873,75.84331,49.211784,49.659184,76.066666,85.2349,22.847424,982.0952,1.3029851,1.3583269,1.3231094,2466.2
Z-All,CQR,24,0,4e-06,0.01,400,2466.302091932297,59.04437,24.242424,53.60121,69.34873,75.84331,49.211784,49.659184,76.066666,85.2349,22.847424,982.0952,1.3029851,1.3583269,1.3231094,2466.2
Z-All,RandomSearch,0,1,1e-06,0.04,200,1236.0022409915923,57.081913,23.232323,34.420013,67.347145,75.462456,47.35079,40.626648,51.2,56.333332,4.9997945,746.4058,-0.1600464,-1.0270293,-0.47531292,1235.9
Z-All,RandomSearch,1,1,2e-06,0.01,600,3684.7023321151737,58.447098,23.737373,53.222137,68.47241,75.89771,47.677372,43.378124,68.8,79.13908,17.221611,946.8224,0.39524382,0.5420019,0.4486104,3684.6
Z-All,RandomSearch,2,0,4e-06,0.04,1800,11079.802116966246,58.361774,24.242424,56.70963,69.338776,76.11534,51.542934,49.901485,73.6,82.06896,18.250572,961.35956,1.1963435,0.8571509,1.0730008,11079.7
Z-All,RandomSearch,3,1,4e-06,0.04,1800,11079.802348470686,58.361774,24.242424,56.70963,69.338776,76.11534,51.542934,49.901485,73.6,82.06896,18.250572,961.35956,1.1963435,0.8571509,1.0730008,11079.7
Z-All,RandomSearch,4,0,4e-06,0.04,1800,11079.802075481412,58.361774,24.242424,56.70963,69.338776,76.11534,51.542934,49.901485,73.6,82.06896,18.250572,961.35956,1.1963435,0.8571509,1.0730008,11079.7
Z-All,RandomSearch,5,0,2e-06,0.02,2000,12348.201556301115,58.532425,22.727272,54.359364,68.333,76.00653,48.504456,45.677467,71.86667,87.93104,16.470451,952.8265,0.33114612,0.74062866,0.48004887,12348.1
Z-All,RandomSearch,6,1,4e-06,0.01,400,2466.3024354934696,59.04437,24.242424,53.60121,69.34873,75.84331,49.211784,49.659184,76.066666,85.2349,22.847424,982.0952,1.3029851,1.3583269,1.3231094,2466.2
Z-All,RandomSearch,7,1,4e-06,0.01,400,2466.302015161514,59.04437,24.242424,53.60121,69.34873,75.84331,49.211784,49.659184,76.066666,85.2349,22.847424,982.0952,1.3029851,1.3583269,1.3231094,2466.2
Z-All,RandomSearch,8,1,1e-06,0.04,200,1236.002158498764,57.081913,23.232323,34.420013,67.347145,75.462456,47.35079,40.626648,51.2,56.333332,4.9997945,746.4058,-0.1600464,-1.0270293,-0.47531292,1235.9
Z-All,RandomSearch,9,0,2e-06,0.01,600,3684.70217833519,58.447098,23.737373,53.222137,68.47241,75.89771,47.677372,43.378124,68.8,79.13908,17.221611,946.8224,0.39524382,0.5420019,0.4486104,3684.6
Z-All,RandomSearch,10,2,4e-06,0.01,200,13708.355917072297,58.1058,20.707071,48.521606,68.23342,75.353645,47.080288,43.260715,67.7,77.36487,13.217732,911.6769,0.52352625,1.5344069,0.89111924,1233.1
Z-All,RandomSearch,11,0,2e-06,0.02,2000,12348.201473093031,58.532425,22.727272,54.359364,68.333,76.00653,48.504456,45.677467,71.86667,87.93104,16.470451,952.8265,0.33114612,0.74062866,0.48004887,12348.1
Z-All,RandomSearch,12,1,2e-06,0.02,2000,12348.201898670197,58.532425,22.727272,54.359364,68.333,76.00653,48.504456,45.677467,71.86667,87.93104,16.470451,952.8265,0.33114612,0.74062866,0.48004887,12348.1
Z-All,RandomSearch,13,0,2e-06,0.04,1400,8610.201576566695,58.361774,22.727272,52.16073,68.273254,75.89771,48.642525,41.58211,68.9,81.78808,13.9110365,911.17474,0.13790397,0.2225931,0.16870002,8610.1
Z-All,RandomSearch,14,0,2e-06,0.02,2000,12348.201858377455,58.532425,22.727272,54.359364,68.333,76.00653,48.504456,45.677467,71.86667,87.93104,16.470451,952.8265,0.33114612,0.74062866,0.48004887,12348.1
Z-All,RandomSearch,15,1,4e-06,0.02,400,2461.0026076793674,59.300343,20.707071,53.44958,69.16949,76.16975,49.70932,47.424778,75.73333,85.9589,20.037004,992.27344,1.0388099,1.2837253,1.1278701,2460.9
Z-All,RandomSearch,16,1,2e-06,0.04,1400,8610.201823091506,58.361774,22.727272,52.16073,68.273254,75.89771,48.642525,41.58211,68.9,81.78808,13.9110365,911.17474,0.13790397,0.2225931,0.16870002,8610.1
Z-All,RandomSearch,17,0,2e-06,0.02,2000,12348.202477550503,58.532425,22.727272,54.359364,68.333,76.00653,48.504456,45.677467,71.86667,87.93104,16.470451,952.8265,0.33114612,0.74062866,0.48004887,12348.1
Z-All,RandomSearch,18,1,4e-06,0.04,1800,11079.802455520628,58.361774,24.242424,56.70963,69.338776,76.11534,51.542934,49.901485,73.6,82.06896,18.250572,961.35956,1.1963435,0.8571509,1.0730008,11079.7
Z-All,RandomSearch,19,1,4e-06,0.02,400,2461.0020631313328,59.300343,20.707071,53.44958,69.16949,76.16975,49.70932,47.424778,75.73333,85.9589,20.037004,992.27344,1.0388099,1.2837253,1.1278701,2460.9
Z-All,RandomSearch,20,0,1e-06,0.04,200,1236.002175426483,57.081913,23.232323,34.420013,67.347145,75.462456,47.35079,40.626648,51.2,56.333332,4.9997945,746.4058,-0.1600464,-1.0270293,-0.47531292,1235.9
Z-All,RandomSearch,21,1,2e-06,0.04,1400,8610.201933956145,58.361774,22.727272,52.16073,68.273254,75.89771,48.642525,41.58211,68.9,81.78808,13.9110365,911.17474,0.13790397,0.2225931,0.16870002,8610.1
Z-All,RandomSearch,22,0,4e-06,0.01,400,2466.302478885651,59.04437,24.242424,53.60121,69.34873,75.84331,49.211784,49.659184,76.066666,85.2349,22.847424,982.0952,1.3029851,1.3583269,1.3231094,2466.2
Z-All,RandomSearch,23,3,4e-06,0.02,200,13705.655550098418,57.84983,21.212122,45.86808,68.18363,75.62568,47.15046,40.8577,67.53333,76.689186,12.021942,875.90576,0.38362443,1.2703952,0.7060865,1230.4
Z-All,RandomSearch,24,0,1e-06,0.01,200,1234.8021362781524,56.740616,22.222221,34.874905,67.38698,75.29924,47.30732,40.245716,52.0,54.63576,4.8149557,727.1469,-0.6409024,-1.1318415,-0.8194257,1234.7
Z-All,TPE,0,0,4e-06,0.01,400,2466.301899290085,59.04437,24.242424,53.60121,69.34873,75.84331,49.211784,49.659184,76.066666,85.2349,22.847424,982.0952,1.3029851,1.3583269,1.3231094,2466.2
Z-All,TPE,1,1,1e-06,0.02,200,1228.502715921402,56.82594,21.717173,34.95072,67.377014,75.62568,47.361664,40.41931,55.566666,56.907894,4.1556582,801.44183,-0.3139352,-0.6757536,-0.44550553,1228.4
Z-All,TPE,2,1,2e-06,0.04,1400,8610.201758956908,58.361774,22.727272,52.16073,68.273254,75.89771,48.642525,41.58211,68.9,81.78808,13.9110365,911.17474,0.13790397,0.2225931,0.16870002,8610.1
Z-All,TPE,3,0,1e-06,0.02,200,1228.502193546295,56.82594,21.717173,34.95072,67.377014,75.62568,47.361664,40.41931,55.566666,56.907894,4.1556582,801.44183,-0.3139352,-0.6757536,-0.44550553,1228.4
Z-All,TPE,4,1,2e-06,0.02,2000,12348.202021217345,58.532425,22.727272,54.359364,68.333,76.00653,48.504456,45.677467,71.86667,87.93104,16.470451,952.8265,0.33114612,0.74062866,0.48004887,12348.1
Z-All,TPE,5,1,4e-06,0.01,400,2466.3022390365604,59.04437,24.242424,53.60121,69.34873,75.84331,49.211784,49.659184,76.066666,85.2349,22.847424,982.0952,1.3029851,1.3583269,1.3231094,2466.2
Z-All,TPE,6,0,4e-06,0.02,400,2461.001916742325,59.300343,20.707071,53.44958,69.16949,76.16975,49.70932,47.424778,75.73333,85.9589,20.037004,992.27344,1.0388099,1.2837253,1.1278701,2460.9
Z-All,TPE,7,0,4e-06,0.04,1800,11079.80236468315,58.361774,24.242424,56.70963,69.338776,76.11534,51.542934,49.901485,73.6,82.06896,18.250572,961.35956,1.1963435,0.8571509,1.0730008,11079.7
Z-All,TPE,8,0,1e-06,0.02,200,1228.5022271633147,56.82594,21.717173,34.95072,67.377014,75.62568,47.361664,40.41931,55.566666,56.907894,4.1556582,801.44183,-0.3139352,-0.6757536,-0.44550553,1228.4
Z-All,TPE,9,0,1e-06,0.02,200,1228.5023292064666,56.82594,21.717173,34.95072,67.377014,75.62568,47.361664,40.41931,55.566666,56.907894,4.1556582,801.44183,-0.3139352,-0.6757536,-0.44550553,1228.4
Z-All,TPE,10,1,2e-06,0.02,2000,12348.202033376692,58.532425,22.727272,54.359364,68.333,76.00653,48.504456,45.677467,71.86667,87.93104,16.470451,952.8265,0.33114612,0.74062866,0.48004887,12348.1
Z-All,TPE,11,1,4e-06,0.02,400,2461.002254343033,59.300343,20.707071,53.44958,69.16949,76.16975,49.70932,47.424778,75.73333,85.9589,20.037004,992.27344,1.0388099,1.2837253,1.1278701,2460.9
Z-All,TPE,12,1,4e-06,0.02,400,2461.002142763138,59.300343,20.707071,53.44958,69.16949,76.16975,49.70932,47.424778,75.73333,85.9589,20.037004,992.27344,1.0388099,1.2837253,1.1278701,2460.9
Z-All,TPE,13,0,4e-06,0.02,400,2461.0020407199863,59.300343,20.707071,53.44958,69.16949,76.16975,49.70932,47.424778,75.73333,85.9589,20.037004,992.27344,1.0388099,1.2837253,1.1278701,2460.9
Z-All,TPE,14,0,1e-06,0.01,200,1234.8026181221007,56.740616,22.222221,34.874905,67.38698,75.29924,47.30732,40.245716,52.0,54.63576,4.8149557,727.1469,-0.6409024,-1.1318415,-0.8194257,1234.7
Z-All,TPE,15,0,2e-06,0.04,1400,8610.201821660994,58.361774,22.727272,52.16073,68.273254,75.89771,48.642525,41.58211,68.9,81.78808,13.9110365,911.17474,0.13790397,0.2225931,0.16870002,8610.1
Z-All,TPE,16,0,2e-06,0.02,2000,12348.201620435711,58.532425,22.727272,54.359364,68.333,76.00653,48.504456,45.677467,71.86667,87.93104,16.470451,952.8265,0.33114612,0.74062866,0.48004887,12348.1
Z-All,TPE,17,1,2e-06,0.01,600,3684.7023683547977,58.447098,23.737373,53.222137,68.47241,75.89771,47.677372,43.378124,68.8,79.13908,17.221611,946.8224,0.39524382,0.5420019,0.4486104,3684.6
Z-All,TPE,18,1,4e-06,0.02,400,2461.0021074771885,59.300343,20.707071,53.44958,69.16949,76.16975,49.70932,47.424778,75.73333,85.9589,20.037004,992.27344,1.0388099,1.2837253,1.1278701,2460.9
Z-All,TPE,19,1,2e-06,0.01,600,3684.702461338044,58.447098,23.737373,53.222137,68.47241,75.89771,47.677372,43.378124,68.8,79.13908,17.221611,946.8224,0.39524382,0.5420019,0.4486104,3684.6
Z-All,TPE,20,1,4e-06,0.01,400,2466.3021443843845,59.04437,24.242424,53.60121,69.34873,75.84331,49.211784,49.659184,76.066666,85.2349,22.847424,982.0952,1.3029851,1.3583269,1.3231094,2466.2
Z-All,TPE,21,0,4e-06,0.02,400,2461.0020416736606,59.300343,20.707071,53.44958,69.16949,76.16975,49.70932,47.424778,75.73333,85.9589,20.037004,992.27344,1.0388099,1.2837253,1.1278701,2460.9
Z-All,TPE,22,1,4e-06,0.02,400,2461.0024529457096,59.300343,20.707071,53.44958,69.16949,76.16975,49.70932,47.424778,75.73333,85.9589,20.037004,992.27344,1.0388099,1.2837253,1.1278701,2460.9
Z-All,TPE,23,1,4e-06,0.01,400,2466.3030014991764,59.04437,24.242424,53.60121,69.34873,75.84331,49.211784,49.659184,76.066666,85.2349,22.847424,982.0952,1.3029851,1.3583269,1.3231094,2466.2
Z-All,TPE,24,1,2e-06,0.04,1400,8610.201516485213,58.361774,22.727272,52.16073,68.273254,75.89771,48.642525,41.58211,68.9,81.78808,13.9110365,911.17474,0.13790397,0.2225931,0.16870002,8610.1
