search_objective,optimizer,seed,trial_id,lr,beta,dpo_step,st_tuner_time,ARC-C,GPQA,GSM8K,HellaSwag,PIQA,TruthfulQA,IFEval,Arena-Hard,MT-Bench,AlpacaEval,ELO,Z-Static,Z-Dynamic,Z-All,elapsed_time_sec
AlpacaEval,ASHA,0,8,4e-06,0.01,400,39652.147108181,59.04437,24.242424,53.60121,69.34873,75.84331,49.211784,49.659184,75.8,85.2349,22.847424,982.0952,1.3029851,1.4532819,1.3576385,2466.2
AlpacaEval,ASHA,1,0,2e-06,0.01,1600,9825.802255964278,58.27645,21.717173,54.662624,68.42262,75.952126,48.15608,46.68413,71.36667,79.86577,19.916653,993.6011,0.04436696,0.847824,0.33653316,9825.7
AlpacaEval,ASHA,2,2,4e-06,0.01,400,14941.44755849838,59.04437,24.242424,53.60121,69.34873,75.84331,49.211784,49.659184,75.8,85.2349,22.847424,982.0952,1.3029851,1.4532819,1.3576385,2466.2
AlpacaEval,ASHA,3,0,4e-06,0.01,400,2466.3019677162174,59.04437,24.242424,53.60121,69.34873,75.84331,49.211784,49.659184,75.8,85.2349,22.847424,982.0952,1.3029851,1.4532819,1.3576385,2466.2
AlpacaEval,ASHA,4,4,4e-06,0.01,400,16206.57064376068,59.04437,24.242424,53.60121,69.34873,75.84331,49.211784,49.659184,75.8,85.2349,22.847424,982.0952,1.3029851,1.4532819,1.3576385,2466.2
AlpacaEval,ASHA,5,4,4e-06,0.01,400,16191.564370729444,59.04437,24.242424,53.60121,69.34873,75.84331,49.211784,49.659184,75.8,85.2349,22.847424,982.0952,1.3029851,1.4532819,1.3576385,2466.2
AlpacaEval,ASHA,6,0,4e-06,0.02,2000,12304.401757097245,59.215015,21.717173,56.254738,69.51802,75.89771,51.519127,50.704575,77.666664,80.68965,22.627554,927.859,0.9108035,0.8369621,0.8839521,12304.3
AlpacaEval,ASHA,7,1,4e-06,0.01,400,2466.302392816544,59.04437,24.242424,53.60121,69.34873,75.84331,49.211784,49.659184,75.8,85.2349,22.847424,982.0952,1.3029851,1.4532819,1.3576385,2466.2
AlpacaEval,ASHA,8,2,4e-06,0.01,400,14941.447314596177,59.04437,24.242424,53.60121,69.34873,75.84331,49.211784,49.659184,75.8,85.2349,22.847424,982.0952,1.3029851,1.4532819,1.3576385,2466.2
AlpacaEval,ASHA,9,0,4e-06,0.01,400,2466.3015531063083,59.04437,24.242424,53.60121,69.34873,75.84331,49.211784,49.659184,75.8,85.2349,22.847424,982.0952,1.3029851,1.4532819,1.3576385,2466.2
AlpacaEval,ASHA,10,2,2e-06,0.01,1600,22365.95018157959,58.27645,21.717173,54.662624,68.42262,75.952126,48.15608,46.68413,71.36667,79.86577,19.916653,993.6011,0.04436696,0.847824,0.33653316,9825.7
AlpacaEval,ASHA,11,3,4e-06,0.01,400,15006.448069667817,59.04437,24.242424,53.60121,69.34873,75.84331,49.211784,49.659184,75.8,85.2349,22.847424,982.0952,1.3029851,1.4532819,1.3576385,2466.2
AlpacaEval,ASHA,12,6,4e-06,0.01,400,27456.799211601254,59.04437,24.242424,53.60121,69.34873,75.84331,49.211784,49.659184,75.8,85.2349,22.847424,982.0952,1.3029851,1.4532819,1.3576385,2466.2
AlpacaEval,ASHA,13,0,4e-06,0.01,400,2466.301786756516,59.04437,24.242424,53.60121,69.34873,75.84331,49.211784,49.659184,75.8,85.2349,22.847424,982.0952,1.3029851,1.4532819,1.3576385,2466.2
AlpacaEval,ASHA,14,1,4e-06,0.02,2000,12304.401892995833,59.215015,21.717173,56.254738,69.51802,75.89771,51.519127,50.704575,77.666664,80.68965,22.627554,927.859,0.9108035,0.8369621,0.8839521,12304.3
AlpacaEval,ASHA,15,5,4e-06,0.02,2000,37274.801166393285,59.215015,21.717173,56.254738,69.51802,75.89771,51.519127,50.704575,77.666664,80.68965,22.627554,927.859,0.9108035,0.8369621,0.8839521,12304.3
AlpacaEval,ASHA,16,2,2e-06,0.01,1600,22320.94880018234,58.27645,21.717173,54.662624,68.42262,75.952126,48.15608,46.68413,71.36667,79.86577,19.916653,993.6011,0.04436696,0.847824,0.33653316,9825.7
AlpacaEval,ASHA,17,3,4e-06,0.01,400,14961.448362684248,59.04437,24.242424,53.60121,69.34873,75.84331,49.211784,49.659184,75.8,85.2349,22.847424,982.0952,1.3029851,1.4532819,1.3576385,2466.2
AlpacaEval,ASHA,18,0,4e-06,0.01,400,2466.3018346786503,59.04437,24.242424,53.60121,69.34873,75.84331,49.211784,49.659184,75.8,85.2349,22.847424,982.0952,1.3029851,1.4532819,1.3576385,2466.2
AlpacaEval,ASHA,19,3,4e-06,0.04,800,17419.550003385542,58.70307,23.232323,56.330555,69.32882,76.16975,51.254017,51.90982,72.96667,77.054794,19.70793,1005.7145,1.1171892,0.8127004,1.006466,4924.3
AlpacaEval,ASHA,20,0,4e-06,0.01,400,2466.3019097805027,59.04437,24.242424,53.60121,69.34873,75.84331,49.211784,49.659184,75.8,85.2349,22.847424,982.0952,1.3029851,1.4532819,1.3576385,2466.2
AlpacaEval,ASHA,21,9,4e-06,0.02,600,43677.17675576783,58.61775,22.222221,56.40637,69.48815,76.060936,50.784946,49.98892,75.4,83.916084,20.57904,929.0771,1.1669881,1.0036434,1.1075901,3691.3
AlpacaEval,ASHA,22,3,4e-06,0.01,400,15006.461472606656,59.04437,24.242424,53.60121,69.34873,75.84331,49.211784,49.659184,75.8,85.2349,22.847424,982.0952,1.3029851,1.4532819,1.3576385,2466.2
AlpacaEval,ASHA,23,0,4e-06,0.01,400,2466.3016112804416,59.04437,24.242424,53.60121,69.34873,75.84331,49.211784,49.659184,75.8,85.2349,22.847424,982.0952,1.3029851,1.4532819,1.3576385,2466.2
AlpacaEval,ASHA,24,0,4e-06,0.01,400,2466.301895952225,59.04437,24.242424,53.60121,69.34873,75.84331,49.211784,49.659184,75.8,85.2349,22.847424,982.0952,1.3029851,1.4532819,1.3576385,2466.2
AlpacaEval,BOHB,0,7,4e-06,0.01,400,29911.93270884132,59.04437,24.242424,53.60121,69.34873,75.84331,49.211784,49.659184,75.8,85.2349,22.847424,982.0952,1.3029851,1.4532819,1.3576385,2466.2
AlpacaEval,BOHB,1,8,4e-06,0.02,600,43591.97322712136,58.61775,22.222221,56.40637,69.48815,76.060936,50.784946,49.98892,75.4,83.916084,20.57904,929.0771,1.1669881,1.0036434,1.1075901,3691.3
AlpacaEval,BOHB,2,2,4e-06,0.01,400,14941.447929716109,59.04437,24.242424,53.60121,69.34873,75.84331,49.211784,49.659184,75.8,85.2349,22.847424,982.0952,1.3029851,1.4532819,1.3576385,2466.2
AlpacaEval,BOHB,3,0,4e-06,0.01,400,2466.3018644809727,59.04437,24.242424,53.60121,69.34873,75.84331,49.211784,49.659184,75.8,85.2349,22.847424,982.0952,1.3029851,1.4532819,1.3576385,2466.2
AlpacaEval,BOHB,4,4,4e-06,0.01,400,16206.565008260724,59.04437,24.242424,53.60121,69.34873,75.84331,49.211784,49.659184,75.8,85.2349,22.847424,982.0952,1.3029851,1.4532819,1.3576385,2466.2
AlpacaEval,BOHB,5,4,4e-06,0.01,400,16191.56488833618,59.04437,24.242424,53.60121,69.34873,75.84331,49.211784,49.659184,75.8,85.2349,22.847424,982.0952,1.3029851,1.4532819,1.3576385,2466.2
AlpacaEval,BOHB,6,0,4e-06,0.02,2000,12304.401708459853,59.215015,21.717173,56.254738,69.51802,75.89771,51.519127,50.704575,77.666664,80.68965,22.627554,927.859,0.9108035,0.8369621,0.8839521,12304.3
AlpacaEval,BOHB,7,1,4e-06,0.01,400,2466.3024526596078,59.04437,24.242424,53.60121,69.34873,75.84331,49.211784,49.659184,75.8,85.2349,22.847424,982.0952,1.3029851,1.4532819,1.3576385,2466.2
AlpacaEval,BOHB,8,2,4e-06,0.01,400,14941.45075855255,59.04437,24.242424,53.60121,69.34873,75.84331,49.211784,49.659184,75.8,85.2349,22.847424,982.0952,1.3029851,1.4532819,1.3576385,2466.2
AlpacaEval,BOHB,9,0,4e-06,0.01,400,2466.3017347812656,59.04437,24.242424,53.60121,69.34873,75.84331,49.211784,49.659184,75.8,85.2349,22.847424,982.0952,1.3029851,1.4532819,1.3576385,2466.2
AlpacaEval,BOHB,10,2,2e-06,0.01,1600,22365.950613355635,58.27645,21.717173,54.662624,68.42262,75.952126,48.15608,46.68413,71.36667,79.86577,19.916653,993.6011,0.04436696,0.847824,0.33653316,9825.7
AlpacaEval,BOHB,11,3,4e-06,0.01,400,15006.448996400832,59.04437,24.242424,53.60121,69.34873,75.84331,49.211784,49.659184,75.8,85.2349,22.847424,982.0952,1.3029851,1.4532819,1.3576385,2466.2
AlpacaEval,BOHB,12,7,4e-06,0.01,400,28696.917098146438,59.04437,24.242424,53.60121,69.34873,75.84331,49.211784,49.659184,75.8,85.2349,22.847424,982.0952,1.3029851,1.4532819,1.3576385,2466.2
AlpacaEval,BOHB,13,0,4e-06,0.01,400,2466.3027034759525,59.04437,24.242424,53.60121,69.34873,75.84331,49.211784,49.659184,75.8,85.2349,22.847424,982.0952,1.3029851,1.4532819,1.3576385,2466.2
AlpacaEval,BOHB,14,9,4e-06,0.01,400,41057.166949375154,59.04437,24.242424,53.60121,69.34873,75.84331,49.211784,49.659184,75.8,85.2349,22.847424,982.0952,1.3029851,1.4532819,1.3576385,2466.2
AlpacaEval,BOHB,15,5,2e-06,0.01,1600,34796.20615372849,58.27645,21.717173,54.662624,68.42262,75.952126,48.15608,46.68413,71.36667,79.86577,19.916653,993.6011,0.04436696,0.847824,0.33653316,9825.7
AlpacaEval,BOHB,16,7,4e-06,0.01,400,39911.84265408707,59.04437,24.242424,53.60121,69.34873,75.84331,49.211784,49.659184,75.8,85.2349,22.847424,982.0952,1.3029851,1.4532819,1.3576385,2466.2
AlpacaEval,BOHB,17,3,4e-06,0.01,400,14961.447709417342,59.04437,24.242424,53.60121,69.34873,75.84331,49.211784,49.659184,75.8,85.2349,22.847424,982.0952,1.3029851,1.4532819,1.3576385,2466.2
AlpacaEval,BOHB,18,0,4e-06,0.01,400,2466.3018764019016,59.04437,24.242424,53.60121,69.34873,75.84331,49.211784,49.659184,75.8,85.2349,22.847424,982.0952,1.3029851,1.4532819,1.3576385,2466.2
AlpacaEval,BOHB,19,8,4e-06,0.02,2000,39780.029950958255,59.215015,21.717173,56.254738,69.51802,75.89771,51.519127,50.704575,77.666664,80.68965,22.627554,927.859,0.9108035,0.8369621,0.8839521,12304.3
AlpacaEval,BOHB,20,0,4e-06,0.01,400,2466.301620101929,59.04437,24.242424,53.60121,69.34873,75.84331,49.211784,49.659184,75.8,85.2349,22.847424,982.0952,1.3029851,1.4532819,1.3576385,2466.2
AlpacaEval,BOHB,21,8,4e-06,0.02,1200,46123.36248479271,59.47099,21.717173,57.240334,69.60765,75.51687,51.3951,50.026375,76.6,89.11565,21.393772,937.7151,0.70896316,1.0835112,0.84516245,7382.6
AlpacaEval,BOHB,22,3,4e-06,0.01,400,15006.44910082817,59.04437,24.242424,53.60121,69.34873,75.84331,49.211784,49.659184,75.8,85.2349,22.847424,982.0952,1.3029851,1.4532819,1.3576385,2466.2
AlpacaEval,BOHB,23,0,4e-06,0.01,400,2466.301793909073,59.04437,24.242424,53.60121,69.34873,75.84331,49.211784,49.659184,75.8,85.2349,22.847424,982.0952,1.3029851,1.4532819,1.3576385,2466.2
AlpacaEval,BOHB,24,0,4e-06,0.01,400,2466.302157258988,59.04437,24.242424,53.60121,69.34873,75.84331,49.211784,49.659184,75.8,85.2349,22.847424,982.0952,1.3029851,1.4532819,1.3576385,2466.2
AlpacaEval,BOTorch,0,2,4e-06,0.01,400,14941.449045753478,59.04437,24.242424,53.60121,69.34873,75.84331,49.211784,49.659184,75.8,85.2349,22.847424,982.0952,1.3029851,1.4532819,1.3576385,2466.2
AlpacaEval,BOTorch,1,0,4e-06,0.04,800,4924.401795721054,58.70307,23.232323,56.330555,69.32882,76.16975,51.254017,51.90982,72.96667,77.054794,19.70793,1005.7145,1.1171892,0.8127004,1.006466,4924.3
AlpacaEval,BOTorch,2,0,4e-06,0.01,400,2466.3024717330936,59.04437,24.242424,53.60121,69.34873,75.84331,49.211784,49.659184,75.8,85.2349,22.847424,982.0952,1.3029851,1.4532819,1.3576385,2466.2
AlpacaEval,BOTorch,3,0,4e-06,0.01,400,2466.3031579017643,59.04437,24.242424,53.60121,69.34873,75.84331,49.211784,49.659184,75.8,85.2349,22.847424,982.0952,1.3029851,1.4532819,1.3576385,2466.2
AlpacaEval,BOTorch,4,1,4e-06,0.02,2000,12304.402393198012,59.215015,21.717173,56.254738,69.51802,75.89771,51.519127,50.704575,77.666664,80.68965,22.627554,927.859,0.9108035,0.8369621,0.8839521,12304.3
AlpacaEval,BOTorch,5,3,2e-06,0.01,1600,22365.949571704863,58.27645,21.717173,54.662624,68.42262,75.952126,48.15608,46.68413,71.36667,79.86577,19.916653,993.6011,0.04436696,0.847824,0.33653316,9825.7
AlpacaEval,BOTorch,6,0,4e-06,0.04,800,4924.401828861237,58.70307,23.232323,56.330555,69.32882,76.16975,51.254017,51.90982,72.96667,77.054794,19.70793,1005.7145,1.1171892,0.8127004,1.006466,4924.3
AlpacaEval,BOTorch,7,3,4e-06,0.02,2000,24844.54775176048,59.215015,21.717173,56.254738,69.51802,75.89771,51.519127,50.704575,77.666664,80.68965,22.627554,927.859,0.9108035,0.8369621,0.8839521,12304.3
AlpacaEval,BOTorch,8,3,4e-06,0.01,400,14961.46275434494,59.04437,24.242424,53.60121,69.34873,75.84331,49.211784,49.659184,75.8,85.2349,22.847424,982.0952,1.3029851,1.4532819,1.3576385,2466.2
AlpacaEval,BOTorch,9,1,2e-06,0.04,800,4920.101969575882,58.361774,23.737373,52.691433,68.31309,76.060936,48.239243,42.517574,66.36667,75.34247,14.325414,879.23193,0.18613517,-0.12455011,0.073158704,4920.0
AlpacaEval,BOTorch,10,0,4e-06,0.01,400,2466.301854705811,59.04437,24.242424,53.60121,69.34873,75.84331,49.211784,49.659184,75.8,85.2349,22.847424,982.0952,1.3029851,1.4532819,1.3576385,2466.2
AlpacaEval,BOTorch,11,0,4e-06,0.01,400,2466.302562808991,59.04437,24.242424,53.60121,69.34873,75.84331,49.211784,49.659184,75.8,85.2349,22.847424,982.0952,1.3029851,1.4532819,1.3576385,2466.2
AlpacaEval,BOTorch,12,0,4e-06,0.02,2000,12304.401597595212,59.215015,21.717173,56.254738,69.51802,75.89771,51.519127,50.704575,77.666664,80.68965,22.627554,927.859,0.9108035,0.8369621,0.8839521,12304.3
AlpacaEval,BOTorch,13,3,4e-06,0.01,400,15021.448593473431,59.04437,24.242424,53.60121,69.34873,75.84331,49.211784,49.659184,75.8,85.2349,22.847424,982.0952,1.3029851,1.4532819,1.3576385,2466.2
AlpacaEval,BOTorch,14,1,4e-06,0.02,2000,12304.401907062527,59.215015,21.717173,56.254738,69.51802,75.89771,51.519127,50.704575,77.666664,80.68965,22.627554,927.859,0.9108035,0.8369621,0.8839521,12304.3
AlpacaEval,BOTorch,15,2,4e-06,0.02,2000,24809.548972702025,59.215015,21.717173,56.254738,69.51802,75.89771,51.519127,50.704575,77.666664,80.68965,22.627554,927.859,0.9108035,0.8369621,0.8839521,12304.3
AlpacaEval,BOTorch,16,0,4e-06,0.02,2000,12304.402436828612,59.215015,21.717173,56.254738,69.51802,75.89771,51.519127,50.704575,77.666664,80.68965,22.627554,927.859,0.9108035,0.8369621,0.8839521,12304.3
AlpacaEval,BOTorch,17,2,4e-06,0.01,400,14941.44748315811,59.04437,24.242424,53.60121,69.34873,75.84331,49.211784,49.659184,75.8,85.2349,22.847424,982.0952,1.3029851,1.4532819,1.3576385,2466.2
AlpacaEval,BOTorch,18,1,4e-06,0.02,2000,12304.401723003386,59.215015,21.717173,56.254738,69.51802,75.89771,51.519127,50.704575,77.666664,80.68965,22.627554,927.859,0.9108035,0.8369621,0.8839521,12304.3
AlpacaEval,BOTorch,19,0,4e-06,0.02,2000,12304.401465988158,59.215015,21.717173,56.254738,69.51802,75.89771,51.519127,50.704575,77.666664,80.68965,22.627554,927.859,0.9108035,0.8369621,0.8839521,12304.3
AlpacaEval,BOTorch,20,0,4e-06,0.01,400,2466.301737642289,59.04437,24.242424,53.60121,69.34873,75.84331,49.211784,49.659184,75.8,85.2349,22.847424,982.0952,1.3029851,1.4532819,1.3576385,2466.2
AlpacaEval,BOTorch,21,3,4e-06,0.04,800,17419.548360681532,58.70307,23.232323,56.330555,69.32882,76.16975,51.254017,51.90982,72.96667,77.054794,19.70793,1005.7145,1.1171892,0.8127004,1.006466,4924.3
AlpacaEval,BOTorch,22,1,2e-06,0.01,1600,9825.80196533203,58.27645,21.717173,54.662624,68.42262,75.952126,48.15608,46.68413,71.36667,79.86577,19.916653,993.6011,0.04436696,0.847824,0.33653316,9825.7
AlpacaEval,BOTorch,23,0,4e-06,0.01,400,2466.301999664307,59.04437,24.242424,53.60121,69.34873,75.84331,49.211784,49.659184,75.8,85.2349,22.847424,982.0952,1.3029851,1.4532819,1.3576385,2466.2
AlpacaEval,BOTorch,24,1,4e-06,0.04,800,4924.401579713822,58.70307,23.232323,56.330555,69.32882,76.16975,51.254017,51.90982,72.96667,77.054794,19.70793,1005.7145,1.1171892,0.8127004,1.006466,4924.3
AlpacaEval,CQR,0,7,2e-06,0.01,1000,43727.11466917992,58.191128,20.20202,53.44958,68.47241,76.060936,47.843754,44.414764,73.066666,76.736115,18.481031,947.7427,-0.28131455,0.58078563,0.032176424,6141.0
AlpacaEval,CQR,1,6,4e-06,0.02,1400,46038.77396354676,59.64164,22.222221,57.16452,69.60765,75.7889,51.438747,49.433117,74.86667,85.57047,21.769796,995.8008,1.0771986,1.1392804,1.0997738,8613.0
AlpacaEval,CQR,2,2,4e-06,0.01,400,14941.447098112105,59.04437,24.242424,53.60121,69.34873,75.84331,49.211784,49.659184,75.8,85.2349,22.847424,982.0952,1.3029851,1.4532819,1.3576385,2466.2
AlpacaEval,CQR,3,0,4e-06,0.01,400,2466.301763391495,59.04437,24.242424,53.60121,69.34873,75.84331,49.211784,49.659184,75.8,85.2349,22.847424,982.0952,1.3029851,1.4532819,1.3576385,2466.2
AlpacaEval,CQR,4,4,4e-06,0.01,400,27501.594134426115,59.04437,24.242424,53.60121,69.34873,75.84331,49.211784,49.659184,75.8,85.2349,22.847424,982.0952,1.3029851,1.4532819,1.3576385,2466.2
AlpacaEval,CQR,5,4,4e-06,0.01,400,27436.593278265,59.04437,24.242424,53.60121,69.34873,75.84331,49.211784,49.659184,75.8,85.2349,22.847424,982.0952,1.3029851,1.4532819,1.3576385,2466.2
AlpacaEval,CQR,6,0,4e-06,0.02,2000,12304.401607131957,59.215015,21.717173,56.254738,69.51802,75.89771,51.519127,50.704575,77.666664,80.68965,22.627554,927.859,0.9108035,0.8369621,0.8839521,12304.3
AlpacaEval,CQR,7,1,4e-06,0.01,400,2466.3024106979374,59.04437,24.242424,53.60121,69.34873,75.84331,49.211784,49.659184,75.8,85.2349,22.847424,982.0952,1.3029851,1.4532819,1.3576385,2466.2
AlpacaEval,CQR,8,2,4e-06,0.01,400,14941.456632471083,59.04437,24.242424,53.60121,69.34873,75.84331,49.211784,49.659184,75.8,85.2349,22.847424,982.0952,1.3029851,1.4532819,1.3576385,2466.2
AlpacaEval,CQR,9,0,4e-06,0.01,400,2466.3016305923466,59.04437,24.242424,53.60121,69.34873,75.84331,49.211784,49.659184,75.8,85.2349,22.847424,982.0952,1.3029851,1.4532819,1.3576385,2466.2
AlpacaEval,CQR,10,2,2e-06,0.01,1600,22365.948339319228,58.27645,21.717173,54.662624,68.42262,75.952126,48.15608,46.68413,71.36667,79.86577,19.916653,993.6011,0.04436696,0.847824,0.33653316,9825.7
AlpacaEval,CQR,11,3,4e-06,0.01,400,15006.447798347472,59.04437,24.242424,53.60121,69.34873,75.84331,49.211784,49.659184,75.8,85.2349,22.847424,982.0952,1.3029851,1.4532819,1.3576385,2466.2
AlpacaEval,CQR,12,0,4e-06,0.02,2000,12304.401841974255,59.215015,21.717173,56.254738,69.51802,75.89771,51.519127,50.704575,77.666664,80.68965,22.627554,927.859,0.9108035,0.8369621,0.8839521,12304.3
AlpacaEval,CQR,13,0,4e-06,0.01,400,2466.3015519142155,59.04437,24.242424,53.60121,69.34873,75.84331,49.211784,49.659184,75.8,85.2349,22.847424,982.0952,1.3029851,1.4532819,1.3576385,2466.2
AlpacaEval,CQR,14,1,4e-06,0.02,2000,12304.401622152329,59.215015,21.717173,56.254738,69.51802,75.89771,51.519127,50.704575,77.666664,80.68965,22.627554,927.859,0.9108035,0.8369621,0.8839521,12304.3
AlpacaEval,CQR,15,5,2e-06,0.01,1600,34841.094477987295,58.27645,21.717173,54.662624,68.42262,75.952126,48.15608,46.68413,71.36667,79.86577,19.916653,993.6011,0.04436696,0.847824,0.33653316,9825.7
AlpacaEval,CQR,16,2,2e-06,0.01,1600,22320.947831010817,58.27645,21.717173,54.662624,68.42262,75.952126,48.15608,46.68413,71.36667,79.86577,19.916653,993.6011,0.04436696,0.847824,0.33653316,9825.7
AlpacaEval,CQR,17,3,4e-06,0.01,400,14961.447834825514,59.04437,24.242424,53.60121,69.34873,75.84331,49.211784,49.659184,75.8,85.2349,22.847424,982.0952,1.3029851,1.4532819,1.3576385,2466.2
AlpacaEval,CQR,18,0,4e-06,0.01,400,2466.301587438584,59.04437,24.242424,53.60121,69.34873,75.84331,49.211784,49.659184,75.8,85.2349,22.847424,982.0952,1.3029851,1.4532819,1.3576385,2466.2
AlpacaEval,CQR,19,5,4e-06,0.02,2000,37339.69447598458,59.215015,21.717173,56.254738,69.51802,75.89771,51.519127,50.704575,77.666664,80.68965,22.627554,927.859,0.9108035,0.8369621,0.8839521,12304.3
AlpacaEval,CQR,20,0,4e-06,0.01,400,2466.301897382737,59.04437,24.242424,53.60121,69.34873,75.84331,49.211784,49.659184,75.8,85.2349,22.847424,982.0952,1.3029851,1.4532819,1.3576385,2466.2
AlpacaEval,CQR,21,0,2e-06,0.01,1600,9825.802167510985,58.27645,21.717173,54.662624,68.42262,75.952126,48.15608,46.68413,71.36667,79.86577,19.916653,993.6011,0.04436696,0.847824,0.33653316,9825.7
AlpacaEval,CQR,22,3,4e-06,0.01,400,15006.447885608672,59.04437,24.242424,53.60121,69.34873,75.84331,49.211784,49.659184,75.8,85.2349,22.847424,982.0952,1.3029851,1.4532819,1.3576385,2466.2
AlpacaEval,CQR,23,0,4e-06,0.01,400,2466.3017235755924,59.04437,24.242424,53.60121,69.34873,75.84331,49.211784,49.659184,75.8,85.2349,22.847424,982.0952,1.3029851,1.4532819,1.3576385,2466.2
AlpacaEval,CQR,24,0,4e-06,0.01,400,2466.3016425132755,59.04437,24.242424,53.60121,69.34873,75.84331,49.211784,49.659184,75.8,85.2349,22.847424,982.0952,1.3029851,1.4532819,1.3576385,2466.2
AlpacaEval,RandomSearch,0,4,4e-06,0.01,400,27456.59738049507,59.04437,24.242424,53.60121,69.34873,75.84331,49.211784,49.659184,75.8,85.2349,22.847424,982.0952,1.3029851,1.4532819,1.3576385,2466.2
AlpacaEval,RandomSearch,1,1,4e-06,0.02,2000,12304.401964282988,59.215015,21.717173,56.254738,69.51802,75.89771,51.519127,50.704575,77.666664,80.68965,22.627554,927.859,0.9108035,0.8369621,0.8839521,12304.3
AlpacaEval,RandomSearch,2,1,4e-06,0.04,800,4924.402033424378,58.70307,23.232323,56.330555,69.32882,76.16975,51.254017,51.90982,72.96667,77.054794,19.70793,1005.7145,1.1171892,0.8127004,1.006466,4924.3
AlpacaEval,RandomSearch,3,1,4e-06,0.01,400,2466.3018916606907,59.04437,24.242424,53.60121,69.34873,75.84331,49.211784,49.659184,75.8,85.2349,22.847424,982.0952,1.3029851,1.4532819,1.3576385,2466.2
AlpacaEval,RandomSearch,4,1,4e-06,0.01,400,2466.3015645504,59.04437,24.242424,53.60121,69.34873,75.84331,49.211784,49.659184,75.8,85.2349,22.847424,982.0952,1.3029851,1.4532819,1.3576385,2466.2
AlpacaEval,RandomSearch,5,3,4e-06,0.02,2000,24799.5479868412,59.215015,21.717173,56.254738,69.51802,75.89771,51.519127,50.704575,77.666664,80.68965,22.627554,927.859,0.9108035,0.8369621,0.8839521,12304.3
AlpacaEval,RandomSearch,6,2,4e-06,0.01,400,14971.448068237303,59.04437,24.242424,53.60121,69.34873,75.84331,49.211784,49.659184,75.8,85.2349,22.847424,982.0952,1.3029851,1.4532819,1.3576385,2466.2
AlpacaEval,RandomSearch,7,1,4e-06,0.01,400,2466.301640844345,59.04437,24.242424,53.60121,69.34873,75.84331,49.211784,49.659184,75.8,85.2349,22.847424,982.0952,1.3029851,1.4532819,1.3576385,2466.2
AlpacaEval,RandomSearch,8,0,4e-06,0.02,2000,12304.402070856093,59.215015,21.717173,56.254738,69.51802,75.89771,51.519127,50.704575,77.666664,80.68965,22.627554,927.859,0.9108035,0.8369621,0.8839521,12304.3
AlpacaEval,RandomSearch,9,1,4e-06,0.01,400,2466.301614379883,59.04437,24.242424,53.60121,69.34873,75.84331,49.211784,49.659184,75.8,85.2349,22.847424,982.0952,1.3029851,1.4532819,1.3576385,2466.2
AlpacaEval,RandomSearch,10,0,4e-06,0.01,400,2466.30550441742,59.04437,24.242424,53.60121,69.34873,75.84331,49.211784,49.659184,75.8,85.2349,22.847424,982.0952,1.3029851,1.4532819,1.3576385,2466.2
AlpacaEval,RandomSearch,11,7,4e-06,0.01,400,40101.74585494996,59.04437,24.242424,53.60121,69.34873,75.84331,49.211784,49.659184,75.8,85.2349,22.847424,982.0952,1.3029851,1.4532819,1.3576385,2466.2
AlpacaEval,RandomSearch,12,4,4e-06,0.02,2000,37274.69376263619,59.215015,21.717173,56.254738,69.51802,75.89771,51.519127,50.704575,77.666664,80.68965,22.627554,927.859,0.9108035,0.8369621,0.8839521,12304.3
AlpacaEval,RandomSearch,13,4,4e-06,0.01,400,27416.59690389633,59.04437,24.242424,53.60121,69.34873,75.84331,49.211784,49.659184,75.8,85.2349,22.847424,982.0952,1.3029851,1.4532819,1.3576385,2466.2
AlpacaEval,RandomSearch,14,7,4e-06,0.01,400,39976.74608740807,59.04437,24.242424,53.60121,69.34873,75.84331,49.211784,49.659184,75.8,85.2349,22.847424,982.0952,1.3029851,1.4532819,1.3576385,2466.2
AlpacaEval,RandomSearch,15,3,4e-06,0.01,400,14961.449074840544,59.04437,24.242424,53.60121,69.34873,75.84331,49.211784,49.659184,75.8,85.2349,22.847424,982.0952,1.3029851,1.4532819,1.3576385,2466.2
AlpacaEval,RandomSearch,16,0,2e-06,0.01,1600,9825.801904058457,58.27645,21.717173,54.662624,68.42262,75.952126,48.15608,46.68413,71.36667,79.86577,19.916653,993.6011,0.04436696,0.847824,0.33653316,9825.7
AlpacaEval,RandomSearch,17,4,4e-06,0.02,2000,37284.69668254853,59.215015,21.717173,56.254738,69.51802,75.89771,51.519127,50.704575,77.666664,80.68965,22.627554,927.859,0.9108035,0.8369621,0.8839521,12304.3
AlpacaEval,RandomSearch,18,2,4e-06,0.01,400,14941.449232673644,59.04437,24.242424,53.60121,69.34873,75.84331,49.211784,49.659184,75.8,85.2349,22.847424,982.0952,1.3029851,1.4532819,1.3576385,2466.2
AlpacaEval,RandomSearch,19,7,4e-06,0.01,400,40036.74501905442,59.04437,24.242424,53.60121,69.34873,75.84331,49.211784,49.659184,75.8,85.2349,22.847424,982.0952,1.3029851,1.4532819,1.3576385,2466.2
AlpacaEval,RandomSearch,20,3,4e-06,0.01,400,14941.449243879317,59.04437,24.242424,53.60121,69.34873,75.84331,49.211784,49.659184,75.8,85.2349,22.847424,982.0952,1.3029851,1.4532819,1.3576385,2466.2
AlpacaEval,RandomSearch,21,0,2e-06,0.01,1600,9825.802569007872,58.27645,21.717173,54.662624,68.42262,75.952126,48.15608,46.68413,71.36667,79.86577,19.916653,993.6011,0.04436696,0.847824,0.33653316,9825.7
AlpacaEval,RandomSearch,22,2,4e-06,0.01,400,14941.44817934036,59.04437,24.242424,53.60121,69.34873,75.84331,49.211784,49.659184,75.8,85.2349,22.847424,982.0952,1.3029851,1.4532819,1.3576385,2466.2
AlpacaEval,RandomSearch,23,1,4e-06,0.01,400,2466.301704025269,59.04437,24.242424,53.60121,69.34873,75.84331,49.211784,49.659184,75.8,85.2349,22.847424,982.0952,1.3029851,1.4532819,1.3576385,2466.2
AlpacaEval,RandomSearch,24,6,4e-06,0.02,1400,46108.56484851838,59.64164,22.222221,57.16452,69.60765,75.7889,51.438747,49.433117,74.86667,85.57047,21.769796,995.8008,1.0771986,1.1392804,1.0997738,8613.0
AlpacaEval,TPE,0,2,4e-06,0.01,400,14941.448671913146,59.04437,24.242424,53.60121,69.34873,75.84331,49.211784,49.659184,75.8,85.2349,22.847424,982.0952,1.3029851,1.4532819,1.3576385,2466.2
AlpacaEval,TPE,1,6,4e-06,0.01,400,40051.7442809105,59.04437,24.242424,53.60121,69.34873,75.84331,49.211784,49.659184,75.8,85.2349,22.847424,982.0952,1.3029851,1.4532819,1.3576385,2466.2
AlpacaEval,TPE,2,0,4e-06,0.01,400,2466.301927185059,59.04437,24.242424,53.60121,69.34873,75.84331,49.211784,49.659184,75.8,85.2349,22.847424,982.0952,1.3029851,1.4532819,1.3576385,2466.2
AlpacaEval,TPE,3,1,4e-06,0.01,400,2466.301859712601,59.04437,24.242424,53.60121,69.34873,75.84331,49.211784,49.659184,75.8,85.2349,22.847424,982.0952,1.3029851,1.4532819,1.3576385,2466.2
AlpacaEval,TPE,4,0,4e-06,0.01,400,2466.3021512985238,59.04437,24.242424,53.60121,69.34873,75.84331,49.211784,49.659184,75.8,85.2349,22.847424,982.0952,1.3029851,1.4532819,1.3576385,2466.2
AlpacaEval,TPE,5,4,4e-06,0.01,400,27456.60165557861,59.04437,24.242424,53.60121,69.34873,75.84331,49.211784,49.659184,75.8,85.2349,22.847424,982.0952,1.3029851,1.4532819,1.3576385,2466.2
AlpacaEval,TPE,6,2,4e-06,0.01,400,14941.44788918495,59.04437,24.242424,53.60121,69.34873,75.84331,49.211784,49.659184,75.8,85.2349,22.847424,982.0952,1.3029851,1.4532819,1.3576385,2466.2
AlpacaEval,TPE,7,4,4e-06,0.01,400,27481.59474072456,59.04437,24.242424,53.60121,69.34873,75.84331,49.211784,49.659184,75.8,85.2349,22.847424,982.0952,1.3029851,1.4532819,1.3576385,2466.2
AlpacaEval,TPE,8,1,2e-06,0.01,1600,9825.802545642851,58.27645,21.717173,54.662624,68.42262,75.952126,48.15608,46.68413,71.36667,79.86577,19.916653,993.6011,0.04436696,0.847824,0.33653316,9825.7
AlpacaEval,TPE,9,4,4e-06,0.01,400,27436.596453285216,59.04437,24.242424,53.60121,69.34873,75.84331,49.211784,49.659184,75.8,85.2349,22.847424,982.0952,1.3029851,1.4532819,1.3576385,2466.2
AlpacaEval,TPE,10,0,4e-06,0.02,2000,12304.401472663878,59.215015,21.717173,56.254738,69.51802,75.89771,51.519127,50.704575,77.666664,80.68965,22.627554,927.859,0.9108035,0.8369621,0.8839521,12304.3
AlpacaEval,TPE,11,6,4e-06,0.02,1400,46138.54540762902,59.64164,22.222221,57.16452,69.60765,75.7889,51.438747,49.433117,74.86667,85.57047,21.769796,995.8008,1.0771986,1.1392804,1.0997738,8613.0
AlpacaEval,TPE,12,4,4e-06,0.02,2000,37294.70036754609,59.215015,21.717173,56.254738,69.51802,75.89771,51.519127,50.704575,77.666664,80.68965,22.627554,927.859,0.9108035,0.8369621,0.8839521,12304.3
AlpacaEval,TPE,13,7,4e-06,0.01,400,40036.74593648911,59.04437,24.242424,53.60121,69.34873,75.84331,49.211784,49.659184,75.8,85.2349,22.847424,982.0952,1.3029851,1.4532819,1.3576385,2466.2
AlpacaEval,TPE,14,1,4e-06,0.01,400,2466.3018799781803,59.04437,24.242424,53.60121,69.34873,75.84331,49.211784,49.659184,75.8,85.2349,22.847424,982.0952,1.3029851,1.4532819,1.3576385,2466.2
AlpacaEval,TPE,15,1,4e-06,0.01,400,2466.3018752098087,59.04437,24.242424,53.60121,69.34873,75.84331,49.211784,49.659184,75.8,85.2349,22.847424,982.0952,1.3029851,1.4532819,1.3576385,2466.2
AlpacaEval,TPE,16,3,4e-06,0.01,400,14971.45181736946,59.04437,24.242424,53.60121,69.34873,75.84331,49.211784,49.659184,75.8,85.2349,22.847424,982.0952,1.3029851,1.4532819,1.3576385,2466.2
AlpacaEval,TPE,17,2,4e-06,0.01,400,14961.450576162337,59.04437,24.242424,53.60121,69.34873,75.84331,49.211784,49.659184,75.8,85.2349,22.847424,982.0952,1.3029851,1.4532819,1.3576385,2466.2
AlpacaEval,TPE,18,2,4e-06,0.01,400,14971.447740173338,59.04437,24.242424,53.60121,69.34873,75.84331,49.211784,49.659184,75.8,85.2349,22.847424,982.0952,1.3029851,1.4532819,1.3576385,2466.2
AlpacaEval,TPE,19,7,4e-06,0.01,400,39981.753008222586,59.04437,24.242424,53.60121,69.34873,75.84331,49.211784,49.659184,75.8,85.2349,22.847424,982.0952,1.3029851,1.4532819,1.3576385,2466.2
AlpacaEval,TPE,20,5,4e-06,0.04,800,30019.69510684013,58.70307,23.232323,56.330555,69.32882,76.16975,51.254017,51.90982,72.96667,77.054794,19.70793,1005.7145,1.1171892,0.8127004,1.006466,4924.3
AlpacaEval,TPE,21,6,4e-06,0.01,400,39911.74338541032,59.04437,24.242424,53.60121,69.34873,75.84331,49.211784,49.659184,75.8,85.2349,22.847424,982.0952,1.3029851,1.4532819,1.3576385,2466.2
AlpacaEval,TPE,22,0,4e-06,0.01,400,2466.301817512513,59.04437,24.242424,53.60121,69.34873,75.84331,49.211784,49.659184,75.8,85.2349,22.847424,982.0952,1.3029851,1.4532819,1.3576385,2466.2
AlpacaEval,TPE,23,0,4e-06,0.01,400,2466.301908349991,59.04437,24.242424,53.60121,69.34873,75.84331,49.211784,49.659184,75.8,85.2349,22.847424,982.0952,1.3029851,1.4532819,1.3576385,2466.2
AlpacaEval,TPE,24,0,2e-06,0.01,1600,9825.802051401137,58.27645,21.717173,54.662624,68.42262,75.952126,48.15608,46.68413,71.36667,79.86577,19.916653,993.6011,0.04436696,0.847824,0.33653316,9825.7
Arena-Hard,ASHA,0,6,4e-06,0.04,1000,21100.984903913493,58.788395,20.707071,56.86126,69.32882,76.22416,51.37511,49.23453,75.73333,81.63265,17.550583,912.20013,0.73411965,0.6635868,0.70847136,6155.4
Arena-Hard,ASHA,1,7,4e-06,0.01,600,41124.942757942204,58.447098,20.20202,54.662624,69.4284,75.680084,50.070915,51.618816,78.066666,85.57047,21.252981,959.62146,0.52673775,1.2850465,0.80248636,3699.3
Arena-Hard,ASHA,2,2,4e-06,0.01,1400,21106.87959012985,59.385666,19.19192,56.254738,69.62756,75.680084,50.860096,50.723305,78.1,84.353745,22.747217,945.9229,0.55162793,1.073331,0.74133813,8631.6
Arena-Hard,ASHA,3,0,4e-06,0.01,1400,8631.701745843886,59.385666,19.19192,56.254738,69.62756,75.680084,50.860096,50.723305,78.1,84.353745,22.747217,945.9229,0.55162793,1.073331,0.74133813,8631.6
Arena-Hard,ASHA,4,4,4e-06,0.01,1400,22371.965395071027,59.385666,19.19192,56.254738,69.62756,75.680084,50.860096,50.723305,78.1,84.353745,22.747217,945.9229,0.55162793,1.073331,0.74133813,8631.6
Arena-Hard,ASHA,5,4,4e-06,0.01,1400,22356.964163400648,59.385666,19.19192,56.254738,69.62756,75.680084,50.860096,50.723305,78.1,84.353745,22.747217,945.9229,0.55162793,1.073331,0.74133813,8631.6
Arena-Hard,ASHA,6,5,4e-06,0.01,1400,33742.09805355263,59.385666,19.19192,56.254738,69.62756,75.680084,50.860096,50.723305,78.1,84.353745,22.747217,945.9229,0.55162793,1.073331,0.74133813,8631.6
Arena-Hard,ASHA,7,1,4e-06,0.01,1400,8631.701395845412,59.385666,19.19192,56.254738,69.62756,75.680084,50.860096,50.723305,78.1,84.353745,22.747217,945.9229,0.55162793,1.073331,0.74133813,8631.6
Arena-Hard,ASHA,8,2,4e-06,0.01,1400,21106.863146877287,59.385666,19.19192,56.254738,69.62756,75.680084,50.860096,50.723305,78.1,84.353745,22.747217,945.9229,0.55162793,1.073331,0.74133813,8631.6
Arena-Hard,ASHA,9,0,4e-06,0.01,1400,8631.701838588713,59.385666,19.19192,56.254738,69.62756,75.680084,50.860096,50.723305,78.1,84.353745,22.747217,945.9229,0.55162793,1.073331,0.74133813,8631.6
Arena-Hard,ASHA,10,8,4e-06,0.02,1200,46103.361004690174,59.47099,21.717173,57.240334,69.60765,75.51687,51.3951,50.026375,76.6,89.11565,21.393772,937.7151,0.70896316,1.0835112,0.84516245,7382.6
Arena-Hard,ASHA,11,3,4e-06,0.01,1400,21171.84965047836,59.385666,19.19192,56.254738,69.62756,75.680084,50.860096,50.723305,78.1,84.353745,22.747217,945.9229,0.55162793,1.073331,0.74133813,8631.6
Arena-Hard,ASHA,12,0,4e-06,0.02,1800,11074.002435064314,59.385666,20.707071,56.330555,69.5479,75.7345,51.593643,49.248272,77.666664,78.47682,22.222586,915.6758,0.826696,0.83799964,0.83080643,11073.9
Arena-Hard,ASHA,13,0,4e-06,0.01,1400,8631.701519584654,59.385666,19.19192,56.254738,69.62756,75.680084,50.860096,50.723305,78.1,84.353745,22.747217,945.9229,0.55162793,1.073331,0.74133813,8631.6
Arena-Hard,ASHA,14,6,4e-06,0.01,1400,33632.200504879,59.385666,19.19192,56.254738,69.62756,75.680084,50.860096,50.723305,78.1,84.353745,22.747217,945.9229,0.55162793,1.073331,0.74133813,8631.6
Arena-Hard,ASHA,15,6,4e-06,0.02,1800,37324.52156148339,59.385666,20.707071,56.330555,69.5479,75.7345,51.593643,49.248272,77.666664,78.47682,22.222586,915.6758,0.826696,0.83799964,0.83080643,11073.9
Arena-Hard,ASHA,16,11,4e-06,0.01,600,44955.328139169695,58.447098,20.20202,54.662624,69.4284,75.680084,50.070915,51.618816,78.066666,85.57047,21.252981,959.62146,0.52673775,1.2850465,0.80248636,3699.3
Arena-Hard,ASHA,17,3,4e-06,0.01,1400,21126.84798941612,59.385666,19.19192,56.254738,69.62756,75.680084,50.860096,50.723305,78.1,84.353745,22.747217,945.9229,0.55162793,1.073331,0.74133813,8631.6
Arena-Hard,ASHA,18,0,4e-06,0.01,1400,8631.701738929747,59.385666,19.19192,56.254738,69.62756,75.680084,50.860096,50.723305,78.1,84.353745,22.747217,945.9229,0.55162793,1.073331,0.74133813,8631.6
Arena-Hard,ASHA,19,9,4e-06,0.01,1400,45952.57027350235,59.385666,19.19192,56.254738,69.62756,75.680084,50.860096,50.723305,78.1,84.353745,22.747217,945.9229,0.55162793,1.073331,0.74133813,8631.6
Arena-Hard,ASHA,20,0,4e-06,0.01,1400,8631.701212024687,59.385666,19.19192,56.254738,69.62756,75.680084,50.860096,50.723305,78.1,84.353745,22.747217,945.9229,0.55162793,1.073331,0.74133813,8631.6
Arena-Hard,ASHA,21,7,4e-06,0.01,1400,33647.30186091042,59.385666,19.19192,56.254738,69.62756,75.680084,50.860096,50.723305,78.1,84.353745,22.747217,945.9229,0.55162793,1.073331,0.74133813,8631.6
Arena-Hard,ASHA,22,3,4e-06,0.01,1400,21171.849129772185,59.385666,19.19192,56.254738,69.62756,75.680084,50.860096,50.723305,78.1,84.353745,22.747217,945.9229,0.55162793,1.073331,0.74133813,8631.6
Arena-Hard,ASHA,23,0,4e-06,0.01,1400,8631.701289510725,59.385666,19.19192,56.254738,69.62756,75.680084,50.860096,50.723305,78.1,84.353745,22.747217,945.9229,0.55162793,1.073331,0.74133813,8631.6
Arena-Hard,ASHA,24,0,4e-06,0.01,1400,8631.701680040358,59.385666,19.19192,56.254738,69.62756,75.680084,50.860096,50.723305,78.1,84.353745,22.747217,945.9229,0.55162793,1.073331,0.74133813,8631.6
Arena-Hard,BOHB,0,7,4e-06,0.01,1400,23587.28511772918,59.385666,19.19192,56.254738,69.62756,75.680084,50.860096,50.723305,78.1,84.353745,22.747217,945.9229,0.55162793,1.073331,0.74133813,8631.6
Arena-Hard,BOHB,1,0,2e-06,0.01,1000,6141.101879215241,58.191128,20.20202,53.44958,68.47241,76.060936,47.843754,44.414764,73.066666,76.736115,18.481031,947.7427,-0.28131455,0.58078563,0.032176424,6141.0
Arena-Hard,BOHB,2,2,4e-06,0.01,1400,21106.84771165848,59.385666,19.19192,56.254738,69.62756,75.680084,50.860096,50.723305,78.1,84.353745,22.747217,945.9229,0.55162793,1.073331,0.74133813,8631.6
Arena-Hard,BOHB,3,0,4e-06,0.01,1400,8631.701310014723,59.385666,19.19192,56.254738,69.62756,75.680084,50.860096,50.723305,78.1,84.353745,22.747217,945.9229,0.55162793,1.073331,0.74133813,8631.6
Arena-Hard,BOHB,4,4,4e-06,0.01,1400,22371.96782336425,59.385666,19.19192,56.254738,69.62756,75.680084,50.860096,50.723305,78.1,84.353745,22.747217,945.9229,0.55162793,1.073331,0.74133813,8631.6
Arena-Hard,BOHB,5,4,4e-06,0.01,1400,22356.96670470428,59.385666,19.19192,56.254738,69.62756,75.680084,50.860096,50.723305,78.1,84.353745,22.747217,945.9229,0.55162793,1.073331,0.74133813,8631.6
Arena-Hard,BOHB,6,7,4e-06,0.01,1400,37367.24309001351,59.385666,19.19192,56.254738,69.62756,75.680084,50.860096,50.723305,78.1,84.353745,22.747217,945.9229,0.55162793,1.073331,0.74133813,8631.6
Arena-Hard,BOHB,7,1,4e-06,0.01,1400,8631.701356983183,59.385666,19.19192,56.254738,69.62756,75.680084,50.860096,50.723305,78.1,84.353745,22.747217,945.9229,0.55162793,1.073331,0.74133813,8631.6
Arena-Hard,BOHB,8,2,4e-06,0.01,1400,21106.854650354384,59.385666,19.19192,56.254738,69.62756,75.680084,50.860096,50.723305,78.1,84.353745,22.747217,945.9229,0.55162793,1.073331,0.74133813,8631.6
Arena-Hard,BOHB,9,0,4e-06,0.01,1400,8631.701476192473,59.385666,19.19192,56.254738,69.62756,75.680084,50.860096,50.723305,78.1,84.353745,22.747217,945.9229,0.55162793,1.073331,0.74133813,8631.6
Arena-Hard,BOHB,10,9,4e-06,0.04,1000,34871.24747501183,58.788395,20.707071,56.86126,69.32882,76.22416,51.37511,49.23453,75.73333,81.63265,17.550583,912.20013,0.73411965,0.6635868,0.70847136,6155.4
Arena-Hard,BOHB,11,3,4e-06,0.01,1400,21171.84914216995,59.385666,19.19192,56.254738,69.62756,75.680084,50.860096,50.723305,78.1,84.353745,22.747217,945.9229,0.55162793,1.073331,0.74133813,8631.6
Arena-Hard,BOHB,12,0,4e-06,0.02,1800,11074.00234184265,59.385666,20.707071,56.330555,69.5479,75.7345,51.593643,49.248272,77.666664,78.47682,22.222586,915.6758,0.826696,0.83799964,0.83080643,11073.9
Arena-Hard,BOHB,13,0,4e-06,0.01,1400,8631.701464033125,59.385666,19.19192,56.254738,69.62756,75.680084,50.860096,50.723305,78.1,84.353745,22.747217,945.9229,0.55162793,1.073331,0.74133813,8631.6
Arena-Hard,BOHB,14,1,4e-06,0.02,1800,11074.002383089064,59.385666,20.707071,56.330555,69.5479,75.7345,51.593643,49.248272,77.666664,78.47682,22.222586,915.6758,0.826696,0.83799964,0.83080643,11073.9
Arena-Hard,BOHB,15,10,4e-06,0.02,1800,40959.86501990318,59.385666,20.707071,56.330555,69.5479,75.7345,51.593643,49.248272,77.666664,78.47682,22.222586,915.6758,0.826696,0.83799964,0.83080643,11073.9
Arena-Hard,BOHB,16,6,4e-06,0.04,1000,32410.91888556671,58.788395,20.707071,56.86126,69.32882,76.22416,51.37511,49.23453,75.73333,81.63265,17.550583,912.20013,0.73411965,0.6635868,0.70847136,6155.4
Arena-Hard,BOHB,17,3,4e-06,0.01,1400,21126.849320507048,59.385666,19.19192,56.254738,69.62756,75.680084,50.860096,50.723305,78.1,84.353745,22.747217,945.9229,0.55162793,1.073331,0.74133813,8631.6
Arena-Hard,BOHB,18,0,4e-06,0.01,1400,8631.701431131361,59.385666,19.19192,56.254738,69.62756,75.680084,50.860096,50.723305,78.1,84.353745,22.747217,945.9229,0.55162793,1.073331,0.74133813,8631.6
Arena-Hard,BOHB,19,7,4e-06,0.01,1400,36097.24115000153,59.385666,19.19192,56.254738,69.62756,75.680084,50.860096,50.723305,78.1,84.353745,22.747217,945.9229,0.55162793,1.073331,0.74133813,8631.6
Arena-Hard,BOHB,20,0,4e-06,0.01,1400,8631.701588010787,59.385666,19.19192,56.254738,69.62756,75.680084,50.860096,50.723305,78.1,84.353745,22.747217,945.9229,0.55162793,1.073331,0.74133813,8631.6
Arena-Hard,BOHB,21,9,4e-06,0.04,1000,38646.29724107552,58.788395,20.707071,56.86126,69.32882,76.22416,51.37511,49.23453,75.73333,81.63265,17.550583,912.20013,0.73411965,0.6635868,0.70847136,6155.4
Arena-Hard,BOHB,22,3,4e-06,0.01,1400,21171.850034332278,59.385666,19.19192,56.254738,69.62756,75.680084,50.860096,50.723305,78.1,84.353745,22.747217,945.9229,0.55162793,1.073331,0.74133813,8631.6
Arena-Hard,BOHB,23,0,4e-06,0.01,1400,8631.701498842238,59.385666,19.19192,56.254738,69.62756,75.680084,50.860096,50.723305,78.1,84.353745,22.747217,945.9229,0.55162793,1.073331,0.74133813,8631.6
Arena-Hard,BOHB,24,0,4e-06,0.01,1400,8631.703745937346,59.385666,19.19192,56.254738,69.62756,75.680084,50.860096,50.723305,78.1,84.353745,22.747217,945.9229,0.55162793,1.073331,0.74133813,8631.6
Arena-Hard,BOTorch,0,1,1e-06,0.01,2000,12347.30323371887,57.508533,20.707071,41.77407,67.5961,75.62568,47.385075,40.21574,60.433334,66.11842,5.762843,797.3752,-1.0311357,-1.3642226,-1.1522583,12347.2
Arena-Hard,BOTorch,1,0,2e-06,0.01,1000,6141.101969814301,58.191128,20.20202,53.44958,68.47241,76.060936,47.843754,44.414764,73.066666,76.736115,18.481031,947.7427,-0.28131455,0.58078563,0.032176424,6141.0
Arena-Hard,BOTorch,2,3,4e-06,0.01,1400,21136.85715112686,59.385666,19.19192,56.254738,69.62756,75.680084,50.860096,50.723305,78.1,84.353745,22.747217,945.9229,0.55162793,1.073331,0.74133813,8631.6
Arena-Hard,BOTorch,3,3,2e-06,0.01,1000,18636.24799785614,58.191128,20.20202,53.44958,68.47241,76.060936,47.843754,44.414764,73.066666,76.736115,18.481031,947.7427,-0.28131455,0.58078563,0.032176424,6141.0
Arena-Hard,BOTorch,4,0,4e-06,0.01,1400,8631.701439476012,59.385666,19.19192,56.254738,69.62756,75.680084,50.860096,50.723305,78.1,84.353745,22.747217,945.9229,0.55162793,1.073331,0.74133813,8631.6
Arena-Hard,BOTorch,5,0,4e-06,0.04,1000,6155.501737689972,58.788395,20.707071,56.86126,69.32882,76.22416,51.37511,49.23453,75.73333,81.63265,17.550583,912.20013,0.73411965,0.6635868,0.70847136,6155.4
Arena-Hard,BOTorch,6,0,4e-06,0.01,1400,8631.701281642912,59.385666,19.19192,56.254738,69.62756,75.680084,50.860096,50.723305,78.1,84.353745,22.747217,945.9229,0.55162793,1.073331,0.74133813,8631.6
Arena-Hard,BOTorch,7,0,2e-06,0.02,1800,11113.40168056488,58.447098,21.212122,53.98029,68.41267,75.89771,48.54993,44.28987,71.86667,78.81944,16.805481,936.9572,0.08688287,0.53218746,0.24881181,11113.3
Arena-Hard,BOTorch,8,0,4e-06,0.04,1000,6155.501780843735,58.788395,20.707071,56.86126,69.32882,76.22416,51.37511,49.23453,75.73333,81.63265,17.550583,912.20013,0.73411965,0.6635868,0.70847136,6155.4
Arena-Hard,BOTorch,9,1,2e-06,0.01,1000,6141.101669406891,58.191128,20.20202,53.44958,68.47241,76.060936,47.843754,44.414764,73.066666,76.736115,18.481031,947.7427,-0.28131455,0.58078563,0.032176424,6141.0
Arena-Hard,BOTorch,10,1,4e-06,0.04,1000,6155.50178847313,58.788395,20.707071,56.86126,69.32882,76.22416,51.37511,49.23453,75.73333,81.63265,17.550583,912.20013,0.73411965,0.6635868,0.70847136,6155.4
Arena-Hard,BOTorch,11,3,4e-06,0.01,1400,21171.85729036331,59.385666,19.19192,56.254738,69.62756,75.680084,50.860096,50.723305,78.1,84.353745,22.747217,945.9229,0.55162793,1.073331,0.74133813,8631.6
Arena-Hard,BOTorch,12,0,2e-06,0.01,1000,6141.101705646515,58.191128,20.20202,53.44958,68.47241,76.060936,47.843754,44.414764,73.066666,76.736115,18.481031,947.7427,-0.28131455,0.58078563,0.032176424,6141.0
Arena-Hard,BOTorch,13,3,4e-06,0.01,1400,21171.853625392912,59.385666,19.19192,56.254738,69.62756,75.680084,50.860096,50.723305,78.1,84.353745,22.747217,945.9229,0.55162793,1.073331,0.74133813,8631.6
Arena-Hard,BOTorch,14,0,4e-06,0.01,1400,8631.701536273955,59.385666,19.19192,56.254738,69.62756,75.680084,50.860096,50.723305,78.1,84.353745,22.747217,945.9229,0.55162793,1.073331,0.74133813,8631.6
Arena-Hard,BOTorch,15,0,4e-06,0.02,1800,11074.002388334273,59.385666,20.707071,56.330555,69.5479,75.7345,51.593643,49.248272,77.666664,78.47682,22.222586,915.6758,0.826696,0.83799964,0.83080643,11073.9
Arena-Hard,BOTorch,16,3,2e-06,0.01,1000,18636.248765563963,58.191128,20.20202,53.44958,68.47241,76.060936,47.843754,44.414764,73.066666,76.736115,18.481031,947.7427,-0.28131455,0.58078563,0.032176424,6141.0
Arena-Hard,BOTorch,17,2,4e-06,0.04,1000,18695.648276185988,58.788395,20.707071,56.86126,69.32882,76.22416,51.37511,49.23453,75.73333,81.63265,17.550583,912.20013,0.73411965,0.6635868,0.70847136,6155.4
Arena-Hard,BOTorch,18,0,4e-06,0.01,1400,8631.701458549498,59.385666,19.19192,56.254738,69.62756,75.680084,50.860096,50.723305,78.1,84.353745,22.747217,945.9229,0.55162793,1.073331,0.74133813,8631.6
Arena-Hard,BOTorch,19,1,2e-06,0.02,1800,11113.40191683769,58.447098,21.212122,53.98029,68.41267,75.89771,48.54993,44.28987,71.86667,78.81944,16.805481,936.9572,0.08688287,0.53218746,0.24881181,11113.3
Arena-Hard,BOTorch,20,0,2e-06,0.01,1000,6141.1017395019535,58.191128,20.20202,53.44958,68.47241,76.060936,47.843754,44.414764,73.066666,76.736115,18.481031,947.7427,-0.28131455,0.58078563,0.032176424,6141.0
Arena-Hard,BOTorch,21,1,4e-06,0.02,1800,11074.00216231346,59.385666,20.707071,56.330555,69.5479,75.7345,51.593643,49.248272,77.666664,78.47682,22.222586,915.6758,0.826696,0.83799964,0.83080643,11073.9
Arena-Hard,BOTorch,22,1,2e-06,0.04,1400,8610.20132408142,58.361774,22.727272,52.16073,68.273254,75.89771,48.642525,41.58211,69.166664,81.78808,13.9110365,911.17474,0.13790397,0.23174064,0.1720264,8610.1
Arena-Hard,BOTorch,23,1,4e-06,0.01,1400,8631.701344823836,59.385666,19.19192,56.254738,69.62756,75.680084,50.860096,50.723305,78.1,84.353745,22.747217,945.9229,0.55162793,1.073331,0.74133813,8631.6
Arena-Hard,BOTorch,24,0,4e-06,0.01,1400,8631.701441144942,59.385666,19.19192,56.254738,69.62756,75.680084,50.860096,50.723305,78.1,84.353745,22.747217,945.9229,0.55162793,1.073331,0.74133813,8631.6
Arena-Hard,CQR,0,7,2e-06,0.01,1000,43727.163860178,58.191128,20.20202,53.44958,68.47241,76.060936,47.843754,44.414764,73.066666,76.736115,18.481031,947.7427,-0.28131455,0.58078563,0.032176424,6141.0
Arena-Hard,CQR,1,0,2e-06,0.01,1000,6141.101565456391,58.191128,20.20202,53.44958,68.47241,76.060936,47.843754,44.414764,73.066666,76.736115,18.481031,947.7427,-0.28131455,0.58078563,0.032176424,6141.0
Arena-Hard,CQR,2,2,4e-06,0.01,1400,21106.84750399589,59.385666,19.19192,56.254738,69.62756,75.680084,50.860096,50.723305,78.1,84.353745,22.747217,945.9229,0.55162793,1.073331,0.74133813,8631.6
Arena-Hard,CQR,3,0,4e-06,0.01,1400,8631.701228952406,59.385666,19.19192,56.254738,69.62756,75.680084,50.860096,50.723305,78.1,84.353745,22.747217,945.9229,0.55162793,1.073331,0.74133813,8631.6
Arena-Hard,CQR,4,4,4e-06,0.01,1400,33666.99435219765,59.385666,19.19192,56.254738,69.62756,75.680084,50.860096,50.723305,78.1,84.353745,22.747217,945.9229,0.55162793,1.073331,0.74133813,8631.6
Arena-Hard,CQR,5,4,4e-06,0.01,1400,33602.00806484223,59.385666,19.19192,56.254738,69.62756,75.680084,50.860096,50.723305,78.1,84.353745,22.747217,945.9229,0.55162793,1.073331,0.74133813,8631.6
Arena-Hard,CQR,6,0,4e-06,0.02,1800,11074.001968479157,59.385666,20.707071,56.330555,69.5479,75.7345,51.593643,49.248272,77.666664,78.47682,22.222586,915.6758,0.826696,0.83799964,0.83080643,11073.9
Arena-Hard,CQR,7,1,4e-06,0.01,1400,8631.701621627806,59.385666,19.19192,56.254738,69.62756,75.680084,50.860096,50.723305,78.1,84.353745,22.747217,945.9229,0.55162793,1.073331,0.74133813,8631.6
Arena-Hard,CQR,8,2,4e-06,0.01,1400,21106.84946379661,59.385666,19.19192,56.254738,69.62756,75.680084,50.860096,50.723305,78.1,84.353745,22.747217,945.9229,0.55162793,1.073331,0.74133813,8631.6
Arena-Hard,CQR,9,0,4e-06,0.01,1400,8631.701579904555,59.385666,19.19192,56.254738,69.62756,75.680084,50.860096,50.723305,78.1,84.353745,22.747217,945.9229,0.55162793,1.073331,0.74133813,8631.6
Arena-Hard,CQR,10,2,2e-06,0.01,1000,18681.249489641188,58.191128,20.20202,53.44958,68.47241,76.060936,47.843754,44.414764,73.066666,76.736115,18.481031,947.7427,-0.28131455,0.58078563,0.032176424,6141.0
Arena-Hard,CQR,11,3,4e-06,0.01,1400,21171.85120639801,59.385666,19.19192,56.254738,69.62756,75.680084,50.860096,50.723305,78.1,84.353745,22.747217,945.9229,0.55162793,1.073331,0.74133813,8631.6
Arena-Hard,CQR,12,0,4e-06,0.02,1800,11074.002310371396,59.385666,20.707071,56.330555,69.5479,75.7345,51.593643,49.248272,77.666664,78.47682,22.222586,915.6758,0.826696,0.83799964,0.83080643,11073.9
Arena-Hard,CQR,13,0,4e-06,0.01,1400,8631.701561307906,59.385666,19.19192,56.254738,69.62756,75.680084,50.860096,50.723305,78.1,84.353745,22.747217,945.9229,0.55162793,1.073331,0.74133813,8631.6
Arena-Hard,CQR,14,1,4e-06,0.02,1800,11074.002518272398,59.385666,20.707071,56.330555,69.5479,75.7345,51.593643,49.248272,77.666664,78.47682,22.222586,915.6758,0.826696,0.83799964,0.83080643,11073.9
Arena-Hard,CQR,15,5,2e-06,0.01,1000,31156.400537347792,58.191128,20.20202,53.44958,68.47241,76.060936,47.843754,44.414764,73.066666,76.736115,18.481031,947.7427,-0.28131455,0.58078563,0.032176424,6141.0
Arena-Hard,CQR,16,2,2e-06,0.01,1000,18636.24849281311,58.191128,20.20202,53.44958,68.47241,76.060936,47.843754,44.414764,73.066666,76.736115,18.481031,947.7427,-0.28131455,0.58078563,0.032176424,6141.0
Arena-Hard,CQR,17,3,4e-06,0.01,1400,21126.84700450897,59.385666,19.19192,56.254738,69.62756,75.680084,50.860096,50.723305,78.1,84.353745,22.747217,945.9229,0.55162793,1.073331,0.74133813,8631.6
Arena-Hard,CQR,18,0,4e-06,0.01,1400,8631.701790904997,59.385666,19.19192,56.254738,69.62756,75.680084,50.860096,50.723305,78.1,84.353745,22.747217,945.9229,0.55162793,1.073331,0.74133813,8631.6
Arena-Hard,CQR,19,5,4e-06,0.02,1800,36109.29942593575,59.385666,20.707071,56.330555,69.5479,75.7345,51.593643,49.248272,77.666664,78.47682,22.222586,915.6758,0.826696,0.83799964,0.83080643,11073.9
Arena-Hard,CQR,20,0,4e-06,0.01,1400,8631.701197719573,59.385666,19.19192,56.254738,69.62756,75.680084,50.860096,50.723305,78.1,84.353745,22.747217,945.9229,0.55162793,1.073331,0.74133813,8631.6
Arena-Hard,CQR,21,0,2e-06,0.01,1000,6141.101582860947,58.191128,20.20202,53.44958,68.47241,76.060936,47.843754,44.414764,73.066666,76.736115,18.481031,947.7427,-0.28131455,0.58078563,0.032176424,6141.0
Arena-Hard,CQR,22,3,4e-06,0.01,1400,21171.847951745985,59.385666,19.19192,56.254738,69.62756,75.680084,50.860096,50.723305,78.1,84.353745,22.747217,945.9229,0.55162793,1.073331,0.74133813,8631.6
Arena-Hard,CQR,23,0,4e-06,0.01,1400,8631.701923227309,59.385666,19.19192,56.254738,69.62756,75.680084,50.860096,50.723305,78.1,84.353745,22.747217,945.9229,0.55162793,1.073331,0.74133813,8631.6
Arena-Hard,CQR,24,0,4e-06,0.01,1400,8631.701748943327,59.385666,19.19192,56.254738,69.62756,75.680084,50.860096,50.723305,78.1,84.353745,22.747217,945.9229,0.55162793,1.073331,0.74133813,8631.6
Arena-Hard,RandomSearch,0,6,4e-06,0.02,1200,44828.14210948945,59.47099,21.717173,57.240334,69.60765,75.51687,51.3951,50.026375,76.6,89.11565,21.393772,937.7151,0.70896316,1.0835112,0.84516245,7382.6
Arena-Hard,RandomSearch,1,3,4e-06,0.01,1400,21186.848106241225,59.385666,19.19192,56.254738,69.62756,75.680084,50.860096,50.723305,78.1,84.353745,22.747217,945.9229,0.55162793,1.073331,0.74133813,8631.6
Arena-Hard,RandomSearch,2,5,4e-06,0.01,1400,33727.002808904654,59.385666,19.19192,56.254738,69.62756,75.680084,50.860096,50.723305,78.1,84.353745,22.747217,945.9229,0.55162793,1.073331,0.74133813,8631.6
Arena-Hard,RandomSearch,3,3,4e-06,0.01,1400,21171.8494931221,59.385666,19.19192,56.254738,69.62756,75.680084,50.860096,50.723305,78.1,84.353745,22.747217,945.9229,0.55162793,1.073331,0.74133813,8631.6
Arena-Hard,RandomSearch,4,7,4e-06,0.01,600,41299.84516320229,58.447098,20.20202,54.662624,69.4284,75.680084,50.070915,51.618816,78.066666,85.57047,21.252981,959.62146,0.52673775,1.2850465,0.80248636,3699.3
Arena-Hard,RandomSearch,5,7,4e-06,0.01,600,41289.8452557087,58.447098,20.20202,54.662624,69.4284,75.680084,50.070915,51.618816,78.066666,85.57047,21.252981,959.62146,0.52673775,1.2850465,0.80248636,3699.3
Arena-Hard,RandomSearch,6,6,4e-06,0.04,1000,43660.94275293351,58.788395,20.707071,56.86126,69.32882,76.22416,51.37511,49.23453,75.73333,81.63265,17.550583,912.20013,0.73411965,0.6635868,0.70847136,6155.4
Arena-Hard,RandomSearch,7,0,4e-06,0.01,1400,8631.702146387099,59.385666,19.19192,56.254738,69.62756,75.680084,50.860096,50.723305,78.1,84.353745,22.747217,945.9229,0.55162793,1.073331,0.74133813,8631.6
Arena-Hard,RandomSearch,8,3,4e-06,0.02,1800,23614.150015211104,59.385666,20.707071,56.330555,69.5479,75.7345,51.593643,49.248272,77.666664,78.47682,22.222586,915.6758,0.826696,0.83799964,0.83080643,11073.9
Arena-Hard,RandomSearch,9,2,4e-06,0.02,1800,23579.148429727557,59.385666,20.707071,56.330555,69.5479,75.7345,51.593643,49.248272,77.666664,78.47682,22.222586,915.6758,0.826696,0.83799964,0.83080643,11073.9
Arena-Hard,RandomSearch,10,0,4e-06,0.01,1400,8631.70180544853,59.385666,19.19192,56.254738,69.62756,75.680084,50.860096,50.723305,78.1,84.353745,22.747217,945.9229,0.55162793,1.073331,0.74133813,8631.6
Arena-Hard,RandomSearch,11,0,4e-06,0.01,1400,8631.701213932036,59.385666,19.19192,56.254738,69.62756,75.680084,50.860096,50.723305,78.1,84.353745,22.747217,945.9229,0.55162793,1.073331,0.74133813,8631.6
Arena-Hard,RandomSearch,12,6,4e-06,0.01,1400,46142.1434536934,59.385666,19.19192,56.254738,69.62756,75.680084,50.860096,50.723305,78.1,84.353745,22.747217,945.9229,0.55162793,1.073331,0.74133813,8631.6
Arena-Hard,RandomSearch,13,5,4e-06,0.01,1400,33691.99488816262,59.385666,19.19192,56.254738,69.62756,75.680084,50.860096,50.723305,78.1,84.353745,22.747217,945.9229,0.55162793,1.073331,0.74133813,8631.6
Arena-Hard,RandomSearch,14,6,4e-06,0.01,1400,46157.139535760885,59.385666,19.19192,56.254738,69.62756,75.680084,50.860096,50.723305,78.1,84.353745,22.747217,945.9229,0.55162793,1.073331,0.74133813,8631.6
Arena-Hard,RandomSearch,15,5,4e-06,0.04,1000,31185.79578957557,58.788395,20.707071,56.86126,69.32882,76.22416,51.37511,49.23453,75.73333,81.63265,17.550583,912.20013,0.73411965,0.6635868,0.70847136,6155.4
Arena-Hard,RandomSearch,16,0,4e-06,0.01,1400,8631.701651668547,59.385666,19.19192,56.254738,69.62756,75.680084,50.860096,50.723305,78.1,84.353745,22.747217,945.9229,0.55162793,1.073331,0.74133813,8631.6
Arena-Hard,RandomSearch,17,0,4e-06,0.02,1800,11074.003210163117,59.385666,20.707071,56.330555,69.5479,75.7345,51.593643,49.248272,77.666664,78.47682,22.222586,915.6758,0.826696,0.83799964,0.83080643,11073.9
Arena-Hard,RandomSearch,18,1,4e-06,0.02,1800,11074.002310371396,59.385666,20.707071,56.330555,69.5479,75.7345,51.593643,49.248272,77.666664,78.47682,22.222586,915.6758,0.826696,0.83799964,0.83080643,11073.9
Arena-Hard,RandomSearch,19,2,2e-06,0.01,1000,18696.24940714836,58.191128,20.20202,53.44958,68.47241,76.060936,47.843754,44.414764,73.066666,76.736115,18.481031,947.7427,-0.28131455,0.58078563,0.032176424,6141.0
Arena-Hard,RandomSearch,20,7,4e-06,0.01,600,41249.8431652546,58.447098,20.20202,54.662624,69.4284,75.680084,50.070915,51.618816,78.066666,85.57047,21.252981,959.62146,0.52673775,1.2850465,0.80248636,3699.3
Arena-Hard,RandomSearch,21,0,4e-06,0.01,1400,8631.701473093031,59.385666,19.19192,56.254738,69.62756,75.680084,50.860096,50.723305,78.1,84.353745,22.747217,945.9229,0.55162793,1.073331,0.74133813,8631.6
Arena-Hard,RandomSearch,22,0,4e-06,0.02,1800,11074.001998758316,59.385666,20.707071,56.330555,69.5479,75.7345,51.593643,49.248272,77.666664,78.47682,22.222586,915.6758,0.826696,0.83799964,0.83080643,11073.9
Arena-Hard,RandomSearch,23,4,4e-06,0.01,1400,33711.9961327076,59.385666,19.19192,56.254738,69.62756,75.680084,50.860096,50.723305,78.1,84.353745,22.747217,945.9229,0.55162793,1.073331,0.74133813,8631.6
Arena-Hard,RandomSearch,24,2,4e-06,0.01,1400,21106.84856853485,59.385666,19.19192,56.254738,69.62756,75.680084,50.860096,50.723305,78.1,84.353745,22.747217,945.9229,0.55162793,1.073331,0.74133813,8631.6
Arena-Hard,TPE,0,0,4e-06,0.01,1400,8631.701622104643,59.385666,19.19192,56.254738,69.62756,75.680084,50.860096,50.723305,78.1,84.353745,22.747217,945.9229,0.55162793,1.073331,0.74133813,8631.6
Arena-Hard,TPE,1,5,4e-06,0.02,1800,36119.30542597771,59.385666,20.707071,56.330555,69.5479,75.7345,51.593643,49.248272,77.666664,78.47682,22.222586,915.6758,0.826696,0.83799964,0.83080643,11073.9
Arena-Hard,TPE,2,6,4e-06,0.01,600,41254.8457420826,58.447098,20.20202,54.662624,69.4284,75.680084,50.070915,51.618816,78.066666,85.57047,21.252981,959.62146,0.52673775,1.2850465,0.80248636,3699.3
Arena-Hard,TPE,3,0,4e-06,0.01,1400,8631.701226091383,59.385666,19.19192,56.254738,69.62756,75.680084,50.860096,50.723305,78.1,84.353745,22.747217,945.9229,0.55162793,1.073331,0.74133813,8631.6
Arena-Hard,TPE,4,6,4e-06,0.04,1000,43665.9409357071,58.788395,20.707071,56.86126,69.32882,76.22416,51.37511,49.23453,75.73333,81.63265,17.550583,912.20013,0.73411965,0.6635868,0.70847136,6155.4
Arena-Hard,TPE,5,4,4e-06,0.02,1800,36024.296903228766,59.385666,20.707071,56.330555,69.5479,75.7345,51.593643,49.248272,77.666664,78.47682,22.222586,915.6758,0.826696,0.83799964,0.83080643,11073.9
Arena-Hard,TPE,6,1,2e-06,0.01,1000,6141.101591920853,58.191128,20.20202,53.44958,68.47241,76.060936,47.843754,44.414764,73.066666,76.736115,18.481031,947.7427,-0.28131455,0.58078563,0.032176424,6141.0
Arena-Hard,TPE,7,5,4e-06,0.01,1400,33676.9982064724,59.385666,19.19192,56.254738,69.62756,75.680084,50.860096,50.723305,78.1,84.353745,22.747217,945.9229,0.55162793,1.073331,0.74133813,8631.6
Arena-Hard,TPE,8,5,4e-06,0.01,1400,33681.99520049096,59.385666,19.19192,56.254738,69.62756,75.680084,50.860096,50.723305,78.1,84.353745,22.747217,945.9229,0.55162793,1.073331,0.74133813,8631.6
Arena-Hard,TPE,9,3,4e-06,0.01,1400,21171.847528553008,59.385666,19.19192,56.254738,69.62756,75.680084,50.860096,50.723305,78.1,84.353745,22.747217,945.9229,0.55162793,1.073331,0.74133813,8631.6
Arena-Hard,TPE,10,3,4e-06,0.01,1400,21126.848646259303,59.385666,19.19192,56.254738,69.62756,75.680084,50.860096,50.723305,78.1,84.353745,22.747217,945.9229,0.55162793,1.073331,0.74133813,8631.6
Arena-Hard,TPE,11,2,4e-06,0.01,1400,21106.864661073683,59.385666,19.19192,56.254738,69.62756,75.680084,50.860096,50.723305,78.1,84.353745,22.747217,945.9229,0.55162793,1.073331,0.74133813,8631.6
Arena-Hard,TPE,12,2,4e-06,0.04,1000,18630.648820734023,58.788395,20.707071,56.86126,69.32882,76.22416,51.37511,49.23453,75.73333,81.63265,17.550583,912.20013,0.73411965,0.6635868,0.70847136,6155.4
Arena-Hard,TPE,13,5,4e-06,0.01,1400,33681.993902063376,59.385666,19.19192,56.254738,69.62756,75.680084,50.860096,50.723305,78.1,84.353745,22.747217,945.9229,0.55162793,1.073331,0.74133813,8631.6
Arena-Hard,TPE,14,1,4e-06,0.01,1400,8631.701614952086,59.385666,19.19192,56.254738,69.62756,75.680084,50.860096,50.723305,78.1,84.353745,22.747217,945.9229,0.55162793,1.073331,0.74133813,8631.6
Arena-Hard,TPE,15,2,4e-06,0.04,1000,18650.662215566637,58.788395,20.707071,56.86126,69.32882,76.22416,51.37511,49.23453,75.73333,81.63265,17.550583,912.20013,0.73411965,0.6635868,0.70847136,6155.4
Arena-Hard,TPE,16,3,4e-06,0.01,1400,21106.858636474608,59.385666,19.19192,56.254738,69.62756,75.680084,50.860096,50.723305,78.1,84.353745,22.747217,945.9229,0.55162793,1.073331,0.74133813,8631.6
Arena-Hard,TPE,17,3,4e-06,0.01,1400,21186.86086783409,59.385666,19.19192,56.254738,69.62756,75.680084,50.860096,50.723305,78.1,84.353745,22.747217,945.9229,0.55162793,1.073331,0.74133813,8631.6
Arena-Hard,TPE,18,5,4e-06,0.02,1800,36169.29667148591,59.385666,20.707071,56.330555,69.5479,75.7345,51.593643,49.248272,77.666664,78.47682,22.222586,915.6758,0.826696,0.83799964,0.83080643,11073.9
Arena-Hard,TPE,19,7,4e-06,0.01,600,41254.855903005606,58.447098,20.20202,54.662624,69.4284,75.680084,50.070915,51.618816,78.066666,85.57047,21.252981,959.62146,0.52673775,1.2850465,0.80248636,3699.3
Arena-Hard,TPE,20,0,4e-06,0.01,1400,8631.701482152937,59.385666,19.19192,56.254738,69.62756,75.680084,50.860096,50.723305,78.1,84.353745,22.747217,945.9229,0.55162793,1.073331,0.74133813,8631.6
Arena-Hard,TPE,21,0,4e-06,0.02,1800,11074.002014017104,59.385666,20.707071,56.330555,69.5479,75.7345,51.593643,49.248272,77.666664,78.47682,22.222586,915.6758,0.826696,0.83799964,0.83080643,11073.9
Arena-Hard,TPE,22,2,4e-06,0.02,1800,23569.14784488678,59.385666,20.707071,56.330555,69.5479,75.7345,51.593643,49.248272,77.666664,78.47682,22.222586,915.6758,0.826696,0.83799964,0.83080643,11073.9
Arena-Hard,TPE,23,6,4e-06,0.01,1400,46142.16221866608,59.385666,19.19192,56.254738,69.62756,75.680084,50.860096,50.723305,78.1,84.353745,22.747217,945.9229,0.55162793,1.073331,0.74133813,8631.6
Arena-Hard,TPE,24,4,4e-06,0.01,1400,33622.010196542746,59.385666,19.19192,56.254738,69.62756,75.680084,50.860096,50.723305,78.1,84.353745,22.747217,945.9229,0.55162793,1.073331,0.74133813,8631.6
ELO,ASHA,0,9,4e-06,0.04,800,34840.16136585045,58.70307,23.232323,56.330555,69.32882,76.16975,51.254017,51.90982,72.96667,77.054794,19.70793,1005.7145,1.1171892,0.8127004,1.006466,4924.3
ELO,ASHA,1,0,2e-06,0.01,1600,9825.802320814131,58.27645,21.717173,54.662624,68.42262,75.952126,48.15608,46.68413,71.36667,79.86577,19.916653,993.6011,0.04436696,0.847824,0.33653316,9825.7
ELO,ASHA,2,8,4e-06,0.04,800,34900.07095919228,58.70307,23.232323,56.330555,69.32882,76.16975,51.254017,51.90982,72.96667,77.054794,19.70793,1005.7145,1.1171892,0.8127004,1.006466,4924.3
ELO,ASHA,3,4,4e-06,0.02,1400,22323.36865029525,59.64164,22.222221,57.16452,69.60765,75.7889,51.438747,49.433117,74.86667,85.57047,21.769796,995.8008,1.0771986,1.1392804,1.0997738,8613.0
ELO,ASHA,4,0,4e-06,0.04,800,4924.401827669144,58.70307,23.232323,56.330555,69.32882,76.16975,51.254017,51.90982,72.96667,77.054794,19.70793,1005.7145,1.1171892,0.8127004,1.006466,4924.3
ELO,ASHA,5,1,4e-06,0.04,800,4924.401730632782,58.70307,23.232323,56.330555,69.32882,76.16975,51.254017,51.90982,72.96667,77.054794,19.70793,1005.7145,1.1171892,0.8127004,1.006466,4924.3
ELO,ASHA,6,7,4e-06,0.04,800,42574.850463247305,58.70307,23.232323,56.330555,69.32882,76.16975,51.254017,51.90982,72.96667,77.054794,19.70793,1005.7145,1.1171892,0.8127004,1.006466,4924.3
ELO,ASHA,7,4,4e-06,0.04,800,29894.700215435027,58.70307,23.232323,56.330555,69.32882,76.16975,51.254017,51.90982,72.96667,77.054794,19.70793,1005.7145,1.1171892,0.8127004,1.006466,4924.3
ELO,ASHA,8,5,4e-06,0.04,800,29924.79989586067,58.70307,23.232323,56.330555,69.32882,76.16975,51.254017,51.90982,72.96667,77.054794,19.70793,1005.7145,1.1171892,0.8127004,1.006466,4924.3
ELO,ASHA,9,1,4e-06,0.02,2031,12495.102171754836,59.385666,19.69697,57.391964,69.577774,76.16975,51.550198,50.391075,77.13333,85.13513,22.30177,1003.3124,0.9199218,1.2993325,1.0578893,12495.0
ELO,ASHA,10,7,4e-06,0.02,2031,42495.66211519623,59.385666,19.69697,57.391964,69.577774,76.16975,51.550198,50.391075,77.13333,85.13513,22.30177,1003.3124,0.9199218,1.2993325,1.0578893,12495.0
ELO,ASHA,11,5,4e-06,0.02,1400,24778.53678689384,59.64164,22.222221,57.16452,69.60765,75.7889,51.438747,49.433117,74.86667,85.57047,21.769796,995.8008,1.0771986,1.1392804,1.0997738,8613.0
ELO,ASHA,12,0,4e-06,0.02,2031,12495.101925230025,59.385666,19.69697,57.391964,69.577774,76.16975,51.550198,50.391075,77.13333,85.13513,22.30177,1003.3124,0.9199218,1.2993325,1.0578893,12495.0
ELO,ASHA,13,18,4e-06,0.04,800,43341.29476821708,58.70307,23.232323,56.330555,69.32882,76.16975,51.254017,51.90982,72.96667,77.054794,19.70793,1005.7145,1.1171892,0.8127004,1.006466,4924.3
ELO,ASHA,14,2,4e-06,0.04,800,17419.55213651657,58.70307,23.232323,56.330555,69.32882,76.16975,51.254017,51.90982,72.96667,77.054794,19.70793,1005.7145,1.1171892,0.8127004,1.006466,4924.3
ELO,ASHA,15,7,4e-06,0.02,1400,46058.66647324753,59.64164,22.222221,57.16452,69.60765,75.7889,51.438747,49.433117,74.86667,85.57047,21.769796,995.8008,1.0771986,1.1392804,1.0997738,8613.0
ELO,ASHA,16,6,4e-06,0.04,800,31124.815565444944,58.70307,23.232323,56.330555,69.32882,76.16975,51.254017,51.90982,72.96667,77.054794,19.70793,1005.7145,1.1171892,0.8127004,1.006466,4924.3
ELO,ASHA,17,6,4e-06,0.04,800,22344.92517982101,58.70307,23.232323,56.330555,69.32882,76.16975,51.254017,51.90982,72.96667,77.054794,19.70793,1005.7145,1.1171892,0.8127004,1.006466,4924.3
ELO,ASHA,18,3,4e-06,0.04,800,17449.57663760185,58.70307,23.232323,56.330555,69.32882,76.16975,51.254017,51.90982,72.96667,77.054794,19.70793,1005.7145,1.1171892,0.8127004,1.006466,4924.3
ELO,ASHA,19,3,4e-06,0.04,800,17419.550257778166,58.70307,23.232323,56.330555,69.32882,76.16975,51.254017,51.90982,72.96667,77.054794,19.70793,1005.7145,1.1171892,0.8127004,1.006466,4924.3
ELO,ASHA,20,16,4e-06,0.04,800,43540.98467218589,58.70307,23.232323,56.330555,69.32882,76.16975,51.254017,51.90982,72.96667,77.054794,19.70793,1005.7145,1.1171892,0.8127004,1.006466,4924.3
ELO,ASHA,21,8,4e-06,0.04,800,38600.10915718651,58.70307,23.232323,56.330555,69.32882,76.16975,51.254017,51.90982,72.96667,77.054794,19.70793,1005.7145,1.1171892,0.8127004,1.006466,4924.3
ELO,ASHA,22,5,4e-06,0.04,800,23579.8320213356,58.70307,23.232323,56.330555,69.32882,76.16975,51.254017,51.90982,72.96667,77.054794,19.70793,1005.7145,1.1171892,0.8127004,1.006466,4924.3
ELO,ASHA,23,7,4e-06,0.04,800,31145.01750026321,58.70307,23.232323,56.330555,69.32882,76.16975,51.254017,51.90982,72.96667,77.054794,19.70793,1005.7145,1.1171892,0.8127004,1.006466,4924.3
ELO,ASHA,24,15,4e-06,0.04,800,43530.88538228988,58.70307,23.232323,56.330555,69.32882,76.16975,51.254017,51.90982,72.96667,77.054794,19.70793,1005.7145,1.1171892,0.8127004,1.006466,4924.3
ELO,BOHB,0,5,4e-06,0.04,800,19874.79505691909,58.70307,23.232323,56.330555,69.32882,76.16975,51.254017,51.90982,72.96667,77.054794,19.70793,1005.7145,1.1171892,0.8127004,1.006466,4924.3
ELO,BOHB,1,0,2e-06,0.01,1600,9825.801947212218,58.27645,21.717173,54.662624,68.42262,75.952126,48.15608,46.68413,71.36667,79.86577,19.916653,993.6011,0.04436696,0.847824,0.33653316,9825.7
ELO,BOHB,2,3,4e-06,0.02,2031,25050.25473294258,59.385666,19.69697,57.391964,69.577774,76.16975,51.550198,50.391075,77.13333,85.13513,22.30177,1003.3124,0.9199218,1.2993325,1.0578893,12495.0
ELO,BOHB,3,6,4e-06,0.04,800,28479.98424492454,58.70307,23.232323,56.330555,69.32882,76.16975,51.254017,51.90982,72.96667,77.054794,19.70793,1005.7145,1.1171892,0.8127004,1.006466,4924.3
ELO,BOHB,4,0,4e-06,0.04,800,4924.402791833878,58.70307,23.232323,56.330555,69.32882,76.16975,51.254017,51.90982,72.96667,77.054794,19.70793,1005.7145,1.1171892,0.8127004,1.006466,4924.3
ELO,BOHB,5,1,4e-06,0.04,800,4924.401626682282,58.70307,23.232323,56.330555,69.32882,76.16975,51.254017,51.90982,72.96667,77.054794,19.70793,1005.7145,1.1171892,0.8127004,1.006466,4924.3
ELO,BOHB,6,0,4e-06,0.02,2031,12495.102030849455,59.385666,19.69697,57.391964,69.577774,76.16975,51.550198,50.391075,77.13333,85.13513,22.30177,1003.3124,0.9199218,1.2993325,1.0578893,12495.0
ELO,BOHB,7,4,4e-06,0.04,800,29894.70265803337,58.70307,23.232323,56.330555,69.32882,76.16975,51.254017,51.90982,72.96667,77.054794,19.70793,1005.7145,1.1171892,0.8127004,1.006466,4924.3
ELO,BOHB,8,9,4e-06,0.02,2031,42430.88931594658,59.385666,19.69697,57.391964,69.577774,76.16975,51.550198,50.391075,77.13333,85.13513,22.30177,1003.3124,0.9199218,1.2993325,1.0578893,12495.0
ELO,BOHB,9,1,4e-06,0.02,2031,12495.102012252806,59.385666,19.69697,57.391964,69.577774,76.16975,51.550198,50.391075,77.13333,85.13513,22.30177,1003.3124,0.9199218,1.2993325,1.0578893,12495.0
ELO,BOHB,10,2,2e-06,0.01,1600,22365.95015463829,58.27645,21.717173,54.662624,68.42262,75.952126,48.15608,46.68413,71.36667,79.86577,19.916653,993.6011,0.04436696,0.847824,0.33653316,9825.7
ELO,BOHB,11,13,4e-06,0.04,800,40870.74743639755,58.70307,23.232323,56.330555,69.32882,76.16975,51.254017,51.90982,72.96667,77.054794,19.70793,1005.7145,1.1171892,0.8127004,1.006466,4924.3
ELO,BOHB,12,0,4e-06,0.02,2031,12495.10202322006,59.385666,19.69697,57.391964,69.577774,76.16975,51.550198,50.391075,77.13333,85.13513,22.30177,1003.3124,0.9199218,1.2993325,1.0578893,12495.0
ELO,BOHB,13,17,4e-06,0.04,800,42116.18180072402,58.70307,23.232323,56.330555,69.32882,76.16975,51.254017,51.90982,72.96667,77.054794,19.70793,1005.7145,1.1171892,0.8127004,1.006466,4924.3
ELO,BOHB,14,2,4e-06,0.04,800,17419.549687004088,58.70307,23.232323,56.330555,69.32882,76.16975,51.254017,51.90982,72.96667,77.054794,19.70793,1005.7145,1.1171892,0.8127004,1.006466,4924.3
ELO,BOHB,15,6,4e-06,0.02,2031,38745.51920042229,59.385666,19.69697,57.391964,69.577774,76.16975,51.550198,50.391075,77.13333,85.13513,22.30177,1003.3124,0.9199218,1.2993325,1.0578893,12495.0
ELO,BOHB,16,10,4e-06,0.04,800,34860.289883241654,58.70307,23.232323,56.330555,69.32882,76.16975,51.254017,51.90982,72.96667,77.054794,19.70793,1005.7145,1.1171892,0.8127004,1.006466,4924.3
ELO,BOHB,17,11,4e-06,0.04,800,42470.35875116348,58.70307,23.232323,56.330555,69.32882,76.16975,51.254017,51.90982,72.96667,77.054794,19.70793,1005.7145,1.1171892,0.8127004,1.006466,4924.3
ELO,BOHB,18,3,4e-06,0.04,800,17449.551720714568,58.70307,23.232323,56.330555,69.32882,76.16975,51.254017,51.90982,72.96667,77.054794,19.70793,1005.7145,1.1171892,0.8127004,1.006466,4924.3
ELO,BOHB,19,3,4e-06,0.04,800,17419.548907136916,58.70307,23.232323,56.330555,69.32882,76.16975,51.254017,51.90982,72.96667,77.054794,19.70793,1005.7145,1.1171892,0.8127004,1.006466,4924.3
ELO,BOHB,20,1,4e-06,0.02,2031,12495.102121686934,59.385666,19.69697,57.391964,69.577774,76.16975,51.550198,50.391075,77.13333,85.13513,22.30177,1003.3124,0.9199218,1.2993325,1.0578893,12495.0
ELO,BOHB,21,9,4e-06,0.02,1400,42268.90730200577,59.64164,22.222221,57.16452,69.60765,75.7889,51.438747,49.433117,74.86667,85.57047,21.769796,995.8008,1.0771986,1.1392804,1.0997738,8613.0
ELO,BOHB,22,9,4e-06,0.04,800,41025.2361601429,58.70307,23.232323,56.330555,69.32882,76.16975,51.254017,51.90982,72.96667,77.054794,19.70793,1005.7145,1.1171892,0.8127004,1.006466,4924.3
ELO,BOHB,23,16,4e-06,0.04,800,39820.94062673759,58.70307,23.232323,56.330555,69.32882,76.16975,51.254017,51.90982,72.96667,77.054794,19.70793,1005.7145,1.1171892,0.8127004,1.006466,4924.3
ELO,BOHB,24,8,4e-06,0.02,1400,34933.8216510849,59.64164,22.222221,57.16452,69.60765,75.7889,51.438747,49.433117,74.86667,85.57047,21.769796,995.8008,1.0771986,1.1392804,1.0997738,8613.0
ELO,BOTorch,0,3,2e-06,0.02,600,16259.65182957649,58.447098,21.717173,52.16073,68.28321,76.060936,47.978085,41.739475,67.03333,77.55102,13.244791,977.8431,0.16739589,0.40926495,0.25534827,3704.4
ELO,BOTorch,1,0,4e-06,0.02,2031,12495.102074956892,59.385666,19.69697,57.391964,69.577774,76.16975,51.550198,50.391075,77.13333,85.13513,22.30177,1003.3124,0.9199218,1.2993325,1.0578893,12495.0
ELO,BOTorch,2,3,2e-06,0.01,1600,22365.953641748427,58.27645,21.717173,54.662624,68.42262,75.952126,48.15608,46.68413,71.36667,79.86577,19.916653,993.6011,0.04436696,0.847824,0.33653316,9825.7
ELO,BOTorch,3,3,4e-06,0.01,400,15021.448763942715,59.04437,24.242424,53.60121,69.34873,75.84331,49.211784,49.659184,75.8,85.2349,22.847424,982.0952,1.3029851,1.4532819,1.3576385,2466.2
ELO,BOTorch,4,1,4e-06,0.02,2031,12495.102087831496,59.385666,19.69697,57.391964,69.577774,76.16975,51.550198,50.391075,77.13333,85.13513,22.30177,1003.3124,0.9199218,1.2993325,1.0578893,12495.0
ELO,BOTorch,5,0,4e-06,0.04,800,4924.401759719849,58.70307,23.232323,56.330555,69.32882,76.16975,51.254017,51.90982,72.96667,77.054794,19.70793,1005.7145,1.1171892,0.8127004,1.006466,4924.3
ELO,BOTorch,6,0,4e-06,0.04,800,4924.4016784191135,58.70307,23.232323,56.330555,69.32882,76.16975,51.254017,51.90982,72.96667,77.054794,19.70793,1005.7145,1.1171892,0.8127004,1.006466,4924.3
ELO,BOTorch,7,0,4e-06,0.02,2031,12495.102075910569,59.385666,19.69697,57.391964,69.577774,76.16975,51.550198,50.391075,77.13333,85.13513,22.30177,1003.3124,0.9199218,1.2993325,1.0578893,12495.0
ELO,BOTorch,8,3,4e-06,0.02,2031,25035.25137171745,59.385666,19.69697,57.391964,69.577774,76.16975,51.550198,50.391075,77.13333,85.13513,22.30177,1003.3124,0.9199218,1.2993325,1.0578893,12495.0
ELO,BOTorch,9,3,4e-06,0.02,2031,25050.24932799339,59.385666,19.69697,57.391964,69.577774,76.16975,51.550198,50.391075,77.13333,85.13513,22.30177,1003.3124,0.9199218,1.2993325,1.0578893,12495.0
ELO,BOTorch,10,3,4e-06,0.02,2031,24990.257678604125,59.385666,19.69697,57.391964,69.577774,76.16975,51.550198,50.391075,77.13333,85.13513,22.30177,1003.3124,0.9199218,1.2993325,1.0578893,12495.0
ELO,BOTorch,11,2,4e-06,0.04,800,17399.56061849594,58.70307,23.232323,56.330555,69.32882,76.16975,51.254017,51.90982,72.96667,77.054794,19.70793,1005.7145,1.1171892,0.8127004,1.006466,4924.3
ELO,BOTorch,12,0,4e-06,0.02,2031,12495.10202512741,59.385666,19.69697,57.391964,69.577774,76.16975,51.550198,50.391075,77.13333,85.13513,22.30177,1003.3124,0.9199218,1.2993325,1.0578893,12495.0
ELO,BOTorch,13,3,4e-06,0.02,2031,25035.273525094985,59.385666,19.69697,57.391964,69.577774,76.16975,51.550198,50.391075,77.13333,85.13513,22.30177,1003.3124,0.9199218,1.2993325,1.0578893,12495.0
ELO,BOTorch,14,1,4e-06,0.04,800,4924.402364349366,58.70307,23.232323,56.330555,69.32882,76.16975,51.254017,51.90982,72.96667,77.054794,19.70793,1005.7145,1.1171892,0.8127004,1.006466,4924.3
ELO,BOTorch,15,0,2e-06,0.01,1600,9825.80208954811,58.27645,21.717173,54.662624,68.42262,75.952126,48.15608,46.68413,71.36667,79.86577,19.916653,993.6011,0.04436696,0.847824,0.33653316,9825.7
ELO,BOTorch,16,0,2e-06,0.01,1600,9825.802900886534,58.27645,21.717173,54.662624,68.42262,75.952126,48.15608,46.68413,71.36667,79.86577,19.916653,993.6011,0.04436696,0.847824,0.33653316,9825.7
ELO,BOTorch,17,0,2e-06,0.01,1600,9825.801865911482,58.27645,21.717173,54.662624,68.42262,75.952126,48.15608,46.68413,71.36667,79.86577,19.916653,993.6011,0.04436696,0.847824,0.33653316,9825.7
ELO,BOTorch,18,1,4e-06,0.01,400,2466.302365398408,59.04437,24.242424,53.60121,69.34873,75.84331,49.211784,49.659184,75.8,85.2349,22.847424,982.0952,1.3029851,1.4532819,1.3576385,2466.2
ELO,BOTorch,19,0,4e-06,0.04,800,4924.402039861679,58.70307,23.232323,56.330555,69.32882,76.16975,51.254017,51.90982,72.96667,77.054794,19.70793,1005.7145,1.1171892,0.8127004,1.006466,4924.3
ELO,BOTorch,20,1,4e-06,0.02,2031,12495.10222635269,59.385666,19.69697,57.391964,69.577774,76.16975,51.550198,50.391075,77.13333,85.13513,22.30177,1003.3124,0.9199218,1.2993325,1.0578893,12495.0
ELO,BOTorch,21,1,4e-06,0.04,800,4924.401653862,58.70307,23.232323,56.330555,69.32882,76.16975,51.254017,51.90982,72.96667,77.054794,19.70793,1005.7145,1.1171892,0.8127004,1.006466,4924.3
ELO,BOTorch,22,1,4e-06,0.02,2031,12495.101679658888,59.385666,19.69697,57.391964,69.577774,76.16975,51.550198,50.391075,77.13333,85.13513,22.30177,1003.3124,0.9199218,1.2993325,1.0578893,12495.0
ELO,BOTorch,23,1,2e-06,0.01,1600,9825.804638004302,58.27645,21.717173,54.662624,68.42262,75.952126,48.15608,46.68413,71.36667,79.86577,19.916653,993.6011,0.04436696,0.847824,0.33653316,9825.7
ELO,BOTorch,24,1,4e-06,0.02,2031,12495.102258777615,59.385666,19.69697,57.391964,69.577774,76.16975,51.550198,50.391075,77.13333,85.13513,22.30177,1003.3124,0.9199218,1.2993325,1.0578893,12495.0
ELO,CQR,0,7,2e-06,0.01,800,42498.96817884446,58.61775,21.717173,53.070507,68.482376,75.680084,47.835857,44.05256,70.2,73.44827,17.706066,992.2613,-0.16107242,0.48001257,0.07204939,4912.8
ELO,CQR,1,0,2e-06,0.01,1600,9825.802086925503,58.27645,21.717173,54.662624,68.42262,75.952126,48.15608,46.68413,71.36667,79.86577,19.916653,993.6011,0.04436696,0.847824,0.33653316,9825.7
ELO,CQR,2,3,4e-06,0.02,2031,25050.24937710762,59.385666,19.69697,57.391964,69.577774,76.16975,51.550198,50.391075,77.13333,85.13513,22.30177,1003.3124,0.9199218,1.2993325,1.0578893,12495.0
ELO,CQR,3,4,4e-06,0.02,2031,37510.40082130433,59.385666,19.69697,57.391964,69.577774,76.16975,51.550198,50.391075,77.13333,85.13513,22.30177,1003.3124,0.9199218,1.2993325,1.0578893,12495.0
ELO,CQR,4,0,4e-06,0.04,800,4924.401735162735,58.70307,23.232323,56.330555,69.32882,76.16975,51.254017,51.90982,72.96667,77.054794,19.70793,1005.7145,1.1171892,0.8127004,1.006466,4924.3
ELO,CQR,5,1,4e-06,0.04,800,4924.402068948746,58.70307,23.232323,56.330555,69.32882,76.16975,51.254017,51.90982,72.96667,77.054794,19.70793,1005.7145,1.1171892,0.8127004,1.006466,4924.3
ELO,CQR,6,0,4e-06,0.02,2031,12495.10175642967,59.385666,19.69697,57.391964,69.577774,76.16975,51.550198,50.391075,77.13333,85.13513,22.30177,1003.3124,0.9199218,1.2993325,1.0578893,12495.0
ELO,CQR,7,4,4e-06,0.04,800,29894.70786271095,58.70307,23.232323,56.330555,69.32882,76.16975,51.254017,51.90982,72.96667,77.054794,19.70793,1005.7145,1.1171892,0.8127004,1.006466,4924.3
ELO,CQR,8,6,4e-06,0.02,1400,46153.80362734795,59.64164,22.222221,57.16452,69.60765,75.7889,51.438747,49.433117,74.86667,85.57047,21.769796,995.8008,1.0771986,1.1392804,1.0997738,8613.0
ELO,CQR,9,6,4e-06,0.04,800,42440.10587749482,58.70307,23.232323,56.330555,69.32882,76.16975,51.254017,51.90982,72.96667,77.054794,19.70793,1005.7145,1.1171892,0.8127004,1.006466,4924.3
ELO,CQR,10,2,2e-06,0.01,1600,22365.94991598129,58.27645,21.717173,54.662624,68.42262,75.952126,48.15608,46.68413,71.36667,79.86577,19.916653,993.6011,0.04436696,0.847824,0.33653316,9825.7
ELO,CQR,11,6,4e-06,0.02,1400,46038.80440292359,59.64164,22.222221,57.16452,69.60765,75.7889,51.438747,49.433117,74.86667,85.57047,21.769796,995.8008,1.0771986,1.1392804,1.0997738,8613.0
ELO,CQR,12,0,4e-06,0.02,2031,12495.102002477644,59.385666,19.69697,57.391964,69.577774,76.16975,51.550198,50.391075,77.13333,85.13513,22.30177,1003.3124,0.9199218,1.2993325,1.0578893,12495.0
ELO,CQR,13,2,4e-06,0.04,800,17449.549631690978,58.70307,23.232323,56.330555,69.32882,76.16975,51.254017,51.90982,72.96667,77.054794,19.70793,1005.7145,1.1171892,0.8127004,1.006466,4924.3
ELO,CQR,14,2,4e-06,0.04,800,17419.551868772505,58.70307,23.232323,56.330555,69.32882,76.16975,51.254017,51.90982,72.96667,77.054794,19.70793,1005.7145,1.1171892,0.8127004,1.006466,4924.3
ELO,CQR,15,5,2e-06,0.01,1600,34841.11756787301,58.27645,21.717173,54.662624,68.42262,75.952126,48.15608,46.68413,71.36667,79.86577,19.916653,993.6011,0.04436696,0.847824,0.33653316,9825.7
ELO,CQR,16,2,2e-06,0.01,1600,22320.948758935927,58.27645,21.717173,54.662624,68.42262,75.952126,48.15608,46.68413,71.36667,79.86577,19.916653,993.6011,0.04436696,0.847824,0.33653316,9825.7
ELO,CQR,17,1,4e-06,0.02,2031,12495.102081155776,59.385666,19.69697,57.391964,69.577774,76.16975,51.550198,50.391075,77.13333,85.13513,22.30177,1003.3124,0.9199218,1.2993325,1.0578893,12495.0
ELO,CQR,18,3,4e-06,0.04,800,17449.580400323866,58.70307,23.232323,56.330555,69.32882,76.16975,51.254017,51.90982,72.96667,77.054794,19.70793,1005.7145,1.1171892,0.8127004,1.006466,4924.3
ELO,CQR,19,3,4e-06,0.04,800,17419.55697760582,58.70307,23.232323,56.330555,69.32882,76.16975,51.254017,51.90982,72.96667,77.054794,19.70793,1005.7145,1.1171892,0.8127004,1.006466,4924.3
ELO,CQR,20,1,4e-06,0.02,2031,12495.101949071885,59.385666,19.69697,57.391964,69.577774,76.16975,51.550198,50.391075,77.13333,85.13513,22.30177,1003.3124,0.9199218,1.2993325,1.0578893,12495.0
ELO,CQR,21,0,2e-06,0.01,1600,9825.80294713974,58.27645,21.717173,54.662624,68.42262,75.952126,48.15608,46.68413,71.36667,79.86577,19.916653,993.6011,0.04436696,0.847824,0.33653316,9825.7
ELO,CQR,22,0,2e-06,0.01,1600,9825.802073335646,58.27645,21.717173,54.662624,68.42262,75.952126,48.15608,46.68413,71.36667,79.86577,19.916653,993.6011,0.04436696,0.847824,0.33653316,9825.7
ELO,CQR,23,5,2e-06,0.01,1600,34906.11161122323,58.27645,21.717173,54.662624,68.42262,75.952126,48.15608,46.68413,71.36667,79.86577,19.916653,993.6011,0.04436696,0.847824,0.33653316,9825.7
ELO,CQR,24,2,2e-06,0.01,1600,22350.95238838196,58.27645,21.717173,54.662624,68.42262,75.952126,48.15608,46.68413,71.36667,79.86577,19.916653,993.6011,0.04436696,0.847824,0.33653316,9825.7
ELO,RandomSearch,0,1,4e-06,0.04,800,4924.404562330246,58.70307,23.232323,56.330555,69.32882,76.16975,51.254017,51.90982,72.96667,77.054794,19.70793,1005.7145,1.1171892,0.8127004,1.006466,4924.3
ELO,RandomSearch,1,0,2e-06,0.01,1600,9825.802445030213,58.27645,21.717173,54.662624,68.42262,75.952126,48.15608,46.68413,71.36667,79.86577,19.916653,993.6011,0.04436696,0.847824,0.33653316,9825.7
ELO,RandomSearch,2,3,4e-06,0.04,800,17419.54792795181,58.70307,23.232323,56.330555,69.32882,76.16975,51.254017,51.90982,72.96667,77.054794,19.70793,1005.7145,1.1171892,0.8127004,1.006466,4924.3
ELO,RandomSearch,3,6,2e-06,0.01,800,42473.342439270025,58.61775,21.717173,53.070507,68.482376,75.680084,47.835857,44.05256,70.2,73.44827,17.706066,992.2613,-0.16107242,0.48001257,0.07204939,4912.8
ELO,RandomSearch,4,3,4e-06,0.01,400,15006.462352132796,59.04437,24.242424,53.60121,69.34873,75.84331,49.211784,49.659184,75.8,85.2349,22.847424,982.0952,1.3029851,1.4532819,1.3576385,2466.2
ELO,RandomSearch,5,4,4e-06,0.04,800,29894.6991692543,58.70307,23.232323,56.330555,69.32882,76.16975,51.254017,51.90982,72.96667,77.054794,19.70793,1005.7145,1.1171892,0.8127004,1.006466,4924.3
ELO,RandomSearch,6,3,4e-06,0.04,800,17464.548492288588,58.70307,23.232323,56.330555,69.32882,76.16975,51.254017,51.90982,72.96667,77.054794,19.70793,1005.7145,1.1171892,0.8127004,1.006466,4924.3
ELO,RandomSearch,7,1,2e-06,0.01,1600,9825.801901197432,58.27645,21.717173,54.662624,68.42262,75.952126,48.15608,46.68413,71.36667,79.86577,19.916653,993.6011,0.04436696,0.847824,0.33653316,9825.7
ELO,RandomSearch,8,6,4e-06,0.04,800,42479.84002790452,58.70307,23.232323,56.330555,69.32882,76.16975,51.254017,51.90982,72.96667,77.054794,19.70793,1005.7145,1.1171892,0.8127004,1.006466,4924.3
ELO,RandomSearch,9,1,4e-06,0.02,2031,12495.10179004669,59.385666,19.69697,57.391964,69.577774,76.16975,51.550198,50.391075,77.13333,85.13513,22.30177,1003.3124,0.9199218,1.2993325,1.0578893,12495.0
ELO,RandomSearch,10,2,4e-06,0.04,800,17419.54841957092,58.70307,23.232323,56.330555,69.32882,76.16975,51.254017,51.90982,72.96667,77.054794,19.70793,1005.7145,1.1171892,0.8127004,1.006466,4924.3
ELO,RandomSearch,11,7,4e-06,0.04,800,42464.84340462685,58.70307,23.232323,56.330555,69.32882,76.16975,51.254017,51.90982,72.96667,77.054794,19.70793,1005.7145,1.1171892,0.8127004,1.006466,4924.3
ELO,RandomSearch,12,7,4e-06,0.04,800,42494.83974561692,58.70307,23.232323,56.330555,69.32882,76.16975,51.254017,51.90982,72.96667,77.054794,19.70793,1005.7145,1.1171892,0.8127004,1.006466,4924.3
ELO,RandomSearch,13,3,4e-06,0.04,800,17464.556693410872,58.70307,23.232323,56.330555,69.32882,76.16975,51.254017,51.90982,72.96667,77.054794,19.70793,1005.7145,1.1171892,0.8127004,1.006466,4924.3
ELO,RandomSearch,14,1,4e-06,0.04,800,4924.40174612999,58.70307,23.232323,56.330555,69.32882,76.16975,51.254017,51.90982,72.96667,77.054794,19.70793,1005.7145,1.1171892,0.8127004,1.006466,4924.3
ELO,RandomSearch,15,2,4e-06,0.04,800,17399.546965456007,58.70307,23.232323,56.330555,69.32882,76.16975,51.254017,51.90982,72.96667,77.054794,19.70793,1005.7145,1.1171892,0.8127004,1.006466,4924.3
ELO,RandomSearch,16,7,2e-06,0.01,800,42533.33945116997,58.61775,21.717173,53.070507,68.482376,75.680084,47.835857,44.05256,70.2,73.44827,17.706066,992.2613,-0.16107242,0.48001257,0.07204939,4912.8
ELO,RandomSearch,17,0,4e-06,0.04,800,4924.402141427994,58.70307,23.232323,56.330555,69.32882,76.16975,51.254017,51.90982,72.96667,77.054794,19.70793,1005.7145,1.1171892,0.8127004,1.006466,4924.3
ELO,RandomSearch,18,3,4e-06,0.04,800,17419.5472181797,58.70307,23.232323,56.330555,69.32882,76.16975,51.254017,51.90982,72.96667,77.054794,19.70793,1005.7145,1.1171892,0.8127004,1.006466,4924.3
ELO,RandomSearch,19,0,4e-06,0.02,2031,12495.101861572264,59.385666,19.69697,57.391964,69.577774,76.16975,51.550198,50.391075,77.13333,85.13513,22.30177,1003.3124,0.9199218,1.2993325,1.0578893,12495.0
ELO,RandomSearch,20,0,2e-06,0.01,1600,9825.80370030403,58.27645,21.717173,54.662624,68.42262,75.952126,48.15608,46.68413,71.36667,79.86577,19.916653,993.6011,0.04436696,0.847824,0.33653316,9825.7
ELO,RandomSearch,21,6,4e-06,0.04,800,42419.83850727082,58.70307,23.232323,56.330555,69.32882,76.16975,51.254017,51.90982,72.96667,77.054794,19.70793,1005.7145,1.1171892,0.8127004,1.006466,4924.3
ELO,RandomSearch,22,1,4e-06,0.02,2031,12495.102224445342,59.385666,19.69697,57.391964,69.577774,76.16975,51.550198,50.391075,77.13333,85.13513,22.30177,1003.3124,0.9199218,1.2993325,1.0578893,12495.0
ELO,RandomSearch,23,2,4e-06,0.02,2031,25035.247906541823,59.385666,19.69697,57.391964,69.577774,76.16975,51.550198,50.391075,77.13333,85.13513,22.30177,1003.3124,0.9199218,1.2993325,1.0578893,12495.0
ELO,RandomSearch,24,0,4e-06,0.04,800,4924.401947593689,58.70307,23.232323,56.330555,69.32882,76.16975,51.254017,51.90982,72.96667,77.054794,19.70793,1005.7145,1.1171892,0.8127004,1.006466,4924.3
ELO,TPE,0,6,4e-06,0.04,800,42369.89774832726,58.70307,23.232323,56.330555,69.32882,76.16975,51.254017,51.90982,72.96667,77.054794,19.70793,1005.7145,1.1171892,0.8127004,1.006466,4924.3
ELO,TPE,1,1,4e-06,0.04,800,4924.401772594452,58.70307,23.232323,56.330555,69.32882,76.16975,51.254017,51.90982,72.96667,77.054794,19.70793,1005.7145,1.1171892,0.8127004,1.006466,4924.3
ELO,TPE,2,2,4e-06,0.02,2031,24970.280654525755,59.385666,19.69697,57.391964,69.577774,76.16975,51.550198,50.391075,77.13333,85.13513,22.30177,1003.3124,0.9199218,1.2993325,1.0578893,12495.0
ELO,TPE,3,5,4e-06,0.04,800,29974.718657827376,58.70307,23.232323,56.330555,69.32882,76.16975,51.254017,51.90982,72.96667,77.054794,19.70793,1005.7145,1.1171892,0.8127004,1.006466,4924.3
ELO,TPE,4,5,4e-06,0.04,800,30019.72614989281,58.70307,23.232323,56.330555,69.32882,76.16975,51.254017,51.90982,72.96667,77.054794,19.70793,1005.7145,1.1171892,0.8127004,1.006466,4924.3
ELO,TPE,5,2,4e-06,0.02,2031,24970.249033784865,59.385666,19.69697,57.391964,69.577774,76.16975,51.550198,50.391075,77.13333,85.13513,22.30177,1003.3124,0.9199218,1.2993325,1.0578893,12495.0
ELO,TPE,6,4,4e-06,0.04,800,29959.712443208693,58.70307,23.232323,56.330555,69.32882,76.16975,51.254017,51.90982,72.96667,77.054794,19.70793,1005.7145,1.1171892,0.8127004,1.006466,4924.3
ELO,TPE,7,7,4e-06,0.04,800,42464.9226761818,58.70307,23.232323,56.330555,69.32882,76.16975,51.254017,51.90982,72.96667,77.054794,19.70793,1005.7145,1.1171892,0.8127004,1.006466,4924.3
ELO,TPE,8,7,4e-06,0.04,800,42514.879142618185,58.70307,23.232323,56.330555,69.32882,76.16975,51.254017,51.90982,72.96667,77.054794,19.70793,1005.7145,1.1171892,0.8127004,1.006466,4924.3
ELO,TPE,9,3,4e-06,0.04,800,17464.549890136717,58.70307,23.232323,56.330555,69.32882,76.16975,51.254017,51.90982,72.96667,77.054794,19.70793,1005.7145,1.1171892,0.8127004,1.006466,4924.3
ELO,TPE,10,4,4e-06,0.02,2031,37465.42593464852,59.385666,19.69697,57.391964,69.577774,76.16975,51.550198,50.391075,77.13333,85.13513,22.30177,1003.3124,0.9199218,1.2993325,1.0578893,12495.0
ELO,TPE,11,6,2e-06,0.01,800,42453.36685833932,58.61775,21.717173,53.070507,68.482376,75.680084,47.835857,44.05256,70.2,73.44827,17.706066,992.2613,-0.16107242,0.48001257,0.07204939,4912.8
ELO,TPE,12,2,4e-06,0.04,800,17399.56996808052,58.70307,23.232323,56.330555,69.32882,76.16975,51.254017,51.90982,72.96667,77.054794,19.70793,1005.7145,1.1171892,0.8127004,1.006466,4924.3
ELO,TPE,13,2,4e-06,0.04,800,17399.57016406059,58.70307,23.232323,56.330555,69.32882,76.16975,51.254017,51.90982,72.96667,77.054794,19.70793,1005.7145,1.1171892,0.8127004,1.006466,4924.3
ELO,TPE,14,2,4e-06,0.02,2031,24970.25518903732,59.385666,19.69697,57.391964,69.577774,76.16975,51.550198,50.391075,77.13333,85.13513,22.30177,1003.3124,0.9199218,1.2993325,1.0578893,12495.0
ELO,TPE,15,6,4e-06,0.04,800,42494.87174878121,58.70307,23.232323,56.330555,69.32882,76.16975,51.254017,51.90982,72.96667,77.054794,19.70793,1005.7145,1.1171892,0.8127004,1.006466,4924.3
ELO,TPE,16,3,4e-06,0.04,800,17419.547820186614,58.70307,23.232323,56.330555,69.32882,76.16975,51.254017,51.90982,72.96667,77.054794,19.70793,1005.7145,1.1171892,0.8127004,1.006466,4924.3
ELO,TPE,17,1,4e-06,0.01,400,2466.301794624329,59.04437,24.242424,53.60121,69.34873,75.84331,49.211784,49.659184,75.8,85.2349,22.847424,982.0952,1.3029851,1.4532819,1.3576385,2466.2
ELO,TPE,18,2,4e-06,0.04,800,17419.562258815764,58.70307,23.232323,56.330555,69.32882,76.16975,51.254017,51.90982,72.96667,77.054794,19.70793,1005.7145,1.1171892,0.8127004,1.006466,4924.3
ELO,TPE,19,2,4e-06,0.04,800,17419.547514772414,58.70307,23.232323,56.330555,69.32882,76.16975,51.254017,51.90982,72.96667,77.054794,19.70793,1005.7145,1.1171892,0.8127004,1.006466,4924.3
ELO,TPE,20,1,4e-06,0.04,800,4924.401862716675,58.70307,23.232323,56.330555,69.32882,76.16975,51.254017,51.90982,72.96667,77.054794,19.70793,1005.7145,1.1171892,0.8127004,1.006466,4924.3
ELO,TPE,21,2,4e-06,0.04,800,17399.588045215605,58.70307,23.232323,56.330555,69.32882,76.16975,51.254017,51.90982,72.96667,77.054794,19.70793,1005.7145,1.1171892,0.8127004,1.006466,4924.3
ELO,TPE,22,2,4e-06,0.04,800,17399.54814324379,58.70307,23.232323,56.330555,69.32882,76.16975,51.254017,51.90982,72.96667,77.054794,19.70793,1005.7145,1.1171892,0.8127004,1.006466,4924.3
ELO,TPE,23,2,4e-06,0.02,2031,24970.25231418609,59.385666,19.69697,57.391964,69.577774,76.16975,51.550198,50.391075,77.13333,85.13513,22.30177,1003.3124,0.9199218,1.2993325,1.0578893,12495.0
ELO,TPE,24,2,4e-06,0.04,800,17419.550983285902,58.70307,23.232323,56.330555,69.32882,76.16975,51.254017,51.90982,72.96667,77.054794,19.70793,1005.7145,1.1171892,0.8127004,1.006466,4924.3
IFEval,ASHA,0,6,4e-06,0.04,800,19874.883680444716,58.70307,23.232323,56.330555,69.32882,76.16975,51.254017,51.90982,72.96667,77.054794,19.70793,1005.7145,1.1171892,0.8127004,1.006466,4924.3
IFEval,ASHA,1,7,4e-06,0.04,800,42349.94150743676,58.70307,23.232323,56.330555,69.32882,76.16975,51.254017,51.90982,72.96667,77.054794,19.70793,1005.7145,1.1171892,0.8127004,1.006466,4924.3
IFEval,ASHA,2,2,4e-06,0.01,1200,19873.74757966995,58.959045,21.212122,55.49659,69.63752,75.952126,50.74956,52.10591,76.73333,84.76821,22.155375,935.5556,0.79113394,0.99460316,0.86512274,7398.5
IFEval,ASHA,3,0,4e-06,0.01,1200,7398.601837968827,58.959045,21.212122,55.49659,69.63752,75.952126,50.74956,52.10591,76.73333,84.76821,22.155375,935.5556,0.79113394,0.99460316,0.86512274,7398.5
IFEval,ASHA,4,4,4e-06,0.01,1200,21138.86534223747,58.959045,21.212122,55.49659,69.63752,75.952126,50.74956,52.10591,76.73333,84.76821,22.155375,935.5556,0.79113394,0.99460316,0.86512274,7398.5
IFEval,ASHA,5,4,4e-06,0.01,1200,21123.86420021248,58.959045,21.212122,55.49659,69.63752,75.952126,50.74956,52.10591,76.73333,84.76821,22.155375,935.5556,0.79113394,0.99460316,0.86512274,7398.5
IFEval,ASHA,6,8,4e-06,0.01,1200,34979.33322296906,58.959045,21.212122,55.49659,69.63752,75.952126,50.74956,52.10591,76.73333,84.76821,22.155375,935.5556,0.79113394,0.99460316,0.86512274,7398.5
IFEval,ASHA,7,1,4e-06,0.01,1200,7398.60194978714,58.959045,21.212122,55.49659,69.63752,75.952126,50.74956,52.10591,76.73333,84.76821,22.155375,935.5556,0.79113394,0.99460316,0.86512274,7398.5
IFEval,ASHA,8,2,4e-06,0.01,1200,19873.747845268248,58.959045,21.212122,55.49659,69.63752,75.952126,50.74956,52.10591,76.73333,84.76821,22.155375,935.5556,0.79113394,0.99460316,0.86512274,7398.5
IFEval,ASHA,9,0,4e-06,0.01,1200,7398.602321958542,58.959045,21.212122,55.49659,69.63752,75.952126,50.74956,52.10591,76.73333,84.76821,22.155375,935.5556,0.79113394,0.99460316,0.86512274,7398.5
IFEval,ASHA,10,9,4e-06,0.04,800,43710.06154833222,58.70307,23.232323,56.330555,69.32882,76.16975,51.254017,51.90982,72.96667,77.054794,19.70793,1005.7145,1.1171892,0.8127004,1.006466,4924.3
IFEval,ASHA,11,3,4e-06,0.01,1200,19938.74906334877,58.959045,21.212122,55.49659,69.63752,75.952126,50.74956,52.10591,76.73333,84.76821,22.155375,935.5556,0.79113394,0.99460316,0.86512274,7398.5
IFEval,ASHA,12,9,4e-06,0.01,1200,44894.45052181053,58.959045,21.212122,55.49659,69.63752,75.952126,50.74956,52.10591,76.73333,84.76821,22.155375,935.5556,0.79113394,0.99460316,0.86512274,7398.5
IFEval,ASHA,13,0,4e-06,0.01,1200,7398.601676797867,58.959045,21.212122,55.49659,69.63752,75.952126,50.74956,52.10591,76.73333,84.76821,22.155375,935.5556,0.79113394,0.99460316,0.86512274,7398.5
IFEval,ASHA,14,6,4e-06,0.01,1200,32399.09949884796,58.959045,21.212122,55.49659,69.63752,75.952126,50.74956,52.10591,76.73333,84.76821,22.155375,935.5556,0.79113394,0.99460316,0.86512274,7398.5
IFEval,ASHA,15,8,4e-06,0.04,800,31110.117064102167,58.70307,23.232323,56.330555,69.32882,76.16975,51.254017,51.90982,72.96667,77.054794,19.70793,1005.7145,1.1171892,0.8127004,1.006466,4924.3
IFEval,ASHA,16,6,4e-06,0.04,800,34884.85550341797,58.70307,23.232323,56.330555,69.32882,76.16975,51.254017,51.90982,72.96667,77.054794,19.70793,1005.7145,1.1171892,0.8127004,1.006466,4924.3
IFEval,ASHA,17,3,4e-06,0.01,1200,19893.74898610115,58.959045,21.212122,55.49659,69.63752,75.952126,50.74956,52.10591,76.73333,84.76821,22.155375,935.5556,0.79113394,0.99460316,0.86512274,7398.5
IFEval,ASHA,18,0,4e-06,0.01,1200,7398.602258062363,58.959045,21.212122,55.49659,69.63752,75.952126,50.74956,52.10591,76.73333,84.76821,22.155375,935.5556,0.79113394,0.99460316,0.86512274,7398.5
IFEval,ASHA,19,7,4e-06,0.01,1200,34724.22838316536,58.959045,21.212122,55.49659,69.63752,75.952126,50.74956,52.10591,76.73333,84.76821,22.155375,935.5556,0.79113394,0.99460316,0.86512274,7398.5
IFEval,ASHA,20,0,4e-06,0.01,1200,7398.601986026764,58.959045,21.212122,55.49659,69.63752,75.952126,50.74956,52.10591,76.73333,84.76821,22.155375,935.5556,0.79113394,0.99460316,0.86512274,7398.5
IFEval,ASHA,21,5,4e-06,0.01,1200,26119.02717242622,58.959045,21.212122,55.49659,69.63752,75.952126,50.74956,52.10591,76.73333,84.76821,22.155375,935.5556,0.79113394,0.99460316,0.86512274,7398.5
IFEval,ASHA,22,3,4e-06,0.01,1200,19938.750041818617,58.959045,21.212122,55.49659,69.63752,75.952126,50.74956,52.10591,76.73333,84.76821,22.155375,935.5556,0.79113394,0.99460316,0.86512274,7398.5
IFEval,ASHA,23,0,4e-06,0.01,1200,7398.601999855042,58.959045,21.212122,55.49659,69.63752,75.952126,50.74956,52.10591,76.73333,84.76821,22.155375,935.5556,0.79113394,0.99460316,0.86512274,7398.5
IFEval,ASHA,24,0,4e-06,0.01,1200,7398.601833677292,58.959045,21.212122,55.49659,69.63752,75.952126,50.74956,52.10591,76.73333,84.76821,22.155375,935.5556,0.79113394,0.99460316,0.86512274,7398.5
IFEval,BOHB,0,8,4e-06,0.01,1200,34849.33269534874,58.959045,21.212122,55.49659,69.63752,75.952126,50.74956,52.10591,76.73333,84.76821,22.155375,935.5556,0.79113394,0.99460316,0.86512274,7398.5
IFEval,BOHB,1,6,4e-06,0.01,1200,34824.0258606453,58.959045,21.212122,55.49659,69.63752,75.952126,50.74956,52.10591,76.73333,84.76821,22.155375,935.5556,0.79113394,0.99460316,0.86512274,7398.5
IFEval,BOHB,2,2,4e-06,0.01,1200,19873.74859342575,58.959045,21.212122,55.49659,69.63752,75.952126,50.74956,52.10591,76.73333,84.76821,22.155375,935.5556,0.79113394,0.99460316,0.86512274,7398.5
IFEval,BOHB,3,0,4e-06,0.01,1200,7398.601909732819,58.959045,21.212122,55.49659,69.63752,75.952126,50.74956,52.10591,76.73333,84.76821,22.155375,935.5556,0.79113394,0.99460316,0.86512274,7398.5
IFEval,BOHB,4,4,4e-06,0.01,1200,21138.86520991516,58.959045,21.212122,55.49659,69.63752,75.952126,50.74956,52.10591,76.73333,84.76821,22.155375,935.5556,0.79113394,0.99460316,0.86512274,7398.5
IFEval,BOHB,5,4,4e-06,0.01,1200,21123.86452470016,58.959045,21.212122,55.49659,69.63752,75.952126,50.74956,52.10591,76.73333,84.76821,22.155375,935.5556,0.79113394,0.99460316,0.86512274,7398.5
IFEval,BOHB,6,5,4e-06,0.01,1200,23598.99645266914,58.959045,21.212122,55.49659,69.63752,75.952126,50.74956,52.10591,76.73333,84.76821,22.155375,935.5556,0.79113394,0.99460316,0.86512274,7398.5
IFEval,BOHB,7,1,4e-06,0.01,1200,7398.602260684967,58.959045,21.212122,55.49659,69.63752,75.952126,50.74956,52.10591,76.73333,84.76821,22.155375,935.5556,0.79113394,0.99460316,0.86512274,7398.5
IFEval,BOHB,8,2,4e-06,0.01,1200,19873.747520542143,58.959045,21.212122,55.49659,69.63752,75.952126,50.74956,52.10591,76.73333,84.76821,22.155375,935.5556,0.79113394,0.99460316,0.86512274,7398.5
IFEval,BOHB,9,0,4e-06,0.01,1200,7398.601582622528,58.959045,21.212122,55.49659,69.63752,75.952126,50.74956,52.10591,76.73333,84.76821,22.155375,935.5556,0.79113394,0.99460316,0.86512274,7398.5
IFEval,BOHB,10,8,4e-06,0.04,800,43645.06538329506,58.70307,23.232323,56.330555,69.32882,76.16975,51.254017,51.90982,72.96667,77.054794,19.70793,1005.7145,1.1171892,0.8127004,1.006466,4924.3
IFEval,BOHB,11,3,4e-06,0.01,1200,19938.750612831114,58.959045,21.212122,55.49659,69.63752,75.952126,50.74956,52.10591,76.73333,84.76821,22.155375,935.5556,0.79113394,0.99460316,0.86512274,7398.5
IFEval,BOHB,12,7,4e-06,0.01,1200,32389.201274496078,58.959045,21.212122,55.49659,69.63752,75.952126,50.74956,52.10591,76.73333,84.76821,22.155375,935.5556,0.79113394,0.99460316,0.86512274,7398.5
IFEval,BOHB,13,0,4e-06,0.01,1200,7398.601895189286,58.959045,21.212122,55.49659,69.63752,75.952126,50.74956,52.10591,76.73333,84.76821,22.155375,935.5556,0.79113394,0.99460316,0.86512274,7398.5
IFEval,BOHB,14,8,4e-06,0.01,1200,32399.304156883238,58.959045,21.212122,55.49659,69.63752,75.952126,50.74956,52.10591,76.73333,84.76821,22.155375,935.5556,0.79113394,0.99460316,0.86512274,7398.5
IFEval,BOHB,15,9,4e-06,0.01,1200,33584.419713840485,58.959045,21.212122,55.49659,69.63752,75.952126,50.74956,52.10591,76.73333,84.76821,22.155375,935.5556,0.79113394,0.99460316,0.86512274,7398.5
IFEval,BOHB,16,9,4e-06,0.02,1000,41048.12961517144,59.300343,22.222221,55.724033,69.67735,75.952126,51.19709,50.118797,73.333336,84.9315,20.341768,971.81805,1.033671,1.0385433,1.0354428,6152.2
IFEval,BOHB,17,3,4e-06,0.01,1200,19893.74809823036,58.959045,21.212122,55.49659,69.63752,75.952126,50.74956,52.10591,76.73333,84.76821,22.155375,935.5556,0.79113394,0.99460316,0.86512274,7398.5
IFEval,BOHB,18,0,4e-06,0.01,1200,7398.6018193721775,58.959045,21.212122,55.49659,69.63752,75.952126,50.74956,52.10591,76.73333,84.76821,22.155375,935.5556,0.79113394,0.99460316,0.86512274,7398.5
IFEval,BOHB,19,8,4e-06,0.01,1200,39659.38936029244,58.959045,21.212122,55.49659,69.63752,75.952126,50.74956,52.10591,76.73333,84.76821,22.155375,935.5556,0.79113394,0.99460316,0.86512274,7398.5
IFEval,BOHB,20,0,4e-06,0.01,1200,7398.601977443695,58.959045,21.212122,55.49659,69.63752,75.952126,50.74956,52.10591,76.73333,84.76821,22.155375,935.5556,0.79113394,0.99460316,0.86512274,7398.5
IFEval,BOHB,21,10,4e-06,0.01,600,43520.3824468708,58.447098,20.20202,54.662624,69.4284,75.680084,50.070915,51.618816,78.066666,85.57047,21.252981,959.62146,0.52673775,1.2850465,0.80248636,3699.3
IFEval,BOHB,22,3,4e-06,0.01,1200,19938.748429393767,58.959045,21.212122,55.49659,69.63752,75.952126,50.74956,52.10591,76.73333,84.76821,22.155375,935.5556,0.79113394,0.99460316,0.86512274,7398.5
IFEval,BOHB,23,0,4e-06,0.01,1200,7398.6020840168,58.959045,21.212122,55.49659,69.63752,75.952126,50.74956,52.10591,76.73333,84.76821,22.155375,935.5556,0.79113394,0.99460316,0.86512274,7398.5
IFEval,BOHB,24,0,4e-06,0.01,1200,7398.601744985581,58.959045,21.212122,55.49659,69.63752,75.952126,50.74956,52.10591,76.73333,84.76821,22.155375,935.5556,0.79113394,0.99460316,0.86512274,7398.5
IFEval,BOTorch,0,0,4e-06,0.01,1200,7398.601953363419,58.959045,21.212122,55.49659,69.63752,75.952126,50.74956,52.10591,76.73333,84.76821,22.155375,935.5556,0.79113394,0.99460316,0.86512274,7398.5
IFEval,BOTorch,1,2,4e-06,0.04,800,17399.549175834654,58.70307,23.232323,56.330555,69.32882,76.16975,51.254017,51.90982,72.96667,77.054794,19.70793,1005.7145,1.1171892,0.8127004,1.006466,4924.3
IFEval,BOTorch,2,1,2e-06,0.01,1600,9825.803033685685,58.27645,21.717173,54.662624,68.42262,75.952126,48.15608,46.68413,71.36667,79.86577,19.916653,993.6011,0.04436696,0.847824,0.33653316,9825.7
IFEval,BOTorch,3,3,4e-06,0.01,1200,19893.748461580275,58.959045,21.212122,55.49659,69.63752,75.952126,50.74956,52.10591,76.73333,84.76821,22.155375,935.5556,0.79113394,0.99460316,0.86512274,7398.5
IFEval,BOTorch,4,1,4e-06,0.04,800,4924.401602363587,58.70307,23.232323,56.330555,69.32882,76.16975,51.254017,51.90982,72.96667,77.054794,19.70793,1005.7145,1.1171892,0.8127004,1.006466,4924.3
IFEval,BOTorch,5,2,4e-06,0.04,800,17399.5473323822,58.70307,23.232323,56.330555,69.32882,76.16975,51.254017,51.90982,72.96667,77.054794,19.70793,1005.7145,1.1171892,0.8127004,1.006466,4924.3
IFEval,BOTorch,6,2,2e-06,0.02,2000,24888.34821925163,58.532425,22.727272,54.359364,68.333,76.00653,48.504456,45.677467,71.86667,87.93104,16.470451,952.8265,0.33114612,0.7361248,0.4784111,12348.1
IFEval,BOTorch,7,0,1e-06,0.02,2000,12283.802413797375,57.508533,22.727272,41.849888,67.69568,75.40805,47.398563,41.67952,59.866665,68.83117,5.762695,806.3376,-0.7186904,-1.2615666,-0.91609997,12283.7
IFEval,BOTorch,8,2,4e-06,0.01,1200,19873.747524118426,58.959045,21.212122,55.49659,69.63752,75.952126,50.74956,52.10591,76.73333,84.76821,22.155375,935.5556,0.79113394,0.99460316,0.86512274,7398.5
IFEval,BOTorch,9,0,2e-06,0.01,1600,9825.802083587643,58.27645,21.717173,54.662624,68.42262,75.952126,48.15608,46.68413,71.36667,79.86577,19.916653,993.6011,0.04436696,0.847824,0.33653316,9825.7
IFEval,BOTorch,10,3,1e-06,0.01,800,17494.148980236052,57.593857,23.232323,41.015923,67.67576,75.7345,47.330757,41.83439,58.033333,66.78322,6.0112824,819.5563,-0.71689117,-1.2162919,-0.89849144,4938.9
IFEval,BOTorch,11,1,4e-06,0.01,1200,7398.601894235611,58.959045,21.212122,55.49659,69.63752,75.952126,50.74956,52.10591,76.73333,84.76821,22.155375,935.5556,0.79113394,0.99460316,0.86512274,7398.5
IFEval,BOTorch,12,2,4e-06,0.02,2000,24779.54885778427,59.215015,21.717173,56.254738,69.51802,75.89771,51.519127,50.704575,77.666664,80.68965,22.627554,927.859,0.9108035,0.8369621,0.8839521,12304.3
IFEval,BOTorch,13,2,2e-06,0.01,1600,22365.94818315506,58.27645,21.717173,54.662624,68.42262,75.952126,48.15608,46.68413,71.36667,79.86577,19.916653,993.6011,0.04436696,0.847824,0.33653316,9825.7
IFEval,BOTorch,14,2,4e-06,0.01,1200,19938.750074243544,58.959045,21.212122,55.49659,69.63752,75.952126,50.74956,52.10591,76.73333,84.76821,22.155375,935.5556,0.79113394,0.99460316,0.86512274,7398.5
IFEval,BOTorch,15,0,4e-06,0.01,1200,7398.601547574997,58.959045,21.212122,55.49659,69.63752,75.952126,50.74956,52.10591,76.73333,84.76821,22.155375,935.5556,0.79113394,0.99460316,0.86512274,7398.5
IFEval,BOTorch,16,3,4e-06,0.01,1200,19903.747445917128,58.959045,21.212122,55.49659,69.63752,75.952126,50.74956,52.10591,76.73333,84.76821,22.155375,935.5556,0.79113394,0.99460316,0.86512274,7398.5
IFEval,BOTorch,17,0,4e-06,0.02,2000,12304.4017745018,59.215015,21.717173,56.254738,69.51802,75.89771,51.519127,50.704575,77.666664,80.68965,22.627554,927.859,0.9108035,0.8369621,0.8839521,12304.3
IFEval,BOTorch,18,1,4e-06,0.01,1200,7398.601724481583,58.959045,21.212122,55.49659,69.63752,75.952126,50.74956,52.10591,76.73333,84.76821,22.155375,935.5556,0.79113394,0.99460316,0.86512274,7398.5
IFEval,BOTorch,19,2,4e-06,0.04,800,17399.551575040816,58.70307,23.232323,56.330555,69.32882,76.16975,51.254017,51.90982,72.96667,77.054794,19.70793,1005.7145,1.1171892,0.8127004,1.006466,4924.3
IFEval,BOTorch,20,0,4e-06,0.02,2000,12304.401408290862,59.215015,21.717173,56.254738,69.51802,75.89771,51.519127,50.704575,77.666664,80.68965,22.627554,927.859,0.9108035,0.8369621,0.8839521,12304.3
IFEval,BOTorch,21,0,4e-06,0.04,800,4924.401409721375,58.70307,23.232323,56.330555,69.32882,76.16975,51.254017,51.90982,72.96667,77.054794,19.70793,1005.7145,1.1171892,0.8127004,1.006466,4924.3
IFEval,BOTorch,22,3,4e-06,0.04,800,17419.549142456053,58.70307,23.232323,56.330555,69.32882,76.16975,51.254017,51.90982,72.96667,77.054794,19.70793,1005.7145,1.1171892,0.8127004,1.006466,4924.3
IFEval,BOTorch,23,0,4e-06,0.04,800,4924.401861286164,58.70307,23.232323,56.330555,69.32882,76.16975,51.254017,51.90982,72.96667,77.054794,19.70793,1005.7145,1.1171892,0.8127004,1.006466,4924.3
IFEval,BOTorch,24,6,4e-06,0.01,1200,44939.9625972271,58.959045,21.212122,55.49659,69.63752,75.952126,50.74956,52.10591,76.73333,84.76821,22.155375,935.5556,0.79113394,0.99460316,0.86512274,7398.5
IFEval,CQR,0,6,2e-06,0.01,1400,46108.31481990815,58.1058,21.212122,54.056103,68.41267,75.7345,48.152256,45.511353,71.36667,81.08108,16.864948,964.44305,-0.09285174,0.5835404,0.15310904,8597.5
IFEval,CQR,1,0,2e-06,0.01,1600,9825.80188140869,58.27645,21.717173,54.662624,68.42262,75.952126,48.15608,46.68413,71.36667,79.86577,19.916653,993.6011,0.04436696,0.847824,0.33653316,9825.7
IFEval,CQR,2,2,4e-06,0.01,1200,19873.748745298384,58.959045,21.212122,55.49659,69.63752,75.952126,50.74956,52.10591,76.73333,84.76821,22.155375,935.5556,0.79113394,0.99460316,0.86512274,7398.5
IFEval,CQR,3,0,4e-06,0.01,1200,7398.602086877823,58.959045,21.212122,55.49659,69.63752,75.952126,50.74956,52.10591,76.73333,84.76821,22.155375,935.5556,0.79113394,0.99460316,0.86512274,7398.5
IFEval,CQR,4,4,4e-06,0.01,1200,32433.89428243637,58.959045,21.212122,55.49659,69.63752,75.952126,50.74956,52.10591,76.73333,84.76821,22.155375,935.5556,0.79113394,0.99460316,0.86512274,7398.5
IFEval,CQR,5,4,4e-06,0.01,1200,32368.90392169952,58.959045,21.212122,55.49659,69.63752,75.952126,50.74956,52.10591,76.73333,84.76821,22.155375,935.5556,0.79113394,0.99460316,0.86512274,7398.5
IFEval,CQR,6,0,4e-06,0.02,2000,12304.401749467848,59.215015,21.717173,56.254738,69.51802,75.89771,51.519127,50.704575,77.666664,80.68965,22.627554,927.859,0.9108035,0.8369621,0.8839521,12304.3
IFEval,CQR,7,1,4e-06,0.01,1200,7398.601996040345,58.959045,21.212122,55.49659,69.63752,75.952126,50.74956,52.10591,76.73333,84.76821,22.155375,935.5556,0.79113394,0.99460316,0.86512274,7398.5
IFEval,CQR,8,2,4e-06,0.01,1200,19873.74793920517,58.959045,21.212122,55.49659,69.63752,75.952126,50.74956,52.10591,76.73333,84.76821,22.155375,935.5556,0.79113394,0.99460316,0.86512274,7398.5
IFEval,CQR,9,0,4e-06,0.01,1200,7398.601706361771,58.959045,21.212122,55.49659,69.63752,75.952126,50.74956,52.10591,76.73333,84.76821,22.155375,935.5556,0.79113394,0.99460316,0.86512274,7398.5
IFEval,CQR,10,2,2e-06,0.01,1600,22365.9489947319,58.27645,21.717173,54.662624,68.42262,75.952126,48.15608,46.68413,71.36667,79.86577,19.916653,993.6011,0.04436696,0.847824,0.33653316,9825.7
IFEval,CQR,11,3,4e-06,0.01,1200,19938.749703025816,58.959045,21.212122,55.49659,69.63752,75.952126,50.74956,52.10591,76.73333,84.76821,22.155375,935.5556,0.79113394,0.99460316,0.86512274,7398.5
IFEval,CQR,12,6,4e-06,0.04,800,42390.08678112031,58.70307,23.232323,56.330555,69.32882,76.16975,51.254017,51.90982,72.96667,77.054794,19.70793,1005.7145,1.1171892,0.8127004,1.006466,4924.3
IFEval,CQR,13,0,4e-06,0.01,1200,7398.601760959626,58.959045,21.212122,55.49659,69.63752,75.952126,50.74956,52.10591,76.73333,84.76821,22.155375,935.5556,0.79113394,0.99460316,0.86512274,7398.5
IFEval,CQR,14,2,4e-06,0.04,800,17419.547207450865,58.70307,23.232323,56.330555,69.32882,76.16975,51.254017,51.90982,72.96667,77.054794,19.70793,1005.7145,1.1171892,0.8127004,1.006466,4924.3
IFEval,CQR,15,5,2e-06,0.01,1600,34841.09536156655,58.27645,21.717173,54.662624,68.42262,75.952126,48.15608,46.68413,71.36667,79.86577,19.916653,993.6011,0.04436696,0.847824,0.33653316,9825.7
IFEval,CQR,16,2,2e-06,0.01,1600,22320.94762263298,58.27645,21.717173,54.662624,68.42262,75.952126,48.15608,46.68413,71.36667,79.86577,19.916653,993.6011,0.04436696,0.847824,0.33653316,9825.7
IFEval,CQR,17,3,4e-06,0.01,1200,19893.747803306574,58.959045,21.212122,55.49659,69.63752,75.952126,50.74956,52.10591,76.73333,84.76821,22.155375,935.5556,0.79113394,0.99460316,0.86512274,7398.5
IFEval,CQR,18,0,4e-06,0.01,1200,7398.602791166306,58.959045,21.212122,55.49659,69.63752,75.952126,50.74956,52.10591,76.73333,84.76821,22.155375,935.5556,0.79113394,0.99460316,0.86512274,7398.5
IFEval,CQR,19,3,4e-06,0.04,800,17419.547937726973,58.70307,23.232323,56.330555,69.32882,76.16975,51.254017,51.90982,72.96667,77.054794,19.70793,1005.7145,1.1171892,0.8127004,1.006466,4924.3
IFEval,CQR,20,0,4e-06,0.01,1200,7398.601663684845,58.959045,21.212122,55.49659,69.63752,75.952126,50.74956,52.10591,76.73333,84.76821,22.155375,935.5556,0.79113394,0.99460316,0.86512274,7398.5
IFEval,CQR,21,0,2e-06,0.01,1600,9825.80248365402,58.27645,21.717173,54.662624,68.42262,75.952126,48.15608,46.68413,71.36667,79.86577,19.916653,993.6011,0.04436696,0.847824,0.33653316,9825.7
IFEval,CQR,22,3,4e-06,0.01,1200,19938.749751901625,58.959045,21.212122,55.49659,69.63752,75.952126,50.74956,52.10591,76.73333,84.76821,22.155375,935.5556,0.79113394,0.99460316,0.86512274,7398.5
IFEval,CQR,23,0,4e-06,0.01,1200,7398.602931594849,58.959045,21.212122,55.49659,69.63752,75.952126,50.74956,52.10591,76.73333,84.76821,22.155375,935.5556,0.79113394,0.99460316,0.86512274,7398.5
IFEval,CQR,24,0,4e-06,0.01,1200,7398.602143859864,58.959045,21.212122,55.49659,69.63752,75.952126,50.74956,52.10591,76.73333,84.76821,22.155375,935.5556,0.79113394,0.99460316,0.86512274,7398.5
IFEval,RandomSearch,0,2,4e-06,0.01,1200,19873.748597002028,58.959045,21.212122,55.49659,69.63752,75.952126,50.74956,52.10591,76.73333,84.76821,22.155375,935.5556,0.79113394,0.99460316,0.86512274,7398.5
IFEval,RandomSearch,1,1,4e-06,0.01,1200,7398.601653909684,58.959045,21.212122,55.49659,69.63752,75.952126,50.74956,52.10591,76.73333,84.76821,22.155375,935.5556,0.79113394,0.99460316,0.86512274,7398.5
IFEval,RandomSearch,2,0,4e-06,0.01,1200,7398.601957178116,58.959045,21.212122,55.49659,69.63752,75.952126,50.74956,52.10591,76.73333,84.76821,22.155375,935.5556,0.79113394,0.99460316,0.86512274,7398.5
IFEval,RandomSearch,3,5,4e-06,0.04,800,29939.69475326538,58.70307,23.232323,56.330555,69.32882,76.16975,51.254017,51.90982,72.96667,77.054794,19.70793,1005.7145,1.1171892,0.8127004,1.006466,4924.3
IFEval,RandomSearch,4,2,4e-06,0.04,800,17419.54965648651,58.70307,23.232323,56.330555,69.32882,76.16975,51.254017,51.90982,72.96667,77.054794,19.70793,1005.7145,1.1171892,0.8127004,1.006466,4924.3
IFEval,RandomSearch,5,0,4e-06,0.01,1200,7398.601870155335,58.959045,21.212122,55.49659,69.63752,75.952126,50.74956,52.10591,76.73333,84.76821,22.155375,935.5556,0.79113394,0.99460316,0.86512274,7398.5
IFEval,RandomSearch,6,5,4e-06,0.04,800,30019.696549272536,58.70307,23.232323,56.330555,69.32882,76.16975,51.254017,51.90982,72.96667,77.054794,19.70793,1005.7145,1.1171892,0.8127004,1.006466,4924.3
IFEval,RandomSearch,7,6,4e-06,0.01,1200,44969.07472381592,58.959045,21.212122,55.49659,69.63752,75.952126,50.74956,52.10591,76.73333,84.76821,22.155375,935.5556,0.79113394,0.99460316,0.86512274,7398.5
IFEval,RandomSearch,8,0,4e-06,0.04,800,4924.40147433281,58.70307,23.232323,56.330555,69.32882,76.16975,51.254017,51.90982,72.96667,77.054794,19.70793,1005.7145,1.1171892,0.8127004,1.006466,4924.3
IFEval,RandomSearch,9,5,4e-06,0.01,1200,32413.896276569365,58.959045,21.212122,55.49659,69.63752,75.952126,50.74956,52.10591,76.73333,84.76821,22.155375,935.5556,0.79113394,0.99460316,0.86512274,7398.5
IFEval,RandomSearch,10,2,4e-06,0.04,800,17419.548749065398,58.70307,23.232323,56.330555,69.32882,76.16975,51.254017,51.90982,72.96667,77.054794,19.70793,1005.7145,1.1171892,0.8127004,1.006466,4924.3
IFEval,RandomSearch,11,7,4e-06,0.01,1200,44929.04555687905,58.959045,21.212122,55.49659,69.63752,75.952126,50.74956,52.10591,76.73333,84.76821,22.155375,935.5556,0.79113394,0.99460316,0.86512274,7398.5
IFEval,RandomSearch,12,6,4e-06,0.04,800,42369.85419974328,58.70307,23.232323,56.330555,69.32882,76.16975,51.254017,51.90982,72.96667,77.054794,19.70793,1005.7145,1.1171892,0.8127004,1.006466,4924.3
IFEval,RandomSearch,13,2,4e-06,0.01,1200,19873.74722204208,58.959045,21.212122,55.49659,69.63752,75.952126,50.74956,52.10591,76.73333,84.76821,22.155375,935.5556,0.79113394,0.99460316,0.86512274,7398.5
IFEval,RandomSearch,14,5,4e-06,0.01,1200,32448.899534797667,58.959045,21.212122,55.49659,69.63752,75.952126,50.74956,52.10591,76.73333,84.76821,22.155375,935.5556,0.79113394,0.99460316,0.86512274,7398.5
IFEval,RandomSearch,15,1,4e-06,0.01,1200,7398.602022981644,58.959045,21.212122,55.49659,69.63752,75.952126,50.74956,52.10591,76.73333,84.76821,22.155375,935.5556,0.79113394,0.99460316,0.86512274,7398.5
IFEval,RandomSearch,16,0,4e-06,0.01,1200,7398.601823425293,58.959045,21.212122,55.49659,69.63752,75.952126,50.74956,52.10591,76.73333,84.76821,22.155375,935.5556,0.79113394,0.99460316,0.86512274,7398.5
IFEval,RandomSearch,17,1,4e-06,0.01,1200,7398.602039432526,58.959045,21.212122,55.49659,69.63752,75.952126,50.74956,52.10591,76.73333,84.76821,22.155375,935.5556,0.79113394,0.99460316,0.86512274,7398.5
IFEval,RandomSearch,18,3,4e-06,0.02,2000,24844.55464324951,59.215015,21.717173,56.254738,69.51802,75.89771,51.519127,50.704575,77.666664,80.68965,22.627554,927.859,0.9108035,0.8369621,0.8839521,12304.3
IFEval,RandomSearch,19,4,4e-06,0.01,1200,32368.89823040962,58.959045,21.212122,55.49659,69.63752,75.952126,50.74956,52.10591,76.73333,84.76821,22.155375,935.5556,0.79113394,0.99460316,0.86512274,7398.5
IFEval,RandomSearch,20,3,4e-06,0.01,1200,19953.7536693573,58.959045,21.212122,55.49659,69.63752,75.952126,50.74956,52.10591,76.73333,84.76821,22.155375,935.5556,0.79113394,0.99460316,0.86512274,7398.5
IFEval,RandomSearch,21,6,4e-06,0.04,800,42494.84412441254,58.70307,23.232323,56.330555,69.32882,76.16975,51.254017,51.90982,72.96667,77.054794,19.70793,1005.7145,1.1171892,0.8127004,1.006466,4924.3
IFEval,RandomSearch,22,2,4e-06,0.04,800,17399.549652671813,58.70307,23.232323,56.330555,69.32882,76.16975,51.254017,51.90982,72.96667,77.054794,19.70793,1005.7145,1.1171892,0.8127004,1.006466,4924.3
IFEval,RandomSearch,23,1,4e-06,0.04,800,4924.401455259324,58.70307,23.232323,56.330555,69.32882,76.16975,51.254017,51.90982,72.96667,77.054794,19.70793,1005.7145,1.1171892,0.8127004,1.006466,4924.3
IFEval,RandomSearch,24,5,4e-06,0.01,1200,32448.898084020613,58.959045,21.212122,55.49659,69.63752,75.952126,50.74956,52.10591,76.73333,84.76821,22.155375,935.5556,0.79113394,0.99460316,0.86512274,7398.5
IFEval,TPE,0,5,4e-06,0.01,1200,32448.894377088545,58.959045,21.212122,55.49659,69.63752,75.952126,50.74956,52.10591,76.73333,84.76821,22.155375,935.5556,0.79113394,0.99460316,0.86512274,7398.5
IFEval,TPE,1,4,4e-06,0.01,1200,32368.894437885283,58.959045,21.212122,55.49659,69.63752,75.952126,50.74956,52.10591,76.73333,84.76821,22.155375,935.5556,0.79113394,0.99460316,0.86512274,7398.5
IFEval,TPE,2,1,4e-06,0.01,1200,7398.601713514328,58.959045,21.212122,55.49659,69.63752,75.952126,50.74956,52.10591,76.73333,84.76821,22.155375,935.5556,0.79113394,0.99460316,0.86512274,7398.5
IFEval,TPE,3,1,4e-06,0.04,800,4924.401698207856,58.70307,23.232323,56.330555,69.32882,76.16975,51.254017,51.90982,72.96667,77.054794,19.70793,1005.7145,1.1171892,0.8127004,1.006466,4924.3
IFEval,TPE,4,1,4e-06,0.04,800,4924.4014824390415,58.70307,23.232323,56.330555,69.32882,76.16975,51.254017,51.90982,72.96667,77.054794,19.70793,1005.7145,1.1171892,0.8127004,1.006466,4924.3
IFEval,TPE,5,5,4e-06,0.04,800,30004.69538054466,58.70307,23.232323,56.330555,69.32882,76.16975,51.254017,51.90982,72.96667,77.054794,19.70793,1005.7145,1.1171892,0.8127004,1.006466,4924.3
IFEval,TPE,6,2,4e-06,0.04,800,17419.548390007018,58.70307,23.232323,56.330555,69.32882,76.16975,51.254017,51.90982,72.96667,77.054794,19.70793,1005.7145,1.1171892,0.8127004,1.006466,4924.3
IFEval,TPE,7,0,4e-06,0.01,1200,7398.602395868302,58.959045,21.212122,55.49659,69.63752,75.952126,50.74956,52.10591,76.73333,84.76821,22.155375,935.5556,0.79113394,0.99460316,0.86512274,7398.5
IFEval,TPE,8,3,4e-06,0.01,1200,19893.748323774336,58.959045,21.212122,55.49659,69.63752,75.952126,50.74956,52.10591,76.73333,84.76821,22.155375,935.5556,0.79113394,0.99460316,0.86512274,7398.5
IFEval,TPE,9,5,4e-06,0.01,1200,32413.89869103432,58.959045,21.212122,55.49659,69.63752,75.952126,50.74956,52.10591,76.73333,84.76821,22.155375,935.5556,0.79113394,0.99460316,0.86512274,7398.5
IFEval,TPE,10,4,4e-06,0.02,2000,37334.69847378731,59.215015,21.717173,56.254738,69.51802,75.89771,51.519127,50.704575,77.666664,80.68965,22.627554,927.859,0.9108035,0.8369621,0.8839521,12304.3
IFEval,TPE,11,4,4e-06,0.01,1200,32378.89411482811,58.959045,21.212122,55.49659,69.63752,75.952126,50.74956,52.10591,76.73333,84.76821,22.155375,935.5556,0.79113394,0.99460316,0.86512274,7398.5
IFEval,TPE,12,2,4e-06,0.01,1200,19873.74864683151,58.959045,21.212122,55.49659,69.63752,75.952126,50.74956,52.10591,76.73333,84.76821,22.155375,935.5556,0.79113394,0.99460316,0.86512274,7398.5
IFEval,TPE,13,0,2e-06,0.01,1600,9825.802064752575,58.27645,21.717173,54.662624,68.42262,75.952126,48.15608,46.68413,71.36667,79.86577,19.916653,993.6011,0.04436696,0.847824,0.33653316,9825.7
IFEval,TPE,14,2,4e-06,0.01,1200,19893.74907836914,58.959045,21.212122,55.49659,69.63752,75.952126,50.74956,52.10591,76.73333,84.76821,22.155375,935.5556,0.79113394,0.99460316,0.86512274,7398.5
IFEval,TPE,15,7,4e-06,0.01,1200,44944.04099926949,58.959045,21.212122,55.49659,69.63752,75.952126,50.74956,52.10591,76.73333,84.76821,22.155375,935.5556,0.79113394,0.99460316,0.86512274,7398.5
IFEval,TPE,16,0,2e-06,0.01,1600,9825.801879262925,58.27645,21.717173,54.662624,68.42262,75.952126,48.15608,46.68413,71.36667,79.86577,19.916653,993.6011,0.04436696,0.847824,0.33653316,9825.7
IFEval,TPE,17,1,4e-06,0.01,1200,7398.601706361771,58.959045,21.212122,55.49659,69.63752,75.952126,50.74956,52.10591,76.73333,84.76821,22.155375,935.5556,0.79113394,0.99460316,0.86512274,7398.5
IFEval,TPE,18,0,4e-06,0.01,1200,7398.601575231552,58.959045,21.212122,55.49659,69.63752,75.952126,50.74956,52.10591,76.73333,84.76821,22.155375,935.5556,0.79113394,0.99460316,0.86512274,7398.5
IFEval,TPE,19,2,4e-06,0.04,800,17399.547096347807,58.70307,23.232323,56.330555,69.32882,76.16975,51.254017,51.90982,72.96667,77.054794,19.70793,1005.7145,1.1171892,0.8127004,1.006466,4924.3
IFEval,TPE,20,4,4e-06,0.02,2000,37319.69614920617,59.215015,21.717173,56.254738,69.51802,75.89771,51.519127,50.704575,77.666664,80.68965,22.627554,927.859,0.9108035,0.8369621,0.8839521,12304.3
IFEval,TPE,21,7,4e-06,0.02,1000,43772.74379811288,59.300343,22.222221,55.724033,69.67735,75.952126,51.19709,50.118797,73.333336,84.9315,20.341768,971.81805,1.033671,1.0385433,1.0354428,6152.2
IFEval,TPE,22,5,4e-06,0.04,800,29959.69384346008,58.70307,23.232323,56.330555,69.32882,76.16975,51.254017,51.90982,72.96667,77.054794,19.70793,1005.7145,1.1171892,0.8127004,1.006466,4924.3
IFEval,TPE,23,6,4e-06,0.01,1200,44854.040310478216,58.959045,21.212122,55.49659,69.63752,75.952126,50.74956,52.10591,76.73333,84.76821,22.155375,935.5556,0.79113394,0.99460316,0.86512274,7398.5
IFEval,TPE,24,5,4e-06,0.01,1200,32448.89514622688,58.959045,21.212122,55.49659,69.63752,75.952126,50.74956,52.10591,76.73333,84.76821,22.155375,935.5556,0.79113394,0.99460316,0.86512274,7398.5
MT-Bench,ASHA,0,6,4e-06,0.02,1200,32353.19866977119,59.47099,21.717173,57.240334,69.60765,75.51687,51.3951,50.026375,76.6,89.11565,21.393772,937.7151,0.70896316,1.0835112,0.84516245,7382.6
MT-Bench,ASHA,1,7,4e-06,0.01,800,42358.04409775925,58.87372,23.232323,55.799847,69.55785,75.89771,50.37654,51.51764,76.8,87.5,20.779196,958.30347,0.9636782,1.1400237,1.0278038,4932.4
MT-Bench,ASHA,2,3,4e-06,0.02,1200,19937.84895644188,59.47099,21.717173,57.240334,69.60765,75.51687,51.3951,50.026375,76.6,89.11565,21.393772,937.7151,0.70896316,1.0835112,0.84516245,7382.6
MT-Bench,ASHA,3,4,4e-06,0.02,1200,21092.964825250623,59.47099,21.717173,57.240334,69.60765,75.51687,51.3951,50.026375,76.6,89.11565,21.393772,937.7151,0.70896316,1.0835112,0.84516245,7382.6
MT-Bench,ASHA,4,3,4e-06,0.02,1200,19922.85041985512,59.47099,21.717173,57.240334,69.60765,75.51687,51.3951,50.026375,76.6,89.11565,21.393772,937.7151,0.70896316,1.0835112,0.84516245,7382.6
MT-Bench,ASHA,5,0,4e-06,0.02,1200,7382.702303743363,59.47099,21.717173,57.240334,69.60765,75.51687,51.3951,50.026375,76.6,89.11565,21.393772,937.7151,0.70896316,1.0835112,0.84516245,7382.6
MT-Bench,ASHA,6,0,4e-06,0.02,1200,7382.701979017258,59.47099,21.717173,57.240334,69.60765,75.51687,51.3951,50.026375,76.6,89.11565,21.393772,937.7151,0.70896316,1.0835112,0.84516245,7382.6
MT-Bench,ASHA,7,1,4e-06,0.01,800,4932.501920557023,58.87372,23.232323,55.799847,69.55785,75.89771,50.37654,51.51764,76.8,87.5,20.779196,958.30347,0.9636782,1.1400237,1.0278038,4932.4
MT-Bench,ASHA,8,8,4e-06,0.02,1200,37303.36111126519,59.47099,21.717173,57.240334,69.60765,75.51687,51.3951,50.026375,76.6,89.11565,21.393772,937.7151,0.70896316,1.0835112,0.84516245,7382.6
MT-Bench,ASHA,9,1,4e-06,0.02,1200,7382.702838754654,59.47099,21.717173,57.240334,69.60765,75.51687,51.3951,50.026375,76.6,89.11565,21.393772,937.7151,0.70896316,1.0835112,0.84516245,7382.6
MT-Bench,ASHA,10,0,2e-06,0.02,2000,12348.201522922514,58.532425,22.727272,54.359364,68.333,76.00653,48.504456,45.677467,71.86667,87.93104,16.470451,952.8265,0.33114612,0.7361248,0.4784111,12348.1
MT-Bench,ASHA,11,5,4e-06,0.02,1200,32448.09701571655,59.47099,21.717173,57.240334,69.60765,75.51687,51.3951,50.026375,76.6,89.11565,21.393772,937.7151,0.70896316,1.0835112,0.84516245,7382.6
MT-Bench,ASHA,12,0,4e-06,0.02,1200,7382.701652383805,59.47099,21.717173,57.240334,69.60765,75.51687,51.3951,50.026375,76.6,89.11565,21.393772,937.7151,0.70896316,1.0835112,0.84516245,7382.6
MT-Bench,ASHA,13,0,4e-06,0.01,800,4932.501699781418,58.87372,23.232323,55.799847,69.55785,75.89771,50.37654,51.51764,76.8,87.5,20.779196,958.30347,0.9636782,1.1400237,1.0278038,4932.4
MT-Bench,ASHA,14,1,4e-06,0.02,1200,7382.701863861084,59.47099,21.717173,57.240334,69.60765,75.51687,51.3951,50.026375,76.6,89.11565,21.393772,937.7151,0.70896316,1.0835112,0.84516245,7382.6
MT-Bench,ASHA,15,9,4e-06,0.02,1200,36103.45465288925,59.47099,21.717173,57.240334,69.60765,75.51687,51.3951,50.026375,76.6,89.11565,21.393772,937.7151,0.70896316,1.0835112,0.84516245,7382.6
MT-Bench,ASHA,16,1,2e-06,0.02,2000,12348.20123991966,58.532425,22.727272,54.359364,68.333,76.00653,48.504456,45.677467,71.86667,87.93104,16.470451,952.8265,0.33114612,0.7361248,0.4784111,12348.1
MT-Bench,ASHA,17,1,4e-06,0.02,1200,7382.702194786072,59.47099,21.717173,57.240334,69.60765,75.51687,51.3951,50.026375,76.6,89.11565,21.393772,937.7151,0.70896316,1.0835112,0.84516245,7382.6
MT-Bench,ASHA,18,5,4e-06,0.02,1200,32412.996157741545,59.47099,21.717173,57.240334,69.60765,75.51687,51.3951,50.026375,76.6,89.11565,21.393772,937.7151,0.70896316,1.0835112,0.84516245,7382.6
MT-Bench,ASHA,19,8,4e-06,0.01,800,24843.24699960708,58.87372,23.232323,55.799847,69.55785,75.89771,50.37654,51.51764,76.8,87.5,20.779196,958.30347,0.9636782,1.1400237,1.0278038,4932.4
MT-Bench,ASHA,20,1,4e-06,0.02,1200,7382.702230787278,59.47099,21.717173,57.240334,69.60765,75.51687,51.3951,50.026375,76.6,89.11565,21.393772,937.7151,0.70896316,1.0835112,0.84516245,7382.6
MT-Bench,ASHA,21,4,2e-06,0.04,1400,26095.50946912956,58.361774,22.727272,52.16073,68.273254,75.89771,48.642525,41.58211,69.166664,81.78808,13.9110365,911.17474,0.13790397,0.23174064,0.1720264,8610.1
MT-Bench,ASHA,22,3,4e-06,0.01,800,17472.6497405529,58.87372,23.232323,55.799847,69.55785,75.89771,50.37654,51.51764,76.8,87.5,20.779196,958.30347,0.9636782,1.1400237,1.0278038,4932.4
MT-Bench,ASHA,23,0,4e-06,0.01,800,4932.502184009552,58.87372,23.232323,55.799847,69.55785,75.89771,50.37654,51.51764,76.8,87.5,20.779196,958.30347,0.9636782,1.1400237,1.0278038,4932.4
MT-Bench,ASHA,24,9,4e-06,0.02,1200,33443.629659282684,59.47099,21.717173,57.240334,69.60765,75.51687,51.3951,50.026375,76.6,89.11565,21.393772,937.7151,0.70896316,1.0835112,0.84516245,7382.6
MT-Bench,BOHB,0,9,4e-06,0.01,800,42408.24900613404,58.87372,23.232323,55.799847,69.55785,75.89771,50.37654,51.51764,76.8,87.5,20.779196,958.30347,0.9636782,1.1400237,1.0278038,4932.4
MT-Bench,BOHB,1,6,4e-06,0.02,1200,33573.11190161896,59.47099,21.717173,57.240334,69.60765,75.51687,51.3951,50.026375,76.6,89.11565,21.393772,937.7151,0.70896316,1.0835112,0.84516245,7382.6
MT-Bench,BOHB,2,3,4e-06,0.02,1200,19937.852182006834,59.47099,21.717173,57.240334,69.60765,75.51687,51.3951,50.026375,76.6,89.11565,21.393772,937.7151,0.70896316,1.0835112,0.84516245,7382.6
MT-Bench,BOHB,3,4,4e-06,0.02,1200,21092.964436151506,59.47099,21.717173,57.240334,69.60765,75.51687,51.3951,50.026375,76.6,89.11565,21.393772,937.7151,0.70896316,1.0835112,0.84516245,7382.6
MT-Bench,BOHB,4,3,4e-06,0.02,1200,19922.85085234642,59.47099,21.717173,57.240334,69.60765,75.51687,51.3951,50.026375,76.6,89.11565,21.393772,937.7151,0.70896316,1.0835112,0.84516245,7382.6
MT-Bench,BOHB,5,0,4e-06,0.02,1200,7382.702195501328,59.47099,21.717173,57.240334,69.60765,75.51687,51.3951,50.026375,76.6,89.11565,21.393772,937.7151,0.70896316,1.0835112,0.84516245,7382.6
MT-Bench,BOHB,6,0,4e-06,0.02,1200,7382.701799488068,59.47099,21.717173,57.240334,69.60765,75.51687,51.3951,50.026375,76.6,89.11565,21.393772,937.7151,0.70896316,1.0835112,0.84516245,7382.6
MT-Bench,BOHB,7,1,4e-06,0.01,800,4932.501625156403,58.87372,23.232323,55.799847,69.55785,75.89771,50.37654,51.51764,76.8,87.5,20.779196,958.30347,0.9636782,1.1400237,1.0278038,4932.4
MT-Bench,BOHB,8,1,2e-06,0.02,2000,12348.201547718048,58.532425,22.727272,54.359364,68.333,76.00653,48.504456,45.677467,71.86667,87.93104,16.470451,952.8265,0.33114612,0.7361248,0.4784111,12348.1
MT-Bench,BOHB,9,1,4e-06,0.02,1200,7382.701922273636,59.47099,21.717173,57.240334,69.60765,75.51687,51.3951,50.026375,76.6,89.11565,21.393772,937.7151,0.70896316,1.0835112,0.84516245,7382.6
MT-Bench,BOHB,10,0,2e-06,0.02,2000,12348.201505756377,58.532425,22.727272,54.359364,68.333,76.00653,48.504456,45.677467,71.86667,87.93104,16.470451,952.8265,0.33114612,0.7361248,0.4784111,12348.1
MT-Bench,BOHB,11,1,2e-06,0.02,2000,12348.2013879776,58.532425,22.727272,54.359364,68.333,76.00653,48.504456,45.677467,71.86667,87.93104,16.470451,952.8265,0.33114612,0.7361248,0.4784111,12348.1
MT-Bench,BOHB,12,0,4e-06,0.02,1200,7382.702155685425,59.47099,21.717173,57.240334,69.60765,75.51687,51.3951,50.026375,76.6,89.11565,21.393772,937.7151,0.70896316,1.0835112,0.84516245,7382.6
MT-Bench,BOHB,13,7,4e-06,0.02,1200,23618.307413681025,59.47099,21.717173,57.240334,69.60765,75.51687,51.3951,50.026375,76.6,89.11565,21.393772,937.7151,0.70896316,1.0835112,0.84516245,7382.6
MT-Bench,BOHB,14,1,4e-06,0.02,1200,7382.701868391037,59.47099,21.717173,57.240334,69.60765,75.51687,51.3951,50.026375,76.6,89.11565,21.393772,937.7151,0.70896316,1.0835112,0.84516245,7382.6
MT-Bench,BOHB,15,4,2e-06,0.02,2000,26058.465012409208,58.532425,22.727272,54.359364,68.333,76.00653,48.504456,45.677467,71.86667,87.93104,16.470451,952.8265,0.33114612,0.7361248,0.4784111,12348.1
MT-Bench,BOHB,16,6,4e-06,0.02,1200,37268.15685544205,59.47099,21.717173,57.240334,69.60765,75.51687,51.3951,50.026375,76.6,89.11565,21.393772,937.7151,0.70896316,1.0835112,0.84516245,7382.6
MT-Bench,BOHB,17,1,4e-06,0.02,1200,7382.702090120316,59.47099,21.717173,57.240334,69.60765,75.51687,51.3951,50.026375,76.6,89.11565,21.393772,937.7151,0.70896316,1.0835112,0.84516245,7382.6
MT-Bench,BOHB,18,5,4e-06,0.02,1200,32412.996629571917,59.47099,21.717173,57.240334,69.60765,75.51687,51.3951,50.026375,76.6,89.11565,21.393772,937.7151,0.70896316,1.0835112,0.84516245,7382.6
MT-Bench,BOHB,19,6,4e-06,0.02,1200,24828.21611223793,59.47099,21.717173,57.240334,69.60765,75.51687,51.3951,50.026375,76.6,89.11565,21.393772,937.7151,0.70896316,1.0835112,0.84516245,7382.6
MT-Bench,BOHB,20,1,4e-06,0.02,1200,7382.701883172989,59.47099,21.717173,57.240334,69.60765,75.51687,51.3951,50.026375,76.6,89.11565,21.393772,937.7151,0.70896316,1.0835112,0.84516245,7382.6
MT-Bench,BOHB,21,6,4e-06,0.02,1200,37363.16533551407,59.47099,21.717173,57.240334,69.60765,75.51687,51.3951,50.026375,76.6,89.11565,21.393772,937.7151,0.70896316,1.0835112,0.84516245,7382.6
MT-Bench,BOHB,22,3,4e-06,0.01,800,17472.648403024672,58.87372,23.232323,55.799847,69.55785,75.89771,50.37654,51.51764,76.8,87.5,20.779196,958.30347,0.9636782,1.1400237,1.0278038,4932.4
MT-Bench,BOHB,23,0,4e-06,0.01,800,4932.501588439942,58.87372,23.232323,55.799847,69.55785,75.89771,50.37654,51.51764,76.8,87.5,20.779196,958.30347,0.9636782,1.1400237,1.0278038,4932.4
MT-Bench,BOHB,24,1,2e-06,0.02,2000,12348.201432800292,58.532425,22.727272,54.359364,68.333,76.00653,48.504456,45.677467,71.86667,87.93104,16.470451,952.8265,0.33114612,0.7361248,0.4784111,12348.1
MT-Bench,BOTorch,0,2,1e-06,0.01,1400,21118.248230314253,57.764503,21.717173,40.864292,67.79526,75.62568,47.404415,39.216557,59.366665,70.7483,5.722455,791.2416,-0.8597832,-1.1729966,-0.973679,8643.0
MT-Bench,BOTorch,1,0,2e-06,0.02,2000,12348.201500988003,58.532425,22.727272,54.359364,68.333,76.00653,48.504456,45.677467,71.86667,87.93104,16.470451,952.8265,0.33114612,0.7361248,0.4784111,12348.1
MT-Bench,BOTorch,2,4,4e-06,0.01,800,29947.99158201217,58.87372,23.232323,55.799847,69.55785,75.89771,50.37654,51.51764,76.8,87.5,20.779196,958.30347,0.9636782,1.1400237,1.0278038,4932.4
MT-Bench,BOTorch,3,0,4e-06,0.02,1200,7382.70218167305,59.47099,21.717173,57.240334,69.60765,75.51687,51.3951,50.026375,76.6,89.11565,21.393772,937.7151,0.70896316,1.0835112,0.84516245,7382.6
MT-Bench,BOTorch,4,1,4e-06,0.02,1200,7382.7022138595585,59.47099,21.717173,57.240334,69.60765,75.51687,51.3951,50.026375,76.6,89.11565,21.393772,937.7151,0.70896316,1.0835112,0.84516245,7382.6
MT-Bench,BOTorch,5,2,4e-06,0.02,1200,19877.850582933424,59.47099,21.717173,57.240334,69.60765,75.51687,51.3951,50.026375,76.6,89.11565,21.393772,937.7151,0.70896316,1.0835112,0.84516245,7382.6
MT-Bench,BOTorch,6,5,4e-06,0.01,800,30028.507064676283,58.87372,23.232323,55.799847,69.55785,75.89771,50.37654,51.51764,76.8,87.5,20.779196,958.30347,0.9636782,1.1400237,1.0278038,4932.4
MT-Bench,BOTorch,7,2,4e-06,0.02,1200,19857.848812913893,59.47099,21.717173,57.240334,69.60765,75.51687,51.3951,50.026375,76.6,89.11565,21.393772,937.7151,0.70896316,1.0835112,0.84516245,7382.6
MT-Bench,BOTorch,8,0,4e-06,0.01,800,4932.501860713959,58.87372,23.232323,55.799847,69.55785,75.89771,50.37654,51.51764,76.8,87.5,20.779196,958.30347,0.9636782,1.1400237,1.0278038,4932.4
MT-Bench,BOTorch,9,0,2e-06,0.02,2000,12348.201328372954,58.532425,22.727272,54.359364,68.333,76.00653,48.504456,45.677467,71.86667,87.93104,16.470451,952.8265,0.33114612,0.7361248,0.4784111,12348.1
MT-Bench,BOTorch,10,3,4e-06,0.01,800,17437.647421216963,58.87372,23.232323,55.799847,69.55785,75.89771,50.37654,51.51764,76.8,87.5,20.779196,958.30347,0.9636782,1.1400237,1.0278038,4932.4
MT-Bench,BOTorch,11,3,4e-06,0.01,800,17487.648204421996,58.87372,23.232323,55.799847,69.55785,75.89771,50.37654,51.51764,76.8,87.5,20.779196,958.30347,0.9636782,1.1400237,1.0278038,4932.4
MT-Bench,BOTorch,12,0,2e-06,0.02,2000,12348.201680278777,58.532425,22.727272,54.359364,68.333,76.00653,48.504456,45.677467,71.86667,87.93104,16.470451,952.8265,0.33114612,0.7361248,0.4784111,12348.1
MT-Bench,BOTorch,13,3,2e-06,0.02,2000,24888.39345178604,58.532425,22.727272,54.359364,68.333,76.00653,48.504456,45.677467,71.86667,87.93104,16.470451,952.8265,0.33114612,0.7361248,0.4784111,12348.1
MT-Bench,BOTorch,14,3,2e-06,0.02,2000,24888.357965803145,58.532425,22.727272,54.359364,68.333,76.00653,48.504456,45.677467,71.86667,87.93104,16.470451,952.8265,0.33114612,0.7361248,0.4784111,12348.1
MT-Bench,BOTorch,15,1,2e-06,0.04,1400,8610.201209640501,58.361774,22.727272,52.16073,68.273254,75.89771,48.642525,41.58211,69.166664,81.78808,13.9110365,911.17474,0.13790397,0.23174064,0.1720264,8610.1
MT-Bench,BOTorch,16,1,4e-06,0.02,1200,7382.702004766465,59.47099,21.717173,57.240334,69.60765,75.51687,51.3951,50.026375,76.6,89.11565,21.393772,937.7151,0.70896316,1.0835112,0.84516245,7382.6
MT-Bench,BOTorch,17,6,4e-06,0.02,1200,44909.00006256104,59.47099,21.717173,57.240334,69.60765,75.51687,51.3951,50.026375,76.6,89.11565,21.393772,937.7151,0.70896316,1.0835112,0.84516245,7382.6
MT-Bench,BOTorch,18,2,4e-06,0.02,1200,19907.84845337868,59.47099,21.717173,57.240334,69.60765,75.51687,51.3951,50.026375,76.6,89.11565,21.393772,937.7151,0.70896316,1.0835112,0.84516245,7382.6
MT-Bench,BOTorch,19,0,2e-06,0.02,2000,12348.201163625716,58.532425,22.727272,54.359364,68.333,76.00653,48.504456,45.677467,71.86667,87.93104,16.470451,952.8265,0.33114612,0.7361248,0.4784111,12348.1
MT-Bench,BOTorch,20,1,1e-06,0.01,1400,8643.101737833022,57.764503,21.717173,40.864292,67.79526,75.62568,47.404415,39.216557,59.366665,70.7483,5.722455,791.2416,-0.8597832,-1.1729966,-0.973679,8643.0
MT-Bench,BOTorch,21,3,4e-06,0.01,800,17487.649085140227,58.87372,23.232323,55.799847,69.55785,75.89771,50.37654,51.51764,76.8,87.5,20.779196,958.30347,0.9636782,1.1400237,1.0278038,4932.4
MT-Bench,BOTorch,22,0,4e-06,0.02,1200,7382.701776123047,59.47099,21.717173,57.240334,69.60765,75.51687,51.3951,50.026375,76.6,89.11565,21.393772,937.7151,0.70896316,1.0835112,0.84516245,7382.6
MT-Bench,BOTorch,23,2,4e-06,0.02,1200,19887.856838321684,59.47099,21.717173,57.240334,69.60765,75.51687,51.3951,50.026375,76.6,89.11565,21.393772,937.7151,0.70896316,1.0835112,0.84516245,7382.6
MT-Bench,BOTorch,24,0,2e-06,0.01,1400,8597.602232074736,58.1058,21.212122,54.056103,68.41267,75.7345,48.152256,45.511353,71.36667,81.08108,16.864948,964.44305,-0.09285174,0.5835404,0.15310904,8597.5
MT-Bench,CQR,0,2,2e-06,0.04,1400,21085.351636981963,58.361774,22.727272,52.16073,68.273254,75.89771,48.642525,41.58211,69.166664,81.78808,13.9110365,911.17474,0.13790397,0.23174064,0.1720264,8610.1
MT-Bench,CQR,1,6,2e-06,0.04,1400,46035.872407531744,58.361774,22.727272,52.16073,68.273254,75.89771,48.642525,41.58211,69.166664,81.78808,13.9110365,911.17474,0.13790397,0.23174064,0.1720264,8610.1
MT-Bench,CQR,2,3,4e-06,0.02,1200,19937.8481906414,59.47099,21.717173,57.240334,69.60765,75.51687,51.3951,50.026375,76.6,89.11565,21.393772,937.7151,0.70896316,1.0835112,0.84516245,7382.6
MT-Bench,CQR,3,4,4e-06,0.02,1200,32397.996146297453,59.47099,21.717173,57.240334,69.60765,75.51687,51.3951,50.026375,76.6,89.11565,21.393772,937.7151,0.70896316,1.0835112,0.84516245,7382.6
MT-Bench,CQR,4,3,4e-06,0.02,1200,19922.849017477038,59.47099,21.717173,57.240334,69.60765,75.51687,51.3951,50.026375,76.6,89.11565,21.393772,937.7151,0.70896316,1.0835112,0.84516245,7382.6
MT-Bench,CQR,5,0,4e-06,0.02,1200,7382.703689432144,59.47099,21.717173,57.240334,69.60765,75.51687,51.3951,50.026375,76.6,89.11565,21.393772,937.7151,0.70896316,1.0835112,0.84516245,7382.6
MT-Bench,CQR,6,0,4e-06,0.02,1200,7382.702215766907,59.47099,21.717173,57.240334,69.60765,75.51687,51.3951,50.026375,76.6,89.11565,21.393772,937.7151,0.70896316,1.0835112,0.84516245,7382.6
MT-Bench,CQR,7,1,4e-06,0.01,800,4932.502116775513,58.87372,23.232323,55.799847,69.55785,75.89771,50.37654,51.51764,76.8,87.5,20.779196,958.30347,0.9636782,1.1400237,1.0278038,4932.4
MT-Bench,CQR,8,6,4e-06,0.02,1200,44923.39934883118,59.47099,21.717173,57.240334,69.60765,75.51687,51.3951,50.026375,76.6,89.11565,21.393772,937.7151,0.70896316,1.0835112,0.84516245,7382.6
MT-Bench,CQR,9,1,4e-06,0.02,1200,7382.702061033249,59.47099,21.717173,57.240334,69.60765,75.51687,51.3951,50.026375,76.6,89.11565,21.393772,937.7151,0.70896316,1.0835112,0.84516245,7382.6
MT-Bench,CQR,10,7,4e-06,0.02,1200,44958.66630802155,59.47099,21.717173,57.240334,69.60765,75.51687,51.3951,50.026375,76.6,89.11565,21.393772,937.7151,0.70896316,1.0835112,0.84516245,7382.6
MT-Bench,CQR,11,7,4e-06,0.02,1200,44923.70949087144,59.47099,21.717173,57.240334,69.60765,75.51687,51.3951,50.026375,76.6,89.11565,21.393772,937.7151,0.70896316,1.0835112,0.84516245,7382.6
MT-Bench,CQR,12,0,4e-06,0.02,1200,7382.702190971375,59.47099,21.717173,57.240334,69.60765,75.51687,51.3951,50.026375,76.6,89.11565,21.393772,937.7151,0.70896316,1.0835112,0.84516245,7382.6
MT-Bench,CQR,13,0,4e-06,0.01,800,4932.501886940003,58.87372,23.232323,55.799847,69.55785,75.89771,50.37654,51.51764,76.8,87.5,20.779196,958.30347,0.9636782,1.1400237,1.0278038,4932.4
MT-Bench,CQR,14,1,4e-06,0.02,1200,7382.702136135102,59.47099,21.717173,57.240334,69.60765,75.51687,51.3951,50.026375,76.6,89.11565,21.393772,937.7151,0.70896316,1.0835112,0.84516245,7382.6
MT-Bench,CQR,15,4,2e-06,0.02,2000,37318.49349365235,58.532425,22.727272,54.359364,68.333,76.00653,48.504456,45.677467,71.86667,87.93104,16.470451,952.8265,0.33114612,0.7361248,0.4784111,12348.1
MT-Bench,CQR,16,6,4e-06,0.02,1200,44828.38374099732,59.47099,21.717173,57.240334,69.60765,75.51687,51.3951,50.026375,76.6,89.11565,21.393772,937.7151,0.70896316,1.0835112,0.84516245,7382.6
MT-Bench,CQR,17,1,4e-06,0.02,1200,7382.701708412171,59.47099,21.717173,57.240334,69.60765,75.51687,51.3951,50.026375,76.6,89.11565,21.393772,937.7151,0.70896316,1.0835112,0.84516245,7382.6
MT-Bench,CQR,18,5,4e-06,0.02,1200,32412.995398139952,59.47099,21.717173,57.240334,69.60765,75.51687,51.3951,50.026375,76.6,89.11565,21.393772,937.7151,0.70896316,1.0835112,0.84516245,7382.6
MT-Bench,CQR,19,5,4e-06,0.02,1200,32418.005205488204,59.47099,21.717173,57.240334,69.60765,75.51687,51.3951,50.026375,76.6,89.11565,21.393772,937.7151,0.70896316,1.0835112,0.84516245,7382.6
MT-Bench,CQR,20,1,4e-06,0.02,1200,7382.70194182396,59.47099,21.717173,57.240334,69.60765,75.51687,51.3951,50.026375,76.6,89.11565,21.393772,937.7151,0.70896316,1.0835112,0.84516245,7382.6
MT-Bench,CQR,21,4,2e-06,0.04,1400,33625.51320061684,58.361774,22.727272,52.16073,68.273254,75.89771,48.642525,41.58211,69.166664,81.78808,13.9110365,911.17474,0.13790397,0.23174064,0.1720264,8610.1
MT-Bench,CQR,22,6,4e-06,0.02,1200,44943.43843636513,59.47099,21.717173,57.240334,69.60765,75.51687,51.3951,50.026375,76.6,89.11565,21.393772,937.7151,0.70896316,1.0835112,0.84516245,7382.6
MT-Bench,CQR,23,0,4e-06,0.01,800,4932.501986122132,58.87372,23.232323,55.799847,69.55785,75.89771,50.37654,51.51764,76.8,87.5,20.779196,958.30347,0.9636782,1.1400237,1.0278038,4932.4
MT-Bench,CQR,24,1,2e-06,0.02,2000,12348.20207748413,58.532425,22.727272,54.359364,68.333,76.00653,48.504456,45.677467,71.86667,87.93104,16.470451,952.8265,0.33114612,0.7361248,0.4784111,12348.1
MT-Bench,RandomSearch,0,5,4e-06,0.02,1200,32447.99418506622,59.47099,21.717173,57.240334,69.60765,75.51687,51.3951,50.026375,76.6,89.11565,21.393772,937.7151,0.70896316,1.0835112,0.84516245,7382.6
MT-Bench,RandomSearch,1,1,4e-06,0.02,1200,7382.7017544269565,59.47099,21.717173,57.240334,69.60765,75.51687,51.3951,50.026375,76.6,89.11565,21.393772,937.7151,0.70896316,1.0835112,0.84516245,7382.6
MT-Bench,RandomSearch,2,1,4e-06,0.01,800,4932.50156531334,58.87372,23.232323,55.799847,69.55785,75.89771,50.37654,51.51764,76.8,87.5,20.779196,958.30347,0.9636782,1.1400237,1.0278038,4932.4
MT-Bench,RandomSearch,3,0,2e-06,0.02,2000,12348.201364612578,58.532425,22.727272,54.359364,68.333,76.00653,48.504456,45.677467,71.86667,87.93104,16.470451,952.8265,0.33114612,0.7361248,0.4784111,12348.1
MT-Bench,RandomSearch,4,4,4e-06,0.01,800,29947.79611263275,58.87372,23.232323,55.799847,69.55785,75.89771,50.37654,51.51764,76.8,87.5,20.779196,958.30347,0.9636782,1.1400237,1.0278038,4932.4
MT-Bench,RandomSearch,5,0,4e-06,0.02,1200,7382.70214304924,59.47099,21.717173,57.240334,69.60765,75.51687,51.3951,50.026375,76.6,89.11565,21.393772,937.7151,0.70896316,1.0835112,0.84516245,7382.6
MT-Bench,RandomSearch,6,3,4e-06,0.01,800,17472.649065589903,58.87372,23.232323,55.799847,69.55785,75.89771,50.37654,51.51764,76.8,87.5,20.779196,958.30347,0.9636782,1.1400237,1.0278038,4932.4
MT-Bench,RandomSearch,7,3,4e-06,0.02,1200,19922.84984693527,59.47099,21.717173,57.240334,69.60765,75.51687,51.3951,50.026375,76.6,89.11565,21.393772,937.7151,0.70896316,1.0835112,0.84516245,7382.6
MT-Bench,RandomSearch,8,0,2e-06,0.02,2000,12348.201254701611,58.532425,22.727272,54.359364,68.333,76.00653,48.504456,45.677467,71.86667,87.93104,16.470451,952.8265,0.33114612,0.7361248,0.4784111,12348.1
MT-Bench,RandomSearch,9,5,4e-06,0.01,800,29947.794177150725,58.87372,23.232323,55.799847,69.55785,75.89771,50.37654,51.51764,76.8,87.5,20.779196,958.30347,0.9636782,1.1400237,1.0278038,4932.4
MT-Bench,RandomSearch,10,1,2e-06,0.02,2000,12348.201883649825,58.532425,22.727272,54.359364,68.333,76.00653,48.504456,45.677467,71.86667,87.93104,16.470451,952.8265,0.33114612,0.7361248,0.4784111,12348.1
MT-Bench,RandomSearch,11,2,2e-06,0.02,2000,24843.347784137724,58.532425,22.727272,54.359364,68.333,76.00653,48.504456,45.677467,71.86667,87.93104,16.470451,952.8265,0.33114612,0.7361248,0.4784111,12348.1
MT-Bench,RandomSearch,12,3,4e-06,0.02,1200,19877.84803042412,59.47099,21.717173,57.240334,69.60765,75.51687,51.3951,50.026375,76.6,89.11565,21.393772,937.7151,0.70896316,1.0835112,0.84516245,7382.6
MT-Bench,RandomSearch,13,1,4e-06,0.01,800,4932.501909589768,58.87372,23.232323,55.799847,69.55785,75.89771,50.37654,51.51764,76.8,87.5,20.779196,958.30347,0.9636782,1.1400237,1.0278038,4932.4
MT-Bench,RandomSearch,14,2,2e-06,0.02,2000,24823.347597455977,58.532425,22.727272,54.359364,68.333,76.00653,48.504456,45.677467,71.86667,87.93104,16.470451,952.8265,0.33114612,0.7361248,0.4784111,12348.1
MT-Bench,RandomSearch,15,1,4e-06,0.02,1200,7382.7028227806095,59.47099,21.717173,57.240334,69.60765,75.51687,51.3951,50.026375,76.6,89.11565,21.393772,937.7151,0.70896316,1.0835112,0.84516245,7382.6
MT-Bench,RandomSearch,16,0,4e-06,0.02,1200,7382.7020257473,59.47099,21.717173,57.240334,69.60765,75.51687,51.3951,50.026375,76.6,89.11565,21.393772,937.7151,0.70896316,1.0835112,0.84516245,7382.6
MT-Bench,RandomSearch,17,0,2e-06,0.02,2000,12348.201210832594,58.532425,22.727272,54.359364,68.333,76.00653,48.504456,45.677467,71.86667,87.93104,16.470451,952.8265,0.33114612,0.7361248,0.4784111,12348.1
MT-Bench,RandomSearch,18,5,4e-06,0.01,800,29982.79513869285,58.87372,23.232323,55.799847,69.55785,75.89771,50.37654,51.51764,76.8,87.5,20.779196,958.30347,0.9636782,1.1400237,1.0278038,4932.4
MT-Bench,RandomSearch,19,2,4e-06,0.02,1200,19877.85246047973,59.47099,21.717173,57.240334,69.60765,75.51687,51.3951,50.026375,76.6,89.11565,21.393772,937.7151,0.70896316,1.0835112,0.84516245,7382.6
MT-Bench,RandomSearch,20,0,2e-06,0.02,2000,12348.20123848915,58.532425,22.727272,54.359364,68.333,76.00653,48.504456,45.677467,71.86667,87.93104,16.470451,952.8265,0.33114612,0.7361248,0.4784111,12348.1
MT-Bench,RandomSearch,21,5,4e-06,0.02,1200,32477.99605140686,59.47099,21.717173,57.240334,69.60765,75.51687,51.3951,50.026375,76.6,89.11565,21.393772,937.7151,0.70896316,1.0835112,0.84516245,7382.6
MT-Bench,RandomSearch,22,0,4e-06,0.01,800,4932.502052640915,58.87372,23.232323,55.799847,69.55785,75.89771,50.37654,51.51764,76.8,87.5,20.779196,958.30347,0.9636782,1.1400237,1.0278038,4932.4
MT-Bench,RandomSearch,23,2,4e-06,0.02,1200,19922.867754554747,59.47099,21.717173,57.240334,69.60765,75.51687,51.3951,50.026375,76.6,89.11565,21.393772,937.7151,0.70896316,1.0835112,0.84516245,7382.6
MT-Bench,RandomSearch,24,2,4e-06,0.01,800,17407.650637245177,58.87372,23.232323,55.799847,69.55785,75.89771,50.37654,51.51764,76.8,87.5,20.779196,958.30347,0.9636782,1.1400237,1.0278038,4932.4
MT-Bench,TPE,0,7,4e-06,0.02,1200,44953.14535794259,59.47099,21.717173,57.240334,69.60765,75.51687,51.3951,50.026375,76.6,89.11565,21.393772,937.7151,0.70896316,1.0835112,0.84516245,7382.6
MT-Bench,TPE,1,7,4e-06,0.02,1200,44958.14224276543,59.47099,21.717173,57.240334,69.60765,75.51687,51.3951,50.026375,76.6,89.11565,21.393772,937.7151,0.70896316,1.0835112,0.84516245,7382.6
MT-Bench,TPE,2,0,4e-06,0.02,1200,7382.701824760437,59.47099,21.717173,57.240334,69.60765,75.51687,51.3951,50.026375,76.6,89.11565,21.393772,937.7151,0.70896316,1.0835112,0.84516245,7382.6
MT-Bench,TPE,3,4,4e-06,0.02,1200,32397.994295454024,59.47099,21.717173,57.240334,69.60765,75.51687,51.3951,50.026375,76.6,89.11565,21.393772,937.7151,0.70896316,1.0835112,0.84516245,7382.6
MT-Bench,TPE,4,2,4e-06,0.02,1200,19857.86335310936,59.47099,21.717173,57.240334,69.60765,75.51687,51.3951,50.026375,76.6,89.11565,21.393772,937.7151,0.70896316,1.0835112,0.84516245,7382.6
MT-Bench,TPE,5,0,2e-06,0.02,2000,12348.201315259932,58.532425,22.727272,54.359364,68.333,76.00653,48.504456,45.677467,71.86667,87.93104,16.470451,952.8265,0.33114612,0.7361248,0.4784111,12348.1
MT-Bench,TPE,6,2,4e-06,0.02,1200,19877.847886657717,59.47099,21.717173,57.240334,69.60765,75.51687,51.3951,50.026375,76.6,89.11565,21.393772,937.7151,0.70896316,1.0835112,0.84516245,7382.6
MT-Bench,TPE,7,3,4e-06,0.02,1200,19922.851383304594,59.47099,21.717173,57.240334,69.60765,75.51687,51.3951,50.026375,76.6,89.11565,21.393772,937.7151,0.70896316,1.0835112,0.84516245,7382.6
MT-Bench,TPE,8,0,4e-06,0.02,1200,7382.701846694947,59.47099,21.717173,57.240334,69.60765,75.51687,51.3951,50.026375,76.6,89.11565,21.393772,937.7151,0.70896316,1.0835112,0.84516245,7382.6
MT-Bench,TPE,9,2,4e-06,0.02,1200,19907.84751114845,59.47099,21.717173,57.240334,69.60765,75.51687,51.3951,50.026375,76.6,89.11565,21.393772,937.7151,0.70896316,1.0835112,0.84516245,7382.6
MT-Bench,TPE,10,1,2e-06,0.02,2000,12348.202109909056,58.532425,22.727272,54.359364,68.333,76.00653,48.504456,45.677467,71.86667,87.93104,16.470451,952.8265,0.33114612,0.7361248,0.4784111,12348.1
MT-Bench,TPE,11,2,2e-06,0.02,2000,24823.347097730635,58.532425,22.727272,54.359364,68.333,76.00653,48.504456,45.677467,71.86667,87.93104,16.470451,952.8265,0.33114612,0.7361248,0.4784111,12348.1
MT-Bench,TPE,12,5,2e-06,0.02,2000,37398.49501976968,58.532425,22.727272,54.359364,68.333,76.00653,48.504456,45.677467,71.86667,87.93104,16.470451,952.8265,0.33114612,0.7361248,0.4784111,12348.1
MT-Bench,TPE,13,5,4e-06,0.02,1200,32477.99583802223,59.47099,21.717173,57.240334,69.60765,75.51687,51.3951,50.026375,76.6,89.11565,21.393772,937.7151,0.70896316,1.0835112,0.84516245,7382.6
MT-Bench,TPE,14,1,4e-06,0.02,1200,7382.702133750916,59.47099,21.717173,57.240334,69.60765,75.51687,51.3951,50.026375,76.6,89.11565,21.393772,937.7151,0.70896316,1.0835112,0.84516245,7382.6
MT-Bench,TPE,15,0,2e-06,0.02,2000,12348.201546287535,58.532425,22.727272,54.359364,68.333,76.00653,48.504456,45.677467,71.86667,87.93104,16.470451,952.8265,0.33114612,0.7361248,0.4784111,12348.1
MT-Bench,TPE,16,6,4e-06,0.02,1200,44858.1411670208,59.47099,21.717173,57.240334,69.60765,75.51687,51.3951,50.026375,76.6,89.11565,21.393772,937.7151,0.70896316,1.0835112,0.84516245,7382.6
MT-Bench,TPE,17,0,4e-06,0.02,1200,7382.701706743241,59.47099,21.717173,57.240334,69.60765,75.51687,51.3951,50.026375,76.6,89.11565,21.393772,937.7151,0.70896316,1.0835112,0.84516245,7382.6
MT-Bench,TPE,18,3,4e-06,0.02,1200,19857.847334241866,59.47099,21.717173,57.240334,69.60765,75.51687,51.3951,50.026375,76.6,89.11565,21.393772,937.7151,0.70896316,1.0835112,0.84516245,7382.6
MT-Bench,TPE,19,4,4e-06,0.02,1200,32373.01154003143,59.47099,21.717173,57.240334,69.60765,75.51687,51.3951,50.026375,76.6,89.11565,21.393772,937.7151,0.70896316,1.0835112,0.84516245,7382.6
MT-Bench,TPE,20,6,4e-06,0.02,1200,44953.14176282883,59.47099,21.717173,57.240334,69.60765,75.51687,51.3951,50.026375,76.6,89.11565,21.393772,937.7151,0.70896316,1.0835112,0.84516245,7382.6
MT-Bench,TPE,21,4,4e-06,0.02,1200,32427.994928216933,59.47099,21.717173,57.240334,69.60765,75.51687,51.3951,50.026375,76.6,89.11565,21.393772,937.7151,0.70896316,1.0835112,0.84516245,7382.6
MT-Bench,TPE,22,4,2e-06,0.02,2000,37383.49610052109,58.532425,22.727272,54.359364,68.333,76.00653,48.504456,45.677467,71.86667,87.93104,16.470451,952.8265,0.33114612,0.7361248,0.4784111,12348.1
MT-Bench,TPE,23,0,4e-06,0.02,1200,7382.701981639862,59.47099,21.717173,57.240334,69.60765,75.51687,51.3951,50.026375,76.6,89.11565,21.393772,937.7151,0.70896316,1.0835112,0.84516245,7382.6
MT-Bench,TPE,24,3,4e-06,0.02,1200,19877.84931192398,59.47099,21.717173,57.240334,69.60765,75.51687,51.3951,50.026375,76.6,89.11565,21.393772,937.7151,0.70896316,1.0835112,0.84516245,7382.6
Z-All,ASHA,0,5,4e-06,0.02,600,18641.78409467125,58.61775,22.222221,56.40637,69.48815,76.060936,50.784946,49.98892,75.4,83.916084,20.57904,929.0771,1.1669881,1.0036434,1.1075901,3691.3
Z-All,ASHA,1,6,4e-06,0.02,600,29881.85069642257,58.61775,22.222221,56.40637,69.48815,76.060936,50.784946,49.98892,75.4,83.916084,20.57904,929.0771,1.1669881,1.0036434,1.1075901,3691.3
Z-All,ASHA,2,2,4e-06,0.01,400,14941.447485780714,59.04437,24.242424,53.60121,69.34873,75.84331,49.211784,49.659184,75.8,85.2349,22.847424,982.0952,1.3029851,1.4532819,1.3576385,2466.2
Z-All,ASHA,3,0,4e-06,0.01,400,2466.302509641648,59.04437,24.242424,53.60121,69.34873,75.84331,49.211784,49.659184,75.8,85.2349,22.847424,982.0952,1.3029851,1.4532819,1.3576385,2466.2
Z-All,ASHA,4,4,4e-06,0.01,400,16206.564483263011,59.04437,24.242424,53.60121,69.34873,75.84331,49.211784,49.659184,75.8,85.2349,22.847424,982.0952,1.3029851,1.4532819,1.3576385,2466.2
Z-All,ASHA,5,4,4e-06,0.01,400,16191.563635446546,59.04437,24.242424,53.60121,69.34873,75.84331,49.211784,49.659184,75.8,85.2349,22.847424,982.0952,1.3029851,1.4532819,1.3576385,2466.2
Z-All,ASHA,6,0,4e-06,0.02,600,3691.401735877991,58.61775,22.222221,56.40637,69.48815,76.060936,50.784946,49.98892,75.4,83.916084,20.57904,929.0771,1.1669881,1.0036434,1.1075901,3691.3
Z-All,ASHA,7,1,4e-06,0.01,400,2466.301761245728,59.04437,24.242424,53.60121,69.34873,75.84331,49.211784,49.659184,75.8,85.2349,22.847424,982.0952,1.3029851,1.4532819,1.3576385,2466.2
Z-All,ASHA,8,2,4e-06,0.01,400,14941.44742760658,59.04437,24.242424,53.60121,69.34873,75.84331,49.211784,49.659184,75.8,85.2349,22.847424,982.0952,1.3029851,1.4532819,1.3576385,2466.2
Z-All,ASHA,9,0,4e-06,0.01,400,2466.3015633583072,59.04437,24.242424,53.60121,69.34873,75.84331,49.211784,49.659184,75.8,85.2349,22.847424,982.0952,1.3029851,1.4532819,1.3576385,2466.2
Z-All,ASHA,10,12,4e-06,0.01,400,44957.330400571824,59.04437,24.242424,53.60121,69.34873,75.84331,49.211784,49.659184,75.8,85.2349,22.847424,982.0952,1.3029851,1.4532819,1.3576385,2466.2
Z-All,ASHA,11,3,4e-06,0.01,400,15006.448535776137,59.04437,24.242424,53.60121,69.34873,75.84331,49.211784,49.659184,75.8,85.2349,22.847424,982.0952,1.3029851,1.4532819,1.3576385,2466.2
Z-All,ASHA,12,5,4e-06,0.01,400,17426.680349210736,59.04437,24.242424,53.60121,69.34873,75.84331,49.211784,49.659184,75.8,85.2349,22.847424,982.0952,1.3029851,1.4532819,1.3576385,2466.2
Z-All,ASHA,13,0,4e-06,0.01,400,2466.3015626430515,59.04437,24.242424,53.60121,69.34873,75.84331,49.211784,49.659184,75.8,85.2349,22.847424,982.0952,1.3029851,1.4532819,1.3576385,2466.2
Z-All,ASHA,14,12,4e-06,0.01,400,37342.42424570465,59.04437,24.242424,53.60121,69.34873,75.84331,49.211784,49.659184,75.8,85.2349,22.847424,982.0952,1.3029851,1.4532819,1.3576385,2466.2
Z-All,ASHA,15,8,4e-06,0.01,400,39911.94310865784,59.04437,24.242424,53.60121,69.34873,75.84331,49.211784,49.659184,75.8,85.2349,22.847424,982.0952,1.3029851,1.4532819,1.3576385,2466.2
Z-All,ASHA,16,10,4e-06,0.02,600,37337.306800231934,58.61775,22.222221,56.40637,69.48815,76.060936,50.784946,49.98892,75.4,83.916084,20.57904,929.0771,1.1669881,1.0036434,1.1075901,3691.3
Z-All,ASHA,17,3,4e-06,0.01,400,14961.447993612288,59.04437,24.242424,53.60121,69.34873,75.84331,49.211784,49.659184,75.8,85.2349,22.847424,982.0952,1.3029851,1.4532819,1.3576385,2466.2
Z-All,ASHA,18,0,4e-06,0.01,400,2466.3018134593967,59.04437,24.242424,53.60121,69.34873,75.84331,49.211784,49.659184,75.8,85.2349,22.847424,982.0952,1.3029851,1.4532819,1.3576385,2466.2
Z-All,ASHA,19,12,4e-06,0.02,600,41187.56771861458,58.61775,22.222221,56.40637,69.48815,76.060936,50.784946,49.98892,75.4,83.916084,20.57904,929.0771,1.1669881,1.0036434,1.1075901,3691.3
Z-All,ASHA,20,0,4e-06,0.01,400,2466.301887369156,59.04437,24.242424,53.60121,69.34873,75.84331,49.211784,49.659184,75.8,85.2349,22.847424,982.0952,1.3029851,1.4532819,1.3576385,2466.2
Z-All,ASHA,21,5,4e-06,0.02,600,28706.803446628568,58.61775,22.222221,56.40637,69.48815,76.060936,50.784946,49.98892,75.4,83.916084,20.57904,929.0771,1.1669881,1.0036434,1.1075901,3691.3
Z-All,ASHA,22,3,4e-06,0.01,400,15006.44779858589,59.04437,24.242424,53.60121,69.34873,75.84331,49.211784,49.659184,75.8,85.2349,22.847424,982.0952,1.3029851,1.4532819,1.3576385,2466.2
Z-All,ASHA,23,0,4e-06,0.01,400,2466.3041025161747,59.04437,24.242424,53.60121,69.34873,75.84331,49.211784,49.659184,75.8,85.2349,22.847424,982.0952,1.3029851,1.4532819,1.3576385,2466.2
Z-All,ASHA,24,0,4e-06,0.01,400,2466.3018084526066,59.04437,24.242424,53.60121,69.34873,75.84331,49.211784,49.659184,75.8,85.2349,22.847424,982.0952,1.3029851,1.4532819,1.3576385,2466.2
Z-All,BOHB,0,7,4e-06,0.04,1800,36050.402719121936,58.361774,24.242424,56.70963,69.338776,76.11534,51.542934,49.901485,73.5,82.06896,18.250572,961.35956,1.1963435,0.85769224,1.0731976,11079.7
Z-All,BOHB,1,9,4e-06,0.01,400,42386.97309217835,59.04437,24.242424,53.60121,69.34873,75.84331,49.211784,49.659184,75.8,85.2349,22.847424,982.0952,1.3029851,1.4532819,1.3576385,2466.2
Z-All,BOHB,2,2,4e-06,0.01,400,14941.447522974013,59.04437,24.242424,53.60121,69.34873,75.84331,49.211784,49.659184,75.8,85.2349,22.847424,982.0952,1.3029851,1.4532819,1.3576385,2466.2
Z-All,BOHB,3,0,4e-06,0.01,400,2466.302250719071,59.04437,24.242424,53.60121,69.34873,75.84331,49.211784,49.659184,75.8,85.2349,22.847424,982.0952,1.3029851,1.4532819,1.3576385,2466.2
Z-All,BOHB,4,4,4e-06,0.01,400,16206.567286827085,59.04437,24.242424,53.60121,69.34873,75.84331,49.211784,49.659184,75.8,85.2349,22.847424,982.0952,1.3029851,1.4532819,1.3576385,2466.2
Z-All,BOHB,5,4,4e-06,0.01,400,16191.56447873306,59.04437,24.242424,53.60121,69.34873,75.84331,49.211784,49.659184,75.8,85.2349,22.847424,982.0952,1.3029851,1.4532819,1.3576385,2466.2
Z-All,BOHB,6,0,4e-06,0.02,600,3691.401922082901,58.61775,22.222221,56.40637,69.48815,76.060936,50.784946,49.98892,75.4,83.916084,20.57904,929.0771,1.1669881,1.0036434,1.1075901,3691.3
Z-All,BOHB,7,1,4e-06,0.01,400,2466.301645612717,59.04437,24.242424,53.60121,69.34873,75.84331,49.211784,49.659184,75.8,85.2349,22.847424,982.0952,1.3029851,1.4532819,1.3576385,2466.2
Z-All,BOHB,8,2,4e-06,0.01,400,14941.447321510312,59.04437,24.242424,53.60121,69.34873,75.84331,49.211784,49.659184,75.8,85.2349,22.847424,982.0952,1.3029851,1.4532819,1.3576385,2466.2
Z-All,BOHB,9,0,4e-06,0.01,400,2466.301816797257,59.04437,24.242424,53.60121,69.34873,75.84331,49.211784,49.659184,75.8,85.2349,22.847424,982.0952,1.3029851,1.4532819,1.3576385,2466.2
Z-All,BOHB,10,15,4e-06,0.01,400,44917.73559295463,59.04437,24.242424,53.60121,69.34873,75.84331,49.211784,49.659184,75.8,85.2349,22.847424,982.0952,1.3029851,1.4532819,1.3576385,2466.2
Z-All,BOHB,11,3,4e-06,0.01,400,15006.45040783882,59.04437,24.242424,53.60121,69.34873,75.84331,49.211784,49.659184,75.8,85.2349,22.847424,982.0952,1.3029851,1.4532819,1.3576385,2466.2
Z-All,BOHB,12,6,4e-06,0.01,400,27456.80229959869,59.04437,24.242424,53.60121,69.34873,75.84331,49.211784,49.659184,75.8,85.2349,22.847424,982.0952,1.3029851,1.4532819,1.3576385,2466.2
Z-All,BOHB,13,0,4e-06,0.01,400,2466.3020094394687,59.04437,24.242424,53.60121,69.34873,75.84331,49.211784,49.659184,75.8,85.2349,22.847424,982.0952,1.3029851,1.4532819,1.3576385,2466.2
Z-All,BOHB,14,7,4e-06,0.01,400,32481.86318359756,59.04437,24.242424,53.60121,69.34873,75.84331,49.211784,49.659184,75.8,85.2349,22.847424,982.0952,1.3029851,1.4532819,1.3576385,2466.2
Z-All,BOHB,15,10,4e-06,0.01,400,42432.08179865456,59.04437,24.242424,53.60121,69.34873,75.84331,49.211784,49.659184,75.8,85.2349,22.847424,982.0952,1.3029851,1.4532819,1.3576385,2466.2
Z-All,BOHB,16,1,2e-06,0.02,2000,12348.201613044735,58.532425,22.727272,54.359364,68.333,76.00653,48.504456,45.677467,71.86667,87.93104,16.470451,952.8265,0.33114612,0.7361248,0.4784111,12348.1
Z-All,BOHB,17,3,4e-06,0.01,400,14961.448337650298,59.04437,24.242424,53.60121,69.34873,75.84331,49.211784,49.659184,75.8,85.2349,22.847424,982.0952,1.3029851,1.4532819,1.3576385,2466.2
Z-All,BOHB,18,0,4e-06,0.01,400,2466.3020249366764,59.04437,24.242424,53.60121,69.34873,75.84331,49.211784,49.659184,75.8,85.2349,22.847424,982.0952,1.3029851,1.4532819,1.3576385,2466.2
Z-All,BOHB,19,10,4e-06,0.01,400,29762.235972272865,59.04437,24.242424,53.60121,69.34873,75.84331,49.211784,49.659184,75.8,85.2349,22.847424,982.0952,1.3029851,1.4532819,1.3576385,2466.2
Z-All,BOHB,20,0,4e-06,0.01,400,2466.3046408653263,59.04437,24.242424,53.60121,69.34873,75.84331,49.211784,49.659184,75.8,85.2349,22.847424,982.0952,1.3029851,1.4532819,1.3576385,2466.2
Z-All,BOHB,21,7,4e-06,0.04,800,42434.94460520936,58.70307,23.232323,56.330555,69.32882,76.16975,51.254017,51.90982,72.96667,77.054794,19.70793,1005.7145,1.1171892,0.8127004,1.006466,4924.3
Z-All,BOHB,22,3,4e-06,0.01,400,15006.451695060729,59.04437,24.242424,53.60121,69.34873,75.84331,49.211784,49.659184,75.8,85.2349,22.847424,982.0952,1.3029851,1.4532819,1.3576385,2466.2
Z-All,BOHB,23,0,4e-06,0.01,400,2466.3020008564,59.04437,24.242424,53.60121,69.34873,75.84331,49.211784,49.659184,75.8,85.2349,22.847424,982.0952,1.3029851,1.4532819,1.3576385,2466.2
Z-All,BOHB,24,0,4e-06,0.01,400,2466.302120065689,59.04437,24.242424,53.60121,69.34873,75.84331,49.211784,49.659184,75.8,85.2349,22.847424,982.0952,1.3029851,1.4532819,1.3576385,2466.2
Z-All,BOTorch,0,2,4e-06,0.01,400,14961.447992420197,59.04437,24.242424,53.60121,69.34873,75.84331,49.211784,49.659184,75.8,85.2349,22.847424,982.0952,1.3029851,1.4532819,1.3576385,2466.2
Z-All,BOTorch,1,0,4e-06,0.04,1800,11079.801959371563,58.361774,24.242424,56.70963,69.338776,76.11534,51.542934,49.901485,73.5,82.06896,18.250572,961.35956,1.1963435,0.85769224,1.0731976,11079.7
Z-All,BOTorch,2,3,4e-06,0.02,600,16186.548880195616,58.61775,22.222221,56.40637,69.48815,76.060936,50.784946,49.98892,75.4,83.916084,20.57904,929.0771,1.1669881,1.0036434,1.1075901,3691.3
Z-All,BOTorch,3,0,4e-06,0.01,400,2466.301723337174,59.04437,24.242424,53.60121,69.34873,75.84331,49.211784,49.659184,75.8,85.2349,22.847424,982.0952,1.3029851,1.4532819,1.3576385,2466.2
Z-All,BOTorch,4,0,4e-06,0.02,600,3691.402051782608,58.61775,22.222221,56.40637,69.48815,76.060936,50.784946,49.98892,75.4,83.916084,20.57904,929.0771,1.1669881,1.0036434,1.1075901,3691.3
Z-All,BOTorch,5,2,4e-06,0.01,400,14961.44903550148,59.04437,24.242424,53.60121,69.34873,75.84331,49.211784,49.659184,75.8,85.2349,22.847424,982.0952,1.3029851,1.4532819,1.3576385,2466.2
Z-All,BOTorch,6,3,4e-06,0.02,600,16186.547868108748,58.61775,22.222221,56.40637,69.48815,76.060936,50.784946,49.98892,75.4,83.916084,20.57904,929.0771,1.1669881,1.0036434,1.1075901,3691.3
Z-All,BOTorch,7,1,4e-06,0.01,400,2466.302143192292,59.04437,24.242424,53.60121,69.34873,75.84331,49.211784,49.659184,75.8,85.2349,22.847424,982.0952,1.3029851,1.4532819,1.3576385,2466.2
Z-All,BOTorch,8,3,4e-06,0.01,400,15006.448100423811,59.04437,24.242424,53.60121,69.34873,75.84331,49.211784,49.659184,75.8,85.2349,22.847424,982.0952,1.3029851,1.4532819,1.3576385,2466.2
Z-All,BOTorch,9,3,4e-06,0.04,1800,23619.94851336479,58.361774,24.242424,56.70963,69.338776,76.11534,51.542934,49.901485,73.5,82.06896,18.250572,961.35956,1.1963435,0.85769224,1.0731976,11079.7
Z-All,BOTorch,10,0,4e-06,0.02,600,3691.401821470261,58.61775,22.222221,56.40637,69.48815,76.060936,50.784946,49.98892,75.4,83.916084,20.57904,929.0771,1.1669881,1.0036434,1.1075901,3691.3
Z-All,BOTorch,11,1,2e-06,0.04,1400,8610.201645708083,58.361774,22.727272,52.16073,68.273254,75.89771,48.642525,41.58211,69.166664,81.78808,13.9110365,911.17474,0.13790397,0.23174064,0.1720264,8610.1
Z-All,BOTorch,12,2,4e-06,0.02,600,16186.548732614516,58.61775,22.222221,56.40637,69.48815,76.060936,50.784946,49.98892,75.4,83.916084,20.57904,929.0771,1.1669881,1.0036434,1.1075901,3691.3
Z-All,BOTorch,13,0,2e-06,0.02,2000,12348.20137271881,58.532425,22.727272,54.359364,68.333,76.00653,48.504456,45.677467,71.86667,87.93104,16.470451,952.8265,0.33114612,0.7361248,0.4784111,12348.1
Z-All,BOTorch,14,1,4e-06,0.01,400,2466.3020044326786,59.04437,24.242424,53.60121,69.34873,75.84331,49.211784,49.659184,75.8,85.2349,22.847424,982.0952,1.3029851,1.4532819,1.3576385,2466.2
Z-All,BOTorch,15,3,4e-06,0.01,400,14941.44778690338,59.04437,24.242424,53.60121,69.34873,75.84331,49.211784,49.659184,75.8,85.2349,22.847424,982.0952,1.3029851,1.4532819,1.3576385,2466.2
Z-All,BOTorch,16,1,2e-06,0.02,2000,12348.201449489592,58.532425,22.727272,54.359364,68.333,76.00653,48.504456,45.677467,71.86667,87.93104,16.470451,952.8265,0.33114612,0.7361248,0.4784111,12348.1
Z-All,BOTorch,17,1,4e-06,0.02,600,3691.402030801773,58.61775,22.222221,56.40637,69.48815,76.060936,50.784946,49.98892,75.4,83.916084,20.57904,929.0771,1.1669881,1.0036434,1.1075901,3691.3
Z-All,BOTorch,18,3,4e-06,0.01,400,14971.447606897353,59.04437,24.242424,53.60121,69.34873,75.84331,49.211784,49.659184,75.8,85.2349,22.847424,982.0952,1.3029851,1.4532819,1.3576385,2466.2
Z-All,BOTorch,19,0,4e-06,0.02,600,3691.401765918732,58.61775,22.222221,56.40637,69.48815,76.060936,50.784946,49.98892,75.4,83.916084,20.57904,929.0771,1.1669881,1.0036434,1.1075901,3691.3
Z-All,BOTorch,20,0,4e-06,0.01,400,2466.301629877091,59.04437,24.242424,53.60121,69.34873,75.84331,49.211784,49.659184,75.8,85.2349,22.847424,982.0952,1.3029851,1.4532819,1.3576385,2466.2
Z-All,BOTorch,21,1,4e-06,0.02,600,3691.4021461963657,58.61775,22.222221,56.40637,69.48815,76.060936,50.784946,49.98892,75.4,83.916084,20.57904,929.0771,1.1669881,1.0036434,1.1075901,3691.3
Z-All,BOTorch,22,0,4e-06,0.04,1800,11079.801975584029,58.361774,24.242424,56.70963,69.338776,76.11534,51.542934,49.901485,73.5,82.06896,18.250572,961.35956,1.1963435,0.85769224,1.0731976,11079.7
Z-All,BOTorch,23,3,4e-06,0.01,400,15021.451684570313,59.04437,24.242424,53.60121,69.34873,75.84331,49.211784,49.659184,75.8,85.2349,22.847424,982.0952,1.3029851,1.4532819,1.3576385,2466.2
Z-All,BOTorch,24,2,2e-06,0.01,1200,19844.54707918167,58.70307,22.727272,53.82866,68.52221,76.16975,48.00654,43.677887,71.7,81.0,17.211168,953.0322,0.30184886,0.5882092,0.4059799,7369.3
Z-All,CQR,0,7,2e-06,0.01,1200,44955.42175040246,58.70307,22.727272,53.82866,68.52221,76.16975,48.00654,43.677887,71.7,81.0,17.211168,953.0322,0.30184886,0.5882092,0.4059799,7369.3
Z-All,CQR,1,0,2e-06,0.01,1200,7369.401683902741,58.70307,22.727272,53.82866,68.52221,76.16975,48.00654,43.677887,71.7,81.0,17.211168,953.0322,0.30184886,0.5882092,0.4059799,7369.3
Z-All,CQR,2,2,4e-06,0.01,400,14941.447620248791,59.04437,24.242424,53.60121,69.34873,75.84331,49.211784,49.659184,75.8,85.2349,22.847424,982.0952,1.3029851,1.4532819,1.3576385,2466.2
Z-All,CQR,3,0,4e-06,0.01,400,2466.301924085617,59.04437,24.242424,53.60121,69.34873,75.84331,49.211784,49.659184,75.8,85.2349,22.847424,982.0952,1.3029851,1.4532819,1.3576385,2466.2
Z-All,CQR,4,4,4e-06,0.01,400,27501.59421739578,59.04437,24.242424,53.60121,69.34873,75.84331,49.211784,49.659184,75.8,85.2349,22.847424,982.0952,1.3029851,1.4532819,1.3576385,2466.2
Z-All,CQR,5,4,4e-06,0.01,400,27436.60440979004,59.04437,24.242424,53.60121,69.34873,75.84331,49.211784,49.659184,75.8,85.2349,22.847424,982.0952,1.3029851,1.4532819,1.3576385,2466.2
Z-All,CQR,6,0,4e-06,0.02,600,3691.4018915653232,58.61775,22.222221,56.40637,69.48815,76.060936,50.784946,49.98892,75.4,83.916084,20.57904,929.0771,1.1669881,1.0036434,1.1075901,3691.3
Z-All,CQR,7,1,4e-06,0.01,400,2466.30209479332,59.04437,24.242424,53.60121,69.34873,75.84331,49.211784,49.659184,75.8,85.2349,22.847424,982.0952,1.3029851,1.4532819,1.3576385,2466.2
Z-All,CQR,8,2,4e-06,0.01,400,14941.447084760664,59.04437,24.242424,53.60121,69.34873,75.84331,49.211784,49.659184,75.8,85.2349,22.847424,982.0952,1.3029851,1.4532819,1.3576385,2466.2
Z-All,CQR,9,0,4e-06,0.01,400,2466.3018821239475,59.04437,24.242424,53.60121,69.34873,75.84331,49.211784,49.659184,75.8,85.2349,22.847424,982.0952,1.3029851,1.4532819,1.3576385,2466.2
Z-All,CQR,10,0,2e-06,0.02,2000,12348.201603746413,58.532425,22.727272,54.359364,68.333,76.00653,48.504456,45.677467,71.86667,87.93104,16.470451,952.8265,0.33114612,0.7361248,0.4784111,12348.1
Z-All,CQR,11,3,4e-06,0.01,400,15006.453810071944,59.04437,24.242424,53.60121,69.34873,75.84331,49.211784,49.659184,75.8,85.2349,22.847424,982.0952,1.3029851,1.4532819,1.3576385,2466.2
Z-All,CQR,12,0,4e-06,0.02,600,3691.4019349575046,58.61775,22.222221,56.40637,69.48815,76.060936,50.784946,49.98892,75.4,83.916084,20.57904,929.0771,1.1669881,1.0036434,1.1075901,3691.3
Z-All,CQR,13,0,4e-06,0.01,400,2466.301795101166,59.04437,24.242424,53.60121,69.34873,75.84331,49.211784,49.659184,75.8,85.2349,22.847424,982.0952,1.3029851,1.4532819,1.3576385,2466.2
Z-All,CQR,14,1,4e-06,0.02,600,3691.4017137050632,58.61775,22.222221,56.40637,69.48815,76.060936,50.784946,49.98892,75.4,83.916084,20.57904,929.0771,1.1669881,1.0036434,1.1075901,3691.3
Z-All,CQR,15,4,2e-06,0.02,2000,37318.49338254929,58.532425,22.727272,54.359364,68.333,76.00653,48.504456,45.677467,71.86667,87.93104,16.470451,952.8265,0.33114612,0.7361248,0.4784111,12348.1
Z-All,CQR,16,1,2e-06,0.02,2000,12348.201676702498,58.532425,22.727272,54.359364,68.333,76.00653,48.504456,45.677467,71.86667,87.93104,16.470451,952.8265,0.33114612,0.7361248,0.4784111,12348.1
Z-All,CQR,17,3,4e-06,0.01,400,14961.450304365157,59.04437,24.242424,53.60121,69.34873,75.84331,49.211784,49.659184,75.8,85.2349,22.847424,982.0952,1.3029851,1.4532819,1.3576385,2466.2
Z-All,CQR,18,0,4e-06,0.01,400,2466.303404426575,59.04437,24.242424,53.60121,69.34873,75.84331,49.211784,49.659184,75.8,85.2349,22.847424,982.0952,1.3029851,1.4532819,1.3576385,2466.2
Z-All,CQR,19,5,4e-06,0.02,600,28726.693683004378,58.61775,22.222221,56.40637,69.48815,76.060936,50.784946,49.98892,75.4,83.916084,20.57904,929.0771,1.1669881,1.0036434,1.1075901,3691.3
Z-All,CQR,20,0,4e-06,0.01,400,2466.302554702759,59.04437,24.242424,53.60121,69.34873,75.84331,49.211784,49.659184,75.8,85.2349,22.847424,982.0952,1.3029851,1.4532819,1.3576385,2466.2
Z-All,CQR,21,0,2e-06,0.01,1200,7369.401615953446,58.70307,22.727272,53.82866,68.52221,76.16975,48.00654,43.677887,71.7,81.0,17.211168,953.0322,0.30184886,0.5882092,0.4059799,7369.3
Z-All,CQR,22,3,4e-06,0.01,400,15006.447331285475,59.04437,24.242424,53.60121,69.34873,75.84331,49.211784,49.659184,75.8,85.2349,22.847424,982.0952,1.3029851,1.4532819,1.3576385,2466.2
Z-All,CQR,23,0,4e-06,0.01,400,2466.301819419861,59.04437,24.242424,53.60121,69.34873,75.84331,49.211784,49.659184,75.8,85.2349,22.847424,982.0952,1.3029851,1.4532819,1.3576385,2466.2
Z-All,CQR,24,0,4e-06,0.01,400,2466.301653003693,59.04437,24.242424,53.60121,69.34873,75.84331,49.211784,49.659184,75.8,85.2349,22.847424,982.0952,1.3029851,1.4532819,1.3576385,2466.2
Z-All,RandomSearch,0,0,2e-06,0.01,1200,7369.401745653153,58.70307,22.727272,53.82866,68.52221,76.16975,48.00654,43.677887,71.7,81.0,17.211168,953.0322,0.30184886,0.5882092,0.4059799,7369.3
Z-All,RandomSearch,1,6,4e-06,0.01,400,39921.73968181611,59.04437,24.242424,53.60121,69.34873,75.84331,49.211784,49.659184,75.8,85.2349,22.847424,982.0952,1.3029851,1.4532819,1.3576385,2466.2
Z-All,RandomSearch,2,1,4e-06,0.01,400,2466.3036852836613,59.04437,24.242424,53.60121,69.34873,75.84331,49.211784,49.659184,75.8,85.2349,22.847424,982.0952,1.3029851,1.4532819,1.3576385,2466.2
Z-All,RandomSearch,3,0,4e-06,0.01,400,2466.301874494553,59.04437,24.242424,53.60121,69.34873,75.84331,49.211784,49.659184,75.8,85.2349,22.847424,982.0952,1.3029851,1.4532819,1.3576385,2466.2
Z-All,RandomSearch,4,3,4e-06,0.01,400,14971.448913192748,59.04437,24.242424,53.60121,69.34873,75.84331,49.211784,49.659184,75.8,85.2349,22.847424,982.0952,1.3029851,1.4532819,1.3576385,2466.2
Z-All,RandomSearch,5,5,4e-06,0.01,400,27526.59512696266,59.04437,24.242424,53.60121,69.34873,75.84331,49.211784,49.659184,75.8,85.2349,22.847424,982.0952,1.3029851,1.4532819,1.3576385,2466.2
Z-All,RandomSearch,6,1,4e-06,0.02,600,3691.402138566971,58.61775,22.222221,56.40637,69.48815,76.060936,50.784946,49.98892,75.4,83.916084,20.57904,929.0771,1.1669881,1.0036434,1.1075901,3691.3
Z-All,RandomSearch,7,6,4e-06,0.04,800,42479.83944330216,58.70307,23.232323,56.330555,69.32882,76.16975,51.254017,51.90982,72.96667,77.054794,19.70793,1005.7145,1.1171892,0.8127004,1.006466,4924.3
Z-All,RandomSearch,8,6,4e-06,0.02,600,41166.843140697485,58.61775,22.222221,56.40637,69.48815,76.060936,50.784946,49.98892,75.4,83.916084,20.57904,929.0771,1.1669881,1.0036434,1.1075901,3691.3
Z-All,RandomSearch,9,3,4e-06,0.01,400,15006.449401950837,59.04437,24.242424,53.60121,69.34873,75.84331,49.211784,49.659184,75.8,85.2349,22.847424,982.0952,1.3029851,1.4532819,1.3576385,2466.2
Z-All,RandomSearch,10,7,4e-06,0.01,400,40001.7409239769,59.04437,24.242424,53.60121,69.34873,75.84331,49.211784,49.659184,75.8,85.2349,22.847424,982.0952,1.3029851,1.4532819,1.3576385,2466.2
Z-All,RandomSearch,11,1,4e-06,0.02,600,3691.4031635284423,58.61775,22.222221,56.40637,69.48815,76.060936,50.784946,49.98892,75.4,83.916084,20.57904,929.0771,1.1669881,1.0036434,1.1075901,3691.3
Z-All,RandomSearch,12,1,4e-06,0.01,400,2466.3016923427585,59.04437,24.242424,53.60121,69.34873,75.84331,49.211784,49.659184,75.8,85.2349,22.847424,982.0952,1.3029851,1.4532819,1.3576385,2466.2
Z-All,RandomSearch,13,2,4e-06,0.01,400,14961.45053873062,59.04437,24.242424,53.60121,69.34873,75.84331,49.211784,49.659184,75.8,85.2349,22.847424,982.0952,1.3029851,1.4532819,1.3576385,2466.2
Z-All,RandomSearch,14,2,4e-06,0.01,400,14941.447886085509,59.04437,24.242424,53.60121,69.34873,75.84331,49.211784,49.659184,75.8,85.2349,22.847424,982.0952,1.3029851,1.4532819,1.3576385,2466.2
Z-All,RandomSearch,15,6,4e-06,0.01,400,40056.74146375657,59.04437,24.242424,53.60121,69.34873,75.84331,49.211784,49.659184,75.8,85.2349,22.847424,982.0952,1.3029851,1.4532819,1.3576385,2466.2
Z-All,RandomSearch,16,0,4e-06,0.02,600,3691.401868438721,58.61775,22.222221,56.40637,69.48815,76.060936,50.784946,49.98892,75.4,83.916084,20.57904,929.0771,1.1669881,1.0036434,1.1075901,3691.3
Z-All,RandomSearch,17,5,4e-06,0.01,400,27576.595449543,59.04437,24.242424,53.60121,69.34873,75.84331,49.211784,49.659184,75.8,85.2349,22.847424,982.0952,1.3029851,1.4532819,1.3576385,2466.2
Z-All,RandomSearch,18,3,4e-06,0.02,600,16246.5491045475,58.61775,22.222221,56.40637,69.48815,76.060936,50.784946,49.98892,75.4,83.916084,20.57904,929.0771,1.1669881,1.0036434,1.1075901,3691.3
Z-All,RandomSearch,19,2,4e-06,0.01,400,14941.447304582594,59.04437,24.242424,53.60121,69.34873,75.84331,49.211784,49.659184,75.8,85.2349,22.847424,982.0952,1.3029851,1.4532819,1.3576385,2466.2
Z-All,RandomSearch,20,6,4e-06,0.01,400,39976.75841841698,59.04437,24.242424,53.60121,69.34873,75.84331,49.211784,49.659184,75.8,85.2349,22.847424,982.0952,1.3029851,1.4532819,1.3576385,2466.2
Z-All,RandomSearch,21,5,4e-06,0.02,600,28751.69591245651,58.61775,22.222221,56.40637,69.48815,76.060936,50.784946,49.98892,75.4,83.916084,20.57904,929.0771,1.1669881,1.0036434,1.1075901,3691.3
Z-All,RandomSearch,22,4,4e-06,0.04,1800,36050.09367022515,58.361774,24.242424,56.70963,69.338776,76.11534,51.542934,49.901485,73.5,82.06896,18.250572,961.35956,1.1963435,0.85769224,1.0731976,11079.7
Z-All,RandomSearch,23,2,4e-06,0.01,400,14961.44808540344,59.04437,24.242424,53.60121,69.34873,75.84331,49.211784,49.659184,75.8,85.2349,22.847424,982.0952,1.3029851,1.4532819,1.3576385,2466.2
Z-All,RandomSearch,24,0,4e-06,0.01,400,2466.302253341675,59.04437,24.242424,53.60121,69.34873,75.84331,49.211784,49.659184,75.8,85.2349,22.847424,982.0952,1.3029851,1.4532819,1.3576385,2466.2
Z-All,TPE,0,7,4e-06,0.02,600,41276.84106597901,58.61775,22.222221,56.40637,69.48815,76.060936,50.784946,49.98892,75.4,83.916084,20.57904,929.0771,1.1669881,1.0036434,1.1075901,3691.3
Z-All,TPE,1,4,4e-06,0.02,600,28706.69416627884,58.61775,22.222221,56.40637,69.48815,76.060936,50.784946,49.98892,75.4,83.916084,20.57904,929.0771,1.1669881,1.0036434,1.1075901,3691.3
Z-All,TPE,2,0,4e-06,0.01,400,2466.3015836238865,59.04437,24.242424,53.60121,69.34873,75.84331,49.211784,49.659184,75.8,85.2349,22.847424,982.0952,1.3029851,1.4532819,1.3576385,2466.2
Z-All,TPE,3,1,4e-06,0.01,400,2466.301903820038,59.04437,24.242424,53.60121,69.34873,75.84331,49.211784,49.659184,75.8,85.2349,22.847424,982.0952,1.3029851,1.4532819,1.3576385,2466.2
Z-All,TPE,4,4,4e-06,0.01,400,27446.592803812026,59.04437,24.242424,53.60121,69.34873,75.84331,49.211784,49.659184,75.8,85.2349,22.847424,982.0952,1.3029851,1.4532819,1.3576385,2466.2
Z-All,TPE,5,2,4e-06,0.04,1800,23554.94768629074,58.361774,24.242424,56.70963,69.338776,76.11534,51.542934,49.901485,73.5,82.06896,18.250572,961.35956,1.1963435,0.85769224,1.0731976,11079.7
Z-All,TPE,6,5,4e-06,0.01,400,27501.593394136427,59.04437,24.242424,53.60121,69.34873,75.84331,49.211784,49.659184,75.8,85.2349,22.847424,982.0952,1.3029851,1.4532819,1.3576385,2466.2
Z-All,TPE,7,1,4e-06,0.02,600,3691.402037954331,58.61775,22.222221,56.40637,69.48815,76.060936,50.784946,49.98892,75.4,83.916084,20.57904,929.0771,1.1669881,1.0036434,1.1075901,3691.3
Z-All,TPE,8,1,4e-06,0.04,1800,11079.80194029808,58.361774,24.242424,56.70963,69.338776,76.11534,51.542934,49.901485,73.5,82.06896,18.250572,961.35956,1.1963435,0.85769224,1.0731976,11079.7
Z-All,TPE,9,2,4e-06,0.01,400,14941.447673177718,59.04437,24.242424,53.60121,69.34873,75.84331,49.211784,49.659184,75.8,85.2349,22.847424,982.0952,1.3029851,1.4532819,1.3576385,2466.2
Z-All,TPE,10,4,4e-06,0.04,1800,36050.09443721772,58.361774,24.242424,56.70963,69.338776,76.11534,51.542934,49.901485,73.5,82.06896,18.250572,961.35956,1.1963435,0.85769224,1.0731976,11079.7
Z-All,TPE,11,4,4e-06,0.01,400,27481.59437260628,59.04437,24.242424,53.60121,69.34873,75.84331,49.211784,49.659184,75.8,85.2349,22.847424,982.0952,1.3029851,1.4532819,1.3576385,2466.2
Z-All,TPE,12,6,4e-06,0.04,800,42499.84047970773,58.70307,23.232323,56.330555,69.32882,76.16975,51.254017,51.90982,72.96667,77.054794,19.70793,1005.7145,1.1171892,0.8127004,1.006466,4924.3
Z-All,TPE,13,6,4e-06,0.01,400,39971.74098143578,59.04437,24.242424,53.60121,69.34873,75.84331,49.211784,49.659184,75.8,85.2349,22.847424,982.0952,1.3029851,1.4532819,1.3576385,2466.2
Z-All,TPE,14,1,4e-06,0.01,400,2466.3017004489902,59.04437,24.242424,53.60121,69.34873,75.84331,49.211784,49.659184,75.8,85.2349,22.847424,982.0952,1.3029851,1.4532819,1.3576385,2466.2
Z-All,TPE,15,1,4e-06,0.02,600,3691.4020844459537,58.61775,22.222221,56.40637,69.48815,76.060936,50.784946,49.98892,75.4,83.916084,20.57904,929.0771,1.1669881,1.0036434,1.1075901,3691.3
Z-All,TPE,16,0,2e-06,0.02,2000,12348.201777791975,58.532425,22.727272,54.359364,68.333,76.00653,48.504456,45.677467,71.86667,87.93104,16.470451,952.8265,0.33114612,0.7361248,0.4784111,12348.1
Z-All,TPE,17,4,4e-06,0.02,600,28671.705672359465,58.61775,22.222221,56.40637,69.48815,76.060936,50.784946,49.98892,75.4,83.916084,20.57904,929.0771,1.1669881,1.0036434,1.1075901,3691.3
Z-All,TPE,18,0,4e-06,0.02,600,3691.402202224732,58.61775,22.222221,56.40637,69.48815,76.060936,50.784946,49.98892,75.4,83.916084,20.57904,929.0771,1.1669881,1.0036434,1.1075901,3691.3
Z-All,TPE,19,6,4e-06,0.02,600,41156.8400610447,58.61775,22.222221,56.40637,69.48815,76.060936,50.784946,49.98892,75.4,83.916084,20.57904,929.0771,1.1669881,1.0036434,1.1075901,3691.3
Z-All,TPE,20,0,4e-06,0.01,400,2466.301926708222,59.04437,24.242424,53.60121,69.34873,75.84331,49.211784,49.659184,75.8,85.2349,22.847424,982.0952,1.3029851,1.4532819,1.3576385,2466.2
Z-All,TPE,21,5,4e-06,0.04,1800,36160.09508142472,58.361774,24.242424,56.70963,69.338776,76.11534,51.542934,49.901485,73.5,82.06896,18.250572,961.35956,1.1963435,0.85769224,1.0731976,11079.7
Z-All,TPE,22,3,2e-06,0.01,1200,19909.54937086105,58.70307,22.727272,53.82866,68.52221,76.16975,48.00654,43.677887,71.7,81.0,17.211168,953.0322,0.30184886,0.5882092,0.4059799,7369.3
Z-All,TPE,23,6,4e-06,0.02,600,41196.839197492605,58.61775,22.222221,56.40637,69.48815,76.060936,50.784946,49.98892,75.4,83.916084,20.57904,929.0771,1.1669881,1.0036434,1.1075901,3691.3
Z-All,TPE,24,5,4e-06,0.01,400,27456.59400424957,59.04437,24.242424,53.60121,69.34873,75.84331,49.211784,49.659184,75.8,85.2349,22.847424,982.0952,1.3029851,1.4532819,1.3576385,2466.2
