search_objective,optimizer,seed,trial_id,lr,beta,dpo_step,st_tuner_time,ARC-C,GPQA,GSM8K,HellaSwag,PIQA,TruthfulQA,IFEval,Arena-Hard,MT-Bench,AlpacaEval,ELO,Z-Static,Z-Dynamic,Z-All,elapsed_time_sec
AlpacaEval,ASHA,0,12,4e-06,0.01,400,83165.48339067462,70.98976,37.373737,80.43973,80.233025,78.67247,64.63595,77.167694,52.2,81.543625,44.36437,1128.9755,0.8210733,0.5435017,0.72013813,738.9
AlpacaEval,ASHA,1,13,4e-06,0.01,400,93895.60453496936,70.98976,37.373737,80.43973,80.233025,78.67247,64.63595,77.167694,52.2,81.543625,44.36437,1128.9755,0.8210733,0.5435017,0.72013813,738.9
AlpacaEval,ASHA,2,7,4e-06,0.01,400,67059.87887129975,70.98976,37.373737,80.43973,80.233025,78.67247,64.63595,77.167694,52.2,81.543625,44.36437,1128.9755,0.8210733,0.5435017,0.72013813,738.9
AlpacaEval,ASHA,3,0,4e-06,0.01,400,739.0021348953246,70.98976,37.373737,80.43973,80.233025,78.67247,64.63595,77.167694,52.2,81.543625,44.36437,1128.9755,0.8210733,0.5435017,0.72013813,738.9
AlpacaEval,ASHA,4,3,8e-06,0.01,200,32510.14590463638,70.819115,28.787878,88.24867,80.37244,78.23721,67.70955,67.91785,34.866665,80.74324,43.70177,1120.0913,0.29275292,-0.22961499,0.10280094,2914.7
AlpacaEval,ASHA,5,6,4e-06,0.01,400,63134.83225736809,70.98976,37.373737,80.43973,80.233025,78.67247,64.63595,77.167694,52.2,81.543625,44.36437,1128.9755,0.8210733,0.5435017,0.72013813,738.9
AlpacaEval,ASHA,6,7,4e-06,0.01,400,62825.0309666214,70.98976,37.373737,80.43973,80.233025,78.67247,64.63595,77.167694,52.2,81.543625,44.36437,1128.9755,0.8210733,0.5435017,0.72013813,738.9
AlpacaEval,ASHA,7,12,4e-06,0.01,400,85060.6044634457,70.98976,37.373737,80.43973,80.233025,78.67247,64.63595,77.167694,52.2,81.543625,44.36437,1128.9755,0.8210733,0.5435017,0.72013813,738.9
AlpacaEval,ASHA,8,7,4e-06,0.01,400,31034.76439057159,70.98976,37.373737,80.43973,80.233025,78.67247,64.63595,77.167694,52.2,81.543625,44.36437,1128.9755,0.8210733,0.5435017,0.72013813,738.9
AlpacaEval,ASHA,9,0,4e-06,0.01,400,739.0023694992065,70.98976,37.373737,80.43973,80.233025,78.67247,64.63595,77.167694,52.2,81.543625,44.36437,1128.9755,0.8210733,0.5435017,0.72013813,738.9
AlpacaEval,ASHA,10,14,4e-06,0.01,400,78605.54061447339,70.98976,37.373737,80.43973,80.233025,78.67247,64.63595,77.167694,52.2,81.543625,44.36437,1128.9755,0.8210733,0.5435017,0.72013813,738.9
AlpacaEval,ASHA,11,11,8e-06,0.01,200,55070.514397480016,70.819115,28.787878,88.24867,80.37244,78.23721,67.70955,67.91785,34.866665,80.74324,43.70177,1120.0913,0.29275292,-0.22961499,0.10280094,2914.7
AlpacaEval,ASHA,12,4,1e-06,0.01,400,42385.22843561173,70.392494,36.868687,87.56634,79.02808,78.618065,64.40122,78.557785,77.3,85.29412,42.326344,1193.4058,0.58802354,1.390024,0.87966,5804.7
AlpacaEval,ASHA,13,0,4e-06,0.01,400,739.0021780490874,70.98976,37.373737,80.43973,80.233025,78.67247,64.63595,77.167694,52.2,81.543625,44.36437,1128.9755,0.8210733,0.5435017,0.72013813,738.9
AlpacaEval,ASHA,14,0,8e-06,0.01,200,2914.803110456467,70.819115,28.787878,88.24867,80.37244,78.23721,67.70955,67.91785,34.866665,80.74324,43.70177,1120.0913,0.29275292,-0.22961499,0.10280094,2914.7
AlpacaEval,ASHA,15,8,4e-06,0.01,400,57130.16906581879,70.98976,37.373737,80.43973,80.233025,78.67247,64.63595,77.167694,52.2,81.543625,44.36437,1128.9755,0.8210733,0.5435017,0.72013813,738.9
AlpacaEval,ASHA,16,17,4e-06,0.01,400,73295.77442776493,70.98976,37.373737,80.43973,80.233025,78.67247,64.63595,77.167694,52.2,81.543625,44.36437,1128.9755,0.8210733,0.5435017,0.72013813,738.9
AlpacaEval,ASHA,17,13,1e-06,0.01,400,103516.65711509138,70.392494,36.868687,87.56634,79.02808,78.618065,64.40122,78.557785,77.3,85.29412,42.326344,1193.4058,0.58802354,1.390024,0.87966,5804.7
AlpacaEval,ASHA,18,4,4e-06,0.01,400,59804.68763313294,70.98976,37.373737,80.43973,80.233025,78.67247,64.63595,77.167694,52.2,81.543625,44.36437,1128.9755,0.8210733,0.5435017,0.72013813,738.9
AlpacaEval,ASHA,19,11,4e-06,0.01,400,37115.04118405533,70.98976,37.373737,80.43973,80.233025,78.67247,64.63595,77.167694,52.2,81.543625,44.36437,1128.9755,0.8210733,0.5435017,0.72013813,738.9
AlpacaEval,ASHA,20,15,8e-06,0.01,200,101281.664855589,70.819115,28.787878,88.24867,80.37244,78.23721,67.70955,67.91785,34.866665,80.74324,43.70177,1120.0913,0.29275292,-0.22961499,0.10280094,2914.7
AlpacaEval,ASHA,21,8,8e-06,0.01,200,71805.71034798815,70.819115,28.787878,88.24867,80.37244,78.23721,67.70955,67.91785,34.866665,80.74324,43.70177,1120.0913,0.29275292,-0.22961499,0.10280094,2914.7
AlpacaEval,ASHA,22,6,4e-06,0.01,400,31604.66968117332,70.98976,37.373737,80.43973,80.233025,78.67247,64.63595,77.167694,52.2,81.543625,44.36437,1128.9755,0.8210733,0.5435017,0.72013813,738.9
AlpacaEval,ASHA,23,2,4e-06,0.01,400,30214.344829416277,70.98976,37.373737,80.43973,80.233025,78.67247,64.63595,77.167694,52.2,81.543625,44.36437,1128.9755,0.8210733,0.5435017,0.72013813,738.9
AlpacaEval,ASHA,24,10,8e-06,0.01,200,72050.81347523117,70.819115,28.787878,88.24867,80.37244,78.23721,67.70955,67.91785,34.866665,80.74324,43.70177,1120.0913,0.29275292,-0.22961499,0.10280094,2914.7
AlpacaEval,BOHB,0,11,4e-06,0.01,400,74060.27797470857,70.98976,37.373737,80.43973,80.233025,78.67247,64.63595,77.167694,52.2,81.543625,44.36437,1128.9755,0.8210733,0.5435017,0.72013813,738.9
AlpacaEval,BOHB,1,9,4e-06,0.01,400,73829.96181402399,70.98976,37.373737,80.43973,80.233025,78.67247,64.63595,77.167694,52.2,81.543625,44.36437,1128.9755,0.8210733,0.5435017,0.72013813,738.9
AlpacaEval,BOHB,2,9,8e-06,0.01,200,76820.76669511986,70.819115,28.787878,88.24867,80.37244,78.23721,67.70955,67.91785,34.866665,80.74324,43.70177,1120.0913,0.29275292,-0.22961499,0.10280094,2914.7
AlpacaEval,BOHB,3,0,4e-06,0.01,400,739.0016919136046,70.98976,37.373737,80.43973,80.233025,78.67247,64.63595,77.167694,52.2,81.543625,44.36437,1128.9755,0.8210733,0.5435017,0.72013813,738.9
AlpacaEval,BOHB,4,3,8e-06,0.01,200,32510.14840493202,70.819115,28.787878,88.24867,80.37244,78.23721,67.70955,67.91785,34.866665,80.74324,43.70177,1120.0913,0.29275292,-0.22961499,0.10280094,2914.7
AlpacaEval,BOHB,5,10,4e-06,0.01,400,70345.32244549756,70.98976,37.373737,80.43973,80.233025,78.67247,64.63595,77.167694,52.2,81.543625,44.36437,1128.9755,0.8210733,0.5435017,0.72013813,738.9
AlpacaEval,BOHB,6,15,4e-06,0.01,400,84915.90456568533,70.98976,37.373737,80.43973,80.233025,78.67247,64.63595,77.167694,52.2,81.543625,44.36437,1128.9755,0.8210733,0.5435017,0.72013813,738.9
AlpacaEval,BOHB,7,10,4e-06,0.01,400,73375.25867949295,70.98976,37.373737,80.43973,80.233025,78.67247,64.63595,77.167694,52.2,81.543625,44.36437,1128.9755,0.8210733,0.5435017,0.72013813,738.9
AlpacaEval,BOHB,8,24,4e-06,0.01,400,81161.50273025515,70.98976,37.373737,80.43973,80.233025,78.67247,64.63595,77.167694,52.2,81.543625,44.36437,1128.9755,0.8210733,0.5435017,0.72013813,738.9
AlpacaEval,BOHB,9,0,4e-06,0.01,400,739.0019811153411,70.98976,37.373737,80.43973,80.233025,78.67247,64.63595,77.167694,52.2,81.543625,44.36437,1128.9755,0.8210733,0.5435017,0.72013813,738.9
AlpacaEval,BOHB,10,14,4e-06,0.01,400,77450.51224123195,70.98976,37.373737,80.43973,80.233025,78.67247,64.63595,77.167694,52.2,81.543625,44.36437,1128.9755,0.8210733,0.5435017,0.72013813,738.9
AlpacaEval,BOHB,11,6,8e-06,0.01,200,16929.968198394774,70.819115,28.787878,88.24867,80.37244,78.23721,67.70955,67.91785,34.866665,80.74324,43.70177,1120.0913,0.29275292,-0.22961499,0.10280094,2914.7
AlpacaEval,BOHB,12,5,2e-06,0.01,400,66816.76449117661,71.331055,36.868687,89.23427,79.89444,79.27095,64.27732,78.29675,66.6,80.844154,42.603886,1186.545,1.21158,0.9853325,1.1293082,1375.9
AlpacaEval,BOHB,13,0,4e-06,0.01,400,739.0016613960265,70.98976,37.373737,80.43973,80.233025,78.67247,64.63595,77.167694,52.2,81.543625,44.36437,1128.9755,0.8210733,0.5435017,0.72013813,738.9
AlpacaEval,BOHB,14,0,8e-06,0.01,200,2914.8019252777103,70.819115,28.787878,88.24867,80.37244,78.23721,67.70955,67.91785,34.866665,80.74324,43.70177,1120.0913,0.29275292,-0.22961499,0.10280094,2914.7
AlpacaEval,BOHB,15,9,4e-06,0.01,400,43040.10748873901,70.98976,37.373737,80.43973,80.233025,78.67247,64.63595,77.167694,52.2,81.543625,44.36437,1128.9755,0.8210733,0.5435017,0.72013813,738.9
AlpacaEval,BOHB,16,4,8e-06,0.01,200,10279.990796663284,70.819115,28.787878,88.24867,80.37244,78.23721,67.70955,67.91785,34.866665,80.74324,43.70177,1120.0913,0.29275292,-0.22961499,0.10280094,2914.7
AlpacaEval,BOHB,17,11,4e-06,0.01,400,94975.50881801416,70.98976,37.373737,80.43973,80.233025,78.67247,64.63595,77.167694,52.2,81.543625,44.36437,1128.9755,0.8210733,0.5435017,0.72013813,738.9
AlpacaEval,BOHB,18,4,4e-06,0.01,400,59804.68992385865,70.98976,37.373737,80.43973,80.233025,78.67247,64.63595,77.167694,52.2,81.543625,44.36437,1128.9755,0.8210733,0.5435017,0.72013813,738.9
AlpacaEval,BOHB,19,5,4e-06,0.01,400,13534.35604105377,70.98976,37.373737,80.43973,80.233025,78.67247,64.63595,77.167694,52.2,81.543625,44.36437,1128.9755,0.8210733,0.5435017,0.72013813,738.9
AlpacaEval,BOHB,20,5,4e-06,0.01,400,62934.72840604783,70.98976,37.373737,80.43973,80.233025,78.67247,64.63595,77.167694,52.2,81.543625,44.36437,1128.9755,0.8210733,0.5435017,0.72013813,738.9
AlpacaEval,BOHB,21,7,8e-06,0.01,200,49630.45117554856,70.819115,28.787878,88.24867,80.37244,78.23721,67.70955,67.91785,34.866665,80.74324,43.70177,1120.0913,0.29275292,-0.22961499,0.10280094,2914.7
AlpacaEval,BOHB,22,23,4e-06,0.01,400,91981.72238386353,70.98976,37.373737,80.43973,80.233025,78.67247,64.63595,77.167694,52.2,81.543625,44.36437,1128.9755,0.8210733,0.5435017,0.72013813,738.9
AlpacaEval,BOHB,23,2,4e-06,0.01,400,30214.344107723235,70.98976,37.373737,80.43973,80.233025,78.67247,64.63595,77.167694,52.2,81.543625,44.36437,1128.9755,0.8210733,0.5435017,0.72013813,738.9
AlpacaEval,BOHB,24,3,2e-06,0.01,400,15441.166313505171,71.331055,36.868687,89.23427,79.89444,79.27095,64.27732,78.29675,66.6,80.844154,42.603886,1186.545,1.21158,0.9853325,1.1293082,1375.9
AlpacaEval,BOTorch,0,1,4e-06,0.02,400,5827.401793575287,70.22184,33.838383,85.291885,79.39654,78.67247,64.6535,73.00363,49.966667,76.64474,41.00121,1105.864,0.21224084,0.07080421,0.16080934,5827.3
AlpacaEval,BOTorch,1,3,8e-06,0.01,200,9939.884488677975,70.819115,28.787878,88.24867,80.37244,78.23721,67.70955,67.91785,34.866665,80.74324,43.70177,1120.0913,0.29275292,-0.22961499,0.10280094,2914.7
AlpacaEval,BOTorch,2,2,2e-06,0.01,400,30851.345683431624,71.331055,36.868687,89.23427,79.89444,79.27095,64.27732,78.29675,66.6,80.844154,42.603886,1186.545,1.21158,0.9853325,1.1293082,1375.9
AlpacaEval,BOTorch,3,3,4e-06,0.01,400,30214.348078107832,70.98976,37.373737,80.43973,80.233025,78.67247,64.63595,77.167694,52.2,81.543625,44.36437,1128.9755,0.8210733,0.5435017,0.72013813,738.9
AlpacaEval,BOTorch,4,0,8e-06,0.01,200,2914.8016067504886,70.819115,28.787878,88.24867,80.37244,78.23721,67.70955,67.91785,34.866665,80.74324,43.70177,1120.0913,0.29275292,-0.22961499,0.10280094,2914.7
AlpacaEval,BOTorch,5,0,4e-06,0.01,400,739.0016134738921,70.98976,37.373737,80.43973,80.233025,78.67247,64.63595,77.167694,52.2,81.543625,44.36437,1128.9755,0.8210733,0.5435017,0.72013813,738.9
AlpacaEval,BOTorch,6,2,8e-06,0.02,200,32377.74488148689,70.22184,29.79798,74.29871,79.974106,78.9445,65.496,69.201775,36.533333,76.51007,42.196144,1168.2336,0.47191596,-0.21303637,0.22284238,2902.3
AlpacaEval,BOTorch,7,0,8e-06,0.01,200,2914.802627420426,70.819115,28.787878,88.24867,80.37244,78.23721,67.70955,67.91785,34.866665,80.74324,43.70177,1120.0913,0.29275292,-0.22961499,0.10280094,2914.7
AlpacaEval,BOTorch,8,3,1e-06,0.02,400,35280.14435777665,69.7099,35.858585,86.125854,78.56005,78.40044,64.35173,78.14687,69.4,88.63636,37.674797,1177.7887,0.14950725,1.1195248,0.5022409,5804.7
AlpacaEval,BOTorch,9,3,1e-06,0.01,400,16644.929158782958,70.392494,36.868687,87.56634,79.02808,78.618065,64.40122,78.557785,77.3,85.29412,42.326344,1193.4058,0.58802354,1.390024,0.87966,5804.7
AlpacaEval,BOTorch,10,2,4e-06,0.01,400,7764.08435330391,70.98976,37.373737,80.43973,80.233025,78.67247,64.63595,77.167694,52.2,81.543625,44.36437,1128.9755,0.8210733,0.5435017,0.72013813,738.9
AlpacaEval,BOTorch,11,0,4e-06,0.01,400,739.0028408527373,70.98976,37.373737,80.43973,80.233025,78.67247,64.63595,77.167694,52.2,81.543625,44.36437,1128.9755,0.8210733,0.5435017,0.72013813,738.9
AlpacaEval,BOTorch,12,0,4e-06,0.01,400,739.0058861732482,70.98976,37.373737,80.43973,80.233025,78.67247,64.63595,77.167694,52.2,81.543625,44.36437,1128.9755,0.8210733,0.5435017,0.72013813,738.9
AlpacaEval,BOTorch,13,1,4e-06,0.01,400,739.0021401405334,70.98976,37.373737,80.43973,80.233025,78.67247,64.63595,77.167694,52.2,81.543625,44.36437,1128.9755,0.8210733,0.5435017,0.72013813,738.9
AlpacaEval,BOTorch,14,0,4e-06,0.01,400,739.0021642208098,70.98976,37.373737,80.43973,80.233025,78.67247,64.63595,77.167694,52.2,81.543625,44.36437,1128.9755,0.8210733,0.5435017,0.72013813,738.9
AlpacaEval,BOTorch,15,1,2e-06,0.01,400,1376.0021172523498,71.331055,36.868687,89.23427,79.89444,79.27095,64.27732,78.29675,66.6,80.844154,42.603886,1186.545,1.21158,0.9853325,1.1293082,1375.9
AlpacaEval,BOTorch,16,0,8e-06,0.02,200,2902.401879167557,70.22184,29.79798,74.29871,79.974106,78.9445,65.496,69.201775,36.533333,76.51007,42.196144,1168.2336,0.47191596,-0.21303637,0.22284238,2902.3
AlpacaEval,BOTorch,17,0,1e-06,0.01,400,5804.803319549561,70.392494,36.868687,87.56634,79.02808,78.618065,64.40122,78.557785,77.3,85.29412,42.326344,1193.4058,0.58802354,1.390024,0.87966,5804.7
AlpacaEval,BOTorch,18,2,4e-06,0.01,400,4539.047174549103,70.98976,37.373737,80.43973,80.233025,78.67247,64.63595,77.167694,52.2,81.543625,44.36437,1128.9755,0.8210733,0.5435017,0.72013813,738.9
AlpacaEval,BOTorch,19,1,4e-06,0.04,400,5828.102097606659,70.05119,34.343433,76.269905,78.49034,78.618065,64.82638,72.02695,49.3,77.92208,34.703785,1125.9131,-0.14584614,-0.045184813,-0.10924202,5828.0
AlpacaEval,BOTorch,20,0,8e-06,0.02,200,2902.401947832108,70.22184,29.79798,74.29871,79.974106,78.9445,65.496,69.201775,36.533333,76.51007,42.196144,1168.2336,0.47191596,-0.21303637,0.22284238,2902.3
AlpacaEval,BOTorch,21,3,8e-06,0.01,200,9904.88404021263,70.819115,28.787878,88.24867,80.37244,78.23721,67.70955,67.91785,34.866665,80.74324,43.70177,1120.0913,0.29275292,-0.22961499,0.10280094,2914.7
AlpacaEval,BOTorch,22,2,8e-06,0.01,200,32390.14538488388,70.819115,28.787878,88.24867,80.37244,78.23721,67.70955,67.91785,34.866665,80.74324,43.70177,1120.0913,0.29275292,-0.22961499,0.10280094,2914.7
AlpacaEval,BOTorch,23,0,1e-06,0.01,400,5804.802183008194,70.392494,36.868687,87.56634,79.02808,78.618065,64.40122,78.557785,77.3,85.29412,42.326344,1193.4058,0.58802354,1.390024,0.87966,5804.7
AlpacaEval,BOTorch,24,0,8e-06,0.02,200,2902.402305221558,70.22184,29.79798,74.29871,79.974106,78.9445,65.496,69.201775,36.533333,76.51007,42.196144,1168.2336,0.47191596,-0.21303637,0.22284238,2902.3
AlpacaEval,CQR,0,6,8e-06,0.01,200,46425.58166990281,70.819115,28.787878,88.24867,80.37244,78.23721,67.70955,67.91785,34.866665,80.74324,43.70177,1120.0913,0.29275292,-0.22961499,0.10280094,2914.7
AlpacaEval,CQR,1,4,8e-06,0.01,200,36190.18837938309,70.819115,28.787878,88.24867,80.37244,78.23721,67.70955,67.91785,34.866665,80.74324,43.70177,1120.0913,0.29275292,-0.22961499,0.10280094,2914.7
AlpacaEval,CQR,2,11,8e-06,0.01,200,83217.22182116509,70.819115,28.787878,88.24867,80.37244,78.23721,67.70955,67.91785,34.866665,80.74324,43.70177,1120.0913,0.29275292,-0.22961499,0.10280094,2914.7
AlpacaEval,CQR,3,0,4e-06,0.01,400,739.00199303627,70.98976,37.373737,80.43973,80.233025,78.67247,64.63595,77.167694,52.2,81.543625,44.36437,1128.9755,0.8210733,0.5435017,0.72013813,738.9
AlpacaEval,CQR,4,5,4e-06,0.01,400,59934.69067344666,70.98976,37.373737,80.43973,80.233025,78.67247,64.63595,77.167694,52.2,81.543625,44.36437,1128.9755,0.8210733,0.5435017,0.72013813,738.9
AlpacaEval,CQR,5,6,8e-06,0.01,200,91461.09900293352,70.819115,28.787878,88.24867,80.37244,78.23721,67.70955,67.91785,34.866665,80.74324,43.70177,1120.0913,0.29275292,-0.22961499,0.10280094,2914.7
AlpacaEval,CQR,6,1,8e-06,0.01,200,2914.8018754482277,70.819115,28.787878,88.24867,80.37244,78.23721,67.70955,67.91785,34.866665,80.74324,43.70177,1120.0913,0.29275292,-0.22961499,0.10280094,2914.7
AlpacaEval,CQR,7,0,8e-06,0.01,200,2914.80195388794,70.819115,28.787878,88.24867,80.37244,78.23721,67.70955,67.91785,34.866665,80.74324,43.70177,1120.0913,0.29275292,-0.22961499,0.10280094,2914.7
AlpacaEval,CQR,8,17,4e-06,0.01,400,93368.41256294253,70.98976,37.373737,80.43973,80.233025,78.67247,64.63595,77.167694,52.2,81.543625,44.36437,1128.9755,0.8210733,0.5435017,0.72013813,738.9
AlpacaEval,CQR,9,0,4e-06,0.01,400,739.001994228363,70.98976,37.373737,80.43973,80.233025,78.67247,64.63595,77.167694,52.2,81.543625,44.36437,1128.9755,0.8210733,0.5435017,0.72013813,738.9
AlpacaEval,CQR,10,3,8e-06,0.01,200,9954.887025928496,70.819115,28.787878,88.24867,80.37244,78.23721,67.70955,67.91785,34.866665,80.74324,43.70177,1120.0913,0.29275292,-0.22961499,0.10280094,2914.7
AlpacaEval,CQR,11,5,4e-06,0.01,400,12139.136923170088,70.98976,37.373737,80.43973,80.233025,78.67247,64.63595,77.167694,52.2,81.543625,44.36437,1128.9755,0.8210733,0.5435017,0.72013813,738.9
AlpacaEval,CQR,12,4,1e-06,0.01,400,42385.22682127953,70.392494,36.868687,87.56634,79.02808,78.618065,64.40122,78.557785,77.3,85.29412,42.326344,1193.4058,0.58802354,1.390024,0.87966,5804.7
AlpacaEval,CQR,13,0,4e-06,0.01,400,739.0020054340362,70.98976,37.373737,80.43973,80.233025,78.67247,64.63595,77.167694,52.2,81.543625,44.36437,1128.9755,0.8210733,0.5435017,0.72013813,738.9
AlpacaEval,CQR,14,0,8e-06,0.01,200,2914.801783895493,70.819115,28.787878,88.24867,80.37244,78.23721,67.70955,67.91785,34.866665,80.74324,43.70177,1120.0913,0.29275292,-0.22961499,0.10280094,2914.7
AlpacaEval,CQR,15,2,8e-06,0.01,200,32390.14629659653,70.819115,28.787878,88.24867,80.37244,78.23721,67.70955,67.91785,34.866665,80.74324,43.70177,1120.0913,0.29275292,-0.22961499,0.10280094,2914.7
AlpacaEval,CQR,16,4,8e-06,0.01,200,13704.927993392945,70.819115,28.787878,88.24867,80.37244,78.23721,67.70955,67.91785,34.866665,80.74324,43.70177,1120.0913,0.29275292,-0.22961499,0.10280094,2914.7
AlpacaEval,CQR,17,0,8e-06,0.02,200,2902.4020386695865,70.22184,29.79798,74.29871,79.974106,78.9445,65.496,69.201775,36.533333,76.51007,42.196144,1168.2336,0.47191596,-0.21303637,0.22284238,2902.3
AlpacaEval,CQR,18,4,4e-06,0.01,400,59804.68892130852,70.98976,37.373737,80.43973,80.233025,78.67247,64.63595,77.167694,52.2,81.543625,44.36437,1128.9755,0.8210733,0.5435017,0.72013813,738.9
AlpacaEval,CQR,19,7,4e-06,0.02,400,71768.72733983994,70.22184,33.838383,85.291885,79.39654,78.67247,64.6535,73.00363,49.966667,76.64474,41.00121,1105.864,0.21224084,0.07080421,0.16080934,5827.3
AlpacaEval,CQR,20,3,2e-06,0.01,400,34296.38547978402,71.331055,36.868687,89.23427,79.89444,79.27095,64.27732,78.29675,66.6,80.844154,42.603886,1186.545,1.21158,0.9853325,1.1293082,1375.9
AlpacaEval,CQR,21,8,4e-06,0.01,400,92965.89413604735,70.98976,37.373737,80.43973,80.233025,78.67247,64.63595,77.167694,52.2,81.543625,44.36437,1128.9755,0.8210733,0.5435017,0.72013813,738.9
AlpacaEval,CQR,22,5,8e-06,0.01,200,62095.504720067984,70.819115,28.787878,88.24867,80.37244,78.23721,67.70955,67.91785,34.866665,80.74324,43.70177,1120.0913,0.29275292,-0.22961499,0.10280094,2914.7
AlpacaEval,CQR,23,2,4e-06,0.01,400,30214.34573850632,70.98976,37.373737,80.43973,80.233025,78.67247,64.63595,77.167694,52.2,81.543625,44.36437,1128.9755,0.8210733,0.5435017,0.72013813,738.9
AlpacaEval,CQR,24,3,2e-06,0.01,400,15441.170095300671,71.331055,36.868687,89.23427,79.89444,79.27095,64.27732,78.29675,66.6,80.844154,42.603886,1186.545,1.21158,0.9853325,1.1293082,1375.9
AlpacaEval,RandomSearch,0,5,2e-06,0.01,400,41676.472452974325,71.331055,36.868687,89.23427,79.89444,79.27095,64.27732,78.29675,66.6,80.844154,42.603886,1186.545,1.21158,0.9853325,1.1293082,1375.9
AlpacaEval,RandomSearch,1,9,4e-06,0.01,400,92860.07394776343,70.98976,37.373737,80.43973,80.233025,78.67247,64.63595,77.167694,52.2,81.543625,44.36437,1128.9755,0.8210733,0.5435017,0.72013813,738.9
AlpacaEval,RandomSearch,2,0,1e-06,0.01,400,5804.80178771019,70.392494,36.868687,87.56634,79.02808,78.618065,64.40122,78.557785,77.3,85.29412,42.326344,1193.4058,0.58802354,1.390024,0.87966,5804.7
AlpacaEval,RandomSearch,3,9,4e-06,0.01,400,77114.890817976,70.98976,37.373737,80.43973,80.233025,78.67247,64.63595,77.167694,52.2,81.543625,44.36437,1128.9755,0.8210733,0.5435017,0.72013813,738.9
AlpacaEval,RandomSearch,4,2,8e-06,0.01,200,32390.14460644722,70.819115,28.787878,88.24867,80.37244,78.23721,67.70955,67.91785,34.866665,80.74324,43.70177,1120.0913,0.29275292,-0.22961499,0.10280094,2914.7
AlpacaEval,RandomSearch,5,5,4e-06,0.01,400,59689.68840012551,70.98976,37.373737,80.43973,80.233025,78.67247,64.63595,77.167694,52.2,81.543625,44.36437,1128.9755,0.8210733,0.5435017,0.72013813,738.9
AlpacaEval,RandomSearch,6,0,4e-06,0.01,400,739.0029471874236,70.98976,37.373737,80.43973,80.233025,78.67247,64.63595,77.167694,52.2,81.543625,44.36437,1128.9755,0.8210733,0.5435017,0.72013813,738.9
AlpacaEval,RandomSearch,7,5,4e-06,0.01,400,59689.68848333359,70.98976,37.373737,80.43973,80.233025,78.67247,64.63595,77.167694,52.2,81.543625,44.36437,1128.9755,0.8210733,0.5435017,0.72013813,738.9
AlpacaEval,RandomSearch,8,6,2e-06,0.01,400,45476.5150466919,71.331055,36.868687,89.23427,79.89444,79.27095,64.27732,78.29675,66.6,80.844154,42.603886,1186.545,1.21158,0.9853325,1.1293082,1375.9
AlpacaEval,RandomSearch,9,4,8e-06,0.01,200,36305.19285354615,70.819115,28.787878,88.24867,80.37244,78.23721,67.70955,67.91785,34.866665,80.74324,43.70177,1120.0913,0.29275292,-0.22961499,0.10280094,2914.7
AlpacaEval,RandomSearch,10,9,2e-06,0.01,400,65991.756498909,71.331055,36.868687,89.23427,79.89444,79.27095,64.27732,78.29675,66.6,80.844154,42.603886,1186.545,1.21158,0.9853325,1.1293082,1375.9
AlpacaEval,RandomSearch,11,7,2e-06,0.01,400,93487.08020195962,71.331055,36.868687,89.23427,79.89444,79.27095,64.27732,78.29675,66.6,80.844154,42.603886,1186.545,1.21158,0.9853325,1.1293082,1375.9
AlpacaEval,RandomSearch,12,2,4e-06,0.01,400,30339.346088981627,70.98976,37.373737,80.43973,80.233025,78.67247,64.63595,77.167694,52.2,81.543625,44.36437,1128.9755,0.8210733,0.5435017,0.72013813,738.9
AlpacaEval,RandomSearch,13,2,4e-06,0.01,400,30214.34367237091,70.98976,37.373737,80.43973,80.233025,78.67247,64.63595,77.167694,52.2,81.543625,44.36437,1128.9755,0.8210733,0.5435017,0.72013813,738.9
AlpacaEval,RandomSearch,14,5,8e-06,0.02,200,65528.1301411152,70.22184,29.79798,74.29871,79.974106,78.9445,65.496,69.201775,36.533333,76.51007,42.196144,1168.2336,0.47191596,-0.21303637,0.22284238,2902.3
AlpacaEval,RandomSearch,15,15,2e-06,0.01,400,104002.20893464088,71.331055,36.868687,89.23427,79.89444,79.27095,64.27732,78.29675,66.6,80.844154,42.603886,1186.545,1.21158,0.9853325,1.1293082,1375.9
AlpacaEval,RandomSearch,16,2,4e-06,0.01,400,30334.34498271942,70.98976,37.373737,80.43973,80.233025,78.67247,64.63595,77.167694,52.2,81.543625,44.36437,1128.9755,0.8210733,0.5435017,0.72013813,738.9
AlpacaEval,RandomSearch,17,4,4e-06,0.01,400,37239.42701826096,70.98976,37.373737,80.43973,80.233025,78.67247,64.63595,77.167694,52.2,81.543625,44.36437,1128.9755,0.8210733,0.5435017,0.72013813,738.9
AlpacaEval,RandomSearch,18,6,4e-06,0.01,400,48184.55879960061,70.98976,37.373737,80.43973,80.233025,78.67247,64.63595,77.167694,52.2,81.543625,44.36437,1128.9755,0.8210733,0.5435017,0.72013813,738.9
AlpacaEval,RandomSearch,19,7,8e-06,0.01,200,53725.393913126,70.819115,28.787878,88.24867,80.37244,78.23721,67.70955,67.91785,34.866665,80.74324,43.70177,1120.0913,0.29275292,-0.22961499,0.10280094,2914.7
AlpacaEval,RandomSearch,20,3,4e-06,0.01,400,7729.083644485474,70.98976,37.373737,80.43973,80.233025,78.67247,64.63595,77.167694,52.2,81.543625,44.36437,1128.9755,0.8210733,0.5435017,0.72013813,738.9
AlpacaEval,RandomSearch,21,9,8e-06,0.01,200,102030.95840177537,70.819115,28.787878,88.24867,80.37244,78.23721,67.70955,67.91785,34.866665,80.74324,43.70177,1120.0913,0.29275292,-0.22961499,0.10280094,2914.7
AlpacaEval,RandomSearch,22,6,4e-06,0.01,400,44244.5103460312,70.98976,37.373737,80.43973,80.233025,78.67247,64.63595,77.167694,52.2,81.543625,44.36437,1128.9755,0.8210733,0.5435017,0.72013813,738.9
AlpacaEval,RandomSearch,23,2,4e-06,0.01,400,30444.346918201445,70.98976,37.373737,80.43973,80.233025,78.67247,64.63595,77.167694,52.2,81.543625,44.36437,1128.9755,0.8210733,0.5435017,0.72013813,738.9
AlpacaEval,RandomSearch,24,8,2e-06,0.01,400,100287.1527086258,71.331055,36.868687,89.23427,79.89444,79.27095,64.27732,78.29675,66.6,80.844154,42.603886,1186.545,1.21158,0.9853325,1.1293082,1375.9
AlpacaEval,TPE,0,0,4e-06,0.01,400,739.0016234874724,70.98976,37.373737,80.43973,80.233025,78.67247,64.63595,77.167694,52.2,81.543625,44.36437,1128.9755,0.8210733,0.5435017,0.72013813,738.9
AlpacaEval,TPE,1,0,2e-06,0.01,400,1376.0020402431487,71.331055,36.868687,89.23427,79.89444,79.27095,64.27732,78.29675,66.6,80.844154,42.603886,1186.545,1.21158,0.9853325,1.1293082,1375.9
AlpacaEval,TPE,2,7,4e-06,0.01,400,59924.69985232354,70.98976,37.373737,80.43973,80.233025,78.67247,64.63595,77.167694,52.2,81.543625,44.36437,1128.9755,0.8210733,0.5435017,0.72013813,738.9
AlpacaEval,TPE,3,5,4e-06,0.01,400,66379.7718261242,70.98976,37.373737,80.43973,80.233025,78.67247,64.63595,77.167694,52.2,81.543625,44.36437,1128.9755,0.8210733,0.5435017,0.72013813,738.9
AlpacaEval,TPE,4,5,8e-06,0.01,200,62215.50658760072,70.819115,28.787878,88.24867,80.37244,78.23721,67.70955,67.91785,34.866665,80.74324,43.70177,1120.0913,0.29275292,-0.22961499,0.10280094,2914.7
AlpacaEval,TPE,5,7,8e-06,0.01,200,50220.36052951813,70.819115,28.787878,88.24867,80.37244,78.23721,67.70955,67.91785,34.866665,80.74324,43.70177,1120.0913,0.29275292,-0.22961499,0.10280094,2914.7
AlpacaEval,TPE,6,10,8e-06,0.01,200,94825.87598452569,70.819115,28.787878,88.24867,80.37244,78.23721,67.70955,67.91785,34.866665,80.74324,43.70177,1120.0913,0.29275292,-0.22961499,0.10280094,2914.7
AlpacaEval,TPE,7,0,8e-06,0.01,200,2914.801763391495,70.819115,28.787878,88.24867,80.37244,78.23721,67.70955,67.91785,34.866665,80.74324,43.70177,1120.0913,0.29275292,-0.22961499,0.10280094,2914.7
AlpacaEval,TPE,8,5,4e-06,0.01,400,59814.689656353,70.98976,37.373737,80.43973,80.233025,78.67247,64.63595,77.167694,52.2,81.543625,44.36437,1128.9755,0.8210733,0.5435017,0.72013813,738.9
AlpacaEval,TPE,9,6,8e-06,0.01,200,61985.49468669892,70.819115,28.787878,88.24867,80.37244,78.23721,67.70955,67.91785,34.866665,80.74324,43.70177,1120.0913,0.29275292,-0.22961499,0.10280094,2914.7
AlpacaEval,TPE,10,9,4e-06,0.01,400,103345.20620975496,70.98976,37.373737,80.43973,80.233025,78.67247,64.63595,77.167694,52.2,81.543625,44.36437,1128.9755,0.8210733,0.5435017,0.72013813,738.9
AlpacaEval,TPE,11,4,4e-06,0.01,400,30214.35581622124,70.98976,37.373737,80.43973,80.233025,78.67247,64.63595,77.167694,52.2,81.543625,44.36437,1128.9755,0.8210733,0.5435017,0.72013813,738.9
AlpacaEval,TPE,12,6,4e-06,0.01,400,51284.59826908112,70.98976,37.373737,80.43973,80.233025,78.67247,64.63595,77.167694,52.2,81.543625,44.36437,1128.9755,0.8210733,0.5435017,0.72013813,738.9
AlpacaEval,TPE,13,5,2e-06,0.01,400,37841.43049488068,71.331055,36.868687,89.23427,79.89444,79.27095,64.27732,78.29675,66.6,80.844154,42.603886,1186.545,1.21158,0.9853325,1.1293082,1375.9
AlpacaEval,TPE,14,5,4e-06,0.01,400,59934.70220456124,70.98976,37.373737,80.43973,80.233025,78.67247,64.63595,77.167694,52.2,81.543625,44.36437,1128.9755,0.8210733,0.5435017,0.72013813,738.9
AlpacaEval,TPE,15,1,4e-06,0.01,400,739.0016630649566,70.98976,37.373737,80.43973,80.233025,78.67247,64.63595,77.167694,52.2,81.543625,44.36437,1128.9755,0.8210733,0.5435017,0.72013813,738.9
AlpacaEval,TPE,16,4,1e-06,0.01,400,38525.190070247656,70.392494,36.868687,87.56634,79.02808,78.618065,64.40122,78.557785,77.3,85.29412,42.326344,1193.4058,0.58802354,1.390024,0.87966,5804.7
AlpacaEval,TPE,17,5,4e-06,0.01,400,37434.43883333207,70.98976,37.373737,80.43973,80.233025,78.67247,64.63595,77.167694,52.2,81.543625,44.36437,1128.9755,0.8210733,0.5435017,0.72013813,738.9
AlpacaEval,TPE,18,0,8e-06,0.01,200,2914.8015819549564,70.819115,28.787878,88.24867,80.37244,78.23721,67.70955,67.91785,34.866665,80.74324,43.70177,1120.0913,0.29275292,-0.22961499,0.10280094,2914.7
AlpacaEval,TPE,19,7,2e-06,0.01,400,70811.80917582512,71.331055,36.868687,89.23427,79.89444,79.27095,64.27732,78.29675,66.6,80.844154,42.603886,1186.545,1.21158,0.9853325,1.1293082,1375.9
AlpacaEval,TPE,20,0,4e-06,0.01,400,739.0018304347991,70.98976,37.373737,80.43973,80.233025,78.67247,64.63595,77.167694,52.2,81.543625,44.36437,1128.9755,0.8210733,0.5435017,0.72013813,738.9
AlpacaEval,TPE,21,10,4e-06,0.01,400,73964.85758886338,70.98976,37.373737,80.43973,80.233025,78.67247,64.63595,77.167694,52.2,81.543625,44.36437,1128.9755,0.8210733,0.5435017,0.72013813,738.9
AlpacaEval,TPE,22,6,4e-06,0.01,400,66794.77036437989,70.98976,37.373737,80.43973,80.233025,78.67247,64.63595,77.167694,52.2,81.543625,44.36437,1128.9755,0.8210733,0.5435017,0.72013813,738.9
AlpacaEval,TPE,23,2,4e-06,0.01,400,30214.34569892883,70.98976,37.373737,80.43973,80.233025,78.67247,64.63595,77.167694,52.2,81.543625,44.36437,1128.9755,0.8210733,0.5435017,0.72013813,738.9
AlpacaEval,TPE,24,0,4e-06,0.01,400,739.0018816947936,70.98976,37.373737,80.43973,80.233025,78.67247,64.63595,77.167694,52.2,81.543625,44.36437,1128.9755,0.8210733,0.5435017,0.72013813,738.9
Arena-Hard,ASHA,0,25,1e-06,0.01,200,105425.04199660115,67.06485,34.848484,86.732376,77.82314,78.07399,60.518658,75.3442,77.3,86.21795,38.53362,1210.0366,-0.4538255,1.2876754,0.17944755,2902.3
Arena-Hard,ASHA,1,1,1e-06,0.01,200,2902.40449962616,67.06485,34.848484,86.732376,77.82314,78.07399,60.518658,75.3442,77.3,86.21795,38.53362,1210.0366,-0.4538255,1.2876754,0.17944755,2902.3
Arena-Hard,ASHA,2,17,1e-06,0.01,200,34944.00347483062,67.06485,34.848484,86.732376,77.82314,78.07399,60.518658,75.3442,77.3,86.21795,38.53362,1210.0366,-0.4538255,1.2876754,0.17944755,2902.3
Arena-Hard,ASHA,3,2,1e-06,0.01,200,6657.446843242646,67.06485,34.848484,86.732376,77.82314,78.07399,60.518658,75.3442,77.3,86.21795,38.53362,1210.0366,-0.4538255,1.2876754,0.17944755,2902.3
Arena-Hard,ASHA,4,20,1e-06,0.01,200,103704.412736765,67.06485,34.848484,86.732376,77.82314,78.07399,60.518658,75.3442,77.3,86.21795,38.53362,1210.0366,-0.4538255,1.2876754,0.17944755,2902.3
Arena-Hard,ASHA,5,4,1e-06,0.01,200,61973.10703954697,67.06485,34.848484,86.732376,77.82314,78.07399,60.518658,75.3442,77.3,86.21795,38.53362,1210.0366,-0.4538255,1.2876754,0.17944755,2902.3
Arena-Hard,ASHA,6,5,1e-06,0.02,200,65423.13054141999,67.40614,36.868687,86.959816,77.61402,78.29162,60.46324,74.22511,69.4,86.18421,36.236164,1187.1586,-0.21528699,0.9137773,0.19528183,2902.3
Arena-Hard,ASHA,7,4,1e-06,0.02,200,42612.86722955704,67.40614,36.868687,86.959816,77.61402,78.29162,60.46324,74.22511,69.4,86.18421,36.236164,1187.1586,-0.21528699,0.9137773,0.19528183,2902.3
Arena-Hard,ASHA,8,12,1e-06,0.02,200,45693.415826187134,67.40614,36.868687,86.959816,77.61402,78.29162,60.46324,74.22511,69.4,86.18421,36.236164,1187.1586,-0.21528699,0.9137773,0.19528183,2902.3
Arena-Hard,ASHA,9,13,1e-06,0.01,200,30638.342110263817,67.06485,34.848484,86.732376,77.82314,78.07399,60.518658,75.3442,77.3,86.21795,38.53362,1210.0366,-0.4538255,1.2876754,0.17944755,2902.3
Arena-Hard,ASHA,10,8,1e-06,0.01,200,46393.01369056893,67.06485,34.848484,86.732376,77.82314,78.07399,60.518658,75.3442,77.3,86.21795,38.53362,1210.0366,-0.4538255,1.2876754,0.17944755,2902.3
Arena-Hard,ASHA,11,30,1e-06,0.01,200,78385.03245104219,67.06485,34.848484,86.732376,77.82314,78.07399,60.518658,75.3442,77.3,86.21795,38.53362,1210.0366,-0.4538255,1.2876754,0.17944755,2902.3
Arena-Hard,ASHA,12,4,1e-06,0.01,200,39482.829037761694,67.06485,34.848484,86.732376,77.82314,78.07399,60.518658,75.3442,77.3,86.21795,38.53362,1210.0366,-0.4538255,1.2876754,0.17944755,2902.3
Arena-Hard,ASHA,13,13,1e-06,0.01,200,100219.04891477586,67.06485,34.848484,86.732376,77.82314,78.07399,60.518658,75.3442,77.3,86.21795,38.53362,1210.0366,-0.4538255,1.2876754,0.17944755,2902.3
Arena-Hard,ASHA,14,5,1e-06,0.02,200,62098.09082732201,67.40614,36.868687,86.959816,77.61402,78.29162,60.46324,74.22511,69.4,86.18421,36.236164,1187.1586,-0.21528699,0.9137773,0.19528183,2902.3
Arena-Hard,ASHA,15,15,1e-06,0.01,200,49639.184291004174,67.06485,34.848484,86.732376,77.82314,78.07399,60.518658,75.3442,77.3,86.21795,38.53362,1210.0366,-0.4538255,1.2876754,0.17944755,2902.3
Arena-Hard,ASHA,16,19,1e-06,0.01,200,76234.48725330736,67.06485,34.848484,86.732376,77.82314,78.07399,60.518658,75.3442,77.3,86.21795,38.53362,1210.0366,-0.4538255,1.2876754,0.17944755,2902.3
Arena-Hard,ASHA,17,10,1e-06,0.01,200,104823.79504690556,67.06485,34.848484,86.732376,77.82314,78.07399,60.518658,75.3442,77.3,86.21795,38.53362,1210.0366,-0.4538255,1.2876754,0.17944755,2902.3
Arena-Hard,ASHA,18,23,1e-06,0.01,200,101289.6795686456,67.06485,34.848484,86.732376,77.82314,78.07399,60.518658,75.3442,77.3,86.21795,38.53362,1210.0366,-0.4538255,1.2876754,0.17944755,2902.3
Arena-Hard,ASHA,19,9,1e-06,0.01,200,39368.13905034638,67.06485,34.848484,86.732376,77.82314,78.07399,60.518658,75.3442,77.3,86.21795,38.53362,1210.0366,-0.4538255,1.2876754,0.17944755,2902.3
Arena-Hard,ASHA,20,3,2e-06,0.01,200,33608.38596568108,68.85666,36.868687,88.324486,78.838875,78.618065,63.704185,78.30174,66.6,83.98693,41.610497,1196.2502,0.6736109,0.96957046,0.7812326,687.9
Arena-Hard,ASHA,21,1,1e-06,0.01,200,2902.402225828171,67.06485,34.848484,86.732376,77.82314,78.07399,60.518658,75.3442,77.3,86.21795,38.53362,1210.0366,-0.4538255,1.2876754,0.17944755,2902.3
Arena-Hard,ASHA,22,1,1e-06,0.01,200,2902.4024051189426,67.06485,34.848484,86.732376,77.82314,78.07399,60.518658,75.3442,77.3,86.21795,38.53362,1210.0366,-0.4538255,1.2876754,0.17944755,2902.3
Arena-Hard,ASHA,23,1,1e-06,0.02,200,2902.402114963532,67.40614,36.868687,86.959816,77.61402,78.29162,60.46324,74.22511,69.4,86.18421,36.236164,1187.1586,-0.21528699,0.9137773,0.19528183,2902.3
Arena-Hard,ASHA,24,16,1e-06,0.01,200,39159.05605137252,67.06485,34.848484,86.732376,77.82314,78.07399,60.518658,75.3442,77.3,86.21795,38.53362,1210.0366,-0.4538255,1.2876754,0.17944755,2902.3
Arena-Hard,BOHB,0,17,1e-06,0.02,200,37849.24509251403,67.40614,36.868687,86.959816,77.61402,78.29162,60.46324,74.22511,69.4,86.18421,36.236164,1187.1586,-0.21528699,0.9137773,0.19528183,2902.3
Arena-Hard,BOHB,1,1,1e-06,0.01,200,2902.401980733872,67.06485,34.848484,86.732376,77.82314,78.07399,60.518658,75.3442,77.3,86.21795,38.53362,1210.0366,-0.4538255,1.2876754,0.17944755,2902.3
Arena-Hard,BOHB,2,20,1e-06,0.01,200,41754.500500089634,67.06485,34.848484,86.732376,77.82314,78.07399,60.518658,75.3442,77.3,86.21795,38.53362,1210.0366,-0.4538255,1.2876754,0.17944755,2902.3
Arena-Hard,BOHB,3,2,1e-06,0.01,200,6657.451268768311,67.06485,34.848484,86.732376,77.82314,78.07399,60.518658,75.3442,77.3,86.21795,38.53362,1210.0366,-0.4538255,1.2876754,0.17944755,2902.3
Arena-Hard,BOHB,4,2,2e-06,0.01,200,30163.347958898543,68.85666,36.868687,88.324486,78.838875,78.618065,63.704185,78.30174,66.6,83.98693,41.610497,1196.2502,0.6736109,0.96957046,0.7812326,687.9
Arena-Hard,BOHB,5,4,1e-06,0.01,200,61973.08935174943,67.06485,34.848484,86.732376,77.82314,78.07399,60.518658,75.3442,77.3,86.21795,38.53362,1210.0366,-0.4538255,1.2876754,0.17944755,2902.3
Arena-Hard,BOHB,6,10,1e-06,0.02,200,101828.66614899828,67.40614,36.868687,86.959816,77.61402,78.29162,60.46324,74.22511,69.4,86.18421,36.236164,1187.1586,-0.21528699,0.9137773,0.19528183,2902.3
Arena-Hard,BOHB,7,6,1e-06,0.01,200,68138.26659712983,67.06485,34.848484,86.732376,77.82314,78.07399,60.518658,75.3442,77.3,86.21795,38.53362,1210.0366,-0.4538255,1.2876754,0.17944755,2902.3
Arena-Hard,BOHB,8,6,1e-06,0.01,200,23957.75401339721,67.06485,34.848484,86.732376,77.82314,78.07399,60.518658,75.3442,77.3,86.21795,38.53362,1210.0366,-0.4538255,1.2876754,0.17944755,2902.3
Arena-Hard,BOHB,9,17,1e-06,0.01,200,46343.84642302322,67.06485,34.848484,86.732376,77.82314,78.07399,60.518658,75.3442,77.3,86.21795,38.53362,1210.0366,-0.4538255,1.2876754,0.17944755,2902.3
Arena-Hard,BOHB,10,15,1e-06,0.01,200,59818.79049216652,67.06485,34.848484,86.732376,77.82314,78.07399,60.518658,75.3442,77.3,86.21795,38.53362,1210.0366,-0.4538255,1.2876754,0.17944755,2902.3
Arena-Hard,BOHB,11,16,1e-06,0.01,200,44763.51757703972,67.06485,34.848484,86.732376,77.82314,78.07399,60.518658,75.3442,77.3,86.21795,38.53362,1210.0366,-0.4538255,1.2876754,0.17944755,2902.3
Arena-Hard,BOHB,12,4,1e-06,0.01,200,39482.8310333252,67.06485,34.848484,86.732376,77.82314,78.07399,60.518658,75.3442,77.3,86.21795,38.53362,1210.0366,-0.4538255,1.2876754,0.17944755,2902.3
Arena-Hard,BOHB,13,13,1e-06,0.01,200,62878.72748409462,67.06485,34.848484,86.732376,77.82314,78.07399,60.518658,75.3442,77.3,86.21795,38.53362,1210.0366,-0.4538255,1.2876754,0.17944755,2902.3
Arena-Hard,BOHB,14,5,1e-06,0.02,200,62098.0939365387,67.40614,36.868687,86.959816,77.61402,78.29162,60.46324,74.22511,69.4,86.18421,36.236164,1187.1586,-0.21528699,0.9137773,0.19528183,2902.3
Arena-Hard,BOHB,15,14,1e-06,0.01,200,47964.05631768417,67.06485,34.848484,86.732376,77.82314,78.07399,60.518658,75.3442,77.3,86.21795,38.53362,1210.0366,-0.4538255,1.2876754,0.17944755,2902.3
Arena-Hard,BOHB,16,16,1e-06,0.01,200,55679.04904400825,67.06485,34.848484,86.732376,77.82314,78.07399,60.518658,75.3442,77.3,86.21795,38.53362,1210.0366,-0.4538255,1.2876754,0.17944755,2902.3
Arena-Hard,BOHB,17,5,1e-06,0.01,200,65298.12947616578,67.06485,34.848484,86.732376,77.82314,78.07399,60.518658,75.3442,77.3,86.21795,38.53362,1210.0366,-0.4538255,1.2876754,0.17944755,2902.3
Arena-Hard,BOHB,18,1,1e-06,0.02,200,2902.4020431995395,67.40614,36.868687,86.959816,77.61402,78.29162,60.46324,74.22511,69.4,86.18421,36.236164,1187.1586,-0.21528699,0.9137773,0.19528183,2902.3
Arena-Hard,BOHB,19,8,1e-06,0.01,200,33018.06717477417,67.06485,34.848484,86.732376,77.82314,78.07399,60.518658,75.3442,77.3,86.21795,38.53362,1210.0366,-0.4538255,1.2876754,0.17944755,2902.3
Arena-Hard,BOHB,20,13,1e-06,0.01,200,78668.80668865208,67.06485,34.848484,86.732376,77.82314,78.07399,60.518658,75.3442,77.3,86.21795,38.53362,1210.0366,-0.4538255,1.2876754,0.17944755,2902.3
Arena-Hard,BOHB,21,1,1e-06,0.01,200,2902.4022964000706,67.06485,34.848484,86.732376,77.82314,78.07399,60.518658,75.3442,77.3,86.21795,38.53362,1210.0366,-0.4538255,1.2876754,0.17944755,2902.3
Arena-Hard,BOHB,22,1,1e-06,0.01,200,2902.4021206855778,67.06485,34.848484,86.732376,77.82314,78.07399,60.518658,75.3442,77.3,86.21795,38.53362,1210.0366,-0.4538255,1.2876754,0.17944755,2902.3
Arena-Hard,BOHB,23,13,1e-06,0.01,200,85143.78078566364,67.06485,34.848484,86.732376,77.82314,78.07399,60.518658,75.3442,77.3,86.21795,38.53362,1210.0366,-0.4538255,1.2876754,0.17944755,2902.3
Arena-Hard,BOHB,24,9,1e-06,0.01,200,25643.182094440454,67.06485,34.848484,86.732376,77.82314,78.07399,60.518658,75.3442,77.3,86.21795,38.53362,1210.0366,-0.4538255,1.2876754,0.17944755,2902.3
Arena-Hard,BOTorch,0,3,1e-06,0.01,200,35822.78739032746,67.06485,34.848484,86.732376,77.82314,78.07399,60.518658,75.3442,77.3,86.21795,38.53362,1210.0366,-0.4538255,1.2876754,0.17944755,2902.3
Arena-Hard,BOTorch,1,8,1e-06,0.08,200,77119.02206645012,66.894196,33.333332,84.38211,77.2854,78.23721,58.805683,72.63267,65.13333,82.46753,23.049362,1108.7236,-0.7474388,-0.32800683,-0.5949181,691.6
Arena-Hard,BOTorch,2,0,1e-06,0.04,200,2902.402159070969,66.894196,35.353535,87.26308,77.534355,78.34603,59.770714,71.84958,64.666664,82.432434,31.489351,1189.4938,-0.45450985,0.44467175,-0.12753473,2902.3
Arena-Hard,BOTorch,3,3,2e-06,0.02,200,30288.350133514403,68.686005,36.868687,89.158455,78.3808,78.56366,63.142937,75.42039,62.766666,87.0,36.82783,1189.3018,0.4344415,0.8680046,0.5921008,692.9
Arena-Hard,BOTorch,4,2,4e-06,0.01,200,30074.849106168745,70.47781,33.838383,85.74678,79.715195,78.34603,68.34778,74.34252,52.2,82.781456,44.243477,1192.2385,0.7447111,0.68534195,0.7231223,369.4
Arena-Hard,BOTorch,5,2,1e-06,0.01,200,9942.484273529051,67.06485,34.848484,86.732376,77.82314,78.07399,60.518658,75.3442,77.3,86.21795,38.53362,1210.0366,-0.4538255,1.2876754,0.17944755,2902.3
Arena-Hard,BOTorch,6,1,1e-06,0.08,200,691.7020119190215,66.894196,33.333332,84.38211,77.2854,78.23721,58.805683,72.63267,65.13333,82.46753,23.049362,1108.7236,-0.7474388,-0.32800683,-0.5949181,691.6
Arena-Hard,BOTorch,7,1,1e-06,0.01,200,2902.4020362854008,67.06485,34.848484,86.732376,77.82314,78.07399,60.518658,75.3442,77.3,86.21795,38.53362,1210.0366,-0.4538255,1.2876754,0.17944755,2902.3
Arena-Hard,BOTorch,8,3,2e-06,0.02,200,33613.39021286965,68.686005,36.868687,89.158455,78.3808,78.56366,63.142937,75.42039,62.766666,87.0,36.82783,1189.3018,0.4344415,0.8680046,0.5921008,692.9
Arena-Hard,BOTorch,9,2,2e-06,0.01,200,4443.045944786072,68.85666,36.868687,88.324486,78.838875,78.618065,63.704185,78.30174,66.6,83.98693,41.610497,1196.2502,0.6736109,0.96957046,0.7812326,687.9
Arena-Hard,BOTorch,10,6,1e-06,0.04,200,32498.416133737563,66.894196,35.353535,87.26308,77.534355,78.34603,59.770714,71.84958,64.666664,82.432434,31.489351,1189.4938,-0.45450985,0.44467175,-0.12753473,2902.3
Arena-Hard,BOTorch,11,2,1e-06,0.01,200,9892.484786367417,67.06485,34.848484,86.732376,77.82314,78.07399,60.518658,75.3442,77.3,86.21795,38.53362,1210.0366,-0.4538255,1.2876754,0.17944755,2902.3
Arena-Hard,BOTorch,12,2,1e-06,0.01,200,9942.485753154751,67.06485,34.848484,86.732376,77.82314,78.07399,60.518658,75.3442,77.3,86.21795,38.53362,1210.0366,-0.4538255,1.2876754,0.17944755,2902.3
Arena-Hard,BOTorch,13,3,1e-06,0.01,200,9892.484002208708,67.06485,34.848484,86.732376,77.82314,78.07399,60.518658,75.3442,77.3,86.21795,38.53362,1210.0366,-0.4538255,1.2876754,0.17944755,2902.3
Arena-Hard,BOTorch,14,3,2e-06,0.02,200,33613.38448915482,68.686005,36.868687,89.158455,78.3808,78.56366,63.142937,75.42039,62.766666,87.0,36.82783,1189.3018,0.4344415,0.8680046,0.5921008,692.9
Arena-Hard,BOTorch,15,2,1e-06,0.02,200,9927.484729623791,67.40614,36.868687,86.959816,77.61402,78.29162,60.46324,74.22511,69.4,86.18421,36.236164,1187.1586,-0.21528699,0.9137773,0.19528183,2902.3
Arena-Hard,BOTorch,16,1,1e-06,0.02,200,2902.402126884461,67.40614,36.868687,86.959816,77.61402,78.29162,60.46324,74.22511,69.4,86.18421,36.236164,1187.1586,-0.21528699,0.9137773,0.19528183,2902.3
Arena-Hard,BOTorch,17,3,1e-06,0.04,200,13692.528691387177,66.894196,35.353535,87.26308,77.534355,78.34603,59.770714,71.84958,64.666664,82.432434,31.489351,1189.4938,-0.45450985,0.44467175,-0.12753473,2902.3
Arena-Hard,BOTorch,18,2,2e-06,0.02,200,30398.347141361235,68.686005,36.868687,89.158455,78.3808,78.56366,63.142937,75.42039,62.766666,87.0,36.82783,1189.3018,0.4344415,0.8680046,0.5921008,692.9
Arena-Hard,BOTorch,19,2,2e-06,0.02,200,30283.34537372589,68.686005,36.868687,89.158455,78.3808,78.56366,63.142937,75.42039,62.766666,87.0,36.82783,1189.3018,0.4344415,0.8680046,0.5921008,692.9
Arena-Hard,BOTorch,20,5,1e-06,0.01,200,39368.04465231896,67.06485,34.848484,86.732376,77.82314,78.07399,60.518658,75.3442,77.3,86.21795,38.53362,1210.0366,-0.4538255,1.2876754,0.17944755,2902.3
Arena-Hard,BOTorch,21,2,1e-06,0.01,200,35622.78155050278,67.06485,34.848484,86.732376,77.82314,78.07399,60.518658,75.3442,77.3,86.21795,38.53362,1210.0366,-0.4538255,1.2876754,0.17944755,2902.3
Arena-Hard,BOTorch,22,17,2e-06,0.01,200,60687.23445782662,68.85666,36.868687,88.324486,78.838875,78.618065,63.704185,78.30174,66.6,83.98693,41.610497,1196.2502,0.6736109,0.96957046,0.7812326,687.9
Arena-Hard,BOTorch,23,3,1e-06,0.01,200,16917.565709686278,67.06485,34.848484,86.732376,77.82314,78.07399,60.518658,75.3442,77.3,86.21795,38.53362,1210.0366,-0.4538255,1.2876754,0.17944755,2902.3
Arena-Hard,BOTorch,24,2,1e-06,0.02,200,9892.48347673416,67.40614,36.868687,86.959816,77.61402,78.29162,60.46324,74.22511,69.4,86.18421,36.236164,1187.1586,-0.21528699,0.9137773,0.19528183,2902.3
Arena-Hard,CQR,0,6,1e-06,0.01,200,46413.19495806695,67.06485,34.848484,86.732376,77.82314,78.07399,60.518658,75.3442,77.3,86.21795,38.53362,1210.0366,-0.4538255,1.2876754,0.17944755,2902.3
Arena-Hard,CQR,1,1,1e-06,0.01,200,2902.402279233933,67.06485,34.848484,86.732376,77.82314,78.07399,60.518658,75.3442,77.3,86.21795,38.53362,1210.0366,-0.4538255,1.2876754,0.17944755,2902.3
Arena-Hard,CQR,2,8,1e-06,0.01,200,69223.91059861184,67.06485,34.848484,86.732376,77.82314,78.07399,60.518658,75.3442,77.3,86.21795,38.53362,1210.0366,-0.4538255,1.2876754,0.17944755,2902.3
Arena-Hard,CQR,3,2,1e-06,0.01,200,6657.450678443909,67.06485,34.848484,86.732376,77.82314,78.07399,60.518658,75.3442,77.3,86.21795,38.53362,1210.0366,-0.4538255,1.2876754,0.17944755,2902.3
Arena-Hard,CQR,4,15,1e-06,0.01,200,93851.3986381054,67.06485,34.848484,86.732376,77.82314,78.07399,60.518658,75.3442,77.3,86.21795,38.53362,1210.0366,-0.4538255,1.2876754,0.17944755,2902.3
Arena-Hard,CQR,5,4,1e-06,0.01,200,61973.08752999306,67.06485,34.848484,86.732376,77.82314,78.07399,60.518658,75.3442,77.3,86.21795,38.53362,1210.0366,-0.4538255,1.2876754,0.17944755,2902.3
Arena-Hard,CQR,6,9,1e-06,0.01,200,91559.47701940536,67.06485,34.848484,86.732376,77.82314,78.07399,60.518658,75.3442,77.3,86.21795,38.53362,1210.0366,-0.4538255,1.2876754,0.17944755,2902.3
Arena-Hard,CQR,7,4,1e-06,0.02,200,42612.863804435736,67.40614,36.868687,86.959816,77.61402,78.29162,60.46324,74.22511,69.4,86.18421,36.236164,1187.1586,-0.21528699,0.9137773,0.19528183,2902.3
Arena-Hard,CQR,8,5,1e-06,0.02,200,30982.731156682967,67.40614,36.868687,86.959816,77.61402,78.29162,60.46324,74.22511,69.4,86.18421,36.236164,1187.1586,-0.21528699,0.9137773,0.19528183,2902.3
Arena-Hard,CQR,9,17,1e-06,0.01,200,104662.0008641243,67.06485,34.848484,86.732376,77.82314,78.07399,60.518658,75.3442,77.3,86.21795,38.53362,1210.0366,-0.4538255,1.2876754,0.17944755,2902.3
Arena-Hard,CQR,10,2,1e-06,0.02,200,9927.484835243224,67.40614,36.868687,86.959816,77.61402,78.29162,60.46324,74.22511,69.4,86.18421,36.236164,1187.1586,-0.21528699,0.9137773,0.19528183,2902.3
Arena-Hard,CQR,11,11,1e-06,0.01,200,61744.84140524865,67.06485,34.848484,86.732376,77.82314,78.07399,60.518658,75.3442,77.3,86.21795,38.53362,1210.0366,-0.4538255,1.2876754,0.17944755,2902.3
Arena-Hard,CQR,12,4,1e-06,0.01,200,39482.82816967965,67.06485,34.848484,86.732376,77.82314,78.07399,60.518658,75.3442,77.3,86.21795,38.53362,1210.0366,-0.4538255,1.2876754,0.17944755,2902.3
Arena-Hard,CQR,13,3,1e-06,0.02,200,6657.448309755326,67.40614,36.868687,86.959816,77.61402,78.29162,60.46324,74.22511,69.4,86.18421,36.236164,1187.1586,-0.21528699,0.9137773,0.19528183,2902.3
Arena-Hard,CQR,14,5,1e-06,0.02,200,62098.09812006951,67.40614,36.868687,86.959816,77.61402,78.29162,60.46324,74.22511,69.4,86.18421,36.236164,1187.1586,-0.21528699,0.9137773,0.19528183,2902.3
Arena-Hard,CQR,15,0,1e-06,0.02,200,2902.402095890045,67.40614,36.868687,86.959816,77.61402,78.29162,60.46324,74.22511,69.4,86.18421,36.236164,1187.1586,-0.21528699,0.9137773,0.19528183,2902.3
Arena-Hard,CQR,16,7,1e-06,0.01,200,46408.44910488129,67.06485,34.848484,86.732376,77.82314,78.07399,60.518658,75.3442,77.3,86.21795,38.53362,1210.0366,-0.4538255,1.2876754,0.17944755,2902.3
Arena-Hard,CQR,17,3,1e-06,0.02,200,35822.792094326025,67.40614,36.868687,86.959816,77.61402,78.29162,60.46324,74.22511,69.4,86.18421,36.236164,1187.1586,-0.21528699,0.9137773,0.19528183,2902.3
Arena-Hard,CQR,18,1,1e-06,0.02,200,2902.4023169040684,67.40614,36.868687,86.959816,77.61402,78.29162,60.46324,74.22511,69.4,86.18421,36.236164,1187.1586,-0.21528699,0.9137773,0.19528183,2902.3
Arena-Hard,CQR,19,2,1e-06,0.08,200,7681.786722040177,66.894196,33.333332,84.38211,77.2854,78.23721,58.805683,72.63267,65.13333,82.46753,23.049362,1108.7236,-0.7474388,-0.32800683,-0.5949181,691.6
Arena-Hard,CQR,20,7,1e-06,0.01,200,82723.84056577683,67.06485,34.848484,86.732376,77.82314,78.07399,60.518658,75.3442,77.3,86.21795,38.53362,1210.0366,-0.4538255,1.2876754,0.17944755,2902.3
Arena-Hard,CQR,21,1,1e-06,0.01,200,2902.402026510239,67.06485,34.848484,86.732376,77.82314,78.07399,60.518658,75.3442,77.3,86.21795,38.53362,1210.0366,-0.4538255,1.2876754,0.17944755,2902.3
Arena-Hard,CQR,22,1,1e-06,0.01,200,2902.401720142365,67.06485,34.848484,86.732376,77.82314,78.07399,60.518658,75.3442,77.3,86.21795,38.53362,1210.0366,-0.4538255,1.2876754,0.17944755,2902.3
Arena-Hard,CQR,23,1,1e-06,0.02,200,2902.40195593834,67.40614,36.868687,86.959816,77.61402,78.29162,60.46324,74.22511,69.4,86.18421,36.236164,1187.1586,-0.21528699,0.9137773,0.19528183,2902.3
Arena-Hard,CQR,24,6,1e-06,0.01,200,39633.073322629934,67.06485,34.848484,86.732376,77.82314,78.07399,60.518658,75.3442,77.3,86.21795,38.53362,1210.0366,-0.4538255,1.2876754,0.17944755,2902.3
Arena-Hard,RandomSearch,0,10,2e-06,0.01,200,100084.1685081482,68.85666,36.868687,88.324486,78.838875,78.618065,63.704185,78.30174,66.6,83.98693,41.610497,1196.2502,0.6736109,0.96957046,0.7812326,687.9
Arena-Hard,RandomSearch,1,3,1e-06,0.02,200,6702.447746610642,67.40614,36.868687,86.959816,77.61402,78.29162,60.46324,74.22511,69.4,86.18421,36.236164,1187.1586,-0.21528699,0.9137773,0.19528183,2902.3
Arena-Hard,RandomSearch,2,1,1e-06,0.01,200,2902.4018131256107,67.06485,34.848484,86.732376,77.82314,78.07399,60.518658,75.3442,77.3,86.21795,38.53362,1210.0366,-0.4538255,1.2876754,0.17944755,2902.3
Arena-Hard,RandomSearch,3,5,1e-06,0.01,200,61968.09574899674,67.06485,34.848484,86.732376,77.82314,78.07399,60.518658,75.3442,77.3,86.21795,38.53362,1210.0366,-0.4538255,1.2876754,0.17944755,2902.3
Arena-Hard,RandomSearch,4,11,1e-06,0.02,200,102398.58294878008,67.40614,36.868687,86.959816,77.61402,78.29162,60.46324,74.22511,69.4,86.18421,36.236164,1187.1586,-0.21528699,0.9137773,0.19528183,2902.3
Arena-Hard,RandomSearch,5,14,1e-06,0.01,200,100868.55757365227,67.06485,34.848484,86.732376,77.82314,78.07399,60.518658,75.3442,77.3,86.21795,38.53362,1210.0366,-0.4538255,1.2876754,0.17944755,2902.3
Arena-Hard,RandomSearch,6,0,1e-06,0.01,200,2902.4021235466007,67.06485,34.848484,86.732376,77.82314,78.07399,60.518658,75.3442,77.3,86.21795,38.53362,1210.0366,-0.4538255,1.2876754,0.17944755,2902.3
Arena-Hard,RandomSearch,7,4,1e-06,0.02,200,36177.800832843786,67.40614,36.868687,86.959816,77.61402,78.29162,60.46324,74.22511,69.4,86.18421,36.236164,1187.1586,-0.21528699,0.9137773,0.19528183,2902.3
Arena-Hard,RandomSearch,8,2,1e-06,0.01,200,6702.4466212749485,67.06485,34.848484,86.732376,77.82314,78.07399,60.518658,75.3442,77.3,86.21795,38.53362,1210.0366,-0.4538255,1.2876754,0.17944755,2902.3
Arena-Hard,RandomSearch,9,9,1e-06,0.01,200,60948.08229527474,67.06485,34.848484,86.732376,77.82314,78.07399,60.518658,75.3442,77.3,86.21795,38.53362,1210.0366,-0.4538255,1.2876754,0.17944755,2902.3
Arena-Hard,RandomSearch,10,0,1e-06,0.01,200,2902.402212953568,67.06485,34.848484,86.732376,77.82314,78.07399,60.518658,75.3442,77.3,86.21795,38.53362,1210.0366,-0.4538255,1.2876754,0.17944755,2902.3
Arena-Hard,RandomSearch,11,0,1e-06,0.08,200,691.7023504734038,66.894196,33.333332,84.38211,77.2854,78.23721,58.805683,72.63267,65.13333,82.46753,23.049362,1108.7236,-0.7474388,-0.32800683,-0.5949181,691.6
Arena-Hard,RandomSearch,12,3,1e-06,0.01,200,32492.746664142607,67.06485,34.848484,86.732376,77.82314,78.07399,60.518658,75.3442,77.3,86.21795,38.53362,1210.0366,-0.4538255,1.2876754,0.17944755,2902.3
Arena-Hard,RandomSearch,13,4,1e-06,0.02,200,39377.82469258309,67.40614,36.868687,86.959816,77.61402,78.29162,60.46324,74.22511,69.4,86.18421,36.236164,1187.1586,-0.21528699,0.9137773,0.19528183,2902.3
Arena-Hard,RandomSearch,14,0,1e-06,0.01,200,2902.40169081688,67.06485,34.848484,86.732376,77.82314,78.07399,60.518658,75.3442,77.3,86.21795,38.53362,1210.0366,-0.4538255,1.2876754,0.17944755,2902.3
Arena-Hard,RandomSearch,15,12,1e-06,0.02,200,105128.6150384903,67.40614,36.868687,86.959816,77.61402,78.29162,60.46324,74.22511,69.4,86.18421,36.236164,1187.1586,-0.21528699,0.9137773,0.19528183,2902.3
Arena-Hard,RandomSearch,16,5,1e-06,0.02,200,62093.098950243,67.40614,36.868687,86.959816,77.61402,78.29162,60.46324,74.22511,69.4,86.18421,36.236164,1187.1586,-0.21528699,0.9137773,0.19528183,2902.3
Arena-Hard,RandomSearch,17,4,1e-06,0.01,200,42612.86467514039,67.06485,34.848484,86.732376,77.82314,78.07399,60.518658,75.3442,77.3,86.21795,38.53362,1210.0366,-0.4538255,1.2876754,0.17944755,2902.3
Arena-Hard,RandomSearch,18,3,1e-06,0.01,200,13647.532035207749,67.06485,34.848484,86.732376,77.82314,78.07399,60.518658,75.3442,77.3,86.21795,38.53362,1210.0366,-0.4538255,1.2876754,0.17944755,2902.3
Arena-Hard,RandomSearch,19,9,1e-06,0.01,200,72568.24993476868,67.06485,34.848484,86.732376,77.82314,78.07399,60.518658,75.3442,77.3,86.21795,38.53362,1210.0366,-0.4538255,1.2876754,0.17944755,2902.3
Arena-Hard,RandomSearch,20,6,1e-06,0.01,200,68898.17390356064,67.06485,34.848484,86.732376,77.82314,78.07399,60.518658,75.3442,77.3,86.21795,38.53362,1210.0366,-0.4538255,1.2876754,0.17944755,2902.3
Arena-Hard,RandomSearch,21,1,1e-06,0.01,200,2902.4018755912784,67.06485,34.848484,86.732376,77.82314,78.07399,60.518658,75.3442,77.3,86.21795,38.53362,1210.0366,-0.4538255,1.2876754,0.17944755,2902.3
Arena-Hard,RandomSearch,22,7,1e-06,0.01,200,69083.17794928551,67.06485,34.848484,86.732376,77.82314,78.07399,60.518658,75.3442,77.3,86.21795,38.53362,1210.0366,-0.4538255,1.2876754,0.17944755,2902.3
Arena-Hard,RandomSearch,23,15,1e-06,0.01,200,81963.33645663262,67.06485,34.848484,86.732376,77.82314,78.07399,60.518658,75.3442,77.3,86.21795,38.53362,1210.0366,-0.4538255,1.2876754,0.17944755,2902.3
Arena-Hard,RandomSearch,24,2,1e-06,0.01,200,32502.747533416747,67.06485,34.848484,86.732376,77.82314,78.07399,60.518658,75.3442,77.3,86.21795,38.53362,1210.0366,-0.4538255,1.2876754,0.17944755,2902.3
Arena-Hard,TPE,0,0,1e-06,0.01,200,2902.401935911179,67.06485,34.848484,86.732376,77.82314,78.07399,60.518658,75.3442,77.3,86.21795,38.53362,1210.0366,-0.4538255,1.2876754,0.17944755,2902.3
Arena-Hard,TPE,1,7,1e-06,0.01,200,94688.47058377268,67.06485,34.848484,86.732376,77.82314,78.07399,60.518658,75.3442,77.3,86.21795,38.53362,1210.0366,-0.4538255,1.2876754,0.17944755,2902.3
Arena-Hard,TPE,2,6,1e-06,0.01,200,98018.50655326844,67.06485,34.848484,86.732376,77.82314,78.07399,60.518658,75.3442,77.3,86.21795,38.53362,1210.0366,-0.4538255,1.2876754,0.17944755,2902.3
Arena-Hard,TPE,3,6,1e-06,0.01,200,65843.1399067402,67.06485,34.848484,86.732376,77.82314,78.07399,60.518658,75.3442,77.3,86.21795,38.53362,1210.0366,-0.4538255,1.2876754,0.17944755,2902.3
Arena-Hard,TPE,4,6,1e-06,0.02,200,46407.90892229081,67.40614,36.868687,86.959816,77.61402,78.29162,60.46324,74.22511,69.4,86.18421,36.236164,1187.1586,-0.21528699,0.9137773,0.19528183,2902.3
Arena-Hard,TPE,5,2,1e-06,0.02,200,6702.446928596497,67.40614,36.868687,86.959816,77.61402,78.29162,60.46324,74.22511,69.4,86.18421,36.236164,1187.1586,-0.21528699,0.9137773,0.19528183,2902.3
Arena-Hard,TPE,6,9,1e-06,0.01,200,76183.25862870217,67.06485,34.848484,86.732376,77.82314,78.07399,60.518658,75.3442,77.3,86.21795,38.53362,1210.0366,-0.4538255,1.2876754,0.17944755,2902.3
Arena-Hard,TPE,7,9,1e-06,0.01,200,83843.3685198784,67.06485,34.848484,86.732376,77.82314,78.07399,60.518658,75.3442,77.3,86.21795,38.53362,1210.0366,-0.4538255,1.2876754,0.17944755,2902.3
Arena-Hard,TPE,8,2,1e-06,0.01,200,32377.743412590025,67.06485,34.848484,86.732376,77.82314,78.07399,60.518658,75.3442,77.3,86.21795,38.53362,1210.0366,-0.4538255,1.2876754,0.17944755,2902.3
Arena-Hard,TPE,9,0,1e-06,0.01,200,2902.4023025989536,67.06485,34.848484,86.732376,77.82314,78.07399,60.518658,75.3442,77.3,86.21795,38.53362,1210.0366,-0.4538255,1.2876754,0.17944755,2902.3
Arena-Hard,TPE,10,4,1e-06,0.01,200,39417.82718787194,67.06485,34.848484,86.732376,77.82314,78.07399,60.518658,75.3442,77.3,86.21795,38.53362,1210.0366,-0.4538255,1.2876754,0.17944755,2902.3
Arena-Hard,TPE,11,8,2e-06,0.01,200,99674.16472682952,68.85666,36.868687,88.324486,78.838875,78.618065,63.704185,78.30174,66.6,83.98693,41.610497,1196.2502,0.6736109,0.96957046,0.7812326,687.9
Arena-Hard,TPE,12,2,1e-06,0.01,200,6657.446086502076,67.06485,34.848484,86.732376,77.82314,78.07399,60.518658,75.3442,77.3,86.21795,38.53362,1210.0366,-0.4538255,1.2876754,0.17944755,2902.3
Arena-Hard,TPE,13,11,1e-06,0.01,200,93653.46180734636,67.06485,34.848484,86.732376,77.82314,78.07399,60.518658,75.3442,77.3,86.21795,38.53362,1210.0366,-0.4538255,1.2876754,0.17944755,2902.3
Arena-Hard,TPE,14,3,1e-06,0.01,200,35622.78323850632,67.06485,34.848484,86.732376,77.82314,78.07399,60.518658,75.3442,77.3,86.21795,38.53362,1210.0366,-0.4538255,1.2876754,0.17944755,2902.3
Arena-Hard,TPE,15,10,1e-06,0.01,200,102368.56432590484,67.06485,34.848484,86.732376,77.82314,78.07399,60.518658,75.3442,77.3,86.21795,38.53362,1210.0366,-0.4538255,1.2876754,0.17944755,2902.3
Arena-Hard,TPE,16,8,1e-06,0.01,200,83033.33514580727,67.06485,34.848484,86.732376,77.82314,78.07399,60.518658,75.3442,77.3,86.21795,38.53362,1210.0366,-0.4538255,1.2876754,0.17944755,2902.3
Arena-Hard,TPE,17,0,1e-06,0.08,200,691.7017932891845,66.894196,33.333332,84.38211,77.2854,78.23721,58.805683,72.63267,65.13333,82.46753,23.049362,1108.7236,-0.7474388,-0.32800683,-0.5949181,691.6
Arena-Hard,TPE,18,4,1e-06,0.02,200,32502.74753603935,67.40614,36.868687,86.959816,77.61402,78.29162,60.46324,74.22511,69.4,86.18421,36.236164,1187.1586,-0.21528699,0.9137773,0.19528183,2902.3
Arena-Hard,TPE,19,4,1e-06,0.01,200,39367.827041006094,67.06485,34.848484,86.732376,77.82314,78.07399,60.518658,75.3442,77.3,86.21795,38.53362,1210.0366,-0.4538255,1.2876754,0.17944755,2902.3
Arena-Hard,TPE,20,0,2e-06,0.01,200,688.0022197723388,68.85666,36.868687,88.324486,78.838875,78.618065,63.704185,78.30174,66.6,83.98693,41.610497,1196.2502,0.6736109,0.96957046,0.7812326,687.9
Arena-Hard,TPE,21,0,1e-06,0.01,200,2902.4020703792576,67.06485,34.848484,86.732376,77.82314,78.07399,60.518658,75.3442,77.3,86.21795,38.53362,1210.0366,-0.4538255,1.2876754,0.17944755,2902.3
Arena-Hard,TPE,22,3,1e-06,0.01,200,32377.75292215347,67.06485,34.848484,86.732376,77.82314,78.07399,60.518658,75.3442,77.3,86.21795,38.53362,1210.0366,-0.4538255,1.2876754,0.17944755,2902.3
Arena-Hard,TPE,23,0,1e-06,0.01,200,2902.4019459247597,67.06485,34.848484,86.732376,77.82314,78.07399,60.518658,75.3442,77.3,86.21795,38.53362,1210.0366,-0.4538255,1.2876754,0.17944755,2902.3
Arena-Hard,TPE,24,8,1e-06,0.02,200,75918.25554642678,67.40614,36.868687,86.959816,77.61402,78.29162,60.46324,74.22511,69.4,86.18421,36.236164,1187.1586,-0.21528699,0.9137773,0.19528183,2902.3
ELO,ASHA,0,6,1e-06,0.01,200,16372.868550401685,67.06485,34.848484,86.732376,77.82314,78.07399,60.518658,75.3442,77.3,86.21795,38.53362,1210.0366,-0.4538255,1.2876754,0.17944755,2902.3
ELO,ASHA,1,1,1e-06,0.01,200,2902.402094459534,67.06485,34.848484,86.732376,77.82314,78.07399,60.518658,75.3442,77.3,86.21795,38.53362,1210.0366,-0.4538255,1.2876754,0.17944755,2902.3
ELO,ASHA,2,5,1e-06,0.01,200,15777.75844154739,67.06485,34.848484,86.732376,77.82314,78.07399,60.518658,75.3442,77.3,86.21795,38.53362,1210.0366,-0.4538255,1.2876754,0.17944755,2902.3
ELO,ASHA,3,2,1e-06,0.01,200,6657.448341703415,67.06485,34.848484,86.732376,77.82314,78.07399,60.518658,75.3442,77.3,86.21795,38.53362,1210.0366,-0.4538255,1.2876754,0.17944755,2902.3
ELO,ASHA,4,10,1e-06,0.01,200,51123.37848006058,67.06485,34.848484,86.732376,77.82314,78.07399,60.518658,75.3442,77.3,86.21795,38.53362,1210.0366,-0.4538255,1.2876754,0.17944755,2902.3
ELO,ASHA,5,4,1e-06,0.01,200,44037.98453602982,67.06485,34.848484,86.732376,77.82314,78.07399,60.518658,75.3442,77.3,86.21795,38.53362,1210.0366,-0.4538255,1.2876754,0.17944755,2902.3
ELO,ASHA,6,9,1e-06,0.01,200,78893.50044999506,67.06485,34.848484,86.732376,77.82314,78.07399,60.518658,75.3442,77.3,86.21795,38.53362,1210.0366,-0.4538255,1.2876754,0.17944755,2902.3
ELO,ASHA,7,11,1e-06,0.01,200,53433.50908075333,67.06485,34.848484,86.732376,77.82314,78.07399,60.518658,75.3442,77.3,86.21795,38.53362,1210.0366,-0.4538255,1.2876754,0.17944755,2902.3
ELO,ASHA,8,16,1e-06,0.01,200,50929.19590461158,67.06485,34.848484,86.732376,77.82314,78.07399,60.518658,75.3442,77.3,86.21795,38.53362,1210.0366,-0.4538255,1.2876754,0.17944755,2902.3
ELO,ASHA,9,26,1e-06,0.01,200,61049.9280580387,67.06485,34.848484,86.732376,77.82314,78.07399,60.518658,75.3442,77.3,86.21795,38.53362,1210.0366,-0.4538255,1.2876754,0.17944755,2902.3
ELO,ASHA,10,26,1e-06,0.01,200,67004.89880145453,67.06485,34.848484,86.732376,77.82314,78.07399,60.518658,75.3442,77.3,86.21795,38.53362,1210.0366,-0.4538255,1.2876754,0.17944755,2902.3
ELO,ASHA,11,11,1e-06,0.01,200,24602.970634799956,67.06485,34.848484,86.732376,77.82314,78.07399,60.518658,75.3442,77.3,86.21795,38.53362,1210.0366,-0.4538255,1.2876754,0.17944755,2902.3
ELO,ASHA,12,4,1e-06,0.01,200,39482.83338723183,67.06485,34.848484,86.732376,77.82314,78.07399,60.518658,75.3442,77.3,86.21795,38.53362,1210.0366,-0.4538255,1.2876754,0.17944755,2902.3
ELO,ASHA,13,23,1e-06,0.01,200,57404.786628612506,67.06485,34.848484,86.732376,77.82314,78.07399,60.518658,75.3442,77.3,86.21795,38.53362,1210.0366,-0.4538255,1.2876754,0.17944755,2902.3
ELO,ASHA,14,11,2e-06,0.01,200,69054.52835141566,68.85666,36.868687,88.324486,78.838875,78.618065,63.704185,78.30174,66.6,83.98693,41.610497,1196.2502,0.6736109,0.96957046,0.7812326,687.9
ELO,ASHA,15,10,1e-06,0.01,200,46983.62941466713,67.06485,34.848484,86.732376,77.82314,78.07399,60.518658,75.3442,77.3,86.21795,38.53362,1210.0366,-0.4538255,1.2876754,0.17944755,2902.3
ELO,ASHA,16,17,1e-06,0.01,200,49869.18574035072,67.06485,34.848484,86.732376,77.82314,78.07399,60.518658,75.3442,77.3,86.21795,38.53362,1210.0366,-0.4538255,1.2876754,0.17944755,2902.3
ELO,ASHA,17,8,1e-06,0.01,200,76553.46576557543,67.06485,34.848484,86.732376,77.82314,78.07399,60.518658,75.3442,77.3,86.21795,38.53362,1210.0366,-0.4538255,1.2876754,0.17944755,2902.3
ELO,ASHA,18,4,4e-06,0.01,200,35675.01645384026,70.47781,33.838383,85.74678,79.715195,78.34603,68.34778,74.34252,52.2,82.781456,44.243477,1192.2385,0.7447111,0.68534195,0.7231223,369.4
ELO,ASHA,19,8,1e-06,0.01,200,22563.148130998605,67.06485,34.848484,86.732376,77.82314,78.07399,60.518658,75.3442,77.3,86.21795,38.53362,1210.0366,-0.4538255,1.2876754,0.17944755,2902.3
ELO,ASHA,20,7,1e-06,0.01,200,64203.424839597705,67.06485,34.848484,86.732376,77.82314,78.07399,60.518658,75.3442,77.3,86.21795,38.53362,1210.0366,-0.4538255,1.2876754,0.17944755,2902.3
ELO,ASHA,21,1,1e-06,0.01,200,2902.402072763444,67.06485,34.848484,86.732376,77.82314,78.07399,60.518658,75.3442,77.3,86.21795,38.53362,1210.0366,-0.4538255,1.2876754,0.17944755,2902.3
ELO,ASHA,22,1,1e-06,0.01,200,2902.402220106125,67.06485,34.848484,86.732376,77.82314,78.07399,60.518658,75.3442,77.3,86.21795,38.53362,1210.0366,-0.4538255,1.2876754,0.17944755,2902.3
ELO,ASHA,23,2,4e-06,0.01,200,29844.847485399245,70.47781,33.838383,85.74678,79.715195,78.34603,68.34778,74.34252,52.2,82.781456,44.243477,1192.2385,0.7447111,0.68534195,0.7231223,369.4
ELO,ASHA,24,11,1e-06,0.01,200,36178.51398979568,67.06485,34.848484,86.732376,77.82314,78.07399,60.518658,75.3442,77.3,86.21795,38.53362,1210.0366,-0.4538255,1.2876754,0.17944755,2902.3
ELO,BOHB,0,12,1e-06,0.01,200,69298.81593714905,67.06485,34.848484,86.732376,77.82314,78.07399,60.518658,75.3442,77.3,86.21795,38.53362,1210.0366,-0.4538255,1.2876754,0.17944755,2902.3
ELO,BOHB,1,1,1e-06,0.01,200,2902.4021509647373,67.06485,34.848484,86.732376,77.82314,78.07399,60.518658,75.3442,77.3,86.21795,38.53362,1210.0366,-0.4538255,1.2876754,0.17944755,2902.3
ELO,BOHB,2,12,1e-06,0.01,200,33103.47946559334,67.06485,34.848484,86.732376,77.82314,78.07399,60.518658,75.3442,77.3,86.21795,38.53362,1210.0366,-0.4538255,1.2876754,0.17944755,2902.3
ELO,BOHB,3,2,1e-06,0.01,200,6657.448971605301,67.06485,34.848484,86.732376,77.82314,78.07399,60.518658,75.3442,77.3,86.21795,38.53362,1210.0366,-0.4538255,1.2876754,0.17944755,2902.3
ELO,BOHB,4,15,1e-06,0.01,200,88413.92775188449,67.06485,34.848484,86.732376,77.82314,78.07399,60.518658,75.3442,77.3,86.21795,38.53362,1210.0366,-0.4538255,1.2876754,0.17944755,2902.3
ELO,BOHB,5,4,1e-06,0.01,200,44038.00209889603,67.06485,34.848484,86.732376,77.82314,78.07399,60.518658,75.3442,77.3,86.21795,38.53362,1210.0366,-0.4538255,1.2876754,0.17944755,2902.3
ELO,BOHB,6,9,1e-06,0.01,200,101853.79190740969,67.06485,34.848484,86.732376,77.82314,78.07399,60.518658,75.3442,77.3,86.21795,38.53362,1210.0366,-0.4538255,1.2876754,0.17944755,2902.3
ELO,BOHB,7,9,1e-06,0.01,200,51143.38413797188,67.06485,34.848484,86.732376,77.82314,78.07399,60.518658,75.3442,77.3,86.21795,38.53362,1210.0366,-0.4538255,1.2876754,0.17944755,2902.3
ELO,BOHB,8,17,1e-06,0.01,200,56009.25662290954,67.06485,34.848484,86.732376,77.82314,78.07399,60.518658,75.3442,77.3,86.21795,38.53362,1210.0366,-0.4538255,1.2876754,0.17944755,2902.3
ELO,BOHB,9,0,4e-06,0.01,200,369.5019777774811,70.47781,33.838383,85.74678,79.715195,78.34603,68.34778,74.34252,52.2,82.781456,44.243477,1192.2385,0.7447111,0.68534195,0.7231223,369.4
ELO,BOHB,10,28,1e-06,0.01,200,97190.31240547563,67.06485,34.848484,86.732376,77.82314,78.07399,60.518658,75.3442,77.3,86.21795,38.53362,1210.0366,-0.4538255,1.2876754,0.17944755,2902.3
ELO,BOHB,11,16,1e-06,0.01,200,34873.403163778305,67.06485,34.848484,86.732376,77.82314,78.07399,60.518658,75.3442,77.3,86.21795,38.53362,1210.0366,-0.4538255,1.2876754,0.17944755,2902.3
ELO,BOHB,12,4,1e-06,0.01,200,39482.83540472985,67.06485,34.848484,86.732376,77.82314,78.07399,60.518658,75.3442,77.3,86.21795,38.53362,1210.0366,-0.4538255,1.2876754,0.17944755,2902.3
ELO,BOHB,13,13,2e-06,0.01,200,28094.346647615424,68.85666,36.868687,88.324486,78.838875,78.618065,63.704185,78.30174,66.6,83.98693,41.610497,1196.2502,0.6736109,0.96957046,0.7812326,687.9
ELO,BOHB,14,11,2e-06,0.01,200,65444.2783781147,68.85666,36.868687,88.324486,78.838875,78.618065,63.704185,78.30174,66.6,83.98693,41.610497,1196.2502,0.6736109,0.96957046,0.7812326,687.9
ELO,BOHB,15,12,1e-06,0.01,200,55123.93343269157,67.06485,34.848484,86.732376,77.82314,78.07399,60.518658,75.3442,77.3,86.21795,38.53362,1210.0366,-0.4538255,1.2876754,0.17944755,2902.3
ELO,BOHB,16,6,1e-06,0.01,200,13922.847725492476,67.06485,34.848484,86.732376,77.82314,78.07399,60.518658,75.3442,77.3,86.21795,38.53362,1210.0366,-0.4538255,1.2876754,0.17944755,2902.3
ELO,BOHB,17,10,1e-06,0.01,200,94483.68486748124,67.06485,34.848484,86.732376,77.82314,78.07399,60.518658,75.3442,77.3,86.21795,38.53362,1210.0366,-0.4538255,1.2876754,0.17944755,2902.3
ELO,BOHB,18,5,1e-06,0.01,200,41962.96056900216,67.06485,34.848484,86.732376,77.82314,78.07399,60.518658,75.3442,77.3,86.21795,38.53362,1210.0366,-0.4538255,1.2876754,0.17944755,2902.3
ELO,BOHB,19,5,1e-06,0.01,200,13832.73437843704,67.06485,34.848484,86.732376,77.82314,78.07399,60.518658,75.3442,77.3,86.21795,38.53362,1210.0366,-0.4538255,1.2876754,0.17944755,2902.3
ELO,BOHB,20,11,1e-06,0.01,200,105413.7262009163,67.06485,34.848484,86.732376,77.82314,78.07399,60.518658,75.3442,77.3,86.21795,38.53362,1210.0366,-0.4538255,1.2876754,0.17944755,2902.3
ELO,BOHB,21,1,1e-06,0.01,200,2902.4023359775547,67.06485,34.848484,86.732376,77.82314,78.07399,60.518658,75.3442,77.3,86.21795,38.53362,1210.0366,-0.4538255,1.2876754,0.17944755,2902.3
ELO,BOHB,22,1,1e-06,0.01,200,2902.4021161556248,67.06485,34.848484,86.732376,77.82314,78.07399,60.518658,75.3442,77.3,86.21795,38.53362,1210.0366,-0.4538255,1.2876754,0.17944755,2902.3
ELO,BOHB,23,7,2e-06,0.01,200,42443.70328984642,68.85666,36.868687,88.324486,78.838875,78.618065,63.704185,78.30174,66.6,83.98693,41.610497,1196.2502,0.6736109,0.96957046,0.7812326,687.9
ELO,BOHB,24,14,1e-06,0.01,200,53323.71667324448,67.06485,34.848484,86.732376,77.82314,78.07399,60.518658,75.3442,77.3,86.21795,38.53362,1210.0366,-0.4538255,1.2876754,0.17944755,2902.3
ELO,BOTorch,0,2,2e-06,0.01,200,7713.085891342163,68.85666,36.868687,88.324486,78.838875,78.618065,63.704185,78.30174,66.6,83.98693,41.610497,1196.2502,0.6736109,0.96957046,0.7812326,687.9
ELO,BOTorch,1,1,1e-06,0.01,200,2902.402104711533,67.06485,34.848484,86.732376,77.82314,78.07399,60.518658,75.3442,77.3,86.21795,38.53362,1210.0366,-0.4538255,1.2876754,0.17944755,2902.3
ELO,BOTorch,2,2,2e-06,0.04,200,4488.246544456482,68.34471,35.858585,89.08264,78.00239,78.34603,62.65436,76.79673,60.566666,83.333336,30.749954,1171.565,0.1447051,0.28504464,0.19573766,688.1
ELO,BOTorch,3,0,1e-06,0.01,200,2902.4020272254947,67.06485,34.848484,86.732376,77.82314,78.07399,60.518658,75.3442,77.3,86.21795,38.53362,1210.0366,-0.4538255,1.2876754,0.17944755,2902.3
ELO,BOTorch,4,2,1e-06,0.01,200,6657.455208873749,67.06485,34.848484,86.732376,77.82314,78.07399,60.518658,75.3442,77.3,86.21795,38.53362,1210.0366,-0.4538255,1.2876754,0.17944755,2902.3
ELO,BOTorch,5,3,2e-06,0.01,200,33608.42340431214,68.85666,36.868687,88.324486,78.838875,78.618065,63.704185,78.30174,66.6,83.98693,41.610497,1196.2502,0.6736109,0.96957046,0.7812326,687.9
ELO,BOTorch,6,2,2e-06,0.01,200,4443.0466526508335,68.85666,36.868687,88.324486,78.838875,78.618065,63.704185,78.30174,66.6,83.98693,41.610497,1196.2502,0.6736109,0.96957046,0.7812326,687.9
ELO,BOTorch,7,3,4e-06,0.04,200,32504.44610724449,69.79522,33.838383,69.21911,78.56005,78.726875,63.830074,71.74093,49.3,78.75817,30.636005,1128.614,0.24913828,-0.4733157,-0.013572253,2914.0
ELO,BOTorch,8,0,2e-06,0.01,200,688.0018402099608,68.85666,36.868687,88.324486,78.838875,78.618065,63.704185,78.30174,66.6,83.98693,41.610497,1196.2502,0.6736109,0.96957046,0.7812326,687.9
ELO,BOTorch,9,1,2e-06,0.01,200,688.0023721218108,68.85666,36.868687,88.324486,78.838875,78.618065,63.704185,78.30174,66.6,83.98693,41.610497,1196.2502,0.6736109,0.96957046,0.7812326,687.9
ELO,BOTorch,10,3,2e-06,0.02,200,30168.353185510638,68.686005,36.868687,89.158455,78.3808,78.56366,63.142937,75.42039,62.766666,87.0,36.82783,1189.3018,0.4344415,0.8680046,0.5921008,692.9
ELO,BOTorch,11,3,2e-06,0.01,200,11433.136024332043,68.85666,36.868687,88.324486,78.838875,78.618065,63.704185,78.30174,66.6,83.98693,41.610497,1196.2502,0.6736109,0.96957046,0.7812326,687.9
ELO,BOTorch,12,3,2e-06,0.04,200,4488.250550365448,68.34471,35.858585,89.08264,78.00239,78.34603,62.65436,76.79673,60.566666,83.333336,30.749954,1171.565,0.1447051,0.28504464,0.19573766,688.1
ELO,BOTorch,13,2,1e-06,0.04,200,9927.483991241454,66.894196,35.353535,87.26308,77.534355,78.34603,59.770714,71.84958,64.666664,82.432434,31.489351,1189.4938,-0.45450985,0.44467175,-0.12753473,2902.3
ELO,BOTorch,14,3,1e-06,0.01,200,35622.78386816979,67.06485,34.848484,86.732376,77.82314,78.07399,60.518658,75.3442,77.3,86.21795,38.53362,1210.0366,-0.4538255,1.2876754,0.17944755,2902.3
ELO,BOTorch,15,3,1e-06,0.01,200,13692.528212881089,67.06485,34.848484,86.732376,77.82314,78.07399,60.518658,75.3442,77.3,86.21795,38.53362,1210.0366,-0.4538255,1.2876754,0.17944755,2902.3
ELO,BOTorch,16,3,2e-06,0.01,200,33408.38390192986,68.85666,36.868687,88.324486,78.838875,78.618065,63.704185,78.30174,66.6,83.98693,41.610497,1196.2502,0.6736109,0.96957046,0.7812326,687.9
ELO,BOTorch,17,0,1e-06,0.04,200,2902.402075147629,66.894196,35.353535,87.26308,77.534355,78.34603,59.770714,71.84958,64.666664,82.432434,31.489351,1189.4938,-0.45450985,0.44467175,-0.12753473,2902.3
ELO,BOTorch,18,1,2e-06,0.01,200,688.003429031372,68.85666,36.868687,88.324486,78.838875,78.618065,63.704185,78.30174,66.6,83.98693,41.610497,1196.2502,0.6736109,0.96957046,0.7812326,687.9
ELO,BOTorch,19,10,2e-06,0.01,200,63624.99358425141,68.85666,36.868687,88.324486,78.838875,78.618065,63.704185,78.30174,66.6,83.98693,41.610497,1196.2502,0.6736109,0.96957046,0.7812326,687.9
ELO,BOTorch,20,3,2e-06,0.01,200,30283.356321191783,68.85666,36.868687,88.324486,78.838875,78.618065,63.704185,78.30174,66.6,83.98693,41.610497,1196.2502,0.6736109,0.96957046,0.7812326,687.9
ELO,BOTorch,21,1,1e-06,0.01,200,2902.401851272584,67.06485,34.848484,86.732376,77.82314,78.07399,60.518658,75.3442,77.3,86.21795,38.53362,1210.0366,-0.4538255,1.2876754,0.17944755,2902.3
ELO,BOTorch,22,1,1e-06,0.01,200,2902.40263710022,67.06485,34.848484,86.732376,77.82314,78.07399,60.518658,75.3442,77.3,86.21795,38.53362,1210.0366,-0.4538255,1.2876754,0.17944755,2902.3
ELO,BOTorch,23,2,8e-06,0.02,200,9927.484392023083,70.22184,29.79798,74.29871,79.974106,78.9445,65.496,69.201775,36.533333,76.51007,42.196144,1168.2336,0.47191596,-0.21303637,0.22284238,2902.3
ELO,BOTorch,24,0,8e-06,0.02,200,2902.4019719123844,70.22184,29.79798,74.29871,79.974106,78.9445,65.496,69.201775,36.533333,76.51007,42.196144,1168.2336,0.47191596,-0.21303637,0.22284238,2902.3
ELO,CQR,0,12,1e-06,0.01,200,89995.54205570222,67.06485,34.848484,86.732376,77.82314,78.07399,60.518658,75.3442,77.3,86.21795,38.53362,1210.0366,-0.4538255,1.2876754,0.17944755,2902.3
ELO,CQR,1,1,1e-06,0.01,200,2902.4023412227634,67.06485,34.848484,86.732376,77.82314,78.07399,60.518658,75.3442,77.3,86.21795,38.53362,1210.0366,-0.4538255,1.2876754,0.17944755,2902.3
ELO,CQR,2,1,2e-06,0.01,200,688.0021124839782,68.85666,36.868687,88.324486,78.838875,78.618065,63.704185,78.30174,66.6,83.98693,41.610497,1196.2502,0.6736109,0.96957046,0.7812326,687.9
ELO,CQR,3,2,1e-06,0.01,200,6657.446360445023,67.06485,34.848484,86.732376,77.82314,78.07399,60.518658,75.3442,77.3,86.21795,38.53362,1210.0366,-0.4538255,1.2876754,0.17944755,2902.3
ELO,CQR,4,2,2e-06,0.01,200,30163.347422933577,68.85666,36.868687,88.324486,78.838875,78.618065,63.704185,78.30174,66.6,83.98693,41.610497,1196.2502,0.6736109,0.96957046,0.7812326,687.9
ELO,CQR,5,4,1e-06,0.01,200,61973.09647593499,67.06485,34.848484,86.732376,77.82314,78.07399,60.518658,75.3442,77.3,86.21795,38.53362,1210.0366,-0.4538255,1.2876754,0.17944755,2902.3
ELO,CQR,6,9,1e-06,0.01,200,91559.46981701851,67.06485,34.848484,86.732376,77.82314,78.07399,60.518658,75.3442,77.3,86.21795,38.53362,1210.0366,-0.4538255,1.2876754,0.17944755,2902.3
ELO,CQR,7,4,1e-06,0.02,200,42612.868536567694,67.40614,36.868687,86.959816,77.61402,78.29162,60.46324,74.22511,69.4,86.18421,36.236164,1187.1586,-0.21528699,0.9137773,0.19528183,2902.3
ELO,CQR,8,8,1e-06,0.01,200,62098.91820797921,67.06485,34.848484,86.732376,77.82314,78.07399,60.518658,75.3442,77.3,86.21795,38.53362,1210.0366,-0.4538255,1.2876754,0.17944755,2902.3
ELO,CQR,9,6,2e-06,0.01,200,41073.723318672186,68.85666,36.868687,88.324486,78.838875,78.618065,63.704185,78.30174,66.6,83.98693,41.610497,1196.2502,0.6736109,0.96957046,0.7812326,687.9
ELO,CQR,10,0,2e-06,0.02,200,693.0019882678985,68.686005,36.868687,89.158455,78.3808,78.56366,63.142937,75.42039,62.766666,87.0,36.82783,1189.3018,0.4344415,0.8680046,0.5921008,692.9
ELO,CQR,11,3,2e-06,0.01,200,7713.088636016846,68.85666,36.868687,88.324486,78.838875,78.618065,63.704185,78.30174,66.6,83.98693,41.610497,1196.2502,0.6736109,0.96957046,0.7812326,687.9
ELO,CQR,12,4,1e-06,0.01,200,39482.83242425919,67.06485,34.848484,86.732376,77.82314,78.07399,60.518658,75.3442,77.3,86.21795,38.53362,1210.0366,-0.4538255,1.2876754,0.17944755,2902.3
ELO,CQR,13,0,4e-06,0.01,200,369.5019076824189,70.47781,33.838383,85.74678,79.715195,78.34603,68.34778,74.34252,52.2,82.781456,44.243477,1192.2385,0.7447111,0.68534195,0.7231223,369.4
ELO,CQR,14,1,1e-06,0.04,200,2902.4070399761204,66.894196,35.353535,87.26308,77.534355,78.34603,59.770714,71.84958,64.666664,82.432434,31.489351,1189.4938,-0.45450985,0.44467175,-0.12753473,2902.3
ELO,CQR,15,9,2e-06,0.01,200,99385.29086623192,68.85666,36.868687,88.324486,78.838875,78.618065,63.704185,78.30174,66.6,83.98693,41.610497,1196.2502,0.6736109,0.96957046,0.7812326,687.9
ELO,CQR,16,11,1e-06,0.01,200,105360.45508823395,67.06485,34.848484,86.732376,77.82314,78.07399,60.518658,75.3442,77.3,86.21795,38.53362,1210.0366,-0.4538255,1.2876754,0.17944755,2902.3
ELO,CQR,17,3,1e-06,0.02,200,35822.78662810326,67.40614,36.868687,86.959816,77.61402,78.29162,60.46324,74.22511,69.4,86.18421,36.236164,1187.1586,-0.21528699,0.9137773,0.19528183,2902.3
ELO,CQR,18,4,4e-06,0.01,200,59435.1934457779,70.47781,33.838383,85.74678,79.715195,78.34603,68.34778,74.34252,52.2,82.781456,44.243477,1192.2385,0.7447111,0.68534195,0.7231223,369.4
ELO,CQR,19,8,1e-06,0.01,200,75834.06217846871,67.06485,34.848484,86.732376,77.82314,78.07399,60.518658,75.3442,77.3,86.21795,38.53362,1210.0366,-0.4538255,1.2876754,0.17944755,2902.3
ELO,CQR,20,8,1e-06,0.01,200,86524.17258725167,67.06485,34.848484,86.732376,77.82314,78.07399,60.518658,75.3442,77.3,86.21795,38.53362,1210.0366,-0.4538255,1.2876754,0.17944755,2902.3
ELO,CQR,21,1,1e-06,0.01,200,2902.402037715912,67.06485,34.848484,86.732376,77.82314,78.07399,60.518658,75.3442,77.3,86.21795,38.53362,1210.0366,-0.4538255,1.2876754,0.17944755,2902.3
ELO,CQR,22,1,1e-06,0.01,200,2902.401992654801,67.06485,34.848484,86.732376,77.82314,78.07399,60.518658,75.3442,77.3,86.21795,38.53362,1210.0366,-0.4538255,1.2876754,0.17944755,2902.3
ELO,CQR,23,2,4e-06,0.01,200,29844.84481725693,70.47781,33.838383,85.74678,79.715195,78.34603,68.34778,74.34252,52.2,82.781456,44.243477,1192.2385,0.7447111,0.68534195,0.7231223,369.4
ELO,CQR,24,3,2e-06,0.01,200,14753.166014766692,68.85666,36.868687,88.324486,78.838875,78.618065,63.704185,78.30174,66.6,83.98693,41.610497,1196.2502,0.6736109,0.96957046,0.7812326,687.9
ELO,RandomSearch,0,0,1e-06,0.01,200,2902.4029377460483,67.06485,34.848484,86.732376,77.82314,78.07399,60.518658,75.3442,77.3,86.21795,38.53362,1210.0366,-0.4538255,1.2876754,0.17944755,2902.3
ELO,RandomSearch,1,0,1e-06,0.01,200,2902.402423715592,67.06485,34.848484,86.732376,77.82314,78.07399,60.518658,75.3442,77.3,86.21795,38.53362,1210.0366,-0.4538255,1.2876754,0.17944755,2902.3
ELO,RandomSearch,2,2,1e-06,0.01,200,9927.484071111678,67.06485,34.848484,86.732376,77.82314,78.07399,60.518658,75.3442,77.3,86.21795,38.53362,1210.0366,-0.4538255,1.2876754,0.17944755,2902.3
ELO,RandomSearch,3,0,2e-06,0.01,200,688.0016993045806,68.85666,36.868687,88.324486,78.838875,78.618065,63.704185,78.30174,66.6,83.98693,41.610497,1196.2502,0.6736109,0.96957046,0.7812326,687.9
ELO,RandomSearch,4,9,1e-06,0.01,200,57163.04227290154,67.06485,34.848484,86.732376,77.82314,78.07399,60.518658,75.3442,77.3,86.21795,38.53362,1210.0366,-0.4538255,1.2876754,0.17944755,2902.3
ELO,RandomSearch,5,2,1e-06,0.01,200,32377.74564204216,67.06485,34.848484,86.732376,77.82314,78.07399,60.518658,75.3442,77.3,86.21795,38.53362,1210.0366,-0.4538255,1.2876754,0.17944755,2902.3
ELO,RandomSearch,6,8,2e-06,0.01,200,54983.63582453728,68.85666,36.868687,88.324486,78.838875,78.618065,63.704185,78.30174,66.6,83.98693,41.610497,1196.2502,0.6736109,0.96957046,0.7812326,687.9
ELO,RandomSearch,7,1,2e-06,0.01,200,688.0017920494079,68.85666,36.868687,88.324486,78.838875,78.618065,63.704185,78.30174,66.6,83.98693,41.610497,1196.2502,0.6736109,0.96957046,0.7812326,687.9
ELO,RandomSearch,8,3,1e-06,0.01,200,16882.565029239653,67.06485,34.848484,86.732376,77.82314,78.07399,60.518658,75.3442,77.3,86.21795,38.53362,1210.0366,-0.4538255,1.2876754,0.17944755,2902.3
ELO,RandomSearch,9,8,2e-06,0.01,200,73673.85195622445,68.85666,36.868687,88.324486,78.838875,78.618065,63.704185,78.30174,66.6,83.98693,41.610497,1196.2502,0.6736109,0.96957046,0.7812326,687.9
ELO,RandomSearch,10,11,1e-06,0.01,200,105343.59192142489,67.06485,34.848484,86.732376,77.82314,78.07399,60.518658,75.3442,77.3,86.21795,38.53362,1210.0366,-0.4538255,1.2876754,0.17944755,2902.3
ELO,RandomSearch,11,11,1e-06,0.01,200,98958.52799544336,67.06485,34.848484,86.732376,77.82314,78.07399,60.518658,75.3442,77.3,86.21795,38.53362,1210.0366,-0.4538255,1.2876754,0.17944755,2902.3
ELO,RandomSearch,12,5,2e-06,0.01,200,37763.435927486425,68.85666,36.868687,88.324486,78.838875,78.618065,63.704185,78.30174,66.6,83.98693,41.610497,1196.2502,0.6736109,0.96957046,0.7812326,687.9
ELO,RandomSearch,13,9,1e-06,0.01,200,53652.99861345292,67.06485,34.848484,86.732376,77.82314,78.07399,60.518658,75.3442,77.3,86.21795,38.53362,1210.0366,-0.4538255,1.2876754,0.17944755,2902.3
ELO,RandomSearch,14,1,1e-06,0.01,200,2902.4020467758182,67.06485,34.848484,86.732376,77.82314,78.07399,60.518658,75.3442,77.3,86.21795,38.53362,1210.0366,-0.4538255,1.2876754,0.17944755,2902.3
ELO,RandomSearch,15,1,1e-06,0.01,200,2902.4023240566257,67.06485,34.848484,86.732376,77.82314,78.07399,60.518658,75.3442,77.3,86.21795,38.53362,1210.0366,-0.4538255,1.2876754,0.17944755,2902.3
ELO,RandomSearch,16,2,1e-06,0.01,200,32377.747286891936,67.06485,34.848484,86.732376,77.82314,78.07399,60.518658,75.3442,77.3,86.21795,38.53362,1210.0366,-0.4538255,1.2876754,0.17944755,2902.3
ELO,RandomSearch,17,1,2e-06,0.01,200,688.002221918106,68.85666,36.868687,88.324486,78.838875,78.618065,63.704185,78.30174,66.6,83.98693,41.610497,1196.2502,0.6736109,0.96957046,0.7812326,687.9
ELO,RandomSearch,18,5,1e-06,0.01,200,39402.83984789849,67.06485,34.848484,86.732376,77.82314,78.07399,60.518658,75.3442,77.3,86.21795,38.53362,1210.0366,-0.4538255,1.2876754,0.17944755,2902.3
ELO,RandomSearch,19,2,1e-06,0.01,200,6702.451204633713,67.06485,34.848484,86.732376,77.82314,78.07399,60.518658,75.3442,77.3,86.21795,38.53362,1210.0366,-0.4538255,1.2876754,0.17944755,2902.3
ELO,RandomSearch,20,4,2e-06,0.01,200,37188.432694053656,68.85666,36.868687,88.324486,78.838875,78.618065,63.704185,78.30174,66.6,83.98693,41.610497,1196.2502,0.6736109,0.96957046,0.7812326,687.9
ELO,RandomSearch,21,1,1e-06,0.01,200,2902.402042961121,67.06485,34.848484,86.732376,77.82314,78.07399,60.518658,75.3442,77.3,86.21795,38.53362,1210.0366,-0.4538255,1.2876754,0.17944755,2902.3
ELO,RandomSearch,22,1,1e-06,0.01,200,2902.4020250797275,67.06485,34.848484,86.732376,77.82314,78.07399,60.518658,75.3442,77.3,86.21795,38.53362,1210.0366,-0.4538255,1.2876754,0.17944755,2902.3
ELO,RandomSearch,23,10,2e-06,0.01,200,77063.9000535965,68.85666,36.868687,88.324486,78.838875,78.618065,63.704185,78.30174,66.6,83.98693,41.610497,1196.2502,0.6736109,0.96957046,0.7812326,687.9
ELO,RandomSearch,24,3,2e-06,0.02,200,33613.38819894791,68.686005,36.868687,89.158455,78.3808,78.56366,63.142937,75.42039,62.766666,87.0,36.82783,1189.3018,0.4344415,0.8680046,0.5921008,692.9
ELO,TPE,0,6,1e-06,0.01,200,65893.14159474373,67.06485,34.848484,86.732376,77.82314,78.07399,60.518658,75.3442,77.3,86.21795,38.53362,1210.0366,-0.4538255,1.2876754,0.17944755,2902.3
ELO,TPE,1,3,1e-06,0.01,200,32497.746696329115,67.06485,34.848484,86.732376,77.82314,78.07399,60.518658,75.3442,77.3,86.21795,38.53362,1210.0366,-0.4538255,1.2876754,0.17944755,2902.3
ELO,TPE,2,6,1e-06,0.01,200,50207.95521101952,67.06485,34.848484,86.732376,77.82314,78.07399,60.518658,75.3442,77.3,86.21795,38.53362,1210.0366,-0.4538255,1.2876754,0.17944755,2902.3
ELO,TPE,3,1,2e-06,0.01,200,688.0019999504088,68.85666,36.868687,88.324486,78.838875,78.618065,63.704185,78.30174,66.6,83.98693,41.610497,1196.2502,0.6736109,0.96957046,0.7812326,687.9
ELO,TPE,4,5,4e-06,0.01,200,62765.22985682488,70.47781,33.838383,85.74678,79.715195,78.34603,68.34778,74.34252,52.2,82.781456,44.243477,1192.2385,0.7447111,0.68534195,0.7231223,369.4
ELO,TPE,5,8,1e-06,0.01,200,79823.29660067559,67.06485,34.848484,86.732376,77.82314,78.07399,60.518658,75.3442,77.3,86.21795,38.53362,1210.0366,-0.4538255,1.2876754,0.17944755,2902.3
ELO,TPE,6,6,2e-06,0.01,200,37878.4360900879,68.85666,36.868687,88.324486,78.838875,78.618065,63.704185,78.30174,66.6,83.98693,41.610497,1196.2502,0.6736109,0.96957046,0.7812326,687.9
ELO,TPE,7,1,2e-06,0.01,200,688.0022667407989,68.85666,36.868687,88.324486,78.838875,78.618065,63.704185,78.30174,66.6,83.98693,41.610497,1196.2502,0.6736109,0.96957046,0.7812326,687.9
ELO,TPE,8,3,1e-06,0.01,200,35622.782632446295,67.06485,34.848484,86.732376,77.82314,78.07399,60.518658,75.3442,77.3,86.21795,38.53362,1210.0366,-0.4538255,1.2876754,0.17944755,2902.3
ELO,TPE,9,5,1e-06,0.01,200,43167.87409410477,67.06485,34.848484,86.732376,77.82314,78.07399,60.518658,75.3442,77.3,86.21795,38.53362,1210.0366,-0.4538255,1.2876754,0.17944755,2902.3
ELO,TPE,10,1,2e-06,0.01,200,688.0022748470305,68.85666,36.868687,88.324486,78.838875,78.618065,63.704185,78.30174,66.6,83.98693,41.610497,1196.2502,0.6736109,0.96957046,0.7812326,687.9
ELO,TPE,11,1,2e-06,0.01,200,688.002002096176,68.85666,36.868687,88.324486,78.838875,78.618065,63.704185,78.30174,66.6,83.98693,41.610497,1196.2502,0.6736109,0.96957046,0.7812326,687.9
ELO,TPE,12,5,1e-06,0.01,200,39522.83498249055,67.06485,34.848484,86.732376,77.82314,78.07399,60.518658,75.3442,77.3,86.21795,38.53362,1210.0366,-0.4538255,1.2876754,0.17944755,2902.3
ELO,TPE,13,2,1e-06,0.01,200,9892.483759975432,67.06485,34.848484,86.732376,77.82314,78.07399,60.518658,75.3442,77.3,86.21795,38.53362,1210.0366,-0.4538255,1.2876754,0.17944755,2902.3
ELO,TPE,14,7,2e-06,0.01,200,70463.81623659134,68.85666,36.868687,88.324486,78.838875,78.618065,63.704185,78.30174,66.6,83.98693,41.610497,1196.2502,0.6736109,0.96957046,0.7812326,687.9
ELO,TPE,15,12,1e-06,0.01,200,99053.53477249146,67.06485,34.848484,86.732376,77.82314,78.07399,60.518658,75.3442,77.3,86.21795,38.53362,1210.0366,-0.4538255,1.2876754,0.17944755,2902.3
ELO,TPE,16,2,1e-06,0.04,200,6702.448726987839,66.894196,35.353535,87.26308,77.534355,78.34603,59.770714,71.84958,64.666664,82.432434,31.489351,1189.4938,-0.45450985,0.44467175,-0.12753473,2902.3
ELO,TPE,17,2,1e-06,0.01,200,35622.79234347344,67.06485,34.848484,86.732376,77.82314,78.07399,60.518658,75.3442,77.3,86.21795,38.53362,1210.0366,-0.4538255,1.2876754,0.17944755,2902.3
ELO,TPE,18,0,4e-06,0.01,200,369.5019367694855,70.47781,33.838383,85.74678,79.715195,78.34603,68.34778,74.34252,52.2,82.781456,44.243477,1192.2385,0.7447111,0.68534195,0.7231223,369.4
ELO,TPE,19,2,1e-06,0.01,200,9927.484632110594,67.06485,34.848484,86.732376,77.82314,78.07399,60.518658,75.3442,77.3,86.21795,38.53362,1210.0366,-0.4538255,1.2876754,0.17944755,2902.3
ELO,TPE,20,5,1e-06,0.01,200,46357.90829071999,67.06485,34.848484,86.732376,77.82314,78.07399,60.518658,75.3442,77.3,86.21795,38.53362,1210.0366,-0.4538255,1.2876754,0.17944755,2902.3
ELO,TPE,21,8,2e-06,0.01,200,89234.03877410889,68.85666,36.868687,88.324486,78.838875,78.618065,63.704185,78.30174,66.6,83.98693,41.610497,1196.2502,0.6736109,0.96957046,0.7812326,687.9
ELO,TPE,22,5,2e-06,0.01,200,37318.4311200142,68.85666,36.868687,88.324486,78.838875,78.618065,63.704185,78.30174,66.6,83.98693,41.610497,1196.2502,0.6736109,0.96957046,0.7812326,687.9
ELO,TPE,23,6,1e-06,0.04,200,69013.17859706879,66.894196,35.353535,87.26308,77.534355,78.34603,59.770714,71.84958,64.666664,82.432434,31.489351,1189.4938,-0.45450985,0.44467175,-0.12753473,2902.3
ELO,TPE,24,6,1e-06,0.01,200,43172.87482414246,67.06485,34.848484,86.732376,77.82314,78.07399,60.518658,75.3442,77.3,86.21795,38.53362,1210.0366,-0.4538255,1.2876754,0.17944755,2902.3
IFEval,ASHA,0,1,2e-06,0.01,600,2063.902140951157,71.58703,37.373737,89.53753,80.34256,79.05332,66.72491,79.79301,66.6,83.22369,42.558533,1159.0001,1.1256351,1.1313796,1.127724,2063.8
IFEval,ASHA,1,9,2e-06,0.01,600,30639.951215137477,71.58703,37.373737,89.53753,80.34256,79.05332,66.72491,79.79301,66.6,83.22369,42.558533,1159.0001,1.1256351,1.1313796,1.127724,2063.8
IFEval,ASHA,2,1,2e-06,0.01,600,2063.905258750916,71.58703,37.373737,89.53753,80.34256,79.05332,66.72491,79.79301,66.6,83.22369,42.558533,1159.0001,1.1256351,1.1313796,1.127724,2063.8
IFEval,ASHA,3,2,1e-06,0.01,600,12462.147051906584,70.73379,38.88889,84.00303,79.45628,78.8901,65.39375,79.46953,77.3,84.31373,40.73275,1171.577,0.65280855,1.3502373,0.906419,8707.0
IFEval,ASHA,4,2,2e-06,0.01,600,31539.245272254942,71.58703,37.373737,89.53753,80.34256,79.05332,66.72491,79.79301,66.6,83.22369,42.558533,1159.0001,1.1256351,1.1313796,1.127724,2063.8
IFEval,ASHA,5,4,1e-06,0.01,600,67777.79640231133,70.73379,38.88889,84.00303,79.45628,78.8901,65.39375,79.46953,77.3,84.31373,40.73275,1171.577,0.65280855,1.3502373,0.906419,8707.0
IFEval,ASHA,6,13,1e-06,0.01,600,107268.76430545811,70.73379,38.88889,84.00303,79.45628,78.8901,65.39375,79.46953,77.3,84.31373,40.73275,1171.577,0.65280855,1.3502373,0.906419,8707.0
IFEval,ASHA,7,14,2e-06,0.01,600,95295.70932661442,71.58703,37.373737,89.53753,80.34256,79.05332,66.72491,79.79301,66.6,83.22369,42.558533,1159.0001,1.1256351,1.1313796,1.127724,2063.8
IFEval,ASHA,8,7,2e-06,0.01,600,23664.36100945854,71.58703,37.373737,89.53753,80.34256,79.05332,66.72491,79.79301,66.6,83.22369,42.558533,1159.0001,1.1256351,1.1313796,1.127724,2063.8
IFEval,ASHA,9,15,2e-06,0.01,600,26200.106973760598,71.58703,37.373737,89.53753,80.34256,79.05332,66.72491,79.79301,66.6,83.22369,42.558533,1159.0001,1.1256351,1.1313796,1.127724,2063.8
IFEval,ASHA,10,8,1e-06,0.01,600,36407.7335179863,70.73379,38.88889,84.00303,79.45628,78.8901,65.39375,79.46953,77.3,84.31373,40.73275,1171.577,0.65280855,1.3502373,0.906419,8707.0
IFEval,ASHA,11,3,2e-06,0.01,600,9088.9850672245,71.58703,37.373737,89.53753,80.34256,79.05332,66.72491,79.79301,66.6,83.22369,42.558533,1159.0001,1.1256351,1.1313796,1.127724,2063.8
IFEval,ASHA,12,4,1e-06,0.01,600,45287.53041896821,70.73379,38.88889,84.00303,79.45628,78.8901,65.39375,79.46953,77.3,84.31373,40.73275,1171.577,0.65280855,1.3502373,0.906419,8707.0
IFEval,ASHA,13,10,2e-06,0.01,600,15779.677354681013,71.58703,37.373737,89.53753,80.34256,79.05332,66.72491,79.79301,66.6,83.22369,42.558533,1159.0001,1.1256351,1.1313796,1.127724,2063.8
IFEval,ASHA,14,10,1e-06,0.01,600,82808.27322612383,70.73379,38.88889,84.00303,79.45628,78.8901,65.39375,79.46953,77.3,84.31373,40.73275,1171.577,0.65280855,1.3502373,0.906419,8707.0
IFEval,ASHA,15,13,2e-06,0.01,600,50000.48392474174,71.58703,37.373737,89.53753,80.34256,79.05332,66.72491,79.79301,66.6,83.22369,42.558533,1159.0001,1.1256351,1.1313796,1.127724,2063.8
IFEval,ASHA,16,9,2e-06,0.01,600,38954.64148936844,71.58703,37.373737,89.53753,80.34256,79.05332,66.72491,79.79301,66.6,83.22369,42.558533,1159.0001,1.1256351,1.1313796,1.127724,2063.8
IFEval,ASHA,17,3,1e-06,0.02,2031,62393.58387050629,70.73379,37.878788,83.093254,79.13762,79.16213,65.93633,78.68267,69.4,80.645164,33.21044,1142.9513,0.57226336,1.250046,0.8187298,29473.1
IFEval,ASHA,18,7,2e-06,0.01,600,47589.84096322823,71.58703,37.373737,89.53753,80.34256,79.05332,66.72491,79.79301,66.6,83.22369,42.558533,1159.0001,1.1256351,1.1313796,1.127724,2063.8
IFEval,ASHA,19,13,2e-06,0.01,600,48960.27697288132,71.58703,37.373737,89.53753,80.34256,79.05332,66.72491,79.79301,66.6,83.22369,42.558533,1159.0001,1.1256351,1.1313796,1.127724,2063.8
IFEval,ASHA,20,3,2e-06,0.01,600,34984.287570571905,71.58703,37.373737,89.53753,80.34256,79.05332,66.72491,79.79301,66.6,83.22369,42.558533,1159.0001,1.1256351,1.1313796,1.127724,2063.8
IFEval,ASHA,21,12,2e-06,0.01,600,42405.20540010071,71.58703,37.373737,89.53753,80.34256,79.05332,66.72491,79.79301,66.6,83.22369,42.558533,1159.0001,1.1256351,1.1313796,1.127724,2063.8
IFEval,ASHA,22,0,2e-06,0.01,600,2063.902077054978,71.58703,37.373737,89.53753,80.34256,79.05332,66.72491,79.79301,66.6,83.22369,42.558533,1159.0001,1.1256351,1.1313796,1.127724,2063.8
IFEval,ASHA,23,6,2e-06,0.01,600,42319.47711096001,71.58703,37.373737,89.53753,80.34256,79.05332,66.72491,79.79301,66.6,83.22369,42.558533,1159.0001,1.1256351,1.1313796,1.127724,2063.8
IFEval,ASHA,24,3,2e-06,0.01,600,13764.143488504407,71.58703,37.373737,89.53753,80.34256,79.05332,66.72491,79.79301,66.6,83.22369,42.558533,1159.0001,1.1256351,1.1313796,1.127724,2063.8
IFEval,BOHB,0,1,2e-06,0.01,600,2063.9021328449253,71.58703,37.373737,89.53753,80.34256,79.05332,66.72491,79.79301,66.6,83.22369,42.558533,1159.0001,1.1256351,1.1313796,1.127724,2063.8
IFEval,BOHB,1,15,2e-06,0.01,600,58060.6840668888,71.58703,37.373737,89.53753,80.34256,79.05332,66.72491,79.79301,66.6,83.22369,42.558533,1159.0001,1.1256351,1.1313796,1.127724,2063.8
IFEval,BOHB,2,1,2e-06,0.01,600,2063.902048683167,71.58703,37.373737,89.53753,80.34256,79.05332,66.72491,79.79301,66.6,83.22369,42.558533,1159.0001,1.1256351,1.1313796,1.127724,2063.8
IFEval,BOHB,3,15,2e-06,0.01,600,77000.6024523888,71.58703,37.373737,89.53753,80.34256,79.05332,66.72491,79.79301,66.6,83.22369,42.558533,1159.0001,1.1256351,1.1313796,1.127724,2063.8
IFEval,BOHB,4,2,2e-06,0.01,600,31539.24607644081,71.58703,37.373737,89.53753,80.34256,79.05332,66.72491,79.79301,66.6,83.22369,42.558533,1159.0001,1.1256351,1.1313796,1.127724,2063.8
IFEval,BOHB,5,4,1e-06,0.01,600,67777.80474743844,70.73379,38.88889,84.00303,79.45628,78.8901,65.39375,79.46953,77.3,84.31373,40.73275,1171.577,0.65280855,1.3502373,0.906419,8707.0
IFEval,BOHB,6,6,1e-06,0.01,600,69368.01826963807,70.73379,38.88889,84.00303,79.45628,78.8901,65.39375,79.46953,77.3,84.31373,40.73275,1171.577,0.65280855,1.3502373,0.906419,8707.0
IFEval,BOHB,7,10,2e-06,0.01,600,57544.968346221925,71.58703,37.373737,89.53753,80.34256,79.05332,66.72491,79.79301,66.6,83.22369,42.558533,1159.0001,1.1256351,1.1313796,1.127724,2063.8
IFEval,BOHB,8,7,1e-06,0.01,600,30307.561230520245,70.73379,38.88889,84.00303,79.45628,78.8901,65.39375,79.46953,77.3,84.31373,40.73275,1171.577,0.65280855,1.3502373,0.906419,8707.0
IFEval,BOHB,9,9,1e-06,0.01,600,27012.727462633127,70.73379,38.88889,84.00303,79.45628,78.8901,65.39375,79.46953,77.3,84.31373,40.73275,1171.577,0.65280855,1.3502373,0.906419,8707.0
IFEval,BOHB,10,9,2e-06,0.01,600,29519.73859821319,71.58703,37.373737,89.53753,80.34256,79.05332,66.72491,79.79301,66.6,83.22369,42.558533,1159.0001,1.1256351,1.1313796,1.127724,2063.8
IFEval,BOHB,11,3,2e-06,0.01,600,9088.987269973752,71.58703,37.373737,89.53753,80.34256,79.05332,66.72491,79.79301,66.6,83.22369,42.558533,1159.0001,1.1256351,1.1313796,1.127724,2063.8
IFEval,BOHB,12,4,1e-06,0.01,600,45287.52789888383,70.73379,38.88889,84.00303,79.45628,78.8901,65.39375,79.46953,77.3,84.31373,40.73275,1171.577,0.65280855,1.3502373,0.906419,8707.0
IFEval,BOHB,13,9,2e-06,0.01,600,14534.662056314464,71.58703,37.373737,89.53753,80.34256,79.05332,66.72491,79.79301,66.6,83.22369,42.558533,1159.0001,1.1256351,1.1313796,1.127724,2063.8
IFEval,BOHB,14,1,1e-06,0.04,1000,14511.701702213286,70.05119,35.353535,78.31691,78.3808,79.10773,65.31389,78.93871,64.666664,75.6579,28.473303,1071.834,-0.03311885,0.63503754,0.20984711,14511.6
IFEval,BOHB,15,8,2e-06,0.01,600,38364.83605776787,71.58703,37.373737,89.53753,80.34256,79.05332,66.72491,79.79301,66.6,83.22369,42.558533,1159.0001,1.1256351,1.1313796,1.127724,2063.8
IFEval,BOHB,16,16,2e-06,0.01,600,53950.63441693496,71.58703,37.373737,89.53753,80.34256,79.05332,66.72491,79.79301,66.6,83.22369,42.558533,1159.0001,1.1256351,1.1313796,1.127724,2063.8
IFEval,BOHB,17,9,1e-06,0.01,600,89788.35559998134,70.73379,38.88889,84.00303,79.45628,78.8901,65.39375,79.46953,77.3,84.31373,40.73275,1171.577,0.65280855,1.3502373,0.906419,8707.0
IFEval,BOHB,18,15,1e-06,0.01,600,91209.19076335157,70.73379,38.88889,84.00303,79.45628,78.8901,65.39375,79.46953,77.3,84.31373,40.73275,1171.577,0.65280855,1.3502373,0.906419,8707.0
IFEval,BOHB,19,13,1e-06,0.01,600,48078.38899337387,70.73379,38.88889,84.00303,79.45628,78.8901,65.39375,79.46953,77.3,84.31373,40.73275,1171.577,0.65280855,1.3502373,0.906419,8707.0
IFEval,BOHB,20,3,2e-06,0.01,600,34984.28569588662,71.58703,37.373737,89.53753,80.34256,79.05332,66.72491,79.79301,66.6,83.22369,42.558533,1159.0001,1.1256351,1.1313796,1.127724,2063.8
IFEval,BOHB,21,1,1e-06,0.01,600,8707.10215911865,70.73379,38.88889,84.00303,79.45628,78.8901,65.39375,79.46953,77.3,84.31373,40.73275,1171.577,0.65280855,1.3502373,0.906419,8707.0
IFEval,BOHB,22,0,2e-06,0.01,600,2063.9019819259647,71.58703,37.373737,89.53753,80.34256,79.05332,66.72491,79.79301,66.6,83.22369,42.558533,1159.0001,1.1256351,1.1313796,1.127724,2063.8
IFEval,BOHB,23,8,2e-06,0.01,600,48989.65743575478,71.58703,37.373737,89.53753,80.34256,79.05332,66.72491,79.79301,66.6,83.22369,42.558533,1159.0001,1.1256351,1.1313796,1.127724,2063.8
IFEval,BOHB,24,3,2e-06,0.01,600,13764.140963651656,71.58703,37.373737,89.53753,80.34256,79.05332,66.72491,79.79301,66.6,83.22369,42.558533,1159.0001,1.1256351,1.1313796,1.127724,2063.8
IFEval,BOTorch,0,0,2e-06,0.01,600,2063.9033721446995,71.58703,37.373737,89.53753,80.34256,79.05332,66.72491,79.79301,66.6,83.22369,42.558533,1159.0001,1.1256351,1.1313796,1.127724,2063.8
IFEval,BOTorch,1,3,1e-06,0.04,1000,21551.785733318327,70.05119,35.353535,78.31691,78.3808,79.10773,65.31389,78.93871,64.666664,75.6579,28.473303,1071.834,-0.03311885,0.63503754,0.20984711,14511.6
IFEval,BOTorch,2,2,1e-06,0.08,1000,10498.285952425002,69.3686,36.868687,76.95224,77.843056,78.83569,63.935234,78.63148,65.13333,73.202614,20.638,1046.8523,-0.36452207,0.2649832,-0.13561107,3458.1
IFEval,BOTorch,3,2,2e-06,0.04,200,30283.54540691376,68.34471,35.858585,89.08264,78.00239,78.34603,62.65436,76.79673,60.566666,83.333336,30.749954,1171.565,0.1447051,0.28504464,0.19573766,688.1
IFEval,BOTorch,4,3,2e-06,0.01,600,31539.24466834068,71.58703,37.373737,89.53753,80.34256,79.05332,66.72491,79.79301,66.6,83.22369,42.558533,1159.0001,1.1256351,1.1313796,1.127724,2063.8
IFEval,BOTorch,5,3,1e-06,0.01,600,19452.22848472595,70.73379,38.88889,84.00303,79.45628,78.8901,65.39375,79.46953,77.3,84.31373,40.73275,1171.577,0.65280855,1.3502373,0.906419,8707.0
IFEval,BOTorch,6,2,1e-06,0.04,1000,18266.74676427841,70.05119,35.353535,78.31691,78.3808,79.10773,65.31389,78.93871,64.666664,75.6579,28.473303,1071.834,-0.03311885,0.63503754,0.20984711,14511.6
IFEval,BOTorch,7,2,1e-06,0.01,600,15697.184053993224,70.73379,38.88889,84.00303,79.45628,78.8901,65.39375,79.46953,77.3,84.31373,40.73275,1171.577,0.65280855,1.3502373,0.906419,8707.0
IFEval,BOTorch,8,0,1e-06,0.01,600,8707.10211071968,70.73379,38.88889,84.00303,79.45628,78.8901,65.39375,79.46953,77.3,84.31373,40.73275,1171.577,0.65280855,1.3502373,0.906419,8707.0
IFEval,BOTorch,9,1,2e-06,0.01,600,2063.9020188808445,71.58703,37.373737,89.53753,80.34256,79.05332,66.72491,79.79301,66.6,83.22369,42.558533,1159.0001,1.1256351,1.1313796,1.127724,2063.8
IFEval,BOTorch,10,3,2e-06,0.01,600,31539.24583492279,71.58703,37.373737,89.53753,80.34256,79.05332,66.72491,79.79301,66.6,83.22369,42.558533,1159.0001,1.1256351,1.1313796,1.127724,2063.8
IFEval,BOTorch,11,1,2e-06,0.01,600,2063.902038431168,71.58703,37.373737,89.53753,80.34256,79.05332,66.72491,79.79301,66.6,83.22369,42.558533,1159.0001,1.1256351,1.1313796,1.127724,2063.8
IFEval,BOTorch,12,3,4e-06,0.02,400,35302.749139165884,70.22184,33.838383,85.291885,79.39654,78.67247,64.6535,73.00363,49.966667,76.64474,41.00121,1105.864,0.21224084,0.07080421,0.16080934,5827.3
IFEval,BOTorch,13,1,1e-06,0.01,600,8707.102000570296,70.73379,38.88889,84.00303,79.45628,78.8901,65.39375,79.46953,77.3,84.31373,40.73275,1171.577,0.65280855,1.3502373,0.906419,8707.0
IFEval,BOTorch,14,1,1e-06,0.04,1000,14511.701637125014,70.05119,35.353535,78.31691,78.3808,79.10773,65.31389,78.93871,64.666664,75.6579,28.473303,1071.834,-0.03311885,0.63503754,0.20984711,14511.6
IFEval,BOTorch,15,1,1e-06,0.04,1000,14511.70407090187,70.05119,35.353535,78.31691,78.3808,79.10773,65.31389,78.93871,64.666664,75.6579,28.473303,1071.834,-0.03311885,0.63503754,0.20984711,14511.6
IFEval,BOTorch,16,3,2e-06,0.01,600,31539.24571928978,71.58703,37.373737,89.53753,80.34256,79.05332,66.72491,79.79301,66.6,83.22369,42.558533,1159.0001,1.1256351,1.1313796,1.127724,2063.8
IFEval,BOTorch,17,2,2e-06,0.01,600,9088.983917570113,71.58703,37.373737,89.53753,80.34256,79.05332,66.72491,79.79301,66.6,83.22369,42.558533,1159.0001,1.1256351,1.1313796,1.127724,2063.8
IFEval,BOTorch,18,1,2e-06,0.02,600,2078.9020925521854,70.73379,37.373737,82.71418,79.38657,78.83569,65.456764,77.27136,62.766666,81.818184,35.765232,1160.59,0.38749722,0.76192176,0.5236516,2078.8
IFEval,BOTorch,19,1,1e-06,0.04,1000,14511.702138996125,70.05119,35.353535,78.31691,78.3808,79.10773,65.31389,78.93871,64.666664,75.6579,28.473303,1071.834,-0.03311885,0.63503754,0.20984711,14511.6
IFEval,BOTorch,20,1,1e-06,0.01,600,8707.101885414122,70.73379,38.88889,84.00303,79.45628,78.8901,65.39375,79.46953,77.3,84.31373,40.73275,1171.577,0.65280855,1.3502373,0.906419,8707.0
IFEval,BOTorch,21,0,2e-06,0.08,1000,1869.9016757965087,69.539246,35.353535,75.28431,77.97252,79.651794,65.17276,77.24261,56.4,73.84106,18.7852,1041.2288,-0.04520309,0.03749392,-0.015131448,1869.8
IFEval,BOTorch,22,0,2e-06,0.04,200,688.2017951965331,68.34471,35.858585,89.08264,78.00239,78.34603,62.65436,76.79673,60.566666,83.333336,30.749954,1171.565,0.1447051,0.28504464,0.19573766,688.1
IFEval,BOTorch,23,0,2e-06,0.01,600,2063.904092884064,71.58703,37.373737,89.53753,80.34256,79.05332,66.72491,79.79301,66.6,83.22369,42.558533,1159.0001,1.1256351,1.1313796,1.127724,2063.8
IFEval,BOTorch,24,0,4e-06,0.04,400,5828.102400875092,70.05119,34.343433,76.269905,78.49034,78.618065,64.82638,72.02695,49.3,77.92208,34.703785,1125.9131,-0.14584614,-0.045184813,-0.10924202,5828.0
IFEval,CQR,0,1,2e-06,0.01,600,2063.9061368465427,71.58703,37.373737,89.53753,80.34256,79.05332,66.72491,79.79301,66.6,83.22369,42.558533,1159.0001,1.1256351,1.1313796,1.127724,2063.8
IFEval,CQR,1,1,1e-06,0.01,600,8707.10196123123,70.73379,38.88889,84.00303,79.45628,78.8901,65.39375,79.46953,77.3,84.31373,40.73275,1171.577,0.65280855,1.3502373,0.906419,8707.0
IFEval,CQR,2,1,2e-06,0.01,600,2063.901670789719,71.58703,37.373737,89.53753,80.34256,79.05332,66.72491,79.79301,66.6,83.22369,42.558533,1159.0001,1.1256351,1.1313796,1.127724,2063.8
IFEval,CQR,3,10,2e-06,0.01,600,98161.3720451355,71.58703,37.373737,89.53753,80.34256,79.05332,66.72491,79.79301,66.6,83.22369,42.558533,1159.0001,1.1256351,1.1313796,1.127724,2063.8
IFEval,CQR,4,2,2e-06,0.01,600,31539.2450946331,71.58703,37.373737,89.53753,80.34256,79.05332,66.72491,79.79301,66.6,83.22369,42.558533,1159.0001,1.1256351,1.1313796,1.127724,2063.8
IFEval,CQR,5,4,1e-06,0.01,600,67777.78998646737,70.73379,38.88889,84.00303,79.45628,78.8901,65.39375,79.46953,77.3,84.31373,40.73275,1171.577,0.65280855,1.3502373,0.906419,8707.0
IFEval,CQR,6,9,1e-06,0.01,600,97364.1684697628,70.73379,38.88889,84.00303,79.45628,78.8901,65.39375,79.46953,77.3,84.31373,40.73275,1171.577,0.65280855,1.3502373,0.906419,8707.0
IFEval,CQR,7,4,1e-06,0.02,2031,69183.66243991852,70.73379,37.878788,83.093254,79.13762,79.16213,65.93633,78.68267,69.4,80.645164,33.21044,1142.9513,0.57226336,1.250046,0.8187298,29473.1
IFEval,CQR,8,6,2e-06,0.01,600,31664.491955852507,71.58703,37.373737,89.53753,80.34256,79.05332,66.72491,79.79301,66.6,83.22369,42.558533,1159.0001,1.1256351,1.1313796,1.127724,2063.8
IFEval,CQR,9,6,2e-06,0.01,600,42449.61764130593,71.58703,37.373737,89.53753,80.34256,79.05332,66.72491,79.79301,66.6,83.22369,42.558533,1159.0001,1.1256351,1.1313796,1.127724,2063.8
IFEval,CQR,10,2,1e-06,0.02,2031,36498.28367505074,70.73379,37.878788,83.093254,79.13762,79.16213,65.93633,78.68267,69.4,80.645164,33.21044,1142.9513,0.57226336,1.250046,0.8187298,29473.1
IFEval,CQR,11,3,2e-06,0.01,600,9088.984814262389,71.58703,37.373737,89.53753,80.34256,79.05332,66.72491,79.79301,66.6,83.22369,42.558533,1159.0001,1.1256351,1.1313796,1.127724,2063.8
IFEval,CQR,12,4,1e-06,0.01,600,45287.52736291886,70.73379,38.88889,84.00303,79.45628,78.8901,65.39375,79.46953,77.3,84.31373,40.73275,1171.577,0.65280855,1.3502373,0.906419,8707.0
IFEval,CQR,13,4,1e-06,0.04,1000,47742.0888150692,70.05119,35.353535,78.31691,78.3808,79.10773,65.31389,78.93871,64.666664,75.6579,28.473303,1071.834,-0.03311885,0.63503754,0.20984711,14511.6
IFEval,CQR,14,1,1e-06,0.04,1000,14511.70165643692,70.05119,35.353535,78.31691,78.3808,79.10773,65.31389,78.93871,64.666664,75.6579,28.473303,1071.834,-0.03311885,0.63503754,0.20984711,14511.6
IFEval,CQR,15,0,1e-06,0.02,2031,29473.20152173042,70.73379,37.878788,83.093254,79.13762,79.16213,65.93633,78.68267,69.4,80.645164,33.21044,1142.9513,0.57226336,1.250046,0.8187298,29473.1
IFEval,CQR,16,5,2e-06,0.01,600,38579.32618317605,71.58703,37.373737,89.53753,80.34256,79.05332,66.72491,79.79301,66.6,83.22369,42.558533,1159.0001,1.1256351,1.1313796,1.127724,2063.8
IFEval,CQR,17,3,1e-06,0.02,2031,62393.58657941819,70.73379,37.878788,83.093254,79.13762,79.16213,65.93633,78.68267,69.4,80.645164,33.21044,1142.9513,0.57226336,1.250046,0.8187298,29473.1
IFEval,CQR,18,6,1e-06,0.01,600,71528.10713133813,70.73379,38.88889,84.00303,79.45628,78.8901,65.39375,79.46953,77.3,84.31373,40.73275,1171.577,0.65280855,1.3502373,0.906419,8707.0
IFEval,CQR,19,3,1e-06,0.04,1000,21501.78348264694,70.05119,35.353535,78.31691,78.3808,79.10773,65.31389,78.93871,64.666664,75.6579,28.473303,1071.834,-0.03311885,0.63503754,0.20984711,14511.6
IFEval,CQR,20,3,2e-06,0.01,600,34984.28473982812,71.58703,37.373737,89.53753,80.34256,79.05332,66.72491,79.79301,66.6,83.22369,42.558533,1159.0001,1.1256351,1.1313796,1.127724,2063.8
IFEval,CQR,21,1,1e-06,0.01,600,8707.10244784355,70.73379,38.88889,84.00303,79.45628,78.8901,65.39375,79.46953,77.3,84.31373,40.73275,1171.577,0.65280855,1.3502373,0.906419,8707.0
IFEval,CQR,22,0,2e-06,0.01,600,2063.9023581504825,71.58703,37.373737,89.53753,80.34256,79.05332,66.72491,79.79301,66.6,83.22369,42.558533,1159.0001,1.1256351,1.1313796,1.127724,2063.8
IFEval,CQR,23,1,1e-06,0.02,2031,29473.201548194884,70.73379,37.878788,83.093254,79.13762,79.16213,65.93633,78.68267,69.4,80.645164,33.21044,1142.9513,0.57226336,1.250046,0.8187298,29473.1
IFEval,CQR,24,3,2e-06,0.01,600,16129.066224193572,71.58703,37.373737,89.53753,80.34256,79.05332,66.72491,79.79301,66.6,83.22369,42.558533,1159.0001,1.1256351,1.1313796,1.127724,2063.8
IFEval,RandomSearch,0,2,2e-06,0.01,600,31539.243830776213,71.58703,37.373737,89.53753,80.34256,79.05332,66.72491,79.79301,66.6,83.22369,42.558533,1159.0001,1.1256351,1.1313796,1.127724,2063.8
IFEval,RandomSearch,1,8,2e-06,0.01,600,75039.75118312836,71.58703,37.373737,89.53753,80.34256,79.05332,66.72491,79.79301,66.6,83.22369,42.558533,1159.0001,1.1256351,1.1313796,1.127724,2063.8
IFEval,RandomSearch,2,8,1e-06,0.01,600,44257.518286085135,70.73379,38.88889,84.00303,79.45628,78.8901,65.39375,79.46953,77.3,84.31373,40.73275,1171.577,0.65280855,1.3502373,0.906419,8707.0
IFEval,RandomSearch,3,2,2e-06,0.01,600,31769.248374557494,71.58703,37.373737,89.53753,80.34256,79.05332,66.72491,79.79301,66.6,83.22369,42.558533,1159.0001,1.1256351,1.1313796,1.127724,2063.8
IFEval,RandomSearch,4,0,2e-06,0.01,600,2063.9019101619724,71.58703,37.373737,89.53753,80.34256,79.05332,66.72491,79.79301,66.6,83.22369,42.558533,1159.0001,1.1256351,1.1313796,1.127724,2063.8
IFEval,RandomSearch,5,7,1e-06,0.01,600,71642.83585343361,70.73379,38.88889,84.00303,79.45628,78.8901,65.39375,79.46953,77.3,84.31373,40.73275,1171.577,0.65280855,1.3502373,0.906419,8707.0
IFEval,RandomSearch,6,3,1e-06,0.02,2031,40218.327339744574,70.73379,37.878788,83.093254,79.13762,79.16213,65.93633,78.68267,69.4,80.645164,33.21044,1142.9513,0.57226336,1.250046,0.8187298,29473.1
IFEval,RandomSearch,7,1,2e-06,0.01,600,2063.901913022996,71.58703,37.373737,89.53753,80.34256,79.05332,66.72491,79.79301,66.6,83.22369,42.558533,1159.0001,1.1256351,1.1313796,1.127724,2063.8
IFEval,RandomSearch,8,5,2e-06,0.01,600,42364.37079749108,71.58703,37.373737,89.53753,80.34256,79.05332,66.72491,79.79301,66.6,83.22369,42.558533,1159.0001,1.1256351,1.1313796,1.127724,2063.8
IFEval,RandomSearch,9,11,2e-06,0.01,600,89079.92588744164,71.58703,37.373737,89.53753,80.34256,79.05332,66.72491,79.79301,66.6,83.22369,42.558533,1159.0001,1.1256351,1.1313796,1.127724,2063.8
IFEval,RandomSearch,10,8,2e-06,0.01,600,49524.456742382055,71.58703,37.373737,89.53753,80.34256,79.05332,66.72491,79.79301,66.6,83.22369,42.558533,1159.0001,1.1256351,1.1313796,1.127724,2063.8
IFEval,RandomSearch,11,11,2e-06,0.01,600,90739.97912631035,71.58703,37.373737,89.53753,80.34256,79.05332,66.72491,79.79301,66.6,83.22369,42.558533,1159.0001,1.1256351,1.1313796,1.127724,2063.8
IFEval,RandomSearch,12,5,1e-06,0.01,600,67887.78971705437,70.73379,38.88889,84.00303,79.45628,78.8901,65.39375,79.46953,77.3,84.31373,40.73275,1171.577,0.65280855,1.3502373,0.906419,8707.0
IFEval,RandomSearch,13,6,2e-06,0.02,600,71264.71346197129,70.73379,37.373737,82.71418,79.38657,78.83569,65.456764,77.27136,62.766666,81.818184,35.765232,1160.59,0.38749722,0.76192176,0.5236516,2078.8
IFEval,RandomSearch,14,0,2e-06,0.01,600,2063.9019571304325,71.58703,37.373737,89.53753,80.34256,79.05332,66.72491,79.79301,66.6,83.22369,42.558533,1159.0001,1.1256351,1.1313796,1.127724,2063.8
IFEval,RandomSearch,15,11,2e-06,0.01,600,93969.97616491318,71.58703,37.373737,89.53753,80.34256,79.05332,66.72491,79.79301,66.6,83.22369,42.558533,1159.0001,1.1256351,1.1313796,1.127724,2063.8
IFEval,RandomSearch,16,0,1e-06,0.01,600,8707.1018889904,70.73379,38.88889,84.00303,79.45628,78.8901,65.39375,79.46953,77.3,84.31373,40.73275,1171.577,0.65280855,1.3502373,0.906419,8707.0
IFEval,RandomSearch,17,5,1e-06,0.04,1000,58002.207494354254,70.05119,35.353535,78.31691,78.3808,79.10773,65.31389,78.93871,64.666664,75.6579,28.473303,1071.834,-0.03311885,0.63503754,0.20984711,14511.6
IFEval,RandomSearch,18,11,2e-06,0.01,600,82879.84449300767,71.58703,37.373737,89.53753,80.34256,79.05332,66.72491,79.79301,66.6,83.22369,42.558533,1159.0001,1.1256351,1.1313796,1.127724,2063.8
IFEval,RandomSearch,19,6,1e-06,0.01,600,74802.87624607087,70.73379,38.88889,84.00303,79.45628,78.8901,65.39375,79.46953,77.3,84.31373,40.73275,1171.577,0.65280855,1.3502373,0.906419,8707.0
IFEval,RandomSearch,20,2,2e-06,0.01,600,9088.98384079933,71.58703,37.373737,89.53753,80.34256,79.05332,66.72491,79.79301,66.6,83.22369,42.558533,1159.0001,1.1256351,1.1313796,1.127724,2063.8
IFEval,RandomSearch,21,3,1e-06,0.01,600,38412.44797620774,70.73379,38.88889,84.00303,79.45628,78.8901,65.39375,79.46953,77.3,84.31373,40.73275,1171.577,0.65280855,1.3502373,0.906419,8707.0
IFEval,RandomSearch,22,10,2e-06,0.01,600,79139.81040415764,71.58703,37.373737,89.53753,80.34256,79.05332,66.72491,79.79301,66.6,83.22369,42.558533,1159.0001,1.1256351,1.1313796,1.127724,2063.8
IFEval,RandomSearch,23,5,2e-06,0.01,600,42334.37133893967,71.58703,37.373737,89.53753,80.34256,79.05332,66.72491,79.79301,66.6,83.22369,42.558533,1159.0001,1.1256351,1.1313796,1.127724,2063.8
IFEval,RandomSearch,24,9,2e-06,0.01,600,104695.09972724917,71.58703,37.373737,89.53753,80.34256,79.05332,66.72491,79.79301,66.6,83.22369,42.558533,1159.0001,1.1256351,1.1313796,1.127724,2063.8
IFEval,TPE,0,8,1e-06,0.01,600,101258.1974161625,70.73379,38.88889,84.00303,79.45628,78.8901,65.39375,79.46953,77.3,84.31373,40.73275,1171.577,0.65280855,1.3502373,0.906419,8707.0
IFEval,TPE,1,3,1e-06,0.01,600,38297.44994316102,70.73379,38.88889,84.00303,79.45628,78.8901,65.39375,79.46953,77.3,84.31373,40.73275,1171.577,0.65280855,1.3502373,0.906419,8707.0
IFEval,TPE,2,8,1e-06,0.01,600,101053.18319473269,70.73379,38.88889,84.00303,79.45628,78.8901,65.39375,79.46953,77.3,84.31373,40.73275,1171.577,0.65280855,1.3502373,0.906419,8707.0
IFEval,TPE,3,1,1e-06,0.01,600,8707.102009630202,70.73379,38.88889,84.00303,79.45628,78.8901,65.39375,79.46953,77.3,84.31373,40.73275,1171.577,0.65280855,1.3502373,0.906419,8707.0
IFEval,TPE,4,8,2e-06,0.01,600,71284.71388397217,71.58703,37.373737,89.53753,80.34256,79.05332,66.72491,79.79301,66.6,83.22369,42.558533,1159.0001,1.1256351,1.1313796,1.127724,2063.8
IFEval,TPE,5,2,2e-06,0.01,600,5863.94657406807,71.58703,37.373737,89.53753,80.34256,79.05332,66.72491,79.79301,66.6,83.22369,42.558533,1159.0001,1.1256351,1.1313796,1.127724,2063.8
IFEval,TPE,6,3,2e-06,0.01,600,31654.24708185196,71.58703,37.373737,89.53753,80.34256,79.05332,66.72491,79.79301,66.6,83.22369,42.558533,1159.0001,1.1256351,1.1313796,1.127724,2063.8
IFEval,TPE,7,0,2e-06,0.01,600,2063.902206754685,71.58703,37.373737,89.53753,80.34256,79.05332,66.72491,79.79301,66.6,83.22369,42.558533,1159.0001,1.1256351,1.1313796,1.127724,2063.8
IFEval,TPE,8,6,2e-06,0.01,600,93859.97569403648,71.58703,37.373737,89.53753,80.34256,79.05332,66.72491,79.79301,66.6,83.22369,42.558533,1159.0001,1.1256351,1.1313796,1.127724,2063.8
IFEval,TPE,9,4,2e-06,0.01,600,38579.33146033288,71.58703,37.373737,89.53753,80.34256,79.05332,66.72491,79.79301,66.6,83.22369,42.558533,1159.0001,1.1256351,1.1313796,1.127724,2063.8
IFEval,TPE,10,2,2e-06,0.01,600,5818.946093654633,71.58703,37.373737,89.53753,80.34256,79.05332,66.72491,79.79301,66.6,83.22369,42.558533,1159.0001,1.1256351,1.1313796,1.127724,2063.8
IFEval,TPE,11,4,2e-06,0.01,600,41774.36808118821,71.58703,37.373737,89.53753,80.34256,79.05332,66.72491,79.79301,66.6,83.22369,42.558533,1159.0001,1.1256351,1.1313796,1.127724,2063.8
IFEval,TPE,12,2,1e-06,0.01,600,15697.191988563536,70.73379,38.88889,84.00303,79.45628,78.8901,65.39375,79.46953,77.3,84.31373,40.73275,1171.577,0.65280855,1.3502373,0.906419,8707.0
IFEval,TPE,13,0,2e-06,0.01,600,2063.901851034165,71.58703,37.373737,89.53753,80.34256,79.05332,66.72491,79.79301,66.6,83.22369,42.558533,1159.0001,1.1256351,1.1313796,1.127724,2063.8
IFEval,TPE,14,8,2e-06,0.01,600,78484.80240664483,71.58703,37.373737,89.53753,80.34256,79.05332,66.72491,79.79301,66.6,83.22369,42.558533,1159.0001,1.1256351,1.1313796,1.127724,2063.8
IFEval,TPE,15,4,4e-06,0.01,400,59919.69226250649,70.98976,37.373737,80.43973,80.233025,78.67247,64.63595,77.167694,52.2,81.543625,44.36437,1128.9755,0.8210733,0.5435017,0.72013813,738.9
IFEval,TPE,16,9,2e-06,0.01,600,97865.02400097848,71.58703,37.373737,89.53753,80.34256,79.05332,66.72491,79.79301,66.6,83.22369,42.558533,1159.0001,1.1256351,1.1313796,1.127724,2063.8
IFEval,TPE,17,11,2e-06,0.01,600,95784.9981192112,71.58703,37.373737,89.53753,80.34256,79.05332,66.72491,79.79301,66.6,83.22369,42.558533,1159.0001,1.1256351,1.1313796,1.127724,2063.8
IFEval,TPE,18,9,2e-06,0.01,600,75044.77200684548,71.58703,37.373737,89.53753,80.34256,79.05332,66.72491,79.79301,66.6,83.22369,42.558533,1159.0001,1.1256351,1.1313796,1.127724,2063.8
IFEval,TPE,19,6,2e-06,0.01,600,61264.5921412468,71.58703,37.373737,89.53753,80.34256,79.05332,66.72491,79.79301,66.6,83.22369,42.558533,1159.0001,1.1256351,1.1313796,1.127724,2063.8
IFEval,TPE,20,3,1e-06,0.04,1000,44107.0470114708,70.05119,35.353535,78.31691,78.3808,79.10773,65.31389,78.93871,64.666664,75.6579,28.473303,1071.834,-0.03311885,0.63503754,0.20984711,14511.6
IFEval,TPE,21,5,2e-06,0.01,600,41974.36909136773,71.58703,37.373737,89.53753,80.34256,79.05332,66.72491,79.79301,66.6,83.22369,42.558533,1159.0001,1.1256351,1.1313796,1.127724,2063.8
IFEval,TPE,22,2,1e-06,0.01,600,15697.183415985106,70.73379,38.88889,84.00303,79.45628,78.8901,65.39375,79.46953,77.3,84.31373,40.73275,1171.577,0.65280855,1.3502373,0.906419,8707.0
IFEval,TPE,23,2,2e-06,0.01,600,31539.244613981245,71.58703,37.373737,89.53753,80.34256,79.05332,66.72491,79.79301,66.6,83.22369,42.558533,1159.0001,1.1256351,1.1313796,1.127724,2063.8
IFEval,TPE,24,7,2e-06,0.01,600,68214.6773203373,71.58703,37.373737,89.53753,80.34256,79.05332,66.72491,79.79301,66.6,83.22369,42.558533,1159.0001,1.1256351,1.1313796,1.127724,2063.8
MT-Bench,ASHA,0,9,1e-06,0.02,400,26315.554822549813,69.7099,35.858585,86.125854,78.56005,78.40044,64.35173,78.14687,69.4,88.63636,37.674797,1177.7887,0.14950725,1.1195248,0.5022409,5804.7
MT-Bench,ASHA,1,7,1e-06,0.02,400,39080.49730072594,69.7099,35.858585,86.125854,78.56005,78.40044,64.35173,78.14687,69.4,88.63636,37.674797,1177.7887,0.14950725,1.1195248,0.5022409,5804.7
MT-Bench,ASHA,2,5,1e-06,0.02,400,18680.15745101356,69.7099,35.858585,86.125854,78.56005,78.40044,64.35173,78.14687,69.4,88.63636,37.674797,1177.7887,0.14950725,1.1195248,0.5022409,5804.7
MT-Bench,ASHA,3,3,1e-06,0.02,400,9604.847284412384,69.7099,35.858585,86.125854,78.56005,78.40044,64.35173,78.14687,69.4,88.63636,37.674797,1177.7887,0.14950725,1.1195248,0.5022409,5804.7
MT-Bench,ASHA,4,11,1e-06,0.02,400,71860.98432908821,69.7099,35.858585,86.125854,78.56005,78.40044,64.35173,78.14687,69.4,88.63636,37.674797,1177.7887,0.14950725,1.1195248,0.5022409,5804.7
MT-Bench,ASHA,5,3,1e-06,0.02,400,38725.188791608816,69.7099,35.858585,86.125854,78.56005,78.40044,64.35173,78.14687,69.4,88.63636,37.674797,1177.7887,0.14950725,1.1195248,0.5022409,5804.7
MT-Bench,ASHA,6,14,1e-06,0.02,400,101451.63068090827,69.7099,35.858585,86.125854,78.56005,78.40044,64.35173,78.14687,69.4,88.63636,37.674797,1177.7887,0.14950725,1.1195248,0.5022409,5804.7
MT-Bench,ASHA,7,4,1e-06,0.02,400,35405.2491007824,69.7099,35.858585,86.125854,78.56005,78.40044,64.35173,78.14687,69.4,88.63636,37.674797,1177.7887,0.14950725,1.1195248,0.5022409,5804.7
MT-Bench,ASHA,8,25,1e-06,0.02,400,83367.55234755143,69.7099,35.858585,86.125854,78.56005,78.40044,64.35173,78.14687,69.4,88.63636,37.674797,1177.7887,0.14950725,1.1195248,0.5022409,5804.7
MT-Bench,ASHA,9,6,1e-06,0.02,400,17795.253059726714,69.7099,35.858585,86.125854,78.56005,78.40044,64.35173,78.14687,69.4,88.63636,37.674797,1177.7887,0.14950725,1.1195248,0.5022409,5804.7
MT-Bench,ASHA,10,2,1e-06,0.02,400,12829.88489112854,69.7099,35.858585,86.125854,78.56005,78.40044,64.35173,78.14687,69.4,88.63636,37.674797,1177.7887,0.14950725,1.1195248,0.5022409,5804.7
MT-Bench,ASHA,11,7,1e-06,0.02,400,23035.10910258484,69.7099,35.858585,86.125854,78.56005,78.40044,64.35173,78.14687,69.4,88.63636,37.674797,1177.7887,0.14950725,1.1195248,0.5022409,5804.7
MT-Bench,ASHA,12,10,2e-06,0.02,200,84784.29414449315,68.686005,36.868687,89.158455,78.3808,78.56366,63.142937,75.42039,62.766666,87.0,36.82783,1189.3018,0.4344415,0.8680046,0.5921008,692.9
MT-Bench,ASHA,13,3,1e-06,0.02,400,9559.846566057204,69.7099,35.858585,86.125854,78.56005,78.40044,64.35173,78.14687,69.4,88.63636,37.674797,1177.7887,0.14950725,1.1195248,0.5022409,5804.7
MT-Bench,ASHA,14,16,1e-06,0.02,400,93981.64841257676,69.7099,35.858585,86.125854,78.56005,78.40044,64.35173,78.14687,69.4,88.63636,37.674797,1177.7887,0.14950725,1.1195248,0.5022409,5804.7
MT-Bench,ASHA,15,0,1e-06,0.02,400,5804.802244758606,69.7099,35.858585,86.125854,78.56005,78.40044,64.35173,78.14687,69.4,88.63636,37.674797,1177.7887,0.14950725,1.1195248,0.5022409,5804.7
MT-Bench,ASHA,16,3,1e-06,0.02,400,12844.886134719847,69.7099,35.858585,86.125854,78.56005,78.40044,64.35173,78.14687,69.4,88.63636,37.674797,1177.7887,0.14950725,1.1195248,0.5022409,5804.7
MT-Bench,ASHA,17,3,1e-06,0.02,400,38725.19477543832,69.7099,35.858585,86.125854,78.56005,78.40044,64.35173,78.14687,69.4,88.63636,37.674797,1177.7887,0.14950725,1.1195248,0.5022409,5804.7
MT-Bench,ASHA,18,1,1e-06,0.02,400,5804.802247858048,69.7099,35.858585,86.125854,78.56005,78.40044,64.35173,78.14687,69.4,88.63636,37.674797,1177.7887,0.14950725,1.1195248,0.5022409,5804.7
MT-Bench,ASHA,19,7,1e-06,0.02,400,18605.368237598417,69.7099,35.858585,86.125854,78.56005,78.40044,64.35173,78.14687,69.4,88.63636,37.674797,1177.7887,0.14950725,1.1195248,0.5022409,5804.7
MT-Bench,ASHA,20,13,1e-06,0.02,400,75041.12502704623,69.7099,35.858585,86.125854,78.56005,78.40044,64.35173,78.14687,69.4,88.63636,37.674797,1177.7887,0.14950725,1.1195248,0.5022409,5804.7
MT-Bench,ASHA,21,10,1e-06,0.02,400,46125.88768898201,69.7099,35.858585,86.125854,78.56005,78.40044,64.35173,78.14687,69.4,88.63636,37.674797,1177.7887,0.14950725,1.1195248,0.5022409,5804.7
MT-Bench,ASHA,22,13,1e-06,0.02,400,56476.21420847511,69.7099,35.858585,86.125854,78.56005,78.40044,64.35173,78.14687,69.4,88.63636,37.674797,1177.7887,0.14950725,1.1195248,0.5022409,5804.7
MT-Bench,ASHA,23,1,1e-06,0.02,400,5804.802121019364,69.7099,35.858585,86.125854,78.56005,78.40044,64.35173,78.14687,69.4,88.63636,37.674797,1177.7887,0.14950725,1.1195248,0.5022409,5804.7
MT-Bench,ASHA,24,7,1e-06,0.02,400,27740.367844921107,69.7099,35.858585,86.125854,78.56005,78.40044,64.35173,78.14687,69.4,88.63636,37.674797,1177.7887,0.14950725,1.1195248,0.5022409,5804.7
MT-Bench,BOHB,0,9,2e-06,0.02,200,18638.82747470092,68.686005,36.868687,89.158455,78.3808,78.56366,63.142937,75.42039,62.766666,87.0,36.82783,1189.3018,0.4344415,0.8680046,0.5921008,692.9
MT-Bench,BOHB,1,9,2e-06,0.02,200,55174.1490253067,68.686005,36.868687,89.158455,78.3808,78.56366,63.142937,75.42039,62.766666,87.0,36.82783,1189.3018,0.4344415,0.8680046,0.5921008,692.9
MT-Bench,BOHB,2,9,1e-06,0.02,400,27735.571264133447,69.7099,35.858585,86.125854,78.56005,78.40044,64.35173,78.14687,69.4,88.63636,37.674797,1177.7887,0.14950725,1.1195248,0.5022409,5804.7
MT-Bench,BOHB,3,3,1e-06,0.02,400,9604.848001098631,69.7099,35.858585,86.125854,78.56005,78.40044,64.35173,78.14687,69.4,88.63636,37.674797,1177.7887,0.14950725,1.1195248,0.5022409,5804.7
MT-Bench,BOHB,4,11,2e-06,0.02,200,66749.29018484116,68.686005,36.868687,89.158455,78.3808,78.56366,63.142937,75.42039,62.766666,87.0,36.82783,1189.3018,0.4344415,0.8680046,0.5921008,692.9
MT-Bench,BOHB,5,3,1e-06,0.02,400,38725.1853817463,69.7099,35.858585,86.125854,78.56005,78.40044,64.35173,78.14687,69.4,88.63636,37.674797,1177.7887,0.14950725,1.1195248,0.5022409,5804.7
MT-Bench,BOHB,6,13,1e-06,0.02,400,103261.55202208715,69.7099,35.858585,86.125854,78.56005,78.40044,64.35173,78.14687,69.4,88.63636,37.674797,1177.7887,0.14950725,1.1195248,0.5022409,5804.7
MT-Bench,BOHB,7,4,1e-06,0.02,400,35405.24964270783,69.7099,35.858585,86.125854,78.56005,78.40044,64.35173,78.14687,69.4,88.63636,37.674797,1177.7887,0.14950725,1.1195248,0.5022409,5804.7
MT-Bench,BOHB,8,5,1e-06,0.02,400,24490.12444005203,69.7099,35.858585,86.125854,78.56005,78.40044,64.35173,78.14687,69.4,88.63636,37.674797,1177.7887,0.14950725,1.1195248,0.5022409,5804.7
MT-Bench,BOHB,9,12,1e-06,0.02,400,23995.834070793146,69.7099,35.858585,86.125854,78.56005,78.40044,64.35173,78.14687,69.4,88.63636,37.674797,1177.7887,0.14950725,1.1195248,0.5022409,5804.7
MT-Bench,BOHB,10,2,1e-06,0.02,400,12829.886585330962,69.7099,35.858585,86.125854,78.56005,78.40044,64.35173,78.14687,69.4,88.63636,37.674797,1177.7887,0.14950725,1.1195248,0.5022409,5804.7
MT-Bench,BOHB,11,3,2e-06,0.01,200,7713.086730575562,68.85666,36.868687,88.324486,78.838875,78.618065,63.704185,78.30174,66.6,83.98693,41.610497,1196.2502,0.6736109,0.96957046,0.7812326,687.9
MT-Bench,BOHB,12,4,1e-06,0.01,1200,53994.52763829232,71.16041,37.373737,87.41471,79.764984,79.27095,65.4207,78.620224,77.3,86.36364,40.54258,1171.1312,0.81957835,1.706428,1.1420691,17414.0
MT-Bench,BOHB,13,3,1e-06,0.02,400,9559.847148752213,69.7099,35.858585,86.125854,78.56005,78.40044,64.35173,78.14687,69.4,88.63636,37.674797,1177.7887,0.14950725,1.1195248,0.5022409,5804.7
MT-Bench,BOHB,14,10,2e-06,0.02,200,74549.27843533328,68.686005,36.868687,89.158455,78.3808,78.56366,63.142937,75.42039,62.766666,87.0,36.82783,1189.3018,0.4344415,0.8680046,0.5921008,692.9
MT-Bench,BOHB,15,0,1e-06,0.02,400,5804.802372312546,69.7099,35.858585,86.125854,78.56005,78.40044,64.35173,78.14687,69.4,88.63636,37.674797,1177.7887,0.14950725,1.1195248,0.5022409,5804.7
MT-Bench,BOHB,16,3,1e-06,0.02,400,12844.885859584809,69.7099,35.858585,86.125854,78.56005,78.40044,64.35173,78.14687,69.4,88.63636,37.674797,1177.7887,0.14950725,1.1195248,0.5022409,5804.7
MT-Bench,BOHB,17,3,1e-06,0.02,400,38725.18989810944,69.7099,35.858585,86.125854,78.56005,78.40044,64.35173,78.14687,69.4,88.63636,37.674797,1177.7887,0.14950725,1.1195248,0.5022409,5804.7
MT-Bench,BOHB,18,1,1e-06,0.02,400,5804.802072858811,69.7099,35.858585,86.125854,78.56005,78.40044,64.35173,78.14687,69.4,88.63636,37.674797,1177.7887,0.14950725,1.1195248,0.5022409,5804.7
MT-Bench,BOHB,19,22,1e-06,0.02,400,61432.00439584731,69.7099,35.858585,86.125854,78.56005,78.40044,64.35173,78.14687,69.4,88.63636,37.674797,1177.7887,0.14950725,1.1195248,0.5022409,5804.7
MT-Bench,BOHB,20,6,1e-06,0.02,400,52715.45047245217,69.7099,35.858585,86.125854,78.56005,78.40044,64.35173,78.14687,69.4,88.63636,37.674797,1177.7887,0.14950725,1.1195248,0.5022409,5804.7
MT-Bench,BOHB,21,16,2e-06,0.02,200,67829.91814672663,68.686005,36.868687,89.158455,78.3808,78.56366,63.142937,75.42039,62.766666,87.0,36.82783,1189.3018,0.4344415,0.8680046,0.5921008,692.9
MT-Bench,BOHB,22,8,1e-06,0.02,400,51700.74610553551,69.7099,35.858585,86.125854,78.56005,78.40044,64.35173,78.14687,69.4,88.63636,37.674797,1177.7887,0.14950725,1.1195248,0.5022409,5804.7
MT-Bench,BOHB,23,1,1e-06,0.02,400,5804.802067136765,69.7099,35.858585,86.125854,78.56005,78.40044,64.35173,78.14687,69.4,88.63636,37.674797,1177.7887,0.14950725,1.1195248,0.5022409,5804.7
MT-Bench,BOHB,24,2,2e-06,0.02,200,7718.084828472138,68.686005,36.868687,89.158455,78.3808,78.56366,63.142937,75.42039,62.766666,87.0,36.82783,1189.3018,0.4344415,0.8680046,0.5921008,692.9
MT-Bench,BOTorch,0,0,2e-06,0.04,200,688.2019372940063,68.34471,35.858585,89.08264,78.00239,78.34603,62.65436,76.79673,60.566666,83.333336,30.749954,1171.565,0.1447051,0.28504464,0.19573766,688.1
MT-Bench,BOTorch,1,10,1e-06,0.02,400,94807.1697247982,69.7099,35.858585,86.125854,78.56005,78.40044,64.35173,78.14687,69.4,88.63636,37.674797,1177.7887,0.14950725,1.1195248,0.5022409,5804.7
MT-Bench,BOTorch,2,0,2e-06,0.04,200,688.2017775535583,68.34471,35.858585,89.08264,78.00239,78.34603,62.65436,76.79673,60.566666,83.333336,30.749954,1171.565,0.1447051,0.28504464,0.19573766,688.1
MT-Bench,BOTorch,3,1,2e-06,0.01,200,688.002044057846,68.85666,36.868687,88.324486,78.838875,78.618065,63.704185,78.30174,66.6,83.98693,41.610497,1196.2502,0.6736109,0.96957046,0.7812326,687.9
MT-Bench,BOTorch,4,0,1e-06,0.04,200,2902.4018064498905,66.894196,35.353535,87.26308,77.534355,78.34603,59.770714,71.84958,64.666664,82.432434,31.489351,1189.4938,-0.45450985,0.44467175,-0.12753473,2902.3
MT-Bench,BOTorch,5,1,4e-06,0.01,200,369.5020586013794,70.47781,33.838383,85.74678,79.715195,78.34603,68.34778,74.34252,52.2,82.781456,44.243477,1192.2385,0.7447111,0.68534195,0.7231223,369.4
MT-Bench,BOTorch,6,2,1e-06,0.02,400,35400.1481774807,69.7099,35.858585,86.125854,78.56005,78.40044,64.35173,78.14687,69.4,88.63636,37.674797,1177.7887,0.14950725,1.1195248,0.5022409,5804.7
MT-Bench,BOTorch,7,3,2e-06,0.02,200,8248.091624593733,68.686005,36.868687,89.158455,78.3808,78.56366,63.142937,75.42039,62.766666,87.0,36.82783,1189.3018,0.4344415,0.8680046,0.5921008,692.9
MT-Bench,BOTorch,8,1,1e-06,0.04,200,2902.401950693131,66.894196,35.353535,87.26308,77.534355,78.34603,59.770714,71.84958,64.666664,82.432434,31.489351,1189.4938,-0.45450985,0.44467175,-0.12753473,2902.3
MT-Bench,BOTorch,9,17,2e-06,0.01,200,97422.72689208984,68.85666,36.868687,88.324486,78.838875,78.618065,63.704185,78.30174,66.6,83.98693,41.610497,1196.2502,0.6736109,0.96957046,0.7812326,687.9
MT-Bench,BOTorch,10,0,2e-06,0.04,200,688.2019504070281,68.34471,35.858585,89.08264,78.00239,78.34603,62.65436,76.79673,60.566666,83.333336,30.749954,1171.565,0.1447051,0.28504464,0.19573766,688.1
MT-Bench,BOTorch,11,0,2e-06,0.04,200,688.2020402908324,68.34471,35.858585,89.08264,78.00239,78.34603,62.65436,76.79673,60.566666,83.333336,30.749954,1171.565,0.1447051,0.28504464,0.19573766,688.1
MT-Bench,BOTorch,12,0,2e-06,0.02,200,693.0017624855041,68.686005,36.868687,89.158455,78.3808,78.56366,63.142937,75.42039,62.766666,87.0,36.82783,1189.3018,0.4344415,0.8680046,0.5921008,692.9
MT-Bench,BOTorch,13,3,4e-06,0.01,200,29964.846598005293,70.47781,33.838383,85.74678,79.715195,78.34603,68.34778,74.34252,52.2,82.781456,44.243477,1192.2385,0.7447111,0.68534195,0.7231223,369.4
MT-Bench,BOTorch,14,2,2e-06,0.02,200,4448.045972442627,68.686005,36.868687,89.158455,78.3808,78.56366,63.142937,75.42039,62.766666,87.0,36.82783,1189.3018,0.4344415,0.8680046,0.5921008,692.9
MT-Bench,BOTorch,15,7,1e-06,0.01,1200,50135.24089727402,71.16041,37.373737,87.41471,79.764984,79.27095,65.4207,78.620224,77.3,86.36364,40.54258,1171.1312,0.81957835,1.706428,1.1420691,17414.0
MT-Bench,BOTorch,16,1,2e-06,0.01,200,688.0019212722777,68.85666,36.868687,88.324486,78.838875,78.618065,63.704185,78.30174,66.6,83.98693,41.610497,1196.2502,0.6736109,0.96957046,0.7812326,687.9
MT-Bench,BOTorch,17,0,2e-06,0.02,200,693.0017176628112,68.686005,36.868687,89.158455,78.3808,78.56366,63.142937,75.42039,62.766666,87.0,36.82783,1189.3018,0.4344415,0.8680046,0.5921008,692.9
MT-Bench,BOTorch,18,0,1e-06,0.02,400,5804.801991558075,69.7099,35.858585,86.125854,78.56005,78.40044,64.35173,78.14687,69.4,88.63636,37.674797,1177.7887,0.14950725,1.1195248,0.5022409,5804.7
MT-Bench,BOTorch,19,2,2e-06,0.01,200,4488.0472734928135,68.85666,36.868687,88.324486,78.838875,78.618065,63.704185,78.30174,66.6,83.98693,41.610497,1196.2502,0.6736109,0.96957046,0.7812326,687.9
MT-Bench,BOTorch,20,3,1e-06,0.02,400,16594.92857275009,69.7099,35.858585,86.125854,78.56005,78.40044,64.35173,78.14687,69.4,88.63636,37.674797,1177.7887,0.14950725,1.1195248,0.5022409,5804.7
MT-Bench,BOTorch,21,2,1e-06,0.01,1200,50334.48403868676,71.16041,37.373737,87.41471,79.764984,79.27095,65.4207,78.620224,77.3,86.36364,40.54258,1171.1312,0.81957835,1.706428,1.1420691,17414.0
MT-Bench,BOTorch,22,2,2e-06,0.02,200,7683.089527702332,68.686005,36.868687,89.158455,78.3808,78.56366,63.142937,75.42039,62.766666,87.0,36.82783,1189.3018,0.4344415,0.8680046,0.5921008,692.9
MT-Bench,BOTorch,23,2,1e-06,0.02,400,12794.884741163252,69.7099,35.858585,86.125854,78.56005,78.40044,64.35173,78.14687,69.4,88.63636,37.674797,1177.7887,0.14950725,1.1195248,0.5022409,5804.7
MT-Bench,BOTorch,24,1,4e-06,0.01,200,369.501762008667,70.47781,33.838383,85.74678,79.715195,78.34603,68.34778,74.34252,52.2,82.781456,44.243477,1192.2385,0.7447111,0.68534195,0.7231223,369.4
MT-Bench,CQR,0,9,2e-06,0.02,200,54454.80860433579,68.686005,36.868687,89.158455,78.3808,78.56366,63.142937,75.42039,62.766666,87.0,36.82783,1189.3018,0.4344415,0.8680046,0.5921008,692.9
MT-Bench,CQR,1,5,1e-06,0.02,400,64755.48858056069,69.7099,35.858585,86.125854,78.56005,78.40044,64.35173,78.14687,69.4,88.63636,37.674797,1177.7887,0.14950725,1.1195248,0.5022409,5804.7
MT-Bench,CQR,2,7,1e-06,0.01,1200,83735.36759576798,71.16041,37.373737,87.41471,79.764984,79.27095,65.4207,78.620224,77.3,86.36364,40.54258,1171.1312,0.81957835,1.706428,1.1420691,17414.0
MT-Bench,CQR,3,3,1e-06,0.02,400,9604.847611522671,69.7099,35.858585,86.125854,78.56005,78.40044,64.35173,78.14687,69.4,88.63636,37.674797,1177.7887,0.14950725,1.1195248,0.5022409,5804.7
MT-Bench,CQR,4,6,2e-06,0.02,200,63644.02251968384,68.686005,36.868687,89.158455,78.3808,78.56366,63.142937,75.42039,62.766666,87.0,36.82783,1189.3018,0.4344415,0.8680046,0.5921008,692.9
MT-Bench,CQR,5,3,1e-06,0.02,400,38725.19556365014,69.7099,35.858585,86.125854,78.56005,78.40044,64.35173,78.14687,69.4,88.63636,37.674797,1177.7887,0.14950725,1.1195248,0.5022409,5804.7
MT-Bench,CQR,6,8,1e-06,0.02,400,94461.56625876427,69.7099,35.858585,86.125854,78.56005,78.40044,64.35173,78.14687,69.4,88.63636,37.674797,1177.7887,0.14950725,1.1195248,0.5022409,5804.7
MT-Bench,CQR,7,4,1e-06,0.02,400,45515.26500067712,69.7099,35.858585,86.125854,78.56005,78.40044,64.35173,78.14687,69.4,88.63636,37.674797,1177.7887,0.14950725,1.1195248,0.5022409,5804.7
MT-Bench,CQR,8,5,1e-06,0.02,400,33885.13079867364,69.7099,35.858585,86.125854,78.56005,78.40044,64.35173,78.14687,69.4,88.63636,37.674797,1177.7887,0.14950725,1.1195248,0.5022409,5804.7
MT-Bench,CQR,9,10,1e-06,0.02,400,57031.66841254235,69.7099,35.858585,86.125854,78.56005,78.40044,64.35173,78.14687,69.4,88.63636,37.674797,1177.7887,0.14950725,1.1195248,0.5022409,5804.7
MT-Bench,CQR,10,2,1e-06,0.02,400,12829.88503870964,69.7099,35.858585,86.125854,78.56005,78.40044,64.35173,78.14687,69.4,88.63636,37.674797,1177.7887,0.14950725,1.1195248,0.5022409,5804.7
MT-Bench,CQR,11,6,1e-06,0.02,400,19820.24902973175,69.7099,35.858585,86.125854,78.56005,78.40044,64.35173,78.14687,69.4,88.63636,37.674797,1177.7887,0.14950725,1.1195248,0.5022409,5804.7
MT-Bench,CQR,12,4,1e-06,0.01,1200,53994.52782735825,71.16041,37.373737,87.41471,79.764984,79.27095,65.4207,78.620224,77.3,86.36364,40.54258,1171.1312,0.81957835,1.706428,1.1420691,17414.0
MT-Bench,CQR,13,3,1e-06,0.02,400,9559.846407508849,69.7099,35.858585,86.125854,78.56005,78.40044,64.35173,78.14687,69.4,88.63636,37.674797,1177.7887,0.14950725,1.1195248,0.5022409,5804.7
MT-Bench,CQR,14,5,1e-06,0.02,400,65000.49021587373,69.7099,35.858585,86.125854,78.56005,78.40044,64.35173,78.14687,69.4,88.63636,37.674797,1177.7887,0.14950725,1.1195248,0.5022409,5804.7
MT-Bench,CQR,15,0,1e-06,0.02,400,5804.802045202256,69.7099,35.858585,86.125854,78.56005,78.40044,64.35173,78.14687,69.4,88.63636,37.674797,1177.7887,0.14950725,1.1195248,0.5022409,5804.7
MT-Bench,CQR,16,3,1e-06,0.02,400,12844.884419775008,69.7099,35.858585,86.125854,78.56005,78.40044,64.35173,78.14687,69.4,88.63636,37.674797,1177.7887,0.14950725,1.1195248,0.5022409,5804.7
MT-Bench,CQR,17,3,1e-06,0.02,400,38725.18477687836,69.7099,35.858585,86.125854,78.56005,78.40044,64.35173,78.14687,69.4,88.63636,37.674797,1177.7887,0.14950725,1.1195248,0.5022409,5804.7
MT-Bench,CQR,18,1,1e-06,0.02,400,5804.802110052109,69.7099,35.858585,86.125854,78.56005,78.40044,64.35173,78.14687,69.4,88.63636,37.674797,1177.7887,0.14950725,1.1195248,0.5022409,5804.7
MT-Bench,CQR,19,0,2e-06,0.04,200,688.2020212173461,68.34471,35.858585,89.08264,78.00239,78.34603,62.65436,76.79673,60.566666,83.333336,30.749954,1171.565,0.1447051,0.28504464,0.19573766,688.1
MT-Bench,CQR,20,6,1e-06,0.02,400,78635.90538868905,69.7099,35.858585,86.125854,78.56005,78.40044,64.35173,78.14687,69.4,88.63636,37.674797,1177.7887,0.14950725,1.1195248,0.5022409,5804.7
MT-Bench,CQR,21,1,1e-06,0.01,1200,17414.10189399719,71.16041,37.373737,87.41471,79.764984,79.27095,65.4207,78.620224,77.3,86.36364,40.54258,1171.1312,0.81957835,1.706428,1.1420691,17414.0
MT-Bench,CQR,22,1,1e-06,0.01,1200,17414.10196433067,71.16041,37.373737,87.41471,79.764984,79.27095,65.4207,78.620224,77.3,86.36364,40.54258,1171.1312,0.81957835,1.706428,1.1420691,17414.0
MT-Bench,CQR,23,1,1e-06,0.02,400,5804.802100992203,69.7099,35.858585,86.125854,78.56005,78.40044,64.35173,78.14687,69.4,88.63636,37.674797,1177.7887,0.14950725,1.1195248,0.5022409,5804.7
MT-Bench,CQR,24,9,1e-06,0.02,400,82481.76231656075,69.7099,35.858585,86.125854,78.56005,78.40044,64.35173,78.14687,69.4,88.63636,37.674797,1177.7887,0.14950725,1.1195248,0.5022409,5804.7
MT-Bench,RandomSearch,0,5,1e-06,0.01,1200,61054.62211928368,71.16041,37.373737,87.41471,79.764984,79.27095,65.4207,78.620224,77.3,86.36364,40.54258,1171.1312,0.81957835,1.706428,1.1420691,17414.0
MT-Bench,RandomSearch,1,2,1e-06,0.02,400,9604.847171640396,69.7099,35.858585,86.125854,78.56005,78.40044,64.35173,78.14687,69.4,88.63636,37.674797,1177.7887,0.14950725,1.1195248,0.5022409,5804.7
MT-Bench,RandomSearch,2,5,2e-06,0.02,200,59883.69123826028,68.686005,36.868687,89.158455,78.3808,78.56366,63.142937,75.42039,62.766666,87.0,36.82783,1189.3018,0.4344415,0.8680046,0.5921008,692.9
MT-Bench,RandomSearch,3,10,2e-06,0.02,200,99784.15505299567,68.686005,36.868687,89.158455,78.3808,78.56366,63.142937,75.42039,62.766666,87.0,36.82783,1189.3018,0.4344415,0.8680046,0.5921008,692.9
MT-Bench,RandomSearch,4,10,1e-06,0.01,200,102353.59380373955,67.06485,34.848484,86.732376,77.82314,78.07399,60.518658,75.3442,77.3,86.21795,38.53362,1210.0366,-0.4538255,1.2876754,0.17944755,2902.3
MT-Bench,RandomSearch,5,6,2e-06,0.02,200,66788.77856025696,68.686005,36.868687,89.158455,78.3808,78.56366,63.142937,75.42039,62.766666,87.0,36.82783,1189.3018,0.4344415,0.8680046,0.5921008,692.9
MT-Bench,RandomSearch,6,7,1e-06,0.01,1200,84159.88556108475,71.16041,37.373737,87.41471,79.764984,79.27095,65.4207,78.620224,77.3,86.36364,40.54258,1171.1312,0.81957835,1.706428,1.1420691,17414.0
MT-Bench,RandomSearch,7,1,1e-06,0.02,400,5804.80204615593,69.7099,35.858585,86.125854,78.56005,78.40044,64.35173,78.14687,69.4,88.63636,37.674797,1177.7887,0.14950725,1.1195248,0.5022409,5804.7
MT-Bench,RandomSearch,8,2,2e-06,0.04,200,7713.284798717499,68.34471,35.858585,89.08264,78.00239,78.34603,62.65436,76.79673,60.566666,83.333336,30.749954,1171.565,0.1447051,0.28504464,0.19573766,688.1
MT-Bench,RandomSearch,9,1,1e-06,0.02,400,5804.80262670517,69.7099,35.858585,86.125854,78.56005,78.40044,64.35173,78.14687,69.4,88.63636,37.674797,1177.7887,0.14950725,1.1195248,0.5022409,5804.7
MT-Bench,RandomSearch,10,2,1e-06,0.02,400,35280.1476846695,69.7099,35.858585,86.125854,78.56005,78.40044,64.35173,78.14687,69.4,88.63636,37.674797,1177.7887,0.14950725,1.1195248,0.5022409,5804.7
MT-Bench,RandomSearch,11,5,1e-06,0.01,1200,79839.83183822632,71.16041,37.373737,87.41471,79.764984,79.27095,65.4207,78.620224,77.3,86.36364,40.54258,1171.1312,0.81957835,1.706428,1.1420691,17414.0
MT-Bench,RandomSearch,12,0,2e-06,0.02,200,693.0018917083739,68.686005,36.868687,89.158455,78.3808,78.56366,63.142937,75.42039,62.766666,87.0,36.82783,1189.3018,0.4344415,0.8680046,0.5921008,692.9
MT-Bench,RandomSearch,13,3,4e-06,0.01,200,33289.885334110266,70.47781,33.838383,85.74678,79.715195,78.34603,68.34778,74.34252,52.2,82.781456,44.243477,1192.2385,0.7447111,0.68534195,0.7231223,369.4
MT-Bench,RandomSearch,14,7,1e-06,0.02,400,42395.232868051535,69.7099,35.858585,86.125854,78.56005,78.40044,64.35173,78.14687,69.4,88.63636,37.674797,1177.7887,0.14950725,1.1195248,0.5022409,5804.7
MT-Bench,RandomSearch,15,3,1e-06,0.02,400,35400.14784774781,69.7099,35.858585,86.125854,78.56005,78.40044,64.35173,78.14687,69.4,88.63636,37.674797,1177.7887,0.14950725,1.1195248,0.5022409,5804.7
MT-Bench,RandomSearch,16,0,2e-06,0.02,200,693.0017310142516,68.686005,36.868687,89.158455,78.3808,78.56366,63.142937,75.42039,62.766666,87.0,36.82783,1189.3018,0.4344415,0.8680046,0.5921008,692.9
MT-Bench,RandomSearch,17,8,1e-06,0.02,400,68785.54025015832,69.7099,35.858585,86.125854,78.56005,78.40044,64.35173,78.14687,69.4,88.63636,37.674797,1177.7887,0.14950725,1.1195248,0.5022409,5804.7
MT-Bench,RandomSearch,18,4,2e-06,0.01,200,59993.69865212441,68.85666,36.868687,88.324486,78.838875,78.618065,63.704185,78.30174,66.6,83.98693,41.610497,1196.2502,0.6736109,0.96957046,0.7812326,687.9
MT-Bench,RandomSearch,19,1,1e-06,0.02,400,5804.802280759812,69.7099,35.858585,86.125854,78.56005,78.40044,64.35173,78.14687,69.4,88.63636,37.674797,1177.7887,0.14950725,1.1195248,0.5022409,5804.7
MT-Bench,RandomSearch,20,9,1e-06,0.01,200,98568.52050647736,67.06485,34.848484,86.732376,77.82314,78.07399,60.518658,75.3442,77.3,86.21795,38.53362,1210.0366,-0.4538255,1.2876754,0.17944755,2902.3
MT-Bench,RandomSearch,21,11,1e-06,0.02,400,108601.0091000557,69.7099,35.858585,86.125854,78.56005,78.40044,64.35173,78.14687,69.4,88.63636,37.674797,1177.7887,0.14950725,1.1195248,0.5022409,5804.7
MT-Bench,RandomSearch,22,0,1e-06,0.02,400,5804.802371120453,69.7099,35.858585,86.125854,78.56005,78.40044,64.35173,78.14687,69.4,88.63636,37.674797,1177.7887,0.14950725,1.1195248,0.5022409,5804.7
MT-Bench,RandomSearch,23,4,2e-06,0.02,200,40438.467627143866,68.686005,36.868687,89.158455,78.3808,78.56366,63.142937,75.42039,62.766666,87.0,36.82783,1189.3018,0.4344415,0.8680046,0.5921008,692.9
MT-Bench,RandomSearch,24,0,1e-06,0.02,400,5804.8022793293,69.7099,35.858585,86.125854,78.56005,78.40044,64.35173,78.14687,69.4,88.63636,37.674797,1177.7887,0.14950725,1.1195248,0.5022409,5804.7
MT-Bench,TPE,0,0,2e-06,0.02,200,693.0021635055541,68.686005,36.868687,89.158455,78.3808,78.56366,63.142937,75.42039,62.766666,87.0,36.82783,1189.3018,0.4344415,0.8680046,0.5921008,692.9
MT-Bench,TPE,1,1,1e-06,0.02,400,5804.802186346054,69.7099,35.858585,86.125854,78.56005,78.40044,64.35173,78.14687,69.4,88.63636,37.674797,1177.7887,0.14950725,1.1195248,0.5022409,5804.7
MT-Bench,TPE,2,2,2e-06,0.02,200,30293.35592923164,68.686005,36.868687,89.158455,78.3808,78.56366,63.142937,75.42039,62.766666,87.0,36.82783,1189.3018,0.4344415,0.8680046,0.5921008,692.9
MT-Bench,TPE,3,0,1e-06,0.01,1200,17414.101966953276,71.16041,37.373737,87.41471,79.764984,79.27095,65.4207,78.620224,77.3,86.36364,40.54258,1171.1312,0.81957835,1.706428,1.1420691,17414.0
MT-Bench,TPE,4,6,1e-06,0.02,400,53060.35303268433,69.7099,35.858585,86.125854,78.56005,78.40044,64.35173,78.14687,69.4,88.63636,37.674797,1177.7887,0.14950725,1.1195248,0.5022409,5804.7
MT-Bench,TPE,5,4,2e-06,0.02,200,37158.42551550866,68.686005,36.868687,89.158455,78.3808,78.56366,63.142937,75.42039,62.766666,87.0,36.82783,1189.3018,0.4344415,0.8680046,0.5921008,692.9
MT-Bench,TPE,6,0,1e-06,0.02,400,5804.80214509964,69.7099,35.858585,86.125854,78.56005,78.40044,64.35173,78.14687,69.4,88.63636,37.674797,1177.7887,0.14950725,1.1195248,0.5022409,5804.7
MT-Bench,TPE,7,2,1e-06,0.02,400,12829.884200906752,69.7099,35.858585,86.125854,78.56005,78.40044,64.35173,78.14687,69.4,88.63636,37.674797,1177.7887,0.14950725,1.1195248,0.5022409,5804.7
MT-Bench,TPE,8,5,2e-06,0.02,200,63208.72929296494,68.686005,36.868687,89.158455,78.3808,78.56366,63.142937,75.42039,62.766666,87.0,36.82783,1189.3018,0.4344415,0.8680046,0.5921008,692.9
MT-Bench,TPE,9,7,1e-06,0.02,400,56565.394368267065,69.7099,35.858585,86.125854,78.56005,78.40044,64.35173,78.14687,69.4,88.63636,37.674797,1177.7887,0.14950725,1.1195248,0.5022409,5804.7
MT-Bench,TPE,10,6,1e-06,0.01,1200,80394.84090337754,71.16041,37.373737,87.41471,79.764984,79.27095,65.4207,78.620224,77.3,86.36364,40.54258,1171.1312,0.81957835,1.706428,1.1420691,17414.0
MT-Bench,TPE,11,2,2e-06,0.02,200,30168.34454450607,68.686005,36.868687,89.158455,78.3808,78.56366,63.142937,75.42039,62.766666,87.0,36.82783,1189.3018,0.4344415,0.8680046,0.5921008,692.9
MT-Bench,TPE,12,0,1e-06,0.02,400,5804.802212572098,69.7099,35.858585,86.125854,78.56005,78.40044,64.35173,78.14687,69.4,88.63636,37.674797,1177.7887,0.14950725,1.1195248,0.5022409,5804.7
MT-Bench,TPE,13,3,2e-06,0.02,200,30288.346238231657,68.686005,36.868687,89.158455,78.3808,78.56366,63.142937,75.42039,62.766666,87.0,36.82783,1189.3018,0.4344415,0.8680046,0.5921008,692.9
MT-Bench,TPE,14,0,1e-06,0.02,400,5804.8017450332645,69.7099,35.858585,86.125854,78.56005,78.40044,64.35173,78.14687,69.4,88.63636,37.674797,1177.7887,0.14950725,1.1195248,0.5022409,5804.7
MT-Bench,TPE,15,1,2e-06,0.01,200,688.0020061492919,68.85666,36.868687,88.324486,78.838875,78.618065,63.704185,78.30174,66.6,83.98693,41.610497,1196.2502,0.6736109,0.96957046,0.7812326,687.9
MT-Bench,TPE,16,4,2e-06,0.02,200,37213.4273780346,68.686005,36.868687,89.158455,78.3808,78.56366,63.142937,75.42039,62.766666,87.0,36.82783,1189.3018,0.4344415,0.8680046,0.5921008,692.9
MT-Bench,TPE,17,13,1e-06,0.02,400,93000.835963583,69.7099,35.858585,86.125854,78.56005,78.40044,64.35173,78.14687,69.4,88.63636,37.674797,1177.7887,0.14950725,1.1195248,0.5022409,5804.7
MT-Bench,TPE,18,4,1e-06,0.02,400,38525.2004793644,69.7099,35.858585,86.125854,78.56005,78.40044,64.35173,78.14687,69.4,88.63636,37.674797,1177.7887,0.14950725,1.1195248,0.5022409,5804.7
MT-Bench,TPE,19,3,2e-06,0.02,200,30288.349891757964,68.686005,36.868687,89.158455,78.3808,78.56366,63.142937,75.42039,62.766666,87.0,36.82783,1189.3018,0.4344415,0.8680046,0.5921008,692.9
MT-Bench,TPE,20,4,1e-06,0.01,1200,38454.36902437211,71.16041,37.373737,87.41471,79.764984,79.27095,65.4207,78.620224,77.3,86.36364,40.54258,1171.1312,0.81957835,1.706428,1.1420691,17414.0
MT-Bench,TPE,21,1,1e-06,0.02,400,5804.802146053315,69.7099,35.858585,86.125854,78.56005,78.40044,64.35173,78.14687,69.4,88.63636,37.674797,1177.7887,0.14950725,1.1195248,0.5022409,5804.7
MT-Bench,TPE,22,1,2e-06,0.04,200,688.2020407676696,68.34471,35.858585,89.08264,78.00239,78.34603,62.65436,76.79673,60.566666,83.333336,30.749954,1171.565,0.1447051,0.28504464,0.19573766,688.1
MT-Bench,TPE,23,2,2e-06,0.02,200,7718.0841341972355,68.686005,36.868687,89.158455,78.3808,78.56366,63.142937,75.42039,62.766666,87.0,36.82783,1189.3018,0.4344415,0.8680046,0.5921008,692.9
MT-Bench,TPE,24,4,2e-06,0.04,200,34088.59191856385,68.34471,35.858585,89.08264,78.00239,78.34603,62.65436,76.79673,60.566666,83.333336,30.749954,1171.565,0.1447051,0.28504464,0.19573766,688.1
Z-All,ASHA,0,26,1e-06,0.01,1200,104986.96787561044,71.16041,37.373737,87.41471,79.764984,79.27095,65.4207,78.620224,77.3,86.36364,40.54258,1171.1312,0.81957835,1.706428,1.1420691,17414.0
Z-All,ASHA,1,1,1e-06,0.01,1200,17414.10211215019,71.16041,37.373737,87.41471,79.764984,79.27095,65.4207,78.620224,77.3,86.36364,40.54258,1171.1312,0.81957835,1.706428,1.1420691,17414.0
Z-All,ASHA,2,1,2e-06,0.01,400,1376.002606010437,71.331055,36.868687,89.23427,79.89444,79.27095,64.27732,78.29675,66.6,80.844154,42.603886,1186.545,1.21158,0.9853325,1.1293082,1375.9
Z-All,ASHA,3,2,1e-06,0.01,1200,21169.1467774868,71.16041,37.373737,87.41471,79.764984,79.27095,65.4207,78.620224,77.3,86.36364,40.54258,1171.1312,0.81957835,1.706428,1.1420691,17414.0
Z-All,ASHA,4,2,2e-06,0.01,400,30851.34965047836,71.331055,36.868687,89.23427,79.89444,79.27095,64.27732,78.29675,66.6,80.844154,42.603886,1186.545,1.21158,0.9853325,1.1293082,1375.9
Z-All,ASHA,5,4,1e-06,0.01,1200,76484.78907523156,71.16041,37.373737,87.41471,79.764984,79.27095,65.4207,78.620224,77.3,86.36364,40.54258,1171.1312,0.81957835,1.706428,1.1420691,17414.0
Z-All,ASHA,6,17,2e-06,0.01,400,86858.02588307389,71.331055,36.868687,89.23427,79.89444,79.27095,64.27732,78.29675,66.6,80.844154,42.603886,1186.545,1.21158,0.9853325,1.1293082,1375.9
Z-All,ASHA,7,5,1e-06,0.01,1200,47014.65075860405,71.16041,37.373737,87.41471,79.764984,79.27095,65.4207,78.620224,77.3,86.36364,40.54258,1171.1312,0.81957835,1.706428,1.1420691,17414.0
Z-All,ASHA,8,21,1e-06,0.01,1200,65531.00037229156,71.16041,37.373737,87.41471,79.764984,79.27095,65.4207,78.620224,77.3,86.36364,40.54258,1171.1312,0.81957835,1.706428,1.1420691,17414.0
Z-All,ASHA,9,6,2e-06,0.01,400,15926.377660850523,71.331055,36.868687,89.23427,79.89444,79.27095,64.27732,78.29675,66.6,80.844154,42.603886,1186.545,1.21158,0.9853325,1.1293082,1375.9
Z-All,ASHA,10,7,1e-06,0.01,1200,46444.74836478806,71.16041,37.373737,87.41471,79.764984,79.27095,65.4207,78.620224,77.3,86.36364,40.54258,1171.1312,0.81957835,1.706428,1.1420691,17414.0
Z-All,ASHA,11,5,1e-06,0.01,1200,28814.23723254204,71.16041,37.373737,87.41471,79.764984,79.27095,65.4207,78.620224,77.3,86.36364,40.54258,1171.1312,0.81957835,1.706428,1.1420691,17414.0
Z-All,ASHA,12,4,1e-06,0.01,1200,53994.52860627175,71.16041,37.373737,87.41471,79.764984,79.27095,65.4207,78.620224,77.3,86.36364,40.54258,1171.1312,0.81957835,1.706428,1.1420691,17414.0
Z-All,ASHA,13,28,1e-06,0.01,1200,87502.37609281352,71.16041,37.373737,87.41471,79.764984,79.27095,65.4207,78.620224,77.3,86.36364,40.54258,1171.1312,0.81957835,1.706428,1.1420691,17414.0
Z-All,ASHA,14,16,1e-06,0.01,600,104419.13787710006,70.73379,38.88889,84.00303,79.45628,78.8901,65.39375,79.46953,77.3,84.31373,40.73275,1171.577,0.65280855,1.3502373,0.906419,8707.0
Z-All,ASHA,15,14,2e-06,0.01,400,56297.66299950599,71.331055,36.868687,89.23427,79.89444,79.27095,64.27732,78.29675,66.6,80.844154,42.603886,1186.545,1.21158,0.9853325,1.1293082,1375.9
Z-All,ASHA,16,11,2e-06,0.01,400,35082.1131938591,71.331055,36.868687,89.23427,79.89444,79.27095,64.27732,78.29675,66.6,80.844154,42.603886,1186.545,1.21158,0.9853325,1.1293082,1375.9
Z-All,ASHA,17,3,1e-06,0.02,1800,59041.48471770287,70.64846,37.878788,83.24488,79.29695,79.21654,65.78827,77.705986,69.4,83.333336,36.08847,1127.4045,0.6308379,1.3184335,0.88087267,26121.0
Z-All,ASHA,18,8,2e-06,0.01,400,53851.92131171799,71.331055,36.868687,89.23427,79.89444,79.27095,64.27732,78.29675,66.6,80.844154,42.603886,1186.545,1.21158,0.9853325,1.1293082,1375.9
Z-All,ASHA,19,12,1e-06,0.01,1200,57820.39142190552,71.16041,37.373737,87.41471,79.764984,79.27095,65.4207,78.620224,77.3,86.36364,40.54258,1171.1312,0.81957835,1.706428,1.1420691,17414.0
Z-All,ASHA,20,3,2e-06,0.01,400,34296.38764414788,71.331055,36.868687,89.23427,79.89444,79.27095,64.27732,78.29675,66.6,80.844154,42.603886,1186.545,1.21158,0.9853325,1.1293082,1375.9
Z-All,ASHA,21,1,1e-06,0.01,1200,17414.10210404396,71.16041,37.373737,87.41471,79.764984,79.27095,65.4207,78.620224,77.3,86.36364,40.54258,1171.1312,0.81957835,1.706428,1.1420691,17414.0
Z-All,ASHA,22,1,1e-06,0.01,1200,17414.102009391783,71.16041,37.373737,87.41471,79.764984,79.27095,65.4207,78.620224,77.3,86.36364,40.54258,1171.1312,0.81957835,1.706428,1.1420691,17414.0
Z-All,ASHA,23,7,1e-06,0.01,1200,58044.77958021546,71.16041,37.373737,87.41471,79.764984,79.27095,65.4207,78.620224,77.3,86.36364,40.54258,1171.1312,0.81957835,1.706428,1.1420691,17414.0
Z-All,ASHA,24,15,1e-06,0.01,1200,81310.66860519981,71.16041,37.373737,87.41471,79.764984,79.27095,65.4207,78.620224,77.3,86.36364,40.54258,1171.1312,0.81957835,1.706428,1.1420691,17414.0
Z-All,BOHB,0,11,1e-06,0.01,1200,72270.35709439468,71.16041,37.373737,87.41471,79.764984,79.27095,65.4207,78.620224,77.3,86.36364,40.54258,1171.1312,0.81957835,1.706428,1.1420691,17414.0
Z-All,BOHB,1,1,1e-06,0.01,1200,17414.10196266174,71.16041,37.373737,87.41471,79.764984,79.27095,65.4207,78.620224,77.3,86.36364,40.54258,1171.1312,0.81957835,1.706428,1.1420691,17414.0
Z-All,BOHB,2,8,1e-06,0.01,1200,60425.0149668293,71.16041,37.373737,87.41471,79.764984,79.27095,65.4207,78.620224,77.3,86.36364,40.54258,1171.1312,0.81957835,1.706428,1.1420691,17414.0
Z-All,BOHB,3,2,1e-06,0.01,1200,21169.14673147201,71.16041,37.373737,87.41471,79.764984,79.27095,65.4207,78.620224,77.3,86.36364,40.54258,1171.1312,0.81957835,1.706428,1.1420691,17414.0
Z-All,BOHB,4,2,2e-06,0.01,400,30851.34787354469,71.331055,36.868687,89.23427,79.89444,79.27095,64.27732,78.29675,66.6,80.844154,42.603886,1186.545,1.21158,0.9853325,1.1293082,1375.9
Z-All,BOHB,5,4,1e-06,0.01,1200,76484.79193124772,71.16041,37.373737,87.41471,79.764984,79.27095,65.4207,78.620224,77.3,86.36364,40.54258,1171.1312,0.81957835,1.706428,1.1420691,17414.0
Z-All,BOHB,6,15,2e-06,0.02,1600,83580.54221784596,70.904434,38.88889,86.656555,79.13762,79.27095,66.7157,73.00613,62.766666,73.7013,35.482777,1059.6884,0.84389,0.59147424,0.75210243,5543.5
Z-All,BOHB,7,5,2e-06,0.01,400,30976.551795104977,71.331055,36.868687,89.23427,79.89444,79.27095,64.27732,78.29675,66.6,80.844154,42.603886,1186.545,1.21158,0.9853325,1.1293082,1375.9
Z-All,BOHB,8,8,2e-06,0.01,400,24436.783936605447,71.331055,36.868687,89.23427,79.89444,79.27095,64.27732,78.29675,66.6,80.844154,42.603886,1186.545,1.21158,0.9853325,1.1293082,1375.9
Z-All,BOHB,9,15,1e-06,0.01,1200,42580.42189013481,71.16041,37.373737,87.41471,79.764984,79.27095,65.4207,78.620224,77.3,86.36364,40.54258,1171.1312,0.81957835,1.706428,1.1420691,17414.0
Z-All,BOHB,10,9,2e-06,0.01,400,48526.86968122101,71.331055,36.868687,89.23427,79.89444,79.27095,64.27732,78.29675,66.6,80.844154,42.603886,1186.545,1.21158,0.9853325,1.1293082,1375.9
Z-All,BOHB,11,13,1e-06,0.01,1200,58290.101142988206,71.16041,37.373737,87.41471,79.764984,79.27095,65.4207,78.620224,77.3,86.36364,40.54258,1171.1312,0.81957835,1.706428,1.1420691,17414.0
Z-All,BOHB,12,4,1e-06,0.01,1200,53994.52950606347,71.16041,37.373737,87.41471,79.764984,79.27095,65.4207,78.620224,77.3,86.36364,40.54258,1171.1312,0.81957835,1.706428,1.1420691,17414.0
Z-All,BOHB,13,15,2e-06,0.01,400,28432.445823785773,71.331055,36.868687,89.23427,79.89444,79.27095,64.27732,78.29675,66.6,80.844154,42.603886,1186.545,1.21158,0.9853325,1.1293082,1375.9
Z-All,BOHB,14,8,1e-06,0.02,1800,85317.10573611832,70.64846,37.878788,83.24488,79.29695,79.21654,65.78827,77.705986,69.4,83.333336,36.08847,1127.4045,0.6308379,1.3184335,0.88087267,26121.0
Z-All,BOHB,15,21,2e-06,0.01,400,84358.71358669676,71.331055,36.868687,89.23427,79.89444,79.27095,64.27732,78.29675,66.6,80.844154,42.603886,1186.545,1.21158,0.9853325,1.1293082,1375.9
Z-All,BOHB,16,7,2e-06,0.01,400,17836.60375390815,71.331055,36.868687,89.23427,79.89444,79.27095,64.27732,78.29675,66.6,80.844154,42.603886,1186.545,1.21158,0.9853325,1.1293082,1375.9
Z-All,BOHB,17,9,1e-06,0.01,1200,89320.15326509858,71.16041,37.373737,87.41471,79.764984,79.27095,65.4207,78.620224,77.3,86.36364,40.54258,1171.1312,0.81957835,1.706428,1.1420691,17414.0
Z-All,BOHB,18,10,1e-06,0.01,1200,73105.27014361382,71.16041,37.373737,87.41471,79.764984,79.27095,65.4207,78.620224,77.3,86.36364,40.54258,1171.1312,0.81957835,1.706428,1.1420691,17414.0
Z-All,BOHB,19,9,1e-06,0.02,1800,47691.96806203079,70.64846,37.878788,83.24488,79.29695,79.21654,65.78827,77.705986,69.4,83.333336,36.08847,1127.4045,0.6308379,1.3184335,0.88087267,26121.0
Z-All,BOHB,20,3,2e-06,0.01,400,34296.38446602822,71.331055,36.868687,89.23427,79.89444,79.27095,64.27732,78.29675,66.6,80.844154,42.603886,1186.545,1.21158,0.9853325,1.1293082,1375.9
Z-All,BOHB,21,1,1e-06,0.01,1200,17414.10200176239,71.16041,37.373737,87.41471,79.764984,79.27095,65.4207,78.620224,77.3,86.36364,40.54258,1171.1312,0.81957835,1.706428,1.1420691,17414.0
Z-All,BOHB,22,1,1e-06,0.01,1200,17414.10208735466,71.16041,37.373737,87.41471,79.764984,79.27095,65.4207,78.620224,77.3,86.36364,40.54258,1171.1312,0.81957835,1.706428,1.1420691,17414.0
Z-All,BOHB,23,5,2e-06,0.01,400,40101.55454001618,71.331055,36.868687,89.23427,79.89444,79.27095,64.27732,78.29675,66.6,80.844154,42.603886,1186.545,1.21158,0.9853325,1.1293082,1375.9
Z-All,BOHB,24,3,2e-06,0.01,400,13076.240736820218,71.331055,36.868687,89.23427,79.89444,79.27095,64.27732,78.29675,66.6,80.844154,42.603886,1186.545,1.21158,0.9853325,1.1293082,1375.9
Z-All,BOTorch,0,0,1e-06,0.01,1200,17414.101938104628,71.16041,37.373737,87.41471,79.764984,79.27095,65.4207,78.620224,77.3,86.36364,40.54258,1171.1312,0.81957835,1.706428,1.1420691,17414.0
Z-All,BOTorch,1,3,2e-06,0.01,400,30966.34617433548,71.331055,36.868687,89.23427,79.89444,79.27095,64.27732,78.29675,66.6,80.844154,42.603886,1186.545,1.21158,0.9853325,1.1293082,1375.9
Z-All,BOTorch,2,3,4e-06,0.02,200,35634.18641052247,69.88055,35.353535,81.12206,78.94842,78.618065,64.89841,71.93702,49.966667,81.6129,37.829903,1116.9609,0.51933646,-0.10825351,0.2911219,2913.7
Z-All,BOTorch,3,1,2e-06,0.01,400,1376.0018347263335,71.331055,36.868687,89.23427,79.89444,79.27095,64.27732,78.29675,66.6,80.844154,42.603886,1186.545,1.21158,0.9853325,1.1293082,1375.9
Z-All,BOTorch,4,9,2e-06,0.02,1600,71385.71099672318,70.904434,38.88889,86.656555,79.13762,79.27095,66.7157,73.00613,62.766666,73.7013,35.482777,1059.6884,0.84389,0.59147424,0.75210243,5543.5
Z-All,BOTorch,5,1,2e-06,0.01,400,1376.0020631313323,71.331055,36.868687,89.23427,79.89444,79.27095,64.27732,78.29675,66.6,80.844154,42.603886,1186.545,1.21158,0.9853325,1.1293082,1375.9
Z-All,BOTorch,6,2,2e-06,0.01,400,5131.046081399918,71.331055,36.868687,89.23427,79.89444,79.27095,64.27732,78.29675,66.6,80.844154,42.603886,1186.545,1.21158,0.9853325,1.1293082,1375.9
Z-All,BOTorch,7,1,1e-06,0.02,1800,26121.101896619795,70.64846,37.878788,83.24488,79.29695,79.21654,65.78827,77.705986,69.4,83.333336,36.08847,1127.4045,0.6308379,1.3184335,0.88087267,26121.0
Z-All,BOTorch,8,8,1e-06,0.02,1800,62622.84889302254,70.64846,37.878788,83.24488,79.29695,79.21654,65.78827,77.705986,69.4,83.333336,36.08847,1127.4045,0.6308379,1.3184335,0.88087267,26121.0
Z-All,BOTorch,9,0,1e-06,0.01,1200,17414.101960754393,71.16041,37.373737,87.41471,79.764984,79.27095,65.4207,78.620224,77.3,86.36364,40.54258,1171.1312,0.81957835,1.706428,1.1420691,17414.0
Z-All,BOTorch,10,3,2e-06,0.01,400,15406.16728696823,71.331055,36.868687,89.23427,79.89444,79.27095,64.27732,78.29675,66.6,80.844154,42.603886,1186.545,1.21158,0.9853325,1.1293082,1375.9
Z-All,BOTorch,11,2,2e-06,0.01,400,8416.084063148497,71.331055,36.868687,89.23427,79.89444,79.27095,64.27732,78.29675,66.6,80.844154,42.603886,1186.545,1.21158,0.9853325,1.1293082,1375.9
Z-All,BOTorch,12,0,1e-06,0.01,1200,17414.101641511916,71.16041,37.373737,87.41471,79.764984,79.27095,65.4207,78.620224,77.3,86.36364,40.54258,1171.1312,0.81957835,1.706428,1.1420691,17414.0
Z-All,BOTorch,13,3,8e-06,0.02,200,16952.56617770195,70.22184,29.79798,74.29871,79.974106,78.9445,65.496,69.201775,36.533333,76.51007,42.196144,1168.2336,0.47191596,-0.21303637,0.22284238,2902.3
Z-All,BOTorch,14,0,2e-06,0.01,400,1376.001720523834,71.331055,36.868687,89.23427,79.89444,79.27095,64.27732,78.29675,66.6,80.844154,42.603886,1186.545,1.21158,0.9853325,1.1293082,1375.9
Z-All,BOTorch,15,2,1e-06,0.02,1800,29876.146346664427,70.64846,37.878788,83.24488,79.29695,79.21654,65.78827,77.705986,69.4,83.333336,36.08847,1127.4045,0.6308379,1.3184335,0.88087267,26121.0
Z-All,BOTorch,16,0,2e-06,0.04,1600,5504.901764011383,70.30717,38.38384,82.031845,78.291176,79.325356,65.48581,73.624374,60.566666,73.35526,23.906565,1064.3693,0.41627815,0.16719285,0.32570168,5504.8
Z-All,BOTorch,17,2,1e-06,0.01,1200,24404.18375573158,71.16041,37.373737,87.41471,79.764984,79.27095,65.4207,78.620224,77.3,86.36364,40.54258,1171.1312,0.81957835,1.706428,1.1420691,17414.0
Z-All,BOTorch,18,3,2e-06,0.01,400,30851.344225263598,71.331055,36.868687,89.23427,79.89444,79.27095,64.27732,78.29675,66.6,80.844154,42.603886,1186.545,1.21158,0.9853325,1.1293082,1375.9
Z-All,BOTorch,19,1,2e-06,0.01,400,1376.0019927978517,71.331055,36.868687,89.23427,79.89444,79.27095,64.27732,78.29675,66.6,80.844154,42.603886,1186.545,1.21158,0.9853325,1.1293082,1375.9
Z-All,BOTorch,20,3,2e-06,0.01,400,12216.12871966362,71.331055,36.868687,89.23427,79.89444,79.27095,64.27732,78.29675,66.6,80.844154,42.603886,1186.545,1.21158,0.9853325,1.1293082,1375.9
Z-All,BOTorch,21,3,1e-06,0.01,1200,31394.265442705157,71.16041,37.373737,87.41471,79.764984,79.27095,65.4207,78.620224,77.3,86.36364,40.54258,1171.1312,0.81957835,1.706428,1.1420691,17414.0
Z-All,BOTorch,22,2,4e-06,0.02,200,32389.14307675361,69.88055,35.353535,81.12206,78.94842,78.618065,64.89841,71.93702,49.966667,81.6129,37.829903,1116.9609,0.51933646,-0.10825351,0.2911219,2913.7
Z-All,BOTorch,23,1,1e-06,0.02,1800,26121.10174474716,70.64846,37.878788,83.24488,79.29695,79.21654,65.78827,77.705986,69.4,83.333336,36.08847,1127.4045,0.6308379,1.3184335,0.88087267,26121.0
Z-All,BOTorch,24,0,1e-06,0.01,1200,17414.102346754073,71.16041,37.373737,87.41471,79.764984,79.27095,65.4207,78.620224,77.3,86.36364,40.54258,1171.1312,0.81957835,1.706428,1.1420691,17414.0
Z-All,CQR,0,10,1e-06,0.01,1200,90526.30649361612,71.16041,37.373737,87.41471,79.764984,79.27095,65.4207,78.620224,77.3,86.36364,40.54258,1171.1312,0.81957835,1.706428,1.1420691,17414.0
Z-All,CQR,1,1,1e-06,0.01,1200,17414.101848220824,71.16041,37.373737,87.41471,79.764984,79.27095,65.4207,78.620224,77.3,86.36364,40.54258,1171.1312,0.81957835,1.706428,1.1420691,17414.0
Z-All,CQR,2,13,1e-06,0.01,1200,96652.1649688244,71.16041,37.373737,87.41471,79.764984,79.27095,65.4207,78.620224,77.3,86.36364,40.54258,1171.1312,0.81957835,1.706428,1.1420691,17414.0
Z-All,CQR,3,2,1e-06,0.01,1200,21169.146576499938,71.16041,37.373737,87.41471,79.764984,79.27095,65.4207,78.620224,77.3,86.36364,40.54258,1171.1312,0.81957835,1.706428,1.1420691,17414.0
Z-All,CQR,4,13,1e-06,0.01,1200,108242.52664456368,71.16041,37.373737,87.41471,79.764984,79.27095,65.4207,78.620224,77.3,86.36364,40.54258,1171.1312,0.81957835,1.706428,1.1420691,17414.0
Z-All,CQR,5,4,1e-06,0.01,1200,76484.78884754181,71.16041,37.373737,87.41471,79.764984,79.27095,65.4207,78.620224,77.3,86.36364,40.54258,1171.1312,0.81957835,1.706428,1.1420691,17414.0
Z-All,CQR,6,5,2e-06,0.02,1600,68064.33222827912,70.904434,38.88889,86.656555,79.13762,79.27095,66.7157,73.00613,62.766666,73.7013,35.482777,1059.6884,0.84389,0.59147424,0.75210243,5543.5
Z-All,CQR,7,4,1e-06,0.02,1800,65831.57227549553,70.64846,37.878788,83.24488,79.29695,79.21654,65.78827,77.705986,69.4,83.333336,36.08847,1127.4045,0.6308379,1.3184335,0.88087267,26121.0
Z-All,CQR,8,5,1e-06,0.02,1800,54201.43079934121,70.64846,37.878788,83.24488,79.29695,79.21654,65.78827,77.705986,69.4,83.333336,36.08847,1127.4045,0.6308379,1.3184335,0.88087267,26121.0
Z-All,CQR,9,6,2e-06,0.01,400,41761.72547135354,71.331055,36.868687,89.23427,79.89444,79.27095,64.27732,78.29675,66.6,80.844154,42.603886,1186.545,1.21158,0.9853325,1.1293082,1375.9
Z-All,CQR,10,2,1e-06,0.02,1800,33146.18378911019,70.64846,37.878788,83.24488,79.29695,79.21654,65.78827,77.705986,69.4,83.333336,36.08847,1127.4045,0.6308379,1.3184335,0.88087267,26121.0
Z-All,CQR,11,3,2e-06,0.01,400,8401.084616041182,71.331055,36.868687,89.23427,79.89444,79.27095,64.27732,78.29675,66.6,80.844154,42.603886,1186.545,1.21158,0.9853325,1.1293082,1375.9
Z-All,CQR,12,4,1e-06,0.01,1200,53994.52750310898,71.16041,37.373737,87.41471,79.764984,79.27095,65.4207,78.620224,77.3,86.36364,40.54258,1171.1312,0.81957835,1.706428,1.1420691,17414.0
Z-All,CQR,13,3,1e-06,0.02,1800,29876.14678845405,70.64846,37.878788,83.24488,79.29695,79.21654,65.78827,77.705986,69.4,83.333336,36.08847,1127.4045,0.6308379,1.3184335,0.88087267,26121.0
Z-All,CQR,14,5,1e-06,0.02,1800,85316.78944764138,70.64846,37.878788,83.24488,79.29695,79.21654,65.78827,77.705986,69.4,83.333336,36.08847,1127.4045,0.6308379,1.3184335,0.88087267,26121.0
Z-All,CQR,15,0,1e-06,0.02,1800,26121.10199818611,70.64846,37.878788,83.24488,79.29695,79.21654,65.78827,77.705986,69.4,83.333336,36.08847,1127.4045,0.6308379,1.3184335,0.88087267,26121.0
Z-All,CQR,16,10,1e-06,0.01,1200,74901.26718244553,71.16041,37.373737,87.41471,79.764984,79.27095,65.4207,78.620224,77.3,86.36364,40.54258,1171.1312,0.81957835,1.706428,1.1420691,17414.0
Z-All,CQR,17,3,1e-06,0.02,1800,59041.48361930848,70.64846,37.878788,83.24488,79.29695,79.21654,65.78827,77.705986,69.4,83.333336,36.08847,1127.4045,0.6308379,1.3184335,0.88087267,26121.0
Z-All,CQR,18,1,1e-06,0.02,1800,26121.10191760063,70.64846,37.878788,83.24488,79.29695,79.21654,65.78827,77.705986,69.4,83.333336,36.08847,1127.4045,0.6308379,1.3184335,0.88087267,26121.0
Z-All,CQR,19,8,1e-06,0.01,1200,90345.75863132476,71.16041,37.373737,87.41471,79.764984,79.27095,65.4207,78.620224,77.3,86.36364,40.54258,1171.1312,0.81957835,1.706428,1.1420691,17414.0
Z-All,CQR,20,3,2e-06,0.01,400,34296.38451657296,71.331055,36.868687,89.23427,79.89444,79.27095,64.27732,78.29675,66.6,80.844154,42.603886,1186.545,1.21158,0.9853325,1.1293082,1375.9
Z-All,CQR,21,1,1e-06,0.01,1200,17414.10208377838,71.16041,37.373737,87.41471,79.764984,79.27095,65.4207,78.620224,77.3,86.36364,40.54258,1171.1312,0.81957835,1.706428,1.1420691,17414.0
Z-All,CQR,22,1,1e-06,0.01,1200,17414.10196957588,71.16041,37.373737,87.41471,79.764984,79.27095,65.4207,78.620224,77.3,86.36364,40.54258,1171.1312,0.81957835,1.706428,1.1420691,17414.0
Z-All,CQR,23,1,1e-06,0.02,1800,26121.102183198927,70.64846,37.878788,83.24488,79.29695,79.21654,65.78827,77.705986,69.4,83.333336,36.08847,1127.4045,0.6308379,1.3184335,0.88087267,26121.0
Z-All,CQR,24,3,2e-06,0.01,400,15441.166194295882,71.331055,36.868687,89.23427,79.89444,79.27095,64.27732,78.29675,66.6,80.844154,42.603886,1186.545,1.21158,0.9853325,1.1293082,1375.9
Z-All,RandomSearch,0,4,2e-06,0.01,400,37961.43105611802,71.331055,36.868687,89.23427,79.89444,79.27095,64.27732,78.29675,66.6,80.844154,42.603886,1186.545,1.21158,0.9853325,1.1293082,1375.9
Z-All,RandomSearch,1,8,2e-06,0.01,400,74306.85168561936,71.331055,36.868687,89.23427,79.89444,79.27095,64.27732,78.29675,66.6,80.844154,42.603886,1186.545,1.21158,0.9853325,1.1293082,1375.9
Z-All,RandomSearch,2,1,1e-06,0.01,1200,17414.101710653304,71.16041,37.373737,87.41471,79.764984,79.27095,65.4207,78.620224,77.3,86.36364,40.54258,1171.1312,0.81957835,1.706428,1.1420691,17414.0
Z-All,RandomSearch,3,2,1e-06,0.01,1200,46889.44361982346,71.16041,37.373737,87.41471,79.764984,79.27095,65.4207,78.620224,77.3,86.36364,40.54258,1171.1312,0.81957835,1.706428,1.1420691,17414.0
Z-All,RandomSearch,4,8,2e-06,0.01,400,96612.11162266732,71.331055,36.868687,89.23427,79.89444,79.27095,64.27732,78.29675,66.6,80.844154,42.603886,1186.545,1.21158,0.9853325,1.1293082,1375.9
Z-All,RandomSearch,5,6,1e-06,0.01,1200,57729.5711303711,71.16041,37.373737,87.41471,79.764984,79.27095,65.4207,78.620224,77.3,86.36364,40.54258,1171.1312,0.81957835,1.706428,1.1420691,17414.0
Z-All,RandomSearch,6,9,1e-06,0.01,800,107300.51812253,70.64846,39.39394,87.03563,79.64549,79.16213,65.62219,79.36586,77.3,82.051285,40.05689,1189.1132,0.8767208,1.5244126,1.1122451,11609.3
Z-All,RandomSearch,7,0,2e-06,0.01,400,1376.001624679565,71.331055,36.868687,89.23427,79.89444,79.27095,64.27732,78.29675,66.6,80.844154,42.603886,1186.545,1.21158,0.9853325,1.1293082,1375.9
Z-All,RandomSearch,8,7,1e-06,0.01,1200,86864.91197404862,71.16041,37.373737,87.41471,79.764984,79.27095,65.4207,78.620224,77.3,86.36364,40.54258,1171.1312,0.81957835,1.706428,1.1420691,17414.0
Z-All,RandomSearch,9,0,1e-06,0.01,1200,17414.10192260742,71.16041,37.373737,87.41471,79.764984,79.27095,65.4207,78.620224,77.3,86.36364,40.54258,1171.1312,0.81957835,1.706428,1.1420691,17414.0
Z-All,RandomSearch,10,0,2e-06,0.01,400,1376.0019696712493,71.331055,36.868687,89.23427,79.89444,79.27095,64.27732,78.29675,66.6,80.844154,42.603886,1186.545,1.21158,0.9853325,1.1293082,1375.9
Z-All,RandomSearch,11,9,1e-06,0.01,1200,75459.78139004708,71.16041,37.373737,87.41471,79.764984,79.27095,65.4207,78.620224,77.3,86.36364,40.54258,1171.1312,0.81957835,1.706428,1.1420691,17414.0
Z-All,RandomSearch,12,3,1e-06,0.01,1200,47004.44679985047,71.16041,37.373737,87.41471,79.764984,79.27095,65.4207,78.620224,77.3,86.36364,40.54258,1171.1312,0.81957835,1.706428,1.1420691,17414.0
Z-All,RandomSearch,13,6,1e-06,0.02,1800,69576.60957393647,70.64846,37.878788,83.24488,79.29695,79.21654,65.78827,77.705986,69.4,83.333336,36.08847,1127.4045,0.6308379,1.3184335,0.88087267,26121.0
Z-All,RandomSearch,14,10,1e-06,0.01,1200,91064.96146092415,71.16041,37.373737,87.41471,79.764984,79.27095,65.4207,78.620224,77.3,86.36364,40.54258,1171.1312,0.81957835,1.706428,1.1420691,17414.0
Z-All,RandomSearch,15,2,1e-06,0.01,1200,24404.18418226242,71.16041,37.373737,87.41471,79.764984,79.27095,65.4207,78.620224,77.3,86.36364,40.54258,1171.1312,0.81957835,1.706428,1.1420691,17414.0
Z-All,RandomSearch,16,12,1e-06,0.01,1200,100810.07533798218,71.16041,37.373737,87.41471,79.764984,79.27095,65.4207,78.620224,77.3,86.36364,40.54258,1171.1312,0.81957835,1.706428,1.1420691,17414.0
Z-All,RandomSearch,17,2,2e-06,0.01,400,8416.084313964842,71.331055,36.868687,89.23427,79.89444,79.27095,64.27732,78.29675,66.6,80.844154,42.603886,1186.545,1.21158,0.9853325,1.1293082,1375.9
Z-All,RandomSearch,18,2,2e-06,0.01,400,30851.34503397941,71.331055,36.868687,89.23427,79.89444,79.27095,64.27732,78.29675,66.6,80.844154,42.603886,1186.545,1.21158,0.9853325,1.1293082,1375.9
Z-All,RandomSearch,19,1,2e-06,0.01,400,1376.001911497116,71.331055,36.868687,89.23427,79.89444,79.27095,64.27732,78.29675,66.6,80.844154,42.603886,1186.545,1.21158,0.9853325,1.1293082,1375.9
Z-All,RandomSearch,20,3,2e-06,0.02,1600,38263.98825702668,70.904434,38.88889,86.656555,79.13762,79.27095,66.7157,73.00613,62.766666,73.7013,35.482777,1059.6884,0.84389,0.59147424,0.75210243,5543.5
Z-All,RandomSearch,21,5,2e-06,0.01,400,38016.435076808935,71.331055,36.868687,89.23427,79.89444,79.27095,64.27732,78.29675,66.6,80.844154,42.603886,1186.545,1.21158,0.9853325,1.1293082,1375.9
Z-All,RandomSearch,22,5,1e-06,0.01,1200,64149.648658847815,71.16041,37.373737,87.41471,79.764984,79.27095,65.4207,78.620224,77.3,86.36364,40.54258,1171.1312,0.81957835,1.706428,1.1420691,17414.0
Z-All,RandomSearch,23,4,4e-06,0.04,2031,66217.22890791894,69.453926,36.363636,82.94162,78.42063,79.651794,66.96343,66.15181,49.3,69.73684,24.579556,1013.246,0.3273237,-0.12791218,0.16178338,29591.7
Z-All,RandomSearch,24,8,1e-06,0.01,1200,87324.92643628121,71.16041,37.373737,87.41471,79.764984,79.27095,65.4207,78.620224,77.3,86.36364,40.54258,1171.1312,0.81957835,1.706428,1.1420691,17414.0
Z-All,TPE,0,2,1e-06,0.01,1200,24454.184231138228,71.16041,37.373737,87.41471,79.764984,79.27095,65.4207,78.620224,77.3,86.36364,40.54258,1171.1312,0.81957835,1.706428,1.1420691,17414.0
Z-All,TPE,1,0,2e-06,0.01,400,1376.0019436836242,71.331055,36.868687,89.23427,79.89444,79.27095,64.27732,78.29675,66.6,80.844154,42.603886,1186.545,1.21158,0.9853325,1.1293082,1375.9
Z-All,TPE,2,8,1e-06,0.01,1200,68529.69737801552,71.16041,37.373737,87.41471,79.764984,79.27095,65.4207,78.620224,77.3,86.36364,40.54258,1171.1312,0.81957835,1.706428,1.1420691,17414.0
Z-All,TPE,3,1,1e-06,0.02,1800,26121.10198602676,70.64846,37.878788,83.24488,79.29695,79.21654,65.78827,77.705986,69.4,83.333336,36.08847,1127.4045,0.6308379,1.3184335,0.88087267,26121.0
Z-All,TPE,4,6,1e-06,0.01,1200,64164.646304702765,71.16041,37.373737,87.41471,79.764984,79.27095,65.4207,78.620224,77.3,86.36364,40.54258,1171.1312,0.81957835,1.706428,1.1420691,17414.0
Z-All,TPE,5,9,1e-06,0.01,1200,90429.95204672814,71.16041,37.373737,87.41471,79.764984,79.27095,65.4207,78.620224,77.3,86.36364,40.54258,1171.1312,0.81957835,1.706428,1.1420691,17414.0
Z-All,TPE,6,2,1e-06,0.02,1800,33111.18318471909,70.64846,37.878788,83.24488,79.29695,79.21654,65.78827,77.705986,69.4,83.333336,36.08847,1127.4045,0.6308379,1.3184335,0.88087267,26121.0
Z-All,TPE,7,4,2e-06,0.02,1600,38898.99006400109,70.904434,38.88889,86.656555,79.13762,79.27095,66.7157,73.00613,62.766666,73.7013,35.482777,1059.6884,0.84389,0.59147424,0.75210243,5543.5
Z-All,TPE,8,1,1e-06,0.02,1800,26121.10166773796,70.64846,37.878788,83.24488,79.29695,79.21654,65.78827,77.705986,69.4,83.333336,36.08847,1127.4045,0.6308379,1.3184335,0.88087267,26121.0
Z-All,TPE,9,6,1e-06,0.01,1200,83479.86912403107,71.16041,37.373737,87.41471,79.764984,79.27095,65.4207,78.620224,77.3,86.36364,40.54258,1171.1312,0.81957835,1.706428,1.1420691,17414.0
Z-All,TPE,10,1,1e-06,0.01,1200,17414.101936674117,71.16041,37.373737,87.41471,79.764984,79.27095,65.4207,78.620224,77.3,86.36364,40.54258,1171.1312,0.81957835,1.706428,1.1420691,17414.0
Z-All,TPE,11,5,1e-06,0.01,1200,53999.52987108231,71.16041,37.373737,87.41471,79.764984,79.27095,65.4207,78.620224,77.3,86.36364,40.54258,1171.1312,0.81957835,1.706428,1.1420691,17414.0
Z-All,TPE,12,10,2e-06,0.01,400,71041.81472287179,71.331055,36.868687,89.23427,79.89444,79.27095,64.27732,78.29675,66.6,80.844154,42.603886,1186.545,1.21158,0.9853325,1.1293082,1375.9
Z-All,TPE,13,3,1e-06,0.02,1800,55721.4460636139,70.64846,37.878788,83.24488,79.29695,79.21654,65.78827,77.705986,69.4,83.333336,36.08847,1127.4045,0.6308379,1.3184335,0.88087267,26121.0
Z-All,TPE,14,6,1e-06,0.02,1800,76651.69123635293,70.64846,37.878788,83.24488,79.29695,79.21654,65.78827,77.705986,69.4,83.333336,36.08847,1127.4045,0.6308379,1.3184335,0.88087267,26121.0
Z-All,TPE,15,2,1e-06,0.01,1200,24404.183345890044,71.16041,37.373737,87.41471,79.764984,79.27095,65.4207,78.620224,77.3,86.36364,40.54258,1171.1312,0.81957835,1.706428,1.1420691,17414.0
Z-All,TPE,16,11,1e-06,0.01,800,103950.47902474404,70.64846,39.39394,87.03563,79.64549,79.16213,65.62219,79.36586,77.3,82.051285,40.05689,1189.1132,0.8767208,1.5244126,1.1122451,11609.3
Z-All,TPE,17,9,2e-06,0.01,400,85111.98223266602,71.331055,36.868687,89.23427,79.89444,79.27095,64.27732,78.29675,66.6,80.844154,42.603886,1186.545,1.21158,0.9853325,1.1293082,1375.9
Z-All,TPE,18,2,1e-06,0.01,1200,21214.146887397765,71.16041,37.373737,87.41471,79.764984,79.27095,65.4207,78.620224,77.3,86.36364,40.54258,1171.1312,0.81957835,1.706428,1.1420691,17414.0
Z-All,TPE,19,3,1e-06,0.01,1200,46889.44510469437,71.16041,37.373737,87.41471,79.764984,79.27095,65.4207,78.620224,77.3,86.36364,40.54258,1171.1312,0.81957835,1.706428,1.1420691,17414.0
Z-All,TPE,20,7,1e-06,0.01,1200,68524.69866905213,71.16041,37.373737,87.41471,79.764984,79.27095,65.4207,78.620224,77.3,86.36364,40.54258,1171.1312,0.81957835,1.706428,1.1420691,17414.0
Z-All,TPE,21,7,2e-06,0.01,400,77856.8973599434,71.331055,36.868687,89.23427,79.89444,79.27095,64.27732,78.29675,66.6,80.844154,42.603886,1186.545,1.21158,0.9853325,1.1293082,1375.9
Z-All,TPE,22,7,2e-06,0.01,400,70676.8094013691,71.331055,36.868687,89.23427,79.89444,79.27095,64.27732,78.29675,66.6,80.844154,42.603886,1186.545,1.21158,0.9853325,1.1293082,1375.9
Z-All,TPE,23,7,1e-06,0.02,1800,95761.91517481804,70.64846,37.878788,83.24488,79.29695,79.21654,65.78827,77.705986,69.4,83.333336,36.08847,1127.4045,0.6308379,1.3184335,0.88087267,26121.0
Z-All,TPE,24,5,1e-06,0.01,1200,76594.7925213337,71.16041,37.373737,87.41471,79.764984,79.27095,65.4207,78.620224,77.3,86.36364,40.54258,1171.1312,0.81957835,1.706428,1.1420691,17414.0
