search_objective,optimizer,seed,trial_id,lr,beta,dpo_step,st_tuner_time,ARC-C,GPQA,GSM8K,HellaSwag,PIQA,TruthfulQA,IFEval,Arena-Hard,MT-Bench,AlpacaEval,ELO,Z-Static,Z-Dynamic,Z-All,elapsed_time_sec
AlpacaEval,ASHA,0,0,1e-06,0.02,400,8508.006640291213,71.07509,38.38384,85.74678,79.82474,77.85637,63.049118,79.82049,69.46667,83.22581,43.49624,1254.9758,-0.46438155,0.4883803,-0.117922686,8507.9
AlpacaEval,ASHA,1,0,2e-06,0.01,200,4259.70657787323,70.819115,38.38384,86.353294,80.233025,77.85637,63.270527,78.69641,77.73333,84.83871,47.87344,1242.7335,0.33775517,1.4125086,0.72857463,4259.6
AlpacaEval,ASHA,2,0,1e-06,0.02,400,8508.0076423645,71.07509,38.38384,85.74678,79.82474,77.85637,63.049118,79.82049,69.46667,83.22581,43.49624,1254.9758,-0.46438155,0.4883803,-0.117922686,8507.9
AlpacaEval,ASHA,3,1,2e-06,0.01,200,4259.706499671936,70.819115,38.38384,86.353294,80.233025,77.85637,63.270527,78.69641,77.73333,84.83871,47.87344,1242.7335,0.33775517,1.4125086,0.72857463,4259.6
AlpacaEval,ASHA,4,4,4e-06,0.01,200,30499.617320398327,71.92833,39.39394,87.64215,80.60147,76.605,65.273674,76.106064,72.36667,84.09091,47.07675,1223.7786,0.39157057,0.7481799,0.5212467,4264.0
AlpacaEval,ASHA,5,3,1e-06,0.01,400,26224.116017200467,71.50171,38.38384,87.03563,80.30273,77.52992,63.918243,78.31548,75.166664,86.92811,50.0,1262.8969,-0.19185075,1.7168292,0.50221467,8503.7
AlpacaEval,ASHA,6,0,4e-06,0.02,200,4256.110072946549,71.92833,38.88889,86.50493,80.233025,77.910774,64.28033,78.08692,72.166664,85.76159,41.394894,1237.6453,0.60993916,0.76994044,0.66812146,4256.0
AlpacaEval,ASHA,7,1,4e-06,0.01,200,4264.106406307221,71.92833,39.39394,87.64215,80.60147,76.605,65.273674,76.106064,72.36667,84.09091,47.07675,1223.7786,0.39157057,0.7481799,0.5212467,4264.0
AlpacaEval,ASHA,8,1,2e-06,0.02,400,8475.507881259917,71.92833,40.40404,88.097046,79.93427,77.20348,64.994545,77.52114,68.76667,84.51613,45.49068,1222.7162,0.1489811,0.33666122,0.21722841,8475.4
AlpacaEval,ASHA,9,0,4e-06,0.01,200,4264.106421089173,71.92833,39.39394,87.64215,80.60147,76.605,65.273674,76.106064,72.36667,84.09091,47.07675,1223.7786,0.39157057,0.7481799,0.5212467,4264.0
AlpacaEval,ASHA,10,1,1e-06,0.01,400,8503.80653438568,71.50171,38.38384,87.03563,80.30273,77.52992,63.918243,78.31548,75.166664,86.92811,50.0,1262.8969,-0.19185075,1.7168292,0.50221467,8503.7
AlpacaEval,ASHA,11,0,2e-06,0.01,200,4259.706356859208,70.819115,38.38384,86.353294,80.233025,77.85637,63.270527,78.69641,77.73333,84.83871,47.87344,1242.7335,0.33775517,1.4125086,0.72857463,4259.6
AlpacaEval,ASHA,12,0,4e-06,0.02,200,4256.108045434952,71.92833,38.88889,86.50493,80.233025,77.910774,64.28033,78.08692,72.166664,85.76159,41.394894,1237.6453,0.60993916,0.76994044,0.66812146,4256.0
AlpacaEval,ASHA,13,0,4e-06,0.01,200,4264.108115053177,71.92833,39.39394,87.64215,80.60147,76.605,65.273674,76.106064,72.36667,84.09091,47.07675,1223.7786,0.39157057,0.7481799,0.5212467,4264.0
AlpacaEval,ASHA,14,0,1e-06,0.01,400,8503.813463544844,71.50171,38.38384,87.03563,80.30273,77.52992,63.918243,78.31548,75.166664,86.92811,50.0,1262.8969,-0.19185075,1.7168292,0.50221467,8503.7
AlpacaEval,ASHA,15,0,1e-06,0.02,400,8508.006046390532,71.07509,38.38384,85.74678,79.82474,77.85637,63.049118,79.82049,69.46667,83.22581,43.49624,1254.9758,-0.46438155,0.4883803,-0.117922686,8507.9
AlpacaEval,ASHA,16,1,2e-06,0.02,400,8475.509050464629,71.92833,40.40404,88.097046,79.93427,77.20348,64.994545,77.52114,68.76667,84.51613,45.49068,1222.7162,0.1489811,0.33666122,0.21722841,8475.4
AlpacaEval,ASHA,17,1,4e-06,0.02,200,4256.105719900132,71.92833,38.88889,86.50493,80.233025,77.910774,64.28033,78.08692,72.166664,85.76159,41.394894,1237.6453,0.60993916,0.76994044,0.66812146,4256.0
AlpacaEval,ASHA,18,0,4e-06,0.01,200,4264.105650758744,71.92833,39.39394,87.64215,80.60147,76.605,65.273674,76.106064,72.36667,84.09091,47.07675,1223.7786,0.39157057,0.7481799,0.5212467,4264.0
AlpacaEval,ASHA,19,0,2e-06,0.04,400,8524.80675086975,71.75768,39.39394,86.884,79.764984,77.63874,63.815445,79.181015,67.8,79.545456,36.454247,1205.6589,-0.10358564,-0.8301328,-0.3677846,8524.7
AlpacaEval,ASHA,20,0,4e-06,0.01,200,4264.10669169426,71.92833,39.39394,87.64215,80.60147,76.605,65.273674,76.106064,72.36667,84.09091,47.07675,1223.7786,0.39157057,0.7481799,0.5212467,4264.0
AlpacaEval,ASHA,21,1,1e-06,0.01,400,8503.805281734465,71.50171,38.38384,87.03563,80.30273,77.52992,63.918243,78.31548,75.166664,86.92811,50.0,1262.8969,-0.19185075,1.7168292,0.50221467,8503.7
AlpacaEval,ASHA,22,1,1e-06,0.01,400,8503.810463523863,71.50171,38.38384,87.03563,80.30273,77.52992,63.918243,78.31548,75.166664,86.92811,50.0,1262.8969,-0.19185075,1.7168292,0.50221467,8503.7
AlpacaEval,ASHA,23,0,4e-06,0.01,200,4264.109070634842,71.92833,39.39394,87.64215,80.60147,76.605,65.273674,76.106064,72.36667,84.09091,47.07675,1223.7786,0.39157057,0.7481799,0.5212467,4264.0
AlpacaEval,ASHA,24,0,4e-06,0.01,200,4264.116173362732,71.92833,39.39394,87.64215,80.60147,76.605,65.273674,76.106064,72.36667,84.09091,47.07675,1223.7786,0.39157057,0.7481799,0.5212467,4264.0
AlpacaEval,BOHB,0,0,1e-06,0.02,400,8508.005718088149,71.07509,38.38384,85.74678,79.82474,77.85637,63.049118,79.82049,69.46667,83.22581,43.49624,1254.9758,-0.46438155,0.4883803,-0.117922686,8507.9
AlpacaEval,BOHB,1,0,2e-06,0.01,200,4259.708256578446,70.819115,38.38384,86.353294,80.233025,77.85637,63.270527,78.69641,77.73333,84.83871,47.87344,1242.7335,0.33775517,1.4125086,0.72857463,4259.6
AlpacaEval,BOHB,2,0,1e-06,0.02,400,8508.006853437422,71.07509,38.38384,85.74678,79.82474,77.85637,63.049118,79.82049,69.46667,83.22581,43.49624,1254.9758,-0.46438155,0.4883803,-0.117922686,8507.9
AlpacaEval,BOHB,3,1,2e-06,0.01,200,4259.705553388596,70.819115,38.38384,86.353294,80.233025,77.85637,63.270527,78.69641,77.73333,84.83871,47.87344,1242.7335,0.33775517,1.4125086,0.72857463,4259.6
AlpacaEval,BOHB,4,4,4e-06,0.01,200,30499.62701974296,71.92833,39.39394,87.64215,80.60147,76.605,65.273674,76.106064,72.36667,84.09091,47.07675,1223.7786,0.39157057,0.7481799,0.5212467,4264.0
AlpacaEval,BOHB,5,3,1e-06,0.01,400,26224.120694019315,71.50171,38.38384,87.03563,80.30273,77.52992,63.918243,78.31548,75.166664,86.92811,50.0,1262.8969,-0.19185075,1.7168292,0.50221467,8503.7
AlpacaEval,BOHB,6,0,4e-06,0.02,200,4256.106115913392,71.92833,38.88889,86.50493,80.233025,77.910774,64.28033,78.08692,72.166664,85.76159,41.394894,1237.6453,0.60993916,0.76994044,0.66812146,4256.0
AlpacaEval,BOHB,7,1,4e-06,0.01,200,4264.1091044902805,71.92833,39.39394,87.64215,80.60147,76.605,65.273674,76.106064,72.36667,84.09091,47.07675,1223.7786,0.39157057,0.7481799,0.5212467,4264.0
AlpacaEval,BOHB,8,1,2e-06,0.02,400,8475.507846927641,71.92833,40.40404,88.097046,79.93427,77.20348,64.994545,77.52114,68.76667,84.51613,45.49068,1222.7162,0.1489811,0.33666122,0.21722841,8475.4
AlpacaEval,BOHB,9,0,4e-06,0.01,200,4264.111743068695,71.92833,39.39394,87.64215,80.60147,76.605,65.273674,76.106064,72.36667,84.09091,47.07675,1223.7786,0.39157057,0.7481799,0.5212467,4264.0
AlpacaEval,BOHB,10,1,1e-06,0.01,400,8503.806111669539,71.50171,38.38384,87.03563,80.30273,77.52992,63.918243,78.31548,75.166664,86.92811,50.0,1262.8969,-0.19185075,1.7168292,0.50221467,8503.7
AlpacaEval,BOHB,11,0,2e-06,0.01,200,4259.712614154816,70.819115,38.38384,86.353294,80.233025,77.85637,63.270527,78.69641,77.73333,84.83871,47.87344,1242.7335,0.33775517,1.4125086,0.72857463,4259.6
AlpacaEval,BOHB,12,0,4e-06,0.02,200,4256.104841804505,71.92833,38.88889,86.50493,80.233025,77.910774,64.28033,78.08692,72.166664,85.76159,41.394894,1237.6453,0.60993916,0.76994044,0.66812146,4256.0
AlpacaEval,BOHB,13,0,4e-06,0.01,200,4264.115875816346,71.92833,39.39394,87.64215,80.60147,76.605,65.273674,76.106064,72.36667,84.09091,47.07675,1223.7786,0.39157057,0.7481799,0.5212467,4264.0
AlpacaEval,BOHB,14,0,1e-06,0.01,400,8503.804834222792,71.50171,38.38384,87.03563,80.30273,77.52992,63.918243,78.31548,75.166664,86.92811,50.0,1262.8969,-0.19185075,1.7168292,0.50221467,8503.7
AlpacaEval,BOHB,15,0,1e-06,0.02,400,8508.005872583388,71.07509,38.38384,85.74678,79.82474,77.85637,63.049118,79.82049,69.46667,83.22581,43.49624,1254.9758,-0.46438155,0.4883803,-0.117922686,8507.9
AlpacaEval,BOHB,16,1,2e-06,0.02,400,8475.50240049362,71.92833,40.40404,88.097046,79.93427,77.20348,64.994545,77.52114,68.76667,84.51613,45.49068,1222.7162,0.1489811,0.33666122,0.21722841,8475.4
AlpacaEval,BOHB,17,1,4e-06,0.02,200,4256.105319356919,71.92833,38.88889,86.50493,80.233025,77.910774,64.28033,78.08692,72.166664,85.76159,41.394894,1237.6453,0.60993916,0.76994044,0.66812146,4256.0
AlpacaEval,BOHB,18,0,4e-06,0.01,200,4264.104668235779,71.92833,39.39394,87.64215,80.60147,76.605,65.273674,76.106064,72.36667,84.09091,47.07675,1223.7786,0.39157057,0.7481799,0.5212467,4264.0
AlpacaEval,BOHB,19,0,2e-06,0.04,400,8524.80503091812,71.75768,39.39394,86.884,79.764984,77.63874,63.815445,79.181015,67.8,79.545456,36.454247,1205.6589,-0.10358564,-0.8301328,-0.3677846,8524.7
AlpacaEval,BOHB,20,0,4e-06,0.01,200,4264.104905223847,71.92833,39.39394,87.64215,80.60147,76.605,65.273674,76.106064,72.36667,84.09091,47.07675,1223.7786,0.39157057,0.7481799,0.5212467,4264.0
AlpacaEval,BOHB,21,1,1e-06,0.01,400,8503.80543193817,71.50171,38.38384,87.03563,80.30273,77.52992,63.918243,78.31548,75.166664,86.92811,50.0,1262.8969,-0.19185075,1.7168292,0.50221467,8503.7
AlpacaEval,BOHB,22,1,1e-06,0.01,400,8503.80581626892,71.50171,38.38384,87.03563,80.30273,77.52992,63.918243,78.31548,75.166664,86.92811,50.0,1262.8969,-0.19185075,1.7168292,0.50221467,8503.7
AlpacaEval,BOHB,23,0,4e-06,0.01,200,4264.105119800568,71.92833,39.39394,87.64215,80.60147,76.605,65.273674,76.106064,72.36667,84.09091,47.07675,1223.7786,0.39157057,0.7481799,0.5212467,4264.0
AlpacaEval,BOHB,24,0,4e-06,0.01,200,4264.1071949958805,71.92833,39.39394,87.64215,80.60147,76.605,65.273674,76.106064,72.36667,84.09091,47.07675,1223.7786,0.39157057,0.7481799,0.5212467,4264.0
AlpacaEval,BOTorch,0,1,4e-06,0.02,200,4256.105537509919,71.92833,38.88889,86.50493,80.233025,77.910774,64.28033,78.08692,72.166664,85.76159,41.394894,1237.6453,0.60993916,0.76994044,0.66812146,4256.0
AlpacaEval,BOTorch,1,0,1e-06,0.01,400,8503.805732583998,71.50171,38.38384,87.03563,80.30273,77.52992,63.918243,78.31548,75.166664,86.92811,50.0,1262.8969,-0.19185075,1.7168292,0.50221467,8503.7
AlpacaEval,BOTorch,2,0,4e-06,0.01,200,4264.105640268326,71.92833,39.39394,87.64215,80.60147,76.605,65.273674,76.106064,72.36667,84.09091,47.07675,1223.7786,0.39157057,0.7481799,0.5212467,4264.0
AlpacaEval,BOTorch,3,1,4e-06,0.04,400,2651.605473852158,71.331055,40.40404,87.793785,80.55168,76.87704,65.41553,77.57234,63.533333,81.69935,40.74495,1203.8337,0.23900434,-0.7878823,-0.13440898,2651.5
AlpacaEval,BOTorch,4,0,4e-06,0.02,200,4256.105154371262,71.92833,38.88889,86.50493,80.233025,77.910774,64.28033,78.08692,72.166664,85.76159,41.394894,1237.6453,0.60993916,0.76994044,0.66812146,4256.0
AlpacaEval,BOTorch,5,1,1e-06,0.02,400,8508.00602660179,71.07509,38.38384,85.74678,79.82474,77.85637,63.049118,79.82049,69.46667,83.22581,43.49624,1254.9758,-0.46438155,0.4883803,-0.117922686,8507.9
AlpacaEval,BOTorch,6,0,1e-06,0.02,400,8508.005975818633,71.07509,38.38384,85.74678,79.82474,77.85637,63.049118,79.82049,69.46667,83.22581,43.49624,1254.9758,-0.46438155,0.4883803,-0.117922686,8507.9
AlpacaEval,BOTorch,7,0,1e-06,0.02,400,8508.007525539397,71.07509,38.38384,85.74678,79.82474,77.85637,63.049118,79.82049,69.46667,83.22581,43.49624,1254.9758,-0.46438155,0.4883803,-0.117922686,8507.9
AlpacaEval,BOTorch,8,1,1e-06,0.01,400,8503.808952665328,71.50171,38.38384,87.03563,80.30273,77.52992,63.918243,78.31548,75.166664,86.92811,50.0,1262.8969,-0.19185075,1.7168292,0.50221467,8503.7
AlpacaEval,BOTorch,9,1,1e-06,0.01,400,8503.812631464003,71.50171,38.38384,87.03563,80.30273,77.52992,63.918243,78.31548,75.166664,86.92811,50.0,1262.8969,-0.19185075,1.7168292,0.50221467,8503.7
AlpacaEval,BOTorch,10,0,1e-06,0.01,400,8503.808235263823,71.50171,38.38384,87.03563,80.30273,77.52992,63.918243,78.31548,75.166664,86.92811,50.0,1262.8969,-0.19185075,1.7168292,0.50221467,8503.7
AlpacaEval,BOTorch,11,1,2e-06,0.02,400,8475.505831575392,71.92833,40.40404,88.097046,79.93427,77.20348,64.994545,77.52114,68.76667,84.51613,45.49068,1222.7162,0.1489811,0.33666122,0.21722841,8475.4
AlpacaEval,BOTorch,12,0,2e-06,0.01,200,4259.706330633164,70.819115,38.38384,86.353294,80.233025,77.85637,63.270527,78.69641,77.73333,84.83871,47.87344,1242.7335,0.33775517,1.4125086,0.72857463,4259.6
AlpacaEval,BOTorch,13,0,4e-06,0.02,200,4256.106593465805,71.92833,38.88889,86.50493,80.233025,77.910774,64.28033,78.08692,72.166664,85.76159,41.394894,1237.6453,0.60993916,0.76994044,0.66812146,4256.0
AlpacaEval,BOTorch,14,1,2e-06,0.02,400,8475.505619859694,71.92833,40.40404,88.097046,79.93427,77.20348,64.994545,77.52114,68.76667,84.51613,45.49068,1222.7162,0.1489811,0.33666122,0.21722841,8475.4
AlpacaEval,BOTorch,15,0,2e-06,0.01,200,4259.707402324677,70.819115,38.38384,86.353294,80.233025,77.85637,63.270527,78.69641,77.73333,84.83871,47.87344,1242.7335,0.33775517,1.4125086,0.72857463,4259.6
AlpacaEval,BOTorch,16,0,2e-06,0.02,400,8475.504857635497,71.92833,40.40404,88.097046,79.93427,77.20348,64.994545,77.52114,68.76667,84.51613,45.49068,1222.7162,0.1489811,0.33666122,0.21722841,8475.4
AlpacaEval,BOTorch,17,0,4e-06,0.01,200,4264.105059957505,71.92833,39.39394,87.64215,80.60147,76.605,65.273674,76.106064,72.36667,84.09091,47.07675,1223.7786,0.39157057,0.7481799,0.5212467,4264.0
AlpacaEval,BOTorch,18,1,4e-06,0.04,400,2651.6052073001865,71.331055,40.40404,87.793785,80.55168,76.87704,65.41553,77.57234,63.533333,81.69935,40.74495,1203.8337,0.23900434,-0.7878823,-0.13440898,2651.5
AlpacaEval,BOTorch,19,0,1e-06,0.01,400,8503.80589327812,71.50171,38.38384,87.03563,80.30273,77.52992,63.918243,78.31548,75.166664,86.92811,50.0,1262.8969,-0.19185075,1.7168292,0.50221467,8503.7
AlpacaEval,BOTorch,20,0,4e-06,0.01,200,4264.109087324143,71.92833,39.39394,87.64215,80.60147,76.605,65.273674,76.106064,72.36667,84.09091,47.07675,1223.7786,0.39157057,0.7481799,0.5212467,4264.0
AlpacaEval,BOTorch,21,0,1e-06,0.01,400,8503.804946279524,71.50171,38.38384,87.03563,80.30273,77.52992,63.918243,78.31548,75.166664,86.92811,50.0,1262.8969,-0.19185075,1.7168292,0.50221467,8503.7
AlpacaEval,BOTorch,22,1,2e-06,0.01,200,4259.705371952057,70.819115,38.38384,86.353294,80.233025,77.85637,63.270527,78.69641,77.73333,84.83871,47.87344,1242.7335,0.33775517,1.4125086,0.72857463,4259.6
AlpacaEval,BOTorch,23,1,4e-06,0.02,200,4256.107764101029,71.92833,38.88889,86.50493,80.233025,77.910774,64.28033,78.08692,72.166664,85.76159,41.394894,1237.6453,0.60993916,0.76994044,0.66812146,4256.0
AlpacaEval,BOTorch,24,0,2e-06,0.01,200,4259.7056702137,70.819115,38.38384,86.353294,80.233025,77.85637,63.270527,78.69641,77.73333,84.83871,47.87344,1242.7335,0.33775517,1.4125086,0.72857463,4259.6
AlpacaEval,CQR,0,0,1e-06,0.02,400,8508.007274484633,71.07509,38.38384,85.74678,79.82474,77.85637,63.049118,79.82049,69.46667,83.22581,43.49624,1254.9758,-0.46438155,0.4883803,-0.117922686,8507.9
AlpacaEval,CQR,1,0,2e-06,0.01,200,4259.705538129807,70.819115,38.38384,86.353294,80.233025,77.85637,63.270527,78.69641,77.73333,84.83871,47.87344,1242.7335,0.33775517,1.4125086,0.72857463,4259.6
AlpacaEval,CQR,2,0,1e-06,0.02,400,8508.011255836485,71.07509,38.38384,85.74678,79.82474,77.85637,63.049118,79.82049,69.46667,83.22581,43.49624,1254.9758,-0.46438155,0.4883803,-0.117922686,8507.9
AlpacaEval,CQR,3,1,2e-06,0.01,200,4259.707091903687,70.819115,38.38384,86.353294,80.233025,77.85637,63.270527,78.69641,77.73333,84.83871,47.87344,1242.7335,0.33775517,1.4125086,0.72857463,4259.6
AlpacaEval,CQR,4,2,1e-06,0.01,400,21968.962203121184,71.50171,38.38384,87.03563,80.30273,77.52992,63.918243,78.31548,75.166664,86.92811,50.0,1262.8969,-0.19185075,1.7168292,0.50221467,8503.7
AlpacaEval,CQR,5,2,1e-06,0.02,400,21973.170385217665,71.07509,38.38384,85.74678,79.82474,77.85637,63.049118,79.82049,69.46667,83.22581,43.49624,1254.9758,-0.46438155,0.4883803,-0.117922686,8507.9
AlpacaEval,CQR,6,0,4e-06,0.02,200,4256.10481581688,71.92833,38.88889,86.50493,80.233025,77.910774,64.28033,78.08692,72.166664,85.76159,41.394894,1237.6453,0.60993916,0.76994044,0.66812146,4256.0
AlpacaEval,CQR,7,1,4e-06,0.01,200,4264.104898548127,71.92833,39.39394,87.64215,80.60147,76.605,65.273674,76.106064,72.36667,84.09091,47.07675,1223.7786,0.39157057,0.7481799,0.5212467,4264.0
AlpacaEval,CQR,8,1,2e-06,0.02,400,8475.505453920363,71.92833,40.40404,88.097046,79.93427,77.20348,64.994545,77.52114,68.76667,84.51613,45.49068,1222.7162,0.1489811,0.33666122,0.21722841,8475.4
AlpacaEval,CQR,9,0,4e-06,0.01,200,4264.1053896904,71.92833,39.39394,87.64215,80.60147,76.605,65.273674,76.106064,72.36667,84.09091,47.07675,1223.7786,0.39157057,0.7481799,0.5212467,4264.0
AlpacaEval,CQR,10,1,1e-06,0.01,400,8503.80658135414,71.50171,38.38384,87.03563,80.30273,77.52992,63.918243,78.31548,75.166664,86.92811,50.0,1262.8969,-0.19185075,1.7168292,0.50221467,8503.7
AlpacaEval,CQR,11,0,2e-06,0.01,200,4259.705304241181,70.819115,38.38384,86.353294,80.233025,77.85637,63.270527,78.69641,77.73333,84.83871,47.87344,1242.7335,0.33775517,1.4125086,0.72857463,4259.6
AlpacaEval,CQR,12,0,4e-06,0.02,200,4256.105167245865,71.92833,38.88889,86.50493,80.233025,77.910774,64.28033,78.08692,72.166664,85.76159,41.394894,1237.6453,0.60993916,0.76994044,0.66812146,4256.0
AlpacaEval,CQR,13,0,4e-06,0.01,200,4264.1070810318,71.92833,39.39394,87.64215,80.60147,76.605,65.273674,76.106064,72.36667,84.09091,47.07675,1223.7786,0.39157057,0.7481799,0.5212467,4264.0
AlpacaEval,CQR,14,0,1e-06,0.01,400,8503.805422639845,71.50171,38.38384,87.03563,80.30273,77.52992,63.918243,78.31548,75.166664,86.92811,50.0,1262.8969,-0.19185075,1.7168292,0.50221467,8503.7
AlpacaEval,CQR,15,0,1e-06,0.02,400,8508.005879974364,71.07509,38.38384,85.74678,79.82474,77.85637,63.049118,79.82049,69.46667,83.22581,43.49624,1254.9758,-0.46438155,0.4883803,-0.117922686,8507.9
AlpacaEval,CQR,16,1,2e-06,0.02,400,8475.505567884444,71.92833,40.40404,88.097046,79.93427,77.20348,64.994545,77.52114,68.76667,84.51613,45.49068,1222.7162,0.1489811,0.33666122,0.21722841,8475.4
AlpacaEval,CQR,17,1,4e-06,0.02,200,4256.10506067276,71.92833,38.88889,86.50493,80.233025,77.910774,64.28033,78.08692,72.166664,85.76159,41.394894,1237.6453,0.60993916,0.76994044,0.66812146,4256.0
AlpacaEval,CQR,18,0,4e-06,0.01,200,4264.108038759232,71.92833,39.39394,87.64215,80.60147,76.605,65.273674,76.106064,72.36667,84.09091,47.07675,1223.7786,0.39157057,0.7481799,0.5212467,4264.0
AlpacaEval,CQR,19,0,2e-06,0.04,400,8524.805587387084,71.75768,39.39394,86.884,79.764984,77.63874,63.815445,79.181015,67.8,79.545456,36.454247,1205.6589,-0.10358564,-0.8301328,-0.3677846,8524.7
AlpacaEval,CQR,20,0,4e-06,0.01,200,4264.105883455277,71.92833,39.39394,87.64215,80.60147,76.605,65.273674,76.106064,72.36667,84.09091,47.07675,1223.7786,0.39157057,0.7481799,0.5212467,4264.0
AlpacaEval,CQR,21,1,1e-06,0.01,400,8503.806535100935,71.50171,38.38384,87.03563,80.30273,77.52992,63.918243,78.31548,75.166664,86.92811,50.0,1262.8969,-0.19185075,1.7168292,0.50221467,8503.7
AlpacaEval,CQR,22,1,1e-06,0.01,400,8503.805893754958,71.50171,38.38384,87.03563,80.30273,77.52992,63.918243,78.31548,75.166664,86.92811,50.0,1262.8969,-0.19185075,1.7168292,0.50221467,8503.7
AlpacaEval,CQR,23,0,4e-06,0.01,200,4264.105676031113,71.92833,39.39394,87.64215,80.60147,76.605,65.273674,76.106064,72.36667,84.09091,47.07675,1223.7786,0.39157057,0.7481799,0.5212467,4264.0
AlpacaEval,CQR,24,0,4e-06,0.01,200,4264.105461454392,71.92833,39.39394,87.64215,80.60147,76.605,65.273674,76.106064,72.36667,84.09091,47.07675,1223.7786,0.39157057,0.7481799,0.5212467,4264.0
AlpacaEval,RandomSearch,0,1,1e-06,0.02,400,8508.007065629958,71.07509,38.38384,85.74678,79.82474,77.85637,63.049118,79.82049,69.46667,83.22581,43.49624,1254.9758,-0.46438155,0.4883803,-0.117922686,8507.9
AlpacaEval,RandomSearch,1,0,1e-06,0.02,400,8508.007059192656,71.07509,38.38384,85.74678,79.82474,77.85637,63.049118,79.82049,69.46667,83.22581,43.49624,1254.9758,-0.46438155,0.4883803,-0.117922686,8507.9
AlpacaEval,RandomSearch,2,0,1e-06,0.01,400,8503.80617008209,71.50171,38.38384,87.03563,80.30273,77.52992,63.918243,78.31548,75.166664,86.92811,50.0,1262.8969,-0.19185075,1.7168292,0.50221467,8503.7
AlpacaEval,RandomSearch,3,0,4e-06,0.02,200,4256.105348682404,71.92833,38.88889,86.50493,80.233025,77.910774,64.28033,78.08692,72.166664,85.76159,41.394894,1237.6453,0.60993916,0.76994044,0.66812146,4256.0
AlpacaEval,RandomSearch,4,1,1e-06,0.02,400,8508.007482624052,71.07509,38.38384,85.74678,79.82474,77.85637,63.049118,79.82049,69.46667,83.22581,43.49624,1254.9758,-0.46438155,0.4883803,-0.117922686,8507.9
AlpacaEval,RandomSearch,5,0,1e-06,0.01,400,8503.806326484679,71.50171,38.38384,87.03563,80.30273,77.52992,63.918243,78.31548,75.166664,86.92811,50.0,1262.8969,-0.19185075,1.7168292,0.50221467,8503.7
AlpacaEval,RandomSearch,6,1,2e-06,0.01,200,4259.7059801578525,70.819115,38.38384,86.353294,80.233025,77.85637,63.270527,78.69641,77.73333,84.83871,47.87344,1242.7335,0.33775517,1.4125086,0.72857463,4259.6
AlpacaEval,RandomSearch,7,1,2e-06,0.01,200,4259.706903791428,70.819115,38.38384,86.353294,80.233025,77.85637,63.270527,78.69641,77.73333,84.83871,47.87344,1242.7335,0.33775517,1.4125086,0.72857463,4259.6
AlpacaEval,RandomSearch,8,0,4e-06,0.01,200,4264.105301713944,71.92833,39.39394,87.64215,80.60147,76.605,65.273674,76.106064,72.36667,84.09091,47.07675,1223.7786,0.39157057,0.7481799,0.5212467,4264.0
AlpacaEval,RandomSearch,9,1,4e-06,0.01,200,4264.105121707917,71.92833,39.39394,87.64215,80.60147,76.605,65.273674,76.106064,72.36667,84.09091,47.07675,1223.7786,0.39157057,0.7481799,0.5212467,4264.0
AlpacaEval,RandomSearch,10,0,2e-06,0.01,200,4259.704886770249,70.819115,38.38384,86.353294,80.233025,77.85637,63.270527,78.69641,77.73333,84.83871,47.87344,1242.7335,0.33775517,1.4125086,0.72857463,4259.6
AlpacaEval,RandomSearch,11,1,2e-06,0.01,200,4259.707973575592,70.819115,38.38384,86.353294,80.233025,77.85637,63.270527,78.69641,77.73333,84.83871,47.87344,1242.7335,0.33775517,1.4125086,0.72857463,4259.6
AlpacaEval,RandomSearch,12,2,1e-06,0.01,400,21968.9623316288,71.50171,38.38384,87.03563,80.30273,77.52992,63.918243,78.31548,75.166664,86.92811,50.0,1262.8969,-0.19185075,1.7168292,0.50221467,8503.7
AlpacaEval,RandomSearch,13,0,1e-06,0.01,400,8503.805760002135,71.50171,38.38384,87.03563,80.30273,77.52992,63.918243,78.31548,75.166664,86.92811,50.0,1262.8969,-0.19185075,1.7168292,0.50221467,8503.7
AlpacaEval,RandomSearch,14,1,1e-06,0.01,400,8503.804837322234,71.50171,38.38384,87.03563,80.30273,77.52992,63.918243,78.31548,75.166664,86.92811,50.0,1262.8969,-0.19185075,1.7168292,0.50221467,8503.7
AlpacaEval,RandomSearch,15,0,1e-06,0.01,400,8503.805337762831,71.50171,38.38384,87.03563,80.30273,77.52992,63.918243,78.31548,75.166664,86.92811,50.0,1262.8969,-0.19185075,1.7168292,0.50221467,8503.7
AlpacaEval,RandomSearch,16,1,4e-06,0.01,200,4264.105111217499,71.92833,39.39394,87.64215,80.60147,76.605,65.273674,76.106064,72.36667,84.09091,47.07675,1223.7786,0.39157057,0.7481799,0.5212467,4264.0
AlpacaEval,RandomSearch,17,1,4e-06,0.01,200,4264.10958275795,71.92833,39.39394,87.64215,80.60147,76.605,65.273674,76.106064,72.36667,84.09091,47.07675,1223.7786,0.39157057,0.7481799,0.5212467,4264.0
AlpacaEval,RandomSearch,18,1,2e-06,0.02,400,8475.50856361389,71.92833,40.40404,88.097046,79.93427,77.20348,64.994545,77.52114,68.76667,84.51613,45.49068,1222.7162,0.1489811,0.33666122,0.21722841,8475.4
AlpacaEval,RandomSearch,19,0,1e-06,0.01,400,8503.80589852333,71.50171,38.38384,87.03563,80.30273,77.52992,63.918243,78.31548,75.166664,86.92811,50.0,1262.8969,-0.19185075,1.7168292,0.50221467,8503.7
AlpacaEval,RandomSearch,20,2,2e-06,0.02,400,21940.66336188316,71.92833,40.40404,88.097046,79.93427,77.20348,64.994545,77.52114,68.76667,84.51613,45.49068,1222.7162,0.1489811,0.33666122,0.21722841,8475.4
AlpacaEval,RandomSearch,21,0,4e-06,0.01,200,4264.107251262665,71.92833,39.39394,87.64215,80.60147,76.605,65.273674,76.106064,72.36667,84.09091,47.07675,1223.7786,0.39157057,0.7481799,0.5212467,4264.0
AlpacaEval,RandomSearch,22,0,1e-06,0.04,600,12797.50742921829,71.75768,38.88889,85.36771,79.65545,77.801956,62.687347,78.160614,65.933334,82.026146,34.757286,1165.9854,-0.7442267,-0.701743,-0.7287781,12797.4
AlpacaEval,RandomSearch,23,1,1e-06,0.01,400,8503.80532441139,71.50171,38.38384,87.03563,80.30273,77.52992,63.918243,78.31548,75.166664,86.92811,50.0,1262.8969,-0.19185075,1.7168292,0.50221467,8503.7
AlpacaEval,RandomSearch,24,0,1e-06,0.02,400,8508.006730890273,71.07509,38.38384,85.74678,79.82474,77.85637,63.049118,79.82049,69.46667,83.22581,43.49624,1254.9758,-0.46438155,0.4883803,-0.117922686,8507.9
AlpacaEval,TPE,0,1,2e-06,0.01,200,4259.713626241684,70.819115,38.38384,86.353294,80.233025,77.85637,63.270527,78.69641,77.73333,84.83871,47.87344,1242.7335,0.33775517,1.4125086,0.72857463,4259.6
AlpacaEval,TPE,1,0,1e-06,0.01,400,8503.806955909728,71.50171,38.38384,87.03563,80.30273,77.52992,63.918243,78.31548,75.166664,86.92811,50.0,1262.8969,-0.19185075,1.7168292,0.50221467,8503.7
AlpacaEval,TPE,2,1,2e-06,0.01,200,4259.714290475846,70.819115,38.38384,86.353294,80.233025,77.85637,63.270527,78.69641,77.73333,84.83871,47.87344,1242.7335,0.33775517,1.4125086,0.72857463,4259.6
AlpacaEval,TPE,3,0,2e-06,0.02,400,8475.505740261076,71.92833,40.40404,88.097046,79.93427,77.20348,64.994545,77.52114,68.76667,84.51613,45.49068,1222.7162,0.1489811,0.33666122,0.21722841,8475.4
AlpacaEval,TPE,4,1,4e-06,0.02,200,4256.107609367371,71.92833,38.88889,86.50493,80.233025,77.910774,64.28033,78.08692,72.166664,85.76159,41.394894,1237.6453,0.60993916,0.76994044,0.66812146,4256.0
AlpacaEval,TPE,5,0,2e-06,0.01,200,4259.709864473343,70.819115,38.38384,86.353294,80.233025,77.85637,63.270527,78.69641,77.73333,84.83871,47.87344,1242.7335,0.33775517,1.4125086,0.72857463,4259.6
AlpacaEval,TPE,6,1,2e-06,0.01,200,4259.70474729538,70.819115,38.38384,86.353294,80.233025,77.85637,63.270527,78.69641,77.73333,84.83871,47.87344,1242.7335,0.33775517,1.4125086,0.72857463,4259.6
AlpacaEval,TPE,7,0,2e-06,0.01,200,4259.702398395539,70.819115,38.38384,86.353294,80.233025,77.85637,63.270527,78.69641,77.73333,84.83871,47.87344,1242.7335,0.33775517,1.4125086,0.72857463,4259.6
AlpacaEval,TPE,8,1,2e-06,0.01,200,4259.70773396492,70.819115,38.38384,86.353294,80.233025,77.85637,63.270527,78.69641,77.73333,84.83871,47.87344,1242.7335,0.33775517,1.4125086,0.72857463,4259.6
AlpacaEval,TPE,9,0,2e-06,0.02,400,8475.505027627943,71.92833,40.40404,88.097046,79.93427,77.20348,64.994545,77.52114,68.76667,84.51613,45.49068,1222.7162,0.1489811,0.33666122,0.21722841,8475.4
AlpacaEval,TPE,10,0,1e-06,0.01,400,8503.805260515212,71.50171,38.38384,87.03563,80.30273,77.52992,63.918243,78.31548,75.166664,86.92811,50.0,1262.8969,-0.19185075,1.7168292,0.50221467,8503.7
AlpacaEval,TPE,11,0,1e-06,0.01,400,8503.812282419203,71.50171,38.38384,87.03563,80.30273,77.52992,63.918243,78.31548,75.166664,86.92811,50.0,1262.8969,-0.19185075,1.7168292,0.50221467,8503.7
AlpacaEval,TPE,12,2,2e-06,0.01,200,17724.866814947127,70.819115,38.38384,86.353294,80.233025,77.85637,63.270527,78.69641,77.73333,84.83871,47.87344,1242.7335,0.33775517,1.4125086,0.72857463,4259.6
AlpacaEval,TPE,13,1,1e-06,0.01,400,8503.806894159316,71.50171,38.38384,87.03563,80.30273,77.52992,63.918243,78.31548,75.166664,86.92811,50.0,1262.8969,-0.19185075,1.7168292,0.50221467,8503.7
AlpacaEval,TPE,14,2,1e-06,0.02,400,21973.165924882887,71.07509,38.38384,85.74678,79.82474,77.85637,63.049118,79.82049,69.46667,83.22581,43.49624,1254.9758,-0.46438155,0.4883803,-0.117922686,8507.9
AlpacaEval,TPE,15,1,1e-06,0.02,400,8508.006370162962,71.07509,38.38384,85.74678,79.82474,77.85637,63.049118,79.82049,69.46667,83.22581,43.49624,1254.9758,-0.46438155,0.4883803,-0.117922686,8507.9
AlpacaEval,TPE,16,2,2e-06,0.02,400,21940.665584897997,71.92833,40.40404,88.097046,79.93427,77.20348,64.994545,77.52114,68.76667,84.51613,45.49068,1222.7162,0.1489811,0.33666122,0.21722841,8475.4
AlpacaEval,TPE,17,0,2e-06,0.01,200,4259.706105089188,70.819115,38.38384,86.353294,80.233025,77.85637,63.270527,78.69641,77.73333,84.83871,47.87344,1242.7335,0.33775517,1.4125086,0.72857463,4259.6
AlpacaEval,TPE,18,1,1e-06,0.01,400,8503.805771446227,71.50171,38.38384,87.03563,80.30273,77.52992,63.918243,78.31548,75.166664,86.92811,50.0,1262.8969,-0.19185075,1.7168292,0.50221467,8503.7
AlpacaEval,TPE,19,0,4e-06,0.02,200,4256.106123542786,71.92833,38.88889,86.50493,80.233025,77.910774,64.28033,78.08692,72.166664,85.76159,41.394894,1237.6453,0.60993916,0.76994044,0.66812146,4256.0
AlpacaEval,TPE,20,0,2e-06,0.04,400,8524.806665515898,71.75768,39.39394,86.884,79.764984,77.63874,63.815445,79.181015,67.8,79.545456,36.454247,1205.6589,-0.10358564,-0.8301328,-0.3677846,8524.7
AlpacaEval,TPE,21,0,1e-06,0.01,400,8503.804839944838,71.50171,38.38384,87.03563,80.30273,77.52992,63.918243,78.31548,75.166664,86.92811,50.0,1262.8969,-0.19185075,1.7168292,0.50221467,8503.7
AlpacaEval,TPE,22,0,1e-06,0.01,400,8503.80734810829,71.50171,38.38384,87.03563,80.30273,77.52992,63.918243,78.31548,75.166664,86.92811,50.0,1262.8969,-0.19185075,1.7168292,0.50221467,8503.7
AlpacaEval,TPE,23,0,1e-06,0.02,400,8508.011779403685,71.07509,38.38384,85.74678,79.82474,77.85637,63.049118,79.82049,69.46667,83.22581,43.49624,1254.9758,-0.46438155,0.4883803,-0.117922686,8507.9
AlpacaEval,TPE,24,1,2e-06,0.04,400,8524.805899715422,71.75768,39.39394,86.884,79.764984,77.63874,63.815445,79.181015,67.8,79.545456,36.454247,1205.6589,-0.10358564,-0.8301328,-0.3677846,8524.7
Arena-Hard,ASHA,0,0,1e-06,0.02,800,17015.908343172072,72.098976,40.40404,86.80819,79.98407,77.47552,64.418495,79.6219,72.833336,80.76923,40.79183,1223.41,-0.22536251,0.8335903,0.15971126,17015.8
Arena-Hard,ASHA,1,0,2e-06,0.01,200,4259.705504274369,70.819115,38.38384,86.353294,80.233025,77.85637,63.270527,78.69641,77.73333,84.83871,47.87344,1242.7335,0.33775517,1.4125086,0.72857463,4259.6
Arena-Hard,ASHA,2,0,1e-06,0.02,800,17015.905873155592,72.098976,40.40404,86.80819,79.98407,77.47552,64.418495,79.6219,72.833336,80.76923,40.79183,1223.41,-0.22536251,0.8335903,0.15971126,17015.8
Arena-Hard,ASHA,3,1,2e-06,0.01,200,4259.707194185257,70.819115,38.38384,86.353294,80.233025,77.85637,63.270527,78.69641,77.73333,84.83871,47.87344,1242.7335,0.33775517,1.4125086,0.72857463,4259.6
Arena-Hard,ASHA,4,3,4e-06,0.02,200,21976.422005750654,71.92833,38.88889,86.50493,80.233025,77.910774,64.28033,78.08692,72.166664,85.76159,41.394894,1237.6453,0.60993916,0.76994044,0.66812146,4256.0
Arena-Hard,ASHA,5,3,1e-06,0.01,400,26224.119105197904,71.50171,38.38384,87.03563,80.30273,77.52992,63.918243,78.31548,75.166664,86.92811,50.0,1262.8969,-0.19185075,1.7168292,0.50221467,8503.7
Arena-Hard,ASHA,6,0,4e-06,0.02,200,4256.105391836167,71.92833,38.88889,86.50493,80.233025,77.910774,64.28033,78.08692,72.166664,85.76159,41.394894,1237.6453,0.60993916,0.76994044,0.66812146,4256.0
Arena-Hard,ASHA,7,0,1e-06,0.02,800,17015.905630683897,72.098976,40.40404,86.80819,79.98407,77.47552,64.418495,79.6219,72.833336,80.76923,40.79183,1223.41,-0.22536251,0.8335903,0.15971126,17015.8
Arena-Hard,ASHA,8,0,1e-06,0.02,800,17015.905674791335,72.098976,40.40404,86.80819,79.98407,77.47552,64.418495,79.6219,72.833336,80.76923,40.79183,1223.41,-0.22536251,0.8335903,0.15971126,17015.8
Arena-Hard,ASHA,9,0,4e-06,0.01,200,4264.105167007447,71.92833,39.39394,87.64215,80.60147,76.605,65.273674,76.106064,72.36667,84.09091,47.07675,1223.7786,0.39157057,0.7481799,0.5212467,4264.0
Arena-Hard,ASHA,10,1,1e-06,0.01,400,8503.805550670622,71.50171,38.38384,87.03563,80.30273,77.52992,63.918243,78.31548,75.166664,86.92811,50.0,1262.8969,-0.19185075,1.7168292,0.50221467,8503.7
Arena-Hard,ASHA,11,0,2e-06,0.01,200,4259.702109432221,70.819115,38.38384,86.353294,80.233025,77.85637,63.270527,78.69641,77.73333,84.83871,47.87344,1242.7335,0.33775517,1.4125086,0.72857463,4259.6
Arena-Hard,ASHA,12,0,4e-06,0.02,200,4256.106722688675,71.92833,38.88889,86.50493,80.233025,77.910774,64.28033,78.08692,72.166664,85.76159,41.394894,1237.6453,0.60993916,0.76994044,0.66812146,4256.0
Arena-Hard,ASHA,13,0,4e-06,0.01,200,4264.105409002304,71.92833,39.39394,87.64215,80.60147,76.605,65.273674,76.106064,72.36667,84.09091,47.07675,1223.7786,0.39157057,0.7481799,0.5212467,4264.0
Arena-Hard,ASHA,14,0,1e-06,0.01,400,8503.808398818968,71.50171,38.38384,87.03563,80.30273,77.52992,63.918243,78.31548,75.166664,86.92811,50.0,1262.8969,-0.19185075,1.7168292,0.50221467,8503.7
Arena-Hard,ASHA,15,0,1e-06,0.02,800,17015.906341171263,72.098976,40.40404,86.80819,79.98407,77.47552,64.418495,79.6219,72.833336,80.76923,40.79183,1223.41,-0.22536251,0.8335903,0.15971126,17015.8
Arena-Hard,ASHA,16,1,2e-06,0.02,200,4237.805895900727,71.16041,37.878788,85.44352,79.72515,77.96518,62.357796,78.13563,71.53333,87.33766,43.10038,1226.4381,-0.02705425,0.7779465,0.26567328,4237.7
Arena-Hard,ASHA,17,1,4e-06,0.02,200,4256.106309270859,71.92833,38.88889,86.50493,80.233025,77.910774,64.28033,78.08692,72.166664,85.76159,41.394894,1237.6453,0.60993916,0.76994044,0.66812146,4256.0
Arena-Hard,ASHA,18,0,4e-06,0.01,200,4264.10216627121,71.92833,39.39394,87.64215,80.60147,76.605,65.273674,76.106064,72.36667,84.09091,47.07675,1223.7786,0.39157057,0.7481799,0.5212467,4264.0
Arena-Hard,ASHA,19,0,2e-06,0.04,200,4262.505119657517,70.819115,38.88889,84.60955,79.615616,78.07399,60.554516,80.688515,70.066666,83.11688,32.8592,1195.9059,0.22388005,-0.24858908,0.052073095,4262.4
Arena-Hard,ASHA,20,0,4e-06,0.01,200,4264.105887746811,71.92833,39.39394,87.64215,80.60147,76.605,65.273674,76.106064,72.36667,84.09091,47.07675,1223.7786,0.39157057,0.7481799,0.5212467,4264.0
Arena-Hard,ASHA,21,0,2e-06,0.01,200,4259.70218167305,70.819115,38.38384,86.353294,80.233025,77.85637,63.270527,78.69641,77.73333,84.83871,47.87344,1242.7335,0.33775517,1.4125086,0.72857463,4259.6
Arena-Hard,ASHA,22,0,2e-06,0.01,200,4259.7055700778965,70.819115,38.38384,86.353294,80.233025,77.85637,63.270527,78.69641,77.73333,84.83871,47.87344,1242.7335,0.33775517,1.4125086,0.72857463,4259.6
Arena-Hard,ASHA,23,0,4e-06,0.01,200,4264.10496673584,71.92833,39.39394,87.64215,80.60147,76.605,65.273674,76.106064,72.36667,84.09091,47.07675,1223.7786,0.39157057,0.7481799,0.5212467,4264.0
Arena-Hard,ASHA,24,0,4e-06,0.01,200,4264.107309913636,71.92833,39.39394,87.64215,80.60147,76.605,65.273674,76.106064,72.36667,84.09091,47.07675,1223.7786,0.39157057,0.7481799,0.5212467,4264.0
Arena-Hard,BOHB,0,0,1e-06,0.02,800,17015.90606007576,72.098976,40.40404,86.80819,79.98407,77.47552,64.418495,79.6219,72.833336,80.76923,40.79183,1223.41,-0.22536251,0.8335903,0.15971126,17015.8
Arena-Hard,BOHB,1,0,2e-06,0.01,200,4259.715413427353,70.819115,38.38384,86.353294,80.233025,77.85637,63.270527,78.69641,77.73333,84.83871,47.87344,1242.7335,0.33775517,1.4125086,0.72857463,4259.6
Arena-Hard,BOHB,2,0,1e-06,0.02,800,17015.906143045424,72.098976,40.40404,86.80819,79.98407,77.47552,64.418495,79.6219,72.833336,80.76923,40.79183,1223.41,-0.22536251,0.8335903,0.15971126,17015.8
Arena-Hard,BOHB,3,1,2e-06,0.01,200,4259.706506109238,70.819115,38.38384,86.353294,80.233025,77.85637,63.270527,78.69641,77.73333,84.83871,47.87344,1242.7335,0.33775517,1.4125086,0.72857463,4259.6
Arena-Hard,BOHB,4,3,4e-06,0.02,200,21976.416550256727,71.92833,38.88889,86.50493,80.233025,77.910774,64.28033,78.08692,72.166664,85.76159,41.394894,1237.6453,0.60993916,0.76994044,0.66812146,4256.0
Arena-Hard,BOHB,5,3,1e-06,0.01,400,26224.115289546964,71.50171,38.38384,87.03563,80.30273,77.52992,63.918243,78.31548,75.166664,86.92811,50.0,1262.8969,-0.19185075,1.7168292,0.50221467,8503.7
Arena-Hard,BOHB,6,0,4e-06,0.02,200,4256.105653142929,71.92833,38.88889,86.50493,80.233025,77.910774,64.28033,78.08692,72.166664,85.76159,41.394894,1237.6453,0.60993916,0.76994044,0.66812146,4256.0
Arena-Hard,BOHB,7,0,1e-06,0.02,800,17015.907997226714,72.098976,40.40404,86.80819,79.98407,77.47552,64.418495,79.6219,72.833336,80.76923,40.79183,1223.41,-0.22536251,0.8335903,0.15971126,17015.8
Arena-Hard,BOHB,8,0,1e-06,0.02,800,17015.905676460265,72.098976,40.40404,86.80819,79.98407,77.47552,64.418495,79.6219,72.833336,80.76923,40.79183,1223.41,-0.22536251,0.8335903,0.15971126,17015.8
Arena-Hard,BOHB,9,0,4e-06,0.01,200,4264.105618572236,71.92833,39.39394,87.64215,80.60147,76.605,65.273674,76.106064,72.36667,84.09091,47.07675,1223.7786,0.39157057,0.7481799,0.5212467,4264.0
Arena-Hard,BOHB,10,1,1e-06,0.01,400,8503.807260370253,71.50171,38.38384,87.03563,80.30273,77.52992,63.918243,78.31548,75.166664,86.92811,50.0,1262.8969,-0.19185075,1.7168292,0.50221467,8503.7
Arena-Hard,BOHB,11,0,2e-06,0.01,200,4259.708730554581,70.819115,38.38384,86.353294,80.233025,77.85637,63.270527,78.69641,77.73333,84.83871,47.87344,1242.7335,0.33775517,1.4125086,0.72857463,4259.6
Arena-Hard,BOHB,12,0,4e-06,0.02,200,4256.105801916123,71.92833,38.88889,86.50493,80.233025,77.910774,64.28033,78.08692,72.166664,85.76159,41.394894,1237.6453,0.60993916,0.76994044,0.66812146,4256.0
Arena-Hard,BOHB,13,0,4e-06,0.01,200,4264.105797624588,71.92833,39.39394,87.64215,80.60147,76.605,65.273674,76.106064,72.36667,84.09091,47.07675,1223.7786,0.39157057,0.7481799,0.5212467,4264.0
Arena-Hard,BOHB,14,0,1e-06,0.01,400,8503.810396528243,71.50171,38.38384,87.03563,80.30273,77.52992,63.918243,78.31548,75.166664,86.92811,50.0,1262.8969,-0.19185075,1.7168292,0.50221467,8503.7
Arena-Hard,BOHB,15,0,1e-06,0.02,800,17015.905988550185,72.098976,40.40404,86.80819,79.98407,77.47552,64.418495,79.6219,72.833336,80.76923,40.79183,1223.41,-0.22536251,0.8335903,0.15971126,17015.8
Arena-Hard,BOHB,16,1,2e-06,0.02,200,4237.80490193367,71.16041,37.878788,85.44352,79.72515,77.96518,62.357796,78.13563,71.53333,87.33766,43.10038,1226.4381,-0.02705425,0.7779465,0.26567328,4237.7
Arena-Hard,BOHB,17,1,4e-06,0.02,200,4256.113375759125,71.92833,38.88889,86.50493,80.233025,77.910774,64.28033,78.08692,72.166664,85.76159,41.394894,1237.6453,0.60993916,0.76994044,0.66812146,4256.0
Arena-Hard,BOHB,18,0,4e-06,0.01,200,4264.105279302597,71.92833,39.39394,87.64215,80.60147,76.605,65.273674,76.106064,72.36667,84.09091,47.07675,1223.7786,0.39157057,0.7481799,0.5212467,4264.0
Arena-Hard,BOHB,19,0,2e-06,0.04,200,4262.506048059464,70.819115,38.88889,84.60955,79.615616,78.07399,60.554516,80.688515,70.066666,83.11688,32.8592,1195.9059,0.22388005,-0.24858908,0.052073095,4262.4
Arena-Hard,BOHB,20,0,4e-06,0.01,200,4264.106586790085,71.92833,39.39394,87.64215,80.60147,76.605,65.273674,76.106064,72.36667,84.09091,47.07675,1223.7786,0.39157057,0.7481799,0.5212467,4264.0
Arena-Hard,BOHB,21,0,2e-06,0.01,200,4259.705629444123,70.819115,38.38384,86.353294,80.233025,77.85637,63.270527,78.69641,77.73333,84.83871,47.87344,1242.7335,0.33775517,1.4125086,0.72857463,4259.6
Arena-Hard,BOHB,22,0,2e-06,0.01,200,4259.707546806336,70.819115,38.38384,86.353294,80.233025,77.85637,63.270527,78.69641,77.73333,84.83871,47.87344,1242.7335,0.33775517,1.4125086,0.72857463,4259.6
Arena-Hard,BOHB,23,0,4e-06,0.01,200,4264.108762598038,71.92833,39.39394,87.64215,80.60147,76.605,65.273674,76.106064,72.36667,84.09091,47.07675,1223.7786,0.39157057,0.7481799,0.5212467,4264.0
Arena-Hard,BOHB,24,0,4e-06,0.01,200,4264.105183696747,71.92833,39.39394,87.64215,80.60147,76.605,65.273674,76.106064,72.36667,84.09091,47.07675,1223.7786,0.39157057,0.7481799,0.5212467,4264.0
Arena-Hard,BOTorch,0,1,1e-06,0.01,400,8503.807909822463,71.50171,38.38384,87.03563,80.30273,77.52992,63.918243,78.31548,75.166664,86.92811,50.0,1262.8969,-0.19185075,1.7168292,0.50221467,8503.7
Arena-Hard,BOTorch,1,2,4e-06,0.02,200,17721.26541290283,71.92833,38.88889,86.50493,80.233025,77.910774,64.28033,78.08692,72.166664,85.76159,41.394894,1237.6453,0.60993916,0.76994044,0.66812146,4256.0
Arena-Hard,BOTorch,2,0,2e-06,0.01,200,4259.704767322541,70.819115,38.38384,86.353294,80.233025,77.85637,63.270527,78.69641,77.73333,84.83871,47.87344,1242.7335,0.33775517,1.4125086,0.72857463,4259.6
Arena-Hard,BOTorch,3,1,1e-06,0.01,400,8503.812485790251,71.50171,38.38384,87.03563,80.30273,77.52992,63.918243,78.31548,75.166664,86.92811,50.0,1262.8969,-0.19185075,1.7168292,0.50221467,8503.7
Arena-Hard,BOTorch,4,1,2e-06,0.01,200,4259.705957984925,70.819115,38.38384,86.353294,80.233025,77.85637,63.270527,78.69641,77.73333,84.83871,47.87344,1242.7335,0.33775517,1.4125086,0.72857463,4259.6
Arena-Hard,BOTorch,5,0,4e-06,0.01,200,4264.104909276963,71.92833,39.39394,87.64215,80.60147,76.605,65.273674,76.106064,72.36667,84.09091,47.07675,1223.7786,0.39157057,0.7481799,0.5212467,4264.0
Arena-Hard,BOTorch,6,1,2e-06,0.01,200,4259.707190847397,70.819115,38.38384,86.353294,80.233025,77.85637,63.270527,78.69641,77.73333,84.83871,47.87344,1242.7335,0.33775517,1.4125086,0.72857463,4259.6
Arena-Hard,BOTorch,7,0,1e-06,0.02,800,17015.905552482604,72.098976,40.40404,86.80819,79.98407,77.47552,64.418495,79.6219,72.833336,80.76923,40.79183,1223.41,-0.22536251,0.8335903,0.15971126,17015.8
Arena-Hard,BOTorch,8,0,4e-06,0.01,200,4264.10658941269,71.92833,39.39394,87.64215,80.60147,76.605,65.273674,76.106064,72.36667,84.09091,47.07675,1223.7786,0.39157057,0.7481799,0.5212467,4264.0
Arena-Hard,BOTorch,9,0,1e-06,0.02,800,17015.907643413542,72.098976,40.40404,86.80819,79.98407,77.47552,64.418495,79.6219,72.833336,80.76923,40.79183,1223.41,-0.22536251,0.8335903,0.15971126,17015.8
Arena-Hard,BOTorch,10,0,2e-06,0.02,200,4237.806060647965,71.16041,37.878788,85.44352,79.72515,77.96518,62.357796,78.13563,71.53333,87.33766,43.10038,1226.4381,-0.02705425,0.7779465,0.26567328,4237.7
Arena-Hard,BOTorch,11,1,2e-06,0.01,200,4259.705326652527,70.819115,38.38384,86.353294,80.233025,77.85637,63.270527,78.69641,77.73333,84.83871,47.87344,1242.7335,0.33775517,1.4125086,0.72857463,4259.6
Arena-Hard,BOTorch,12,1,1e-06,0.01,400,8503.807201480864,71.50171,38.38384,87.03563,80.30273,77.52992,63.918243,78.31548,75.166664,86.92811,50.0,1262.8969,-0.19185075,1.7168292,0.50221467,8503.7
Arena-Hard,BOTorch,13,1,1e-06,0.02,800,17015.906550741194,72.098976,40.40404,86.80819,79.98407,77.47552,64.418495,79.6219,72.833336,80.76923,40.79183,1223.41,-0.22536251,0.8335903,0.15971126,17015.8
Arena-Hard,BOTorch,14,0,4e-06,0.02,200,4256.105498170853,71.92833,38.88889,86.50493,80.233025,77.910774,64.28033,78.08692,72.166664,85.76159,41.394894,1237.6453,0.60993916,0.76994044,0.66812146,4256.0
Arena-Hard,BOTorch,15,1,4e-06,0.01,200,4264.105546808243,71.92833,39.39394,87.64215,80.60147,76.605,65.273674,76.106064,72.36667,84.09091,47.07675,1223.7786,0.39157057,0.7481799,0.5212467,4264.0
Arena-Hard,BOTorch,16,0,1e-06,0.02,800,17015.906575775145,72.098976,40.40404,86.80819,79.98407,77.47552,64.418495,79.6219,72.833336,80.76923,40.79183,1223.41,-0.22536251,0.8335903,0.15971126,17015.8
Arena-Hard,BOTorch,17,0,4e-06,0.02,200,4256.106410360337,71.92833,38.88889,86.50493,80.233025,77.910774,64.28033,78.08692,72.166664,85.76159,41.394894,1237.6453,0.60993916,0.76994044,0.66812146,4256.0
Arena-Hard,BOTorch,18,1,1e-06,0.02,800,17015.90826807022,72.098976,40.40404,86.80819,79.98407,77.47552,64.418495,79.6219,72.833336,80.76923,40.79183,1223.41,-0.22536251,0.8335903,0.15971126,17015.8
Arena-Hard,BOTorch,19,0,4e-06,0.02,200,4256.1105512142185,71.92833,38.88889,86.50493,80.233025,77.910774,64.28033,78.08692,72.166664,85.76159,41.394894,1237.6453,0.60993916,0.76994044,0.66812146,4256.0
Arena-Hard,BOTorch,20,1,4e-06,0.01,200,4264.108192777634,71.92833,39.39394,87.64215,80.60147,76.605,65.273674,76.106064,72.36667,84.09091,47.07675,1223.7786,0.39157057,0.7481799,0.5212467,4264.0
Arena-Hard,BOTorch,21,0,2e-06,0.01,200,4259.706225728989,70.819115,38.38384,86.353294,80.233025,77.85637,63.270527,78.69641,77.73333,84.83871,47.87344,1242.7335,0.33775517,1.4125086,0.72857463,4259.6
Arena-Hard,BOTorch,22,1,2e-06,0.01,200,4259.706864452362,70.819115,38.38384,86.353294,80.233025,77.85637,63.270527,78.69641,77.73333,84.83871,47.87344,1242.7335,0.33775517,1.4125086,0.72857463,4259.6
Arena-Hard,BOTorch,23,0,4e-06,0.02,200,4256.114393568039,71.92833,38.88889,86.50493,80.233025,77.910774,64.28033,78.08692,72.166664,85.76159,41.394894,1237.6453,0.60993916,0.76994044,0.66812146,4256.0
Arena-Hard,BOTorch,24,1,1e-06,0.04,800,17063.30504236221,71.672356,39.89899,86.732376,79.65545,78.29162,63.274734,79.67061,70.1,84.31373,33.04767,1195.4678,-0.41055667,0.33043745,-0.14110427,17063.2
Arena-Hard,CQR,0,0,1e-06,0.02,800,17015.906288957594,72.098976,40.40404,86.80819,79.98407,77.47552,64.418495,79.6219,72.833336,80.76923,40.79183,1223.41,-0.22536251,0.8335903,0.15971126,17015.8
Arena-Hard,CQR,1,0,2e-06,0.01,200,4259.705553388596,70.819115,38.38384,86.353294,80.233025,77.85637,63.270527,78.69641,77.73333,84.83871,47.87344,1242.7335,0.33775517,1.4125086,0.72857463,4259.6
Arena-Hard,CQR,2,0,1e-06,0.02,800,17015.91668448448,72.098976,40.40404,86.80819,79.98407,77.47552,64.418495,79.6219,72.833336,80.76923,40.79183,1223.41,-0.22536251,0.8335903,0.15971126,17015.8
Arena-Hard,CQR,3,1,2e-06,0.01,200,4259.705761766434,70.819115,38.38384,86.353294,80.233025,77.85637,63.270527,78.69641,77.73333,84.83871,47.87344,1242.7335,0.33775517,1.4125086,0.72857463,4259.6
Arena-Hard,CQR,4,2,1e-06,0.01,400,21968.979109621047,71.50171,38.38384,87.03563,80.30273,77.52992,63.918243,78.31548,75.166664,86.92811,50.0,1262.8969,-0.19185075,1.7168292,0.50221467,8503.7
Arena-Hard,CQR,5,2,1e-06,0.02,800,30481.06693110466,72.098976,40.40404,86.80819,79.98407,77.47552,64.418495,79.6219,72.833336,80.76923,40.79183,1223.41,-0.22536251,0.8335903,0.15971126,17015.8
Arena-Hard,CQR,6,0,4e-06,0.02,200,4256.10553226471,71.92833,38.88889,86.50493,80.233025,77.910774,64.28033,78.08692,72.166664,85.76159,41.394894,1237.6453,0.60993916,0.76994044,0.66812146,4256.0
Arena-Hard,CQR,7,0,1e-06,0.02,800,17015.906592941283,72.098976,40.40404,86.80819,79.98407,77.47552,64.418495,79.6219,72.833336,80.76923,40.79183,1223.41,-0.22536251,0.8335903,0.15971126,17015.8
Arena-Hard,CQR,8,0,1e-06,0.02,800,17015.906389093398,72.098976,40.40404,86.80819,79.98407,77.47552,64.418495,79.6219,72.833336,80.76923,40.79183,1223.41,-0.22536251,0.8335903,0.15971126,17015.8
Arena-Hard,CQR,9,0,4e-06,0.01,200,4264.105537748337,71.92833,39.39394,87.64215,80.60147,76.605,65.273674,76.106064,72.36667,84.09091,47.07675,1223.7786,0.39157057,0.7481799,0.5212467,4264.0
Arena-Hard,CQR,10,1,1e-06,0.01,400,8503.806800222395,71.50171,38.38384,87.03563,80.30273,77.52992,63.918243,78.31548,75.166664,86.92811,50.0,1262.8969,-0.19185075,1.7168292,0.50221467,8503.7
Arena-Hard,CQR,11,0,2e-06,0.01,200,4259.704887008667,70.819115,38.38384,86.353294,80.233025,77.85637,63.270527,78.69641,77.73333,84.83871,47.87344,1242.7335,0.33775517,1.4125086,0.72857463,4259.6
Arena-Hard,CQR,12,0,4e-06,0.02,200,4256.105646228791,71.92833,38.88889,86.50493,80.233025,77.910774,64.28033,78.08692,72.166664,85.76159,41.394894,1237.6453,0.60993916,0.76994044,0.66812146,4256.0
Arena-Hard,CQR,13,0,4e-06,0.01,200,4264.105416154862,71.92833,39.39394,87.64215,80.60147,76.605,65.273674,76.106064,72.36667,84.09091,47.07675,1223.7786,0.39157057,0.7481799,0.5212467,4264.0
Arena-Hard,CQR,14,0,1e-06,0.01,400,8503.805913305281,71.50171,38.38384,87.03563,80.30273,77.52992,63.918243,78.31548,75.166664,86.92811,50.0,1262.8969,-0.19185075,1.7168292,0.50221467,8503.7
Arena-Hard,CQR,15,0,1e-06,0.02,800,17015.907377815245,72.098976,40.40404,86.80819,79.98407,77.47552,64.418495,79.6219,72.833336,80.76923,40.79183,1223.41,-0.22536251,0.8335903,0.15971126,17015.8
Arena-Hard,CQR,16,1,2e-06,0.02,200,4237.805656766892,71.16041,37.878788,85.44352,79.72515,77.96518,62.357796,78.13563,71.53333,87.33766,43.10038,1226.4381,-0.02705425,0.7779465,0.26567328,4237.7
Arena-Hard,CQR,17,1,4e-06,0.02,200,4256.105872011185,71.92833,38.88889,86.50493,80.233025,77.910774,64.28033,78.08692,72.166664,85.76159,41.394894,1237.6453,0.60993916,0.76994044,0.66812146,4256.0
Arena-Hard,CQR,18,0,4e-06,0.01,200,4264.105229711533,71.92833,39.39394,87.64215,80.60147,76.605,65.273674,76.106064,72.36667,84.09091,47.07675,1223.7786,0.39157057,0.7481799,0.5212467,4264.0
Arena-Hard,CQR,19,0,2e-06,0.04,200,4262.506438350678,70.819115,38.88889,84.60955,79.615616,78.07399,60.554516,80.688515,70.066666,83.11688,32.8592,1195.9059,0.22388005,-0.24858908,0.052073095,4262.4
Arena-Hard,CQR,20,0,4e-06,0.01,200,4264.10695848465,71.92833,39.39394,87.64215,80.60147,76.605,65.273674,76.106064,72.36667,84.09091,47.07675,1223.7786,0.39157057,0.7481799,0.5212467,4264.0
Arena-Hard,CQR,21,0,2e-06,0.01,200,4259.706296300888,70.819115,38.38384,86.353294,80.233025,77.85637,63.270527,78.69641,77.73333,84.83871,47.87344,1242.7335,0.33775517,1.4125086,0.72857463,4259.6
Arena-Hard,CQR,22,0,2e-06,0.01,200,4259.702172613144,70.819115,38.38384,86.353294,80.233025,77.85637,63.270527,78.69641,77.73333,84.83871,47.87344,1242.7335,0.33775517,1.4125086,0.72857463,4259.6
Arena-Hard,CQR,23,0,4e-06,0.01,200,4264.121510839463,71.92833,39.39394,87.64215,80.60147,76.605,65.273674,76.106064,72.36667,84.09091,47.07675,1223.7786,0.39157057,0.7481799,0.5212467,4264.0
Arena-Hard,CQR,24,0,4e-06,0.01,200,4264.114551401139,71.92833,39.39394,87.64215,80.60147,76.605,65.273674,76.106064,72.36667,84.09091,47.07675,1223.7786,0.39157057,0.7481799,0.5212467,4264.0
Arena-Hard,RandomSearch,0,0,2e-06,0.01,200,4259.70562825203,70.819115,38.38384,86.353294,80.233025,77.85637,63.270527,78.69641,77.73333,84.83871,47.87344,1242.7335,0.33775517,1.4125086,0.72857463,4259.6
Arena-Hard,RandomSearch,1,1,2e-06,0.02,200,4237.805682039261,71.16041,37.878788,85.44352,79.72515,77.96518,62.357796,78.13563,71.53333,87.33766,43.10038,1226.4381,-0.02705425,0.7779465,0.26567328,4237.7
Arena-Hard,RandomSearch,2,1,1e-06,0.01,400,8503.807041978835,71.50171,38.38384,87.03563,80.30273,77.52992,63.918243,78.31548,75.166664,86.92811,50.0,1262.8969,-0.19185075,1.7168292,0.50221467,8503.7
Arena-Hard,RandomSearch,3,1,4e-06,0.01,200,4264.1051009655,71.92833,39.39394,87.64215,80.60147,76.605,65.273674,76.106064,72.36667,84.09091,47.07675,1223.7786,0.39157057,0.7481799,0.5212467,4264.0
Arena-Hard,RandomSearch,4,1,1e-06,0.01,400,8503.804878807066,71.50171,38.38384,87.03563,80.30273,77.52992,63.918243,78.31548,75.166664,86.92811,50.0,1262.8969,-0.19185075,1.7168292,0.50221467,8503.7
Arena-Hard,RandomSearch,5,1,1e-06,0.01,400,8503.805525159834,71.50171,38.38384,87.03563,80.30273,77.52992,63.918243,78.31548,75.166664,86.92811,50.0,1262.8969,-0.19185075,1.7168292,0.50221467,8503.7
Arena-Hard,RandomSearch,6,1,1e-06,0.01,400,8503.806003189085,71.50171,38.38384,87.03563,80.30273,77.52992,63.918243,78.31548,75.166664,86.92811,50.0,1262.8969,-0.19185075,1.7168292,0.50221467,8503.7
Arena-Hard,RandomSearch,7,1,1e-06,0.01,400,8503.80553922653,71.50171,38.38384,87.03563,80.30273,77.52992,63.918243,78.31548,75.166664,86.92811,50.0,1262.8969,-0.19185075,1.7168292,0.50221467,8503.7
Arena-Hard,RandomSearch,8,1,4e-06,0.02,200,4256.1053024292,71.92833,38.88889,86.50493,80.233025,77.910774,64.28033,78.08692,72.166664,85.76159,41.394894,1237.6453,0.60993916,0.76994044,0.66812146,4256.0
Arena-Hard,RandomSearch,9,1,1e-06,0.02,800,17015.908486700057,72.098976,40.40404,86.80819,79.98407,77.47552,64.418495,79.6219,72.833336,80.76923,40.79183,1223.41,-0.22536251,0.8335903,0.15971126,17015.8
Arena-Hard,RandomSearch,10,1,1e-06,0.02,800,17015.906289196013,72.098976,40.40404,86.80819,79.98407,77.47552,64.418495,79.6219,72.833336,80.76923,40.79183,1223.41,-0.22536251,0.8335903,0.15971126,17015.8
Arena-Hard,RandomSearch,11,0,4e-06,0.01,200,4264.105250215531,71.92833,39.39394,87.64215,80.60147,76.605,65.273674,76.106064,72.36667,84.09091,47.07675,1223.7786,0.39157057,0.7481799,0.5212467,4264.0
Arena-Hard,RandomSearch,12,0,1e-06,0.01,400,8503.802956438063,71.50171,38.38384,87.03563,80.30273,77.52992,63.918243,78.31548,75.166664,86.92811,50.0,1262.8969,-0.19185075,1.7168292,0.50221467,8503.7
Arena-Hard,RandomSearch,13,1,1e-06,0.02,800,17015.905700302123,72.098976,40.40404,86.80819,79.98407,77.47552,64.418495,79.6219,72.833336,80.76923,40.79183,1223.41,-0.22536251,0.8335903,0.15971126,17015.8
Arena-Hard,RandomSearch,14,0,2e-06,0.01,200,4259.705364084244,70.819115,38.38384,86.353294,80.233025,77.85637,63.270527,78.69641,77.73333,84.83871,47.87344,1242.7335,0.33775517,1.4125086,0.72857463,4259.6
Arena-Hard,RandomSearch,15,0,4e-06,0.01,200,4264.105590200425,71.92833,39.39394,87.64215,80.60147,76.605,65.273674,76.106064,72.36667,84.09091,47.07675,1223.7786,0.39157057,0.7481799,0.5212467,4264.0
Arena-Hard,RandomSearch,16,1,1e-06,0.01,400,8503.80575404167,71.50171,38.38384,87.03563,80.30273,77.52992,63.918243,78.31548,75.166664,86.92811,50.0,1262.8969,-0.19185075,1.7168292,0.50221467,8503.7
Arena-Hard,RandomSearch,17,0,1e-06,0.01,400,8503.805339431761,71.50171,38.38384,87.03563,80.30273,77.52992,63.918243,78.31548,75.166664,86.92811,50.0,1262.8969,-0.19185075,1.7168292,0.50221467,8503.7
Arena-Hard,RandomSearch,18,0,1e-06,0.02,800,17015.90653619766,72.098976,40.40404,86.80819,79.98407,77.47552,64.418495,79.6219,72.833336,80.76923,40.79183,1223.41,-0.22536251,0.8335903,0.15971126,17015.8
Arena-Hard,RandomSearch,19,1,1e-06,0.01,400,8503.80543527603,71.50171,38.38384,87.03563,80.30273,77.52992,63.918243,78.31548,75.166664,86.92811,50.0,1262.8969,-0.19185075,1.7168292,0.50221467,8503.7
Arena-Hard,RandomSearch,20,1,4e-06,0.02,200,4256.1057573318485,71.92833,38.88889,86.50493,80.233025,77.910774,64.28033,78.08692,72.166664,85.76159,41.394894,1237.6453,0.60993916,0.76994044,0.66812146,4256.0
Arena-Hard,RandomSearch,21,1,1e-06,0.02,800,17015.905763483046,72.098976,40.40404,86.80819,79.98407,77.47552,64.418495,79.6219,72.833336,80.76923,40.79183,1223.41,-0.22536251,0.8335903,0.15971126,17015.8
Arena-Hard,RandomSearch,22,1,1e-06,0.02,800,17015.906082725523,72.098976,40.40404,86.80819,79.98407,77.47552,64.418495,79.6219,72.833336,80.76923,40.79183,1223.41,-0.22536251,0.8335903,0.15971126,17015.8
Arena-Hard,RandomSearch,23,1,2e-06,0.01,200,4259.705565309525,70.819115,38.38384,86.353294,80.233025,77.85637,63.270527,78.69641,77.73333,84.83871,47.87344,1242.7335,0.33775517,1.4125086,0.72857463,4259.6
Arena-Hard,RandomSearch,24,0,2e-06,0.01,200,4259.705959892273,70.819115,38.38384,86.353294,80.233025,77.85637,63.270527,78.69641,77.73333,84.83871,47.87344,1242.7335,0.33775517,1.4125086,0.72857463,4259.6
Arena-Hard,TPE,0,2,2e-06,0.01,200,17724.86806807518,70.819115,38.38384,86.353294,80.233025,77.85637,63.270527,78.69641,77.73333,84.83871,47.87344,1242.7335,0.33775517,1.4125086,0.72857463,4259.6
Arena-Hard,TPE,1,0,1e-06,0.02,800,17015.907214736937,72.098976,40.40404,86.80819,79.98407,77.47552,64.418495,79.6219,72.833336,80.76923,40.79183,1223.41,-0.22536251,0.8335903,0.15971126,17015.8
Arena-Hard,TPE,2,0,1e-06,0.02,800,17015.9087849617,72.098976,40.40404,86.80819,79.98407,77.47552,64.418495,79.6219,72.833336,80.76923,40.79183,1223.41,-0.22536251,0.8335903,0.15971126,17015.8
Arena-Hard,TPE,3,1,1e-06,0.02,800,17015.90898475647,72.098976,40.40404,86.80819,79.98407,77.47552,64.418495,79.6219,72.833336,80.76923,40.79183,1223.41,-0.22536251,0.8335903,0.15971126,17015.8
Arena-Hard,TPE,4,1,4e-06,0.01,200,4264.101809835434,71.92833,39.39394,87.64215,80.60147,76.605,65.273674,76.106064,72.36667,84.09091,47.07675,1223.7786,0.39157057,0.7481799,0.5212467,4264.0
Arena-Hard,TPE,5,0,1e-06,0.01,400,8503.805431699751,71.50171,38.38384,87.03563,80.30273,77.52992,63.918243,78.31548,75.166664,86.92811,50.0,1262.8969,-0.19185075,1.7168292,0.50221467,8503.7
Arena-Hard,TPE,6,0,1e-06,0.01,400,8503.80532298088,71.50171,38.38384,87.03563,80.30273,77.52992,63.918243,78.31548,75.166664,86.92811,50.0,1262.8969,-0.19185075,1.7168292,0.50221467,8503.7
Arena-Hard,TPE,7,1,2e-06,0.02,200,4237.80218038559,71.16041,37.878788,85.44352,79.72515,77.96518,62.357796,78.13563,71.53333,87.33766,43.10038,1226.4381,-0.02705425,0.7779465,0.26567328,4237.7
Arena-Hard,TPE,8,0,1e-06,0.01,400,8503.805194950102,71.50171,38.38384,87.03563,80.30273,77.52992,63.918243,78.31548,75.166664,86.92811,50.0,1262.8969,-0.19185075,1.7168292,0.50221467,8503.7
Arena-Hard,TPE,9,1,1e-06,0.02,800,17015.939796066283,72.098976,40.40404,86.80819,79.98407,77.47552,64.418495,79.6219,72.833336,80.76923,40.79183,1223.41,-0.22536251,0.8335903,0.15971126,17015.8
Arena-Hard,TPE,10,0,4e-06,0.01,200,4264.105531549454,71.92833,39.39394,87.64215,80.60147,76.605,65.273674,76.106064,72.36667,84.09091,47.07675,1223.7786,0.39157057,0.7481799,0.5212467,4264.0
Arena-Hard,TPE,11,0,1e-06,0.04,800,17063.304155921935,71.672356,39.89899,86.732376,79.65545,78.29162,63.274734,79.67061,70.1,84.31373,33.04767,1195.4678,-0.41055667,0.33043745,-0.14110427,17063.2
Arena-Hard,TPE,12,0,2e-06,0.01,200,4259.70500574112,70.819115,38.38384,86.353294,80.233025,77.85637,63.270527,78.69641,77.73333,84.83871,47.87344,1242.7335,0.33775517,1.4125086,0.72857463,4259.6
Arena-Hard,TPE,13,0,2e-06,0.01,200,4259.729291296006,70.819115,38.38384,86.353294,80.233025,77.85637,63.270527,78.69641,77.73333,84.83871,47.87344,1242.7335,0.33775517,1.4125086,0.72857463,4259.6
Arena-Hard,TPE,14,1,1e-06,0.02,800,17015.909103965758,72.098976,40.40404,86.80819,79.98407,77.47552,64.418495,79.6219,72.833336,80.76923,40.79183,1223.41,-0.22536251,0.8335903,0.15971126,17015.8
Arena-Hard,TPE,15,1,4e-06,0.02,200,4256.1052344799045,71.92833,38.88889,86.50493,80.233025,77.910774,64.28033,78.08692,72.166664,85.76159,41.394894,1237.6453,0.60993916,0.76994044,0.66812146,4256.0
Arena-Hard,TPE,16,0,1e-06,0.01,400,8503.806013679503,71.50171,38.38384,87.03563,80.30273,77.52992,63.918243,78.31548,75.166664,86.92811,50.0,1262.8969,-0.19185075,1.7168292,0.50221467,8503.7
Arena-Hard,TPE,17,1,4e-06,0.01,200,4264.105612373352,71.92833,39.39394,87.64215,80.60147,76.605,65.273674,76.106064,72.36667,84.09091,47.07675,1223.7786,0.39157057,0.7481799,0.5212467,4264.0
Arena-Hard,TPE,18,0,1e-06,0.01,400,8503.805645561217,71.50171,38.38384,87.03563,80.30273,77.52992,63.918243,78.31548,75.166664,86.92811,50.0,1262.8969,-0.19185075,1.7168292,0.50221467,8503.7
Arena-Hard,TPE,19,0,1e-06,0.02,800,17015.90786514282,72.098976,40.40404,86.80819,79.98407,77.47552,64.418495,79.6219,72.833336,80.76923,40.79183,1223.41,-0.22536251,0.8335903,0.15971126,17015.8
Arena-Hard,TPE,20,1,1e-06,0.01,400,8503.805176353453,71.50171,38.38384,87.03563,80.30273,77.52992,63.918243,78.31548,75.166664,86.92811,50.0,1262.8969,-0.19185075,1.7168292,0.50221467,8503.7
Arena-Hard,TPE,21,0,1e-06,0.02,800,17015.903014755248,72.098976,40.40404,86.80819,79.98407,77.47552,64.418495,79.6219,72.833336,80.76923,40.79183,1223.41,-0.22536251,0.8335903,0.15971126,17015.8
Arena-Hard,TPE,22,1,4e-06,0.01,200,4264.105430698395,71.92833,39.39394,87.64215,80.60147,76.605,65.273674,76.106064,72.36667,84.09091,47.07675,1223.7786,0.39157057,0.7481799,0.5212467,4264.0
Arena-Hard,TPE,23,0,4e-06,0.02,200,4256.107316350937,71.92833,38.88889,86.50493,80.233025,77.910774,64.28033,78.08692,72.166664,85.76159,41.394894,1237.6453,0.60993916,0.76994044,0.66812146,4256.0
Arena-Hard,TPE,24,2,1e-06,0.02,800,30481.063505744933,72.098976,40.40404,86.80819,79.98407,77.47552,64.418495,79.6219,72.833336,80.76923,40.79183,1223.41,-0.22536251,0.8335903,0.15971126,17015.8
ELO,ASHA,0,0,1e-06,0.02,400,8508.006435728072,71.07509,38.38384,85.74678,79.82474,77.85637,63.049118,79.82049,69.46667,83.22581,43.49624,1254.9758,-0.46438155,0.4883803,-0.117922686,8507.9
ELO,ASHA,1,1,1e-06,0.02,400,8508.007888412474,71.07509,38.38384,85.74678,79.82474,77.85637,63.049118,79.82049,69.46667,83.22581,43.49624,1254.9758,-0.46438155,0.4883803,-0.117922686,8507.9
ELO,ASHA,2,0,1e-06,0.02,400,8508.007616138457,71.07509,38.38384,85.74678,79.82474,77.85637,63.049118,79.82049,69.46667,83.22581,43.49624,1254.9758,-0.46438155,0.4883803,-0.117922686,8507.9
ELO,ASHA,3,1,2e-06,0.01,200,4259.709383344651,70.819115,38.38384,86.353294,80.233025,77.85637,63.270527,78.69641,77.73333,84.83871,47.87344,1242.7335,0.33775517,1.4125086,0.72857463,4259.6
ELO,ASHA,4,3,4e-06,0.02,200,21976.416372396467,71.92833,38.88889,86.50493,80.233025,77.910774,64.28033,78.08692,72.166664,85.76159,41.394894,1237.6453,0.60993916,0.76994044,0.66812146,4256.0
ELO,ASHA,5,3,1e-06,0.01,400,26224.11486921501,71.50171,38.38384,87.03563,80.30273,77.52992,63.918243,78.31548,75.166664,86.92811,50.0,1262.8969,-0.19185075,1.7168292,0.50221467,8503.7
ELO,ASHA,6,0,4e-06,0.02,200,4256.104941463471,71.92833,38.88889,86.50493,80.233025,77.910774,64.28033,78.08692,72.166664,85.76159,41.394894,1237.6453,0.60993916,0.76994044,0.66812146,4256.0
ELO,ASHA,7,0,1e-06,0.02,400,8508.005824661253,71.07509,38.38384,85.74678,79.82474,77.85637,63.049118,79.82049,69.46667,83.22581,43.49624,1254.9758,-0.46438155,0.4883803,-0.117922686,8507.9
ELO,ASHA,8,0,1e-06,0.02,400,8508.00587735176,71.07509,38.38384,85.74678,79.82474,77.85637,63.049118,79.82049,69.46667,83.22581,43.49624,1254.9758,-0.46438155,0.4883803,-0.117922686,8507.9
ELO,ASHA,9,1,4e-06,0.02,200,4256.10593996048,71.92833,38.88889,86.50493,80.233025,77.910774,64.28033,78.08692,72.166664,85.76159,41.394894,1237.6453,0.60993916,0.76994044,0.66812146,4256.0
ELO,ASHA,10,1,1e-06,0.01,400,8503.805651044844,71.50171,38.38384,87.03563,80.30273,77.52992,63.918243,78.31548,75.166664,86.92811,50.0,1262.8969,-0.19185075,1.7168292,0.50221467,8503.7
ELO,ASHA,11,0,2e-06,0.01,200,4259.705497598648,70.819115,38.38384,86.353294,80.233025,77.85637,63.270527,78.69641,77.73333,84.83871,47.87344,1242.7335,0.33775517,1.4125086,0.72857463,4259.6
ELO,ASHA,12,0,4e-06,0.02,200,4256.106982564927,71.92833,38.88889,86.50493,80.233025,77.910774,64.28033,78.08692,72.166664,85.76159,41.394894,1237.6453,0.60993916,0.76994044,0.66812146,4256.0
ELO,ASHA,13,0,4e-06,0.01,400,8528.205031728743,73.63481,39.89899,89.461716,80.521805,75.51687,66.80005,76.452034,68.23333,87.08609,43.21869,1224.9589,0.48555824,0.43474808,0.46708182,8528.1
ELO,ASHA,14,0,1e-06,0.01,400,8503.805591678618,71.50171,38.38384,87.03563,80.30273,77.52992,63.918243,78.31548,75.166664,86.92811,50.0,1262.8969,-0.19185075,1.7168292,0.50221467,8503.7
ELO,ASHA,15,0,1e-06,0.02,400,8508.005774593352,71.07509,38.38384,85.74678,79.82474,77.85637,63.049118,79.82049,69.46667,83.22581,43.49624,1254.9758,-0.46438155,0.4883803,-0.117922686,8507.9
ELO,ASHA,16,1,2e-06,0.02,200,4237.807478284836,71.16041,37.878788,85.44352,79.72515,77.96518,62.357796,78.13563,71.53333,87.33766,43.10038,1226.4381,-0.02705425,0.7779465,0.26567328,4237.7
ELO,ASHA,17,1,4e-06,0.02,200,4256.106265401841,71.92833,38.88889,86.50493,80.233025,77.910774,64.28033,78.08692,72.166664,85.76159,41.394894,1237.6453,0.60993916,0.76994044,0.66812146,4256.0
ELO,ASHA,18,0,4e-06,0.01,400,8528.204312658308,73.63481,39.89899,89.461716,80.521805,75.51687,66.80005,76.452034,68.23333,87.08609,43.21869,1224.9589,0.48555824,0.43474808,0.46708182,8528.1
ELO,ASHA,19,0,2e-06,0.04,400,8524.805674409865,71.75768,39.39394,86.884,79.764984,77.63874,63.815445,79.181015,67.8,79.545456,36.454247,1205.6589,-0.10358564,-0.8301328,-0.3677846,8524.7
ELO,ASHA,20,1,4e-06,0.02,200,4256.105048036576,71.92833,38.88889,86.50493,80.233025,77.910774,64.28033,78.08692,72.166664,85.76159,41.394894,1237.6453,0.60993916,0.76994044,0.66812146,4256.0
ELO,ASHA,21,1,1e-06,0.01,400,8503.80478916168,71.50171,38.38384,87.03563,80.30273,77.52992,63.918243,78.31548,75.166664,86.92811,50.0,1262.8969,-0.19185075,1.7168292,0.50221467,8503.7
ELO,ASHA,22,1,1e-06,0.01,400,8503.805920934676,71.50171,38.38384,87.03563,80.30273,77.52992,63.918243,78.31548,75.166664,86.92811,50.0,1262.8969,-0.19185075,1.7168292,0.50221467,8503.7
ELO,ASHA,23,0,4e-06,0.01,400,8528.204855775832,73.63481,39.89899,89.461716,80.521805,75.51687,66.80005,76.452034,68.23333,87.08609,43.21869,1224.9589,0.48555824,0.43474808,0.46708182,8528.1
ELO,ASHA,24,1,2e-06,0.02,200,4237.805476284028,71.16041,37.878788,85.44352,79.72515,77.96518,62.357796,78.13563,71.53333,87.33766,43.10038,1226.4381,-0.02705425,0.7779465,0.26567328,4237.7
ELO,BOHB,0,0,1e-06,0.02,400,8508.002810811995,71.07509,38.38384,85.74678,79.82474,77.85637,63.049118,79.82049,69.46667,83.22581,43.49624,1254.9758,-0.46438155,0.4883803,-0.117922686,8507.9
ELO,BOHB,1,1,1e-06,0.02,400,8508.0052464962,71.07509,38.38384,85.74678,79.82474,77.85637,63.049118,79.82049,69.46667,83.22581,43.49624,1254.9758,-0.46438155,0.4883803,-0.117922686,8507.9
ELO,BOHB,2,0,1e-06,0.02,400,8508.002714014052,71.07509,38.38384,85.74678,79.82474,77.85637,63.049118,79.82049,69.46667,83.22581,43.49624,1254.9758,-0.46438155,0.4883803,-0.117922686,8507.9
ELO,BOHB,3,1,2e-06,0.01,200,4259.705238199234,70.819115,38.38384,86.353294,80.233025,77.85637,63.270527,78.69641,77.73333,84.83871,47.87344,1242.7335,0.33775517,1.4125086,0.72857463,4259.6
ELO,BOHB,4,3,4e-06,0.02,200,21976.42327127647,71.92833,38.88889,86.50493,80.233025,77.910774,64.28033,78.08692,72.166664,85.76159,41.394894,1237.6453,0.60993916,0.76994044,0.66812146,4256.0
ELO,BOHB,5,3,1e-06,0.01,400,26224.115364887235,71.50171,38.38384,87.03563,80.30273,77.52992,63.918243,78.31548,75.166664,86.92811,50.0,1262.8969,-0.19185075,1.7168292,0.50221467,8503.7
ELO,BOHB,6,0,4e-06,0.02,200,4256.104960298539,71.92833,38.88889,86.50493,80.233025,77.910774,64.28033,78.08692,72.166664,85.76159,41.394894,1237.6453,0.60993916,0.76994044,0.66812146,4256.0
ELO,BOHB,7,0,1e-06,0.02,400,8508.00548467636,71.07509,38.38384,85.74678,79.82474,77.85637,63.049118,79.82049,69.46667,83.22581,43.49624,1254.9758,-0.46438155,0.4883803,-0.117922686,8507.9
ELO,BOHB,8,0,1e-06,0.02,400,8508.009297227858,71.07509,38.38384,85.74678,79.82474,77.85637,63.049118,79.82049,69.46667,83.22581,43.49624,1254.9758,-0.46438155,0.4883803,-0.117922686,8507.9
ELO,BOHB,9,1,4e-06,0.02,200,4256.107030010224,71.92833,38.88889,86.50493,80.233025,77.910774,64.28033,78.08692,72.166664,85.76159,41.394894,1237.6453,0.60993916,0.76994044,0.66812146,4256.0
ELO,BOHB,10,1,1e-06,0.01,400,8503.80532298088,71.50171,38.38384,87.03563,80.30273,77.52992,63.918243,78.31548,75.166664,86.92811,50.0,1262.8969,-0.19185075,1.7168292,0.50221467,8503.7
ELO,BOHB,11,0,2e-06,0.01,200,4259.705041980744,70.819115,38.38384,86.353294,80.233025,77.85637,63.270527,78.69641,77.73333,84.83871,47.87344,1242.7335,0.33775517,1.4125086,0.72857463,4259.6
ELO,BOHB,12,0,4e-06,0.02,200,4256.105559444428,71.92833,38.88889,86.50493,80.233025,77.910774,64.28033,78.08692,72.166664,85.76159,41.394894,1237.6453,0.60993916,0.76994044,0.66812146,4256.0
ELO,BOHB,13,0,4e-06,0.01,400,8528.204166984557,73.63481,39.89899,89.461716,80.521805,75.51687,66.80005,76.452034,68.23333,87.08609,43.21869,1224.9589,0.48555824,0.43474808,0.46708182,8528.1
ELO,BOHB,14,0,1e-06,0.01,400,8503.812527036665,71.50171,38.38384,87.03563,80.30273,77.52992,63.918243,78.31548,75.166664,86.92811,50.0,1262.8969,-0.19185075,1.7168292,0.50221467,8503.7
ELO,BOHB,15,0,1e-06,0.02,400,8508.008826351164,71.07509,38.38384,85.74678,79.82474,77.85637,63.049118,79.82049,69.46667,83.22581,43.49624,1254.9758,-0.46438155,0.4883803,-0.117922686,8507.9
ELO,BOHB,16,1,2e-06,0.02,200,4237.805478906632,71.16041,37.878788,85.44352,79.72515,77.96518,62.357796,78.13563,71.53333,87.33766,43.10038,1226.4381,-0.02705425,0.7779465,0.26567328,4237.7
ELO,BOHB,17,1,4e-06,0.02,200,4256.105060911179,71.92833,38.88889,86.50493,80.233025,77.910774,64.28033,78.08692,72.166664,85.76159,41.394894,1237.6453,0.60993916,0.76994044,0.66812146,4256.0
ELO,BOHB,18,0,4e-06,0.01,400,8528.204857921599,73.63481,39.89899,89.461716,80.521805,75.51687,66.80005,76.452034,68.23333,87.08609,43.21869,1224.9589,0.48555824,0.43474808,0.46708182,8528.1
ELO,BOHB,19,0,2e-06,0.04,400,8524.805496788023,71.75768,39.39394,86.884,79.764984,77.63874,63.815445,79.181015,67.8,79.545456,36.454247,1205.6589,-0.10358564,-0.8301328,-0.3677846,8524.7
ELO,BOHB,20,1,4e-06,0.02,200,4256.104739761353,71.92833,38.88889,86.50493,80.233025,77.910774,64.28033,78.08692,72.166664,85.76159,41.394894,1237.6453,0.60993916,0.76994044,0.66812146,4256.0
ELO,BOHB,21,1,1e-06,0.01,400,8503.806689119338,71.50171,38.38384,87.03563,80.30273,77.52992,63.918243,78.31548,75.166664,86.92811,50.0,1262.8969,-0.19185075,1.7168292,0.50221467,8503.7
ELO,BOHB,22,1,1e-06,0.01,400,8503.805607652663,71.50171,38.38384,87.03563,80.30273,77.52992,63.918243,78.31548,75.166664,86.92811,50.0,1262.8969,-0.19185075,1.7168292,0.50221467,8503.7
ELO,BOHB,23,0,4e-06,0.01,400,8528.205448961256,73.63481,39.89899,89.461716,80.521805,75.51687,66.80005,76.452034,68.23333,87.08609,43.21869,1224.9589,0.48555824,0.43474808,0.46708182,8528.1
ELO,BOHB,24,1,2e-06,0.02,200,4237.812859869004,71.16041,37.878788,85.44352,79.72515,77.96518,62.357796,78.13563,71.53333,87.33766,43.10038,1226.4381,-0.02705425,0.7779465,0.26567328,4237.7
ELO,BOTorch,0,1,2e-06,0.01,200,4259.705202198029,70.819115,38.38384,86.353294,80.233025,77.85637,63.270527,78.69641,77.73333,84.83871,47.87344,1242.7335,0.33775517,1.4125086,0.72857463,4259.6
ELO,BOTorch,1,1,1e-06,0.01,400,8503.808249568938,71.50171,38.38384,87.03563,80.30273,77.52992,63.918243,78.31548,75.166664,86.92811,50.0,1262.8969,-0.19185075,1.7168292,0.50221467,8503.7
ELO,BOTorch,2,1,1e-06,0.01,400,8503.806857204436,71.50171,38.38384,87.03563,80.30273,77.52992,63.918243,78.31548,75.166664,86.92811,50.0,1262.8969,-0.19185075,1.7168292,0.50221467,8503.7
ELO,BOTorch,3,1,1e-06,0.02,400,8508.006136035918,71.07509,38.38384,85.74678,79.82474,77.85637,63.049118,79.82049,69.46667,83.22581,43.49624,1254.9758,-0.46438155,0.4883803,-0.117922686,8507.9
ELO,BOTorch,4,1,2e-06,0.01,200,4259.706794834137,70.819115,38.38384,86.353294,80.233025,77.85637,63.270527,78.69641,77.73333,84.83871,47.87344,1242.7335,0.33775517,1.4125086,0.72857463,4259.6
ELO,BOTorch,5,0,1e-06,0.02,400,8508.007480001448,71.07509,38.38384,85.74678,79.82474,77.85637,63.049118,79.82049,69.46667,83.22581,43.49624,1254.9758,-0.46438155,0.4883803,-0.117922686,8507.9
ELO,BOTorch,6,2,4e-06,0.02,200,17721.2627202034,71.92833,38.88889,86.50493,80.233025,77.910774,64.28033,78.08692,72.166664,85.76159,41.394894,1237.6453,0.60993916,0.76994044,0.66812146,4256.0
ELO,BOTorch,7,1,1e-06,0.01,400,8503.805815076827,71.50171,38.38384,87.03563,80.30273,77.52992,63.918243,78.31548,75.166664,86.92811,50.0,1262.8969,-0.19185075,1.7168292,0.50221467,8503.7
ELO,BOTorch,8,0,2e-06,0.02,200,4237.805688238144,71.16041,37.878788,85.44352,79.72515,77.96518,62.357796,78.13563,71.53333,87.33766,43.10038,1226.4381,-0.02705425,0.7779465,0.26567328,4237.7
ELO,BOTorch,9,0,1e-06,0.01,400,8503.805886125563,71.50171,38.38384,87.03563,80.30273,77.52992,63.918243,78.31548,75.166664,86.92811,50.0,1262.8969,-0.19185075,1.7168292,0.50221467,8503.7
ELO,BOTorch,10,1,1e-06,0.01,400,8503.808617925642,71.50171,38.38384,87.03563,80.30273,77.52992,63.918243,78.31548,75.166664,86.92811,50.0,1262.8969,-0.19185075,1.7168292,0.50221467,8503.7
ELO,BOTorch,11,0,1e-06,0.02,400,8508.006847715376,71.07509,38.38384,85.74678,79.82474,77.85637,63.049118,79.82049,69.46667,83.22581,43.49624,1254.9758,-0.46438155,0.4883803,-0.117922686,8507.9
ELO,BOTorch,12,0,2e-06,0.02,200,4237.804941034317,71.16041,37.878788,85.44352,79.72515,77.96518,62.357796,78.13563,71.53333,87.33766,43.10038,1226.4381,-0.02705425,0.7779465,0.26567328,4237.7
ELO,BOTorch,13,0,1e-06,0.01,400,8503.809177494048,71.50171,38.38384,87.03563,80.30273,77.52992,63.918243,78.31548,75.166664,86.92811,50.0,1262.8969,-0.19185075,1.7168292,0.50221467,8503.7
ELO,BOTorch,14,2,1e-06,0.02,400,21973.16468009949,71.07509,38.38384,85.74678,79.82474,77.85637,63.049118,79.82049,69.46667,83.22581,43.49624,1254.9758,-0.46438155,0.4883803,-0.117922686,8507.9
ELO,BOTorch,15,0,2e-06,0.04,400,8524.802394485472,71.75768,39.39394,86.884,79.764984,77.63874,63.815445,79.181015,67.8,79.545456,36.454247,1205.6589,-0.10358564,-0.8301328,-0.3677846,8524.7
ELO,BOTorch,16,0,2e-06,0.04,400,8524.805524682997,71.75768,39.39394,86.884,79.764984,77.63874,63.815445,79.181015,67.8,79.545456,36.454247,1205.6589,-0.10358564,-0.8301328,-0.3677846,8524.7
ELO,BOTorch,17,2,1e-06,0.02,400,21973.16262254715,71.07509,38.38384,85.74678,79.82474,77.85637,63.049118,79.82049,69.46667,83.22581,43.49624,1254.9758,-0.46438155,0.4883803,-0.117922686,8507.9
ELO,BOTorch,18,0,1e-06,0.01,400,8503.805792427062,71.50171,38.38384,87.03563,80.30273,77.52992,63.918243,78.31548,75.166664,86.92811,50.0,1262.8969,-0.19185075,1.7168292,0.50221467,8503.7
ELO,BOTorch,19,1,2e-06,0.01,200,4259.705262517929,70.819115,38.38384,86.353294,80.233025,77.85637,63.270527,78.69641,77.73333,84.83871,47.87344,1242.7335,0.33775517,1.4125086,0.72857463,4259.6
ELO,BOTorch,20,1,1e-06,0.01,400,8503.807727670668,71.50171,38.38384,87.03563,80.30273,77.52992,63.918243,78.31548,75.166664,86.92811,50.0,1262.8969,-0.19185075,1.7168292,0.50221467,8503.7
ELO,BOTorch,21,0,2e-06,0.02,200,4237.80644402504,71.16041,37.878788,85.44352,79.72515,77.96518,62.357796,78.13563,71.53333,87.33766,43.10038,1226.4381,-0.02705425,0.7779465,0.26567328,4237.7
ELO,BOTorch,22,0,2e-06,0.04,400,8524.807803249358,71.75768,39.39394,86.884,79.764984,77.63874,63.815445,79.181015,67.8,79.545456,36.454247,1205.6589,-0.10358564,-0.8301328,-0.3677846,8524.7
ELO,BOTorch,23,1,2e-06,0.02,200,4237.808240032196,71.16041,37.878788,85.44352,79.72515,77.96518,62.357796,78.13563,71.53333,87.33766,43.10038,1226.4381,-0.02705425,0.7779465,0.26567328,4237.7
ELO,BOTorch,24,2,1e-06,0.01,400,21968.96396598816,71.50171,38.38384,87.03563,80.30273,77.52992,63.918243,78.31548,75.166664,86.92811,50.0,1262.8969,-0.19185075,1.7168292,0.50221467,8503.7
ELO,CQR,0,0,1e-06,0.02,400,8508.005431985854,71.07509,38.38384,85.74678,79.82474,77.85637,63.049118,79.82049,69.46667,83.22581,43.49624,1254.9758,-0.46438155,0.4883803,-0.117922686,8507.9
ELO,CQR,1,1,1e-06,0.02,400,8508.00608525276,71.07509,38.38384,85.74678,79.82474,77.85637,63.049118,79.82049,69.46667,83.22581,43.49624,1254.9758,-0.46438155,0.4883803,-0.117922686,8507.9
ELO,CQR,2,0,1e-06,0.02,400,8508.00540409088,71.07509,38.38384,85.74678,79.82474,77.85637,63.049118,79.82049,69.46667,83.22581,43.49624,1254.9758,-0.46438155,0.4883803,-0.117922686,8507.9
ELO,CQR,3,1,2e-06,0.01,200,4259.704762792588,70.819115,38.38384,86.353294,80.233025,77.85637,63.270527,78.69641,77.73333,84.83871,47.87344,1242.7335,0.33775517,1.4125086,0.72857463,4259.6
ELO,CQR,4,2,1e-06,0.01,400,21968.96076378822,71.50171,38.38384,87.03563,80.30273,77.52992,63.918243,78.31548,75.166664,86.92811,50.0,1262.8969,-0.19185075,1.7168292,0.50221467,8503.7
ELO,CQR,5,2,1e-06,0.02,400,21973.16659388542,71.07509,38.38384,85.74678,79.82474,77.85637,63.049118,79.82049,69.46667,83.22581,43.49624,1254.9758,-0.46438155,0.4883803,-0.117922686,8507.9
ELO,CQR,6,0,4e-06,0.02,200,4256.105092859269,71.92833,38.88889,86.50493,80.233025,77.910774,64.28033,78.08692,72.166664,85.76159,41.394894,1237.6453,0.60993916,0.76994044,0.66812146,4256.0
ELO,CQR,7,0,1e-06,0.02,400,8508.023843383788,71.07509,38.38384,85.74678,79.82474,77.85637,63.049118,79.82049,69.46667,83.22581,43.49624,1254.9758,-0.46438155,0.4883803,-0.117922686,8507.9
ELO,CQR,8,0,1e-06,0.02,400,8508.005450344084,71.07509,38.38384,85.74678,79.82474,77.85637,63.049118,79.82049,69.46667,83.22581,43.49624,1254.9758,-0.46438155,0.4883803,-0.117922686,8507.9
ELO,CQR,9,1,4e-06,0.02,200,4256.105057573319,71.92833,38.88889,86.50493,80.233025,77.910774,64.28033,78.08692,72.166664,85.76159,41.394894,1237.6453,0.60993916,0.76994044,0.66812146,4256.0
ELO,CQR,10,1,1e-06,0.01,400,8503.824817037581,71.50171,38.38384,87.03563,80.30273,77.52992,63.918243,78.31548,75.166664,86.92811,50.0,1262.8969,-0.19185075,1.7168292,0.50221467,8503.7
ELO,CQR,11,0,2e-06,0.01,200,4259.707513189316,70.819115,38.38384,86.353294,80.233025,77.85637,63.270527,78.69641,77.73333,84.83871,47.87344,1242.7335,0.33775517,1.4125086,0.72857463,4259.6
ELO,CQR,12,0,4e-06,0.02,200,4256.105109071732,71.92833,38.88889,86.50493,80.233025,77.910774,64.28033,78.08692,72.166664,85.76159,41.394894,1237.6453,0.60993916,0.76994044,0.66812146,4256.0
ELO,CQR,13,0,4e-06,0.01,400,8528.20581755638,73.63481,39.89899,89.461716,80.521805,75.51687,66.80005,76.452034,68.23333,87.08609,43.21869,1224.9589,0.48555824,0.43474808,0.46708182,8528.1
ELO,CQR,14,0,1e-06,0.01,400,8503.804811811446,71.50171,38.38384,87.03563,80.30273,77.52992,63.918243,78.31548,75.166664,86.92811,50.0,1262.8969,-0.19185075,1.7168292,0.50221467,8503.7
ELO,CQR,15,0,1e-06,0.02,400,8508.002442216872,71.07509,38.38384,85.74678,79.82474,77.85637,63.049118,79.82049,69.46667,83.22581,43.49624,1254.9758,-0.46438155,0.4883803,-0.117922686,8507.9
ELO,CQR,16,1,2e-06,0.02,200,4237.80621752739,71.16041,37.878788,85.44352,79.72515,77.96518,62.357796,78.13563,71.53333,87.33766,43.10038,1226.4381,-0.02705425,0.7779465,0.26567328,4237.7
ELO,CQR,17,1,4e-06,0.02,200,4256.106879806519,71.92833,38.88889,86.50493,80.233025,77.910774,64.28033,78.08692,72.166664,85.76159,41.394894,1237.6453,0.60993916,0.76994044,0.66812146,4256.0
ELO,CQR,18,0,4e-06,0.01,400,8528.205494976042,73.63481,39.89899,89.461716,80.521805,75.51687,66.80005,76.452034,68.23333,87.08609,43.21869,1224.9589,0.48555824,0.43474808,0.46708182,8528.1
ELO,CQR,19,0,2e-06,0.04,400,8524.82267103195,71.75768,39.39394,86.884,79.764984,77.63874,63.815445,79.181015,67.8,79.545456,36.454247,1205.6589,-0.10358564,-0.8301328,-0.3677846,8524.7
ELO,CQR,20,1,4e-06,0.02,200,4256.10535106659,71.92833,38.88889,86.50493,80.233025,77.910774,64.28033,78.08692,72.166664,85.76159,41.394894,1237.6453,0.60993916,0.76994044,0.66812146,4256.0
ELO,CQR,21,1,1e-06,0.01,400,8503.805421209334,71.50171,38.38384,87.03563,80.30273,77.52992,63.918243,78.31548,75.166664,86.92811,50.0,1262.8969,-0.19185075,1.7168292,0.50221467,8503.7
ELO,CQR,22,1,1e-06,0.01,400,8503.805216646193,71.50171,38.38384,87.03563,80.30273,77.52992,63.918243,78.31548,75.166664,86.92811,50.0,1262.8969,-0.19185075,1.7168292,0.50221467,8503.7
ELO,CQR,23,0,4e-06,0.01,400,8528.207162475584,73.63481,39.89899,89.461716,80.521805,75.51687,66.80005,76.452034,68.23333,87.08609,43.21869,1224.9589,0.48555824,0.43474808,0.46708182,8528.1
ELO,CQR,24,1,2e-06,0.02,200,4237.80527625084,71.16041,37.878788,85.44352,79.72515,77.96518,62.357796,78.13563,71.53333,87.33766,43.10038,1226.4381,-0.02705425,0.7779465,0.26567328,4237.7
ELO,RandomSearch,0,1,4e-06,0.01,400,8528.208160972594,73.63481,39.89899,89.461716,80.521805,75.51687,66.80005,76.452034,68.23333,87.08609,43.21869,1224.9589,0.48555824,0.43474808,0.46708182,8528.1
ELO,RandomSearch,1,1,1e-06,0.01,400,8503.805312490462,71.50171,38.38384,87.03563,80.30273,77.52992,63.918243,78.31548,75.166664,86.92811,50.0,1262.8969,-0.19185075,1.7168292,0.50221467,8503.7
ELO,RandomSearch,2,0,2e-06,0.01,200,4259.706566905976,70.819115,38.38384,86.353294,80.233025,77.85637,63.270527,78.69641,77.73333,84.83871,47.87344,1242.7335,0.33775517,1.4125086,0.72857463,4259.6
ELO,RandomSearch,3,1,1e-06,0.02,400,8508.006984329222,71.07509,38.38384,85.74678,79.82474,77.85637,63.049118,79.82049,69.46667,83.22581,43.49624,1254.9758,-0.46438155,0.4883803,-0.117922686,8507.9
ELO,RandomSearch,4,0,2e-06,0.01,200,4259.7050157547,70.819115,38.38384,86.353294,80.233025,77.85637,63.270527,78.69641,77.73333,84.83871,47.87344,1242.7335,0.33775517,1.4125086,0.72857463,4259.6
ELO,RandomSearch,5,0,1e-06,0.04,800,17063.301336860655,71.672356,39.89899,86.732376,79.65545,78.29162,63.274734,79.67061,70.1,84.31373,33.04767,1195.4678,-0.41055667,0.33043745,-0.14110427,17063.2
ELO,RandomSearch,6,0,4e-06,0.02,200,4256.1055539608005,71.92833,38.88889,86.50493,80.233025,77.910774,64.28033,78.08692,72.166664,85.76159,41.394894,1237.6453,0.60993916,0.76994044,0.66812146,4256.0
ELO,RandomSearch,7,0,2e-06,0.01,200,4259.705537891388,70.819115,38.38384,86.353294,80.233025,77.85637,63.270527,78.69641,77.73333,84.83871,47.87344,1242.7335,0.33775517,1.4125086,0.72857463,4259.6
ELO,RandomSearch,8,0,4e-06,0.01,400,8528.209664201735,73.63481,39.89899,89.461716,80.521805,75.51687,66.80005,76.452034,68.23333,87.08609,43.21869,1224.9589,0.48555824,0.43474808,0.46708182,8528.1
ELO,RandomSearch,9,1,1e-06,0.02,400,8508.009277439116,71.07509,38.38384,85.74678,79.82474,77.85637,63.049118,79.82049,69.46667,83.22581,43.49624,1254.9758,-0.46438155,0.4883803,-0.117922686,8507.9
ELO,RandomSearch,10,1,4e-06,0.02,200,4256.106773233414,71.92833,38.88889,86.50493,80.233025,77.910774,64.28033,78.08692,72.166664,85.76159,41.394894,1237.6453,0.60993916,0.76994044,0.66812146,4256.0
ELO,RandomSearch,11,2,2e-06,0.02,200,17702.962449407576,71.16041,37.878788,85.44352,79.72515,77.96518,62.357796,78.13563,71.53333,87.33766,43.10038,1226.4381,-0.02705425,0.7779465,0.26567328,4237.7
ELO,RandomSearch,12,1,4e-06,0.01,400,8528.204412794112,73.63481,39.89899,89.461716,80.521805,75.51687,66.80005,76.452034,68.23333,87.08609,43.21869,1224.9589,0.48555824,0.43474808,0.46708182,8528.1
ELO,RandomSearch,13,0,1e-06,0.02,400,8508.005748605727,71.07509,38.38384,85.74678,79.82474,77.85637,63.049118,79.82049,69.46667,83.22581,43.49624,1254.9758,-0.46438155,0.4883803,-0.117922686,8507.9
ELO,RandomSearch,14,0,2e-06,0.04,400,8524.805221891402,71.75768,39.39394,86.884,79.764984,77.63874,63.815445,79.181015,67.8,79.545456,36.454247,1205.6589,-0.10358564,-0.8301328,-0.3677846,8524.7
ELO,RandomSearch,15,2,1e-06,0.01,400,21968.96553287506,71.50171,38.38384,87.03563,80.30273,77.52992,63.918243,78.31548,75.166664,86.92811,50.0,1262.8969,-0.19185075,1.7168292,0.50221467,8503.7
ELO,RandomSearch,16,0,1e-06,0.02,400,8508.011113739012,71.07509,38.38384,85.74678,79.82474,77.85637,63.049118,79.82049,69.46667,83.22581,43.49624,1254.9758,-0.46438155,0.4883803,-0.117922686,8507.9
ELO,RandomSearch,17,0,1e-06,0.01,400,8503.80585465431,71.50171,38.38384,87.03563,80.30273,77.52992,63.918243,78.31548,75.166664,86.92811,50.0,1262.8969,-0.19185075,1.7168292,0.50221467,8503.7
ELO,RandomSearch,18,1,2e-06,0.02,200,4237.805332279206,71.16041,37.878788,85.44352,79.72515,77.96518,62.357796,78.13563,71.53333,87.33766,43.10038,1226.4381,-0.02705425,0.7779465,0.26567328,4237.7
ELO,RandomSearch,19,0,1e-06,0.02,400,8508.005199050902,71.07509,38.38384,85.74678,79.82474,77.85637,63.049118,79.82049,69.46667,83.22581,43.49624,1254.9758,-0.46438155,0.4883803,-0.117922686,8507.9
ELO,RandomSearch,20,1,1e-06,0.01,400,8503.805217838286,71.50171,38.38384,87.03563,80.30273,77.52992,63.918243,78.31548,75.166664,86.92811,50.0,1262.8969,-0.19185075,1.7168292,0.50221467,8503.7
ELO,RandomSearch,21,0,4e-06,0.02,200,4256.109754419327,71.92833,38.88889,86.50493,80.233025,77.910774,64.28033,78.08692,72.166664,85.76159,41.394894,1237.6453,0.60993916,0.76994044,0.66812146,4256.0
ELO,RandomSearch,22,0,2e-06,0.01,200,4259.705029821396,70.819115,38.38384,86.353294,80.233025,77.85637,63.270527,78.69641,77.73333,84.83871,47.87344,1242.7335,0.33775517,1.4125086,0.72857463,4259.6
ELO,RandomSearch,23,0,2e-06,0.02,200,4237.805486059189,71.16041,37.878788,85.44352,79.72515,77.96518,62.357796,78.13563,71.53333,87.33766,43.10038,1226.4381,-0.02705425,0.7779465,0.26567328,4237.7
ELO,RandomSearch,24,1,2e-06,0.04,400,8524.80875430107,71.75768,39.39394,86.884,79.764984,77.63874,63.815445,79.181015,67.8,79.545456,36.454247,1205.6589,-0.10358564,-0.8301328,-0.3677846,8524.7
ELO,TPE,0,1,2e-06,0.01,200,4259.70604763031,70.819115,38.38384,86.353294,80.233025,77.85637,63.270527,78.69641,77.73333,84.83871,47.87344,1242.7335,0.33775517,1.4125086,0.72857463,4259.6
ELO,TPE,1,0,4e-06,0.02,200,4256.10717830658,71.92833,38.88889,86.50493,80.233025,77.910774,64.28033,78.08692,72.166664,85.76159,41.394894,1237.6453,0.60993916,0.76994044,0.66812146,4256.0
ELO,TPE,2,1,1e-06,0.02,400,8508.005408620833,71.07509,38.38384,85.74678,79.82474,77.85637,63.049118,79.82049,69.46667,83.22581,43.49624,1254.9758,-0.46438155,0.4883803,-0.117922686,8507.9
ELO,TPE,3,0,2e-06,0.02,200,4237.80582318306,71.16041,37.878788,85.44352,79.72515,77.96518,62.357796,78.13563,71.53333,87.33766,43.10038,1226.4381,-0.02705425,0.7779465,0.26567328,4237.7
ELO,TPE,4,1,2e-06,0.02,200,4237.805317258835,71.16041,37.878788,85.44352,79.72515,77.96518,62.357796,78.13563,71.53333,87.33766,43.10038,1226.4381,-0.02705425,0.7779465,0.26567328,4237.7
ELO,TPE,5,0,1e-06,0.01,400,8503.80740532875,71.50171,38.38384,87.03563,80.30273,77.52992,63.918243,78.31548,75.166664,86.92811,50.0,1262.8969,-0.19185075,1.7168292,0.50221467,8503.7
ELO,TPE,6,1,2e-06,0.01,200,4259.706750965119,70.819115,38.38384,86.353294,80.233025,77.85637,63.270527,78.69641,77.73333,84.83871,47.87344,1242.7335,0.33775517,1.4125086,0.72857463,4259.6
ELO,TPE,7,1,1e-06,0.02,400,8508.005206680296,71.07509,38.38384,85.74678,79.82474,77.85637,63.049118,79.82049,69.46667,83.22581,43.49624,1254.9758,-0.46438155,0.4883803,-0.117922686,8507.9
ELO,TPE,8,0,4e-06,0.02,200,4256.110679006577,71.92833,38.88889,86.50493,80.233025,77.910774,64.28033,78.08692,72.166664,85.76159,41.394894,1237.6453,0.60993916,0.76994044,0.66812146,4256.0
ELO,TPE,9,0,4e-06,0.02,200,4256.106519079209,71.92833,38.88889,86.50493,80.233025,77.910774,64.28033,78.08692,72.166664,85.76159,41.394894,1237.6453,0.60993916,0.76994044,0.66812146,4256.0
ELO,TPE,10,1,2e-06,0.02,200,4237.805188035965,71.16041,37.878788,85.44352,79.72515,77.96518,62.357796,78.13563,71.53333,87.33766,43.10038,1226.4381,-0.02705425,0.7779465,0.26567328,4237.7
ELO,TPE,11,1,2e-06,0.01,200,4259.707027053833,70.819115,38.38384,86.353294,80.233025,77.85637,63.270527,78.69641,77.73333,84.83871,47.87344,1242.7335,0.33775517,1.4125086,0.72857463,4259.6
ELO,TPE,12,1,1e-06,0.02,400,8508.00575146675,71.07509,38.38384,85.74678,79.82474,77.85637,63.049118,79.82049,69.46667,83.22581,43.49624,1254.9758,-0.46438155,0.4883803,-0.117922686,8507.9
ELO,TPE,13,0,1e-06,0.02,400,8508.007381772994,71.07509,38.38384,85.74678,79.82474,77.85637,63.049118,79.82049,69.46667,83.22581,43.49624,1254.9758,-0.46438155,0.4883803,-0.117922686,8507.9
ELO,TPE,14,0,1e-06,0.01,400,8503.804780101775,71.50171,38.38384,87.03563,80.30273,77.52992,63.918243,78.31548,75.166664,86.92811,50.0,1262.8969,-0.19185075,1.7168292,0.50221467,8503.7
ELO,TPE,15,0,2e-06,0.01,200,4259.707115745545,70.819115,38.38384,86.353294,80.233025,77.85637,63.270527,78.69641,77.73333,84.83871,47.87344,1242.7335,0.33775517,1.4125086,0.72857463,4259.6
ELO,TPE,16,1,1e-06,0.02,400,8508.005485868453,71.07509,38.38384,85.74678,79.82474,77.85637,63.049118,79.82049,69.46667,83.22581,43.49624,1254.9758,-0.46438155,0.4883803,-0.117922686,8507.9
ELO,TPE,17,0,2e-06,0.04,400,8524.80595550537,71.75768,39.39394,86.884,79.764984,77.63874,63.815445,79.181015,67.8,79.545456,36.454247,1205.6589,-0.10358564,-0.8301328,-0.3677846,8524.7
ELO,TPE,18,1,1e-06,0.01,400,8503.806114292143,71.50171,38.38384,87.03563,80.30273,77.52992,63.918243,78.31548,75.166664,86.92811,50.0,1262.8969,-0.19185075,1.7168292,0.50221467,8503.7
ELO,TPE,19,1,2e-06,0.01,200,4259.705770349503,70.819115,38.38384,86.353294,80.233025,77.85637,63.270527,78.69641,77.73333,84.83871,47.87344,1242.7335,0.33775517,1.4125086,0.72857463,4259.6
ELO,TPE,20,1,1e-06,0.02,400,8508.005383110045,71.07509,38.38384,85.74678,79.82474,77.85637,63.049118,79.82049,69.46667,83.22581,43.49624,1254.9758,-0.46438155,0.4883803,-0.117922686,8507.9
ELO,TPE,21,1,4e-06,0.02,200,4256.106580114365,71.92833,38.88889,86.50493,80.233025,77.910774,64.28033,78.08692,72.166664,85.76159,41.394894,1237.6453,0.60993916,0.76994044,0.66812146,4256.0
ELO,TPE,22,0,2e-06,0.04,400,8524.802360391615,71.75768,39.39394,86.884,79.764984,77.63874,63.815445,79.181015,67.8,79.545456,36.454247,1205.6589,-0.10358564,-0.8301328,-0.3677846,8524.7
ELO,TPE,23,1,1e-06,0.02,400,8508.00589570999,71.07509,38.38384,85.74678,79.82474,77.85637,63.049118,79.82049,69.46667,83.22581,43.49624,1254.9758,-0.46438155,0.4883803,-0.117922686,8507.9
ELO,TPE,24,0,1e-06,0.04,800,17063.304203367232,71.672356,39.89899,86.732376,79.65545,78.29162,63.274734,79.67061,70.1,84.31373,33.04767,1195.4678,-0.41055667,0.33043745,-0.14110427,17063.2
IFEval,ASHA,0,0,1e-06,0.02,400,8508.025541639327,71.07509,38.38384,85.74678,79.82474,77.85637,63.049118,79.82049,69.46667,83.22581,43.49624,1254.9758,-0.46438155,0.4883803,-0.117922686,8507.9
IFEval,ASHA,1,1,1e-06,0.02,400,8508.006557083128,71.07509,38.38384,85.74678,79.82474,77.85637,63.049118,79.82049,69.46667,83.22581,43.49624,1254.9758,-0.46438155,0.4883803,-0.117922686,8507.9
IFEval,ASHA,2,1,1e-06,0.04,2000,42658.10763893128,72.01365,39.89899,86.05004,79.9044,77.85637,63.78336,80.160194,66.0,79.93421,30.806623,1182.3605,-0.07788751,-0.136057,-0.099040054,42658.0
IFEval,ASHA,3,1,2e-06,0.01,400,8519.412839746474,72.01365,40.40404,88.097046,80.37244,76.82263,65.38366,78.81383,71.86667,83.870964,45.50266,1220.1434,0.44528446,0.5126446,0.46977904,8519.3
IFEval,ASHA,4,2,1e-06,0.01,800,30472.56399617195,72.26962,39.89899,88.40031,80.5716,77.312294,65.11361,78.92497,73.1,81.49351,45.52046,1229.916,0.017016018,1.228231,0.45745784,17007.3
IFEval,ASHA,5,2,1e-06,0.02,400,21973.16265163421,71.07509,38.38384,85.74678,79.82474,77.85637,63.049118,79.82049,69.46667,83.22581,43.49624,1254.9758,-0.46438155,0.4883803,-0.117922686,8507.9
IFEval,ASHA,6,1,1e-06,0.04,2000,42658.10659990311,72.01365,39.89899,86.05004,79.9044,77.85637,63.78336,80.160194,66.0,79.93421,30.806623,1182.3605,-0.07788751,-0.136057,-0.099040054,42658.0
IFEval,ASHA,7,0,1e-06,0.02,400,8508.009214019774,71.07509,38.38384,85.74678,79.82474,77.85637,63.049118,79.82049,69.46667,83.22581,43.49624,1254.9758,-0.46438155,0.4883803,-0.117922686,8507.9
IFEval,ASHA,8,0,1e-06,0.02,400,8508.007383441924,71.07509,38.38384,85.74678,79.82474,77.85637,63.049118,79.82049,69.46667,83.22581,43.49624,1254.9758,-0.46438155,0.4883803,-0.117922686,8507.9
IFEval,ASHA,9,0,4e-06,0.01,800,17056.30410323143,74.14676,40.909092,89.84079,81.75662,76.76823,67.76889,78.525314,61.033333,84.74026,38.379505,1165.6097,1.154595,-0.043553334,0.7189047,17056.2
IFEval,ASHA,10,1,1e-06,0.01,1800,38266.605560636526,72.1843,39.89899,89.385895,80.94005,76.93145,65.84904,79.24097,71.333336,83.757965,45.015694,1205.4617,0.4988026,1.4362805,0.8397037,38266.5
IFEval,ASHA,11,0,2e-06,0.01,400,8519.404707050322,72.01365,40.40404,88.097046,80.37244,76.82263,65.38366,78.81383,71.86667,83.870964,45.50266,1220.1434,0.44528446,0.5126446,0.46977904,8519.3
IFEval,ASHA,12,1,2e-06,0.04,1000,21311.90756139755,72.01365,39.39394,85.51933,80.03386,77.47552,64.61088,81.085686,62.933334,82.67974,31.643797,1180.306,-0.2970353,-0.06442768,-0.21245071,21311.8
IFEval,ASHA,13,0,4e-06,0.01,800,17056.306037044524,74.14676,40.909092,89.84079,81.75662,76.76823,67.76889,78.525314,61.033333,84.74026,38.379505,1165.6097,1.154595,-0.043553334,0.7189047,17056.2
IFEval,ASHA,14,0,1e-06,0.01,1800,38266.60542712212,72.1843,39.89899,89.385895,80.94005,76.93145,65.84904,79.24097,71.333336,83.757965,45.015694,1205.4617,0.4988026,1.4362805,0.8397037,38266.5
IFEval,ASHA,15,0,1e-06,0.02,400,8508.0098405838,71.07509,38.38384,85.74678,79.82474,77.85637,63.049118,79.82049,69.46667,83.22581,43.49624,1254.9758,-0.46438155,0.4883803,-0.117922686,8507.9
IFEval,ASHA,16,0,2e-06,0.04,1000,21311.91176996231,72.01365,39.39394,85.51933,80.03386,77.47552,64.61088,81.085686,62.933334,82.67974,31.643797,1180.306,-0.2970353,-0.06442768,-0.21245071,21311.8
IFEval,ASHA,17,0,2e-06,0.04,1000,21311.90654835701,72.01365,39.39394,85.51933,80.03386,77.47552,64.61088,81.085686,62.933334,82.67974,31.643797,1180.306,-0.2970353,-0.06442768,-0.21245071,21311.8
IFEval,ASHA,18,1,2e-06,0.04,1000,21311.90737042427,72.01365,39.39394,85.51933,80.03386,77.47552,64.61088,81.085686,62.933334,82.67974,31.643797,1180.306,-0.2970353,-0.06442768,-0.21245071,21311.8
IFEval,ASHA,19,0,2e-06,0.04,1000,21311.903863763808,72.01365,39.39394,85.51933,80.03386,77.47552,64.61088,81.085686,62.933334,82.67974,31.643797,1180.306,-0.2970353,-0.06442768,-0.21245071,21311.8
IFEval,ASHA,20,0,4e-06,0.01,800,17056.304186439513,74.14676,40.909092,89.84079,81.75662,76.76823,67.76889,78.525314,61.033333,84.74026,38.379505,1165.6097,1.154595,-0.043553334,0.7189047,17056.2
IFEval,ASHA,21,1,1e-06,0.01,1800,38266.607076025015,72.1843,39.89899,89.385895,80.94005,76.93145,65.84904,79.24097,71.333336,83.757965,45.015694,1205.4617,0.4988026,1.4362805,0.8397037,38266.5
IFEval,ASHA,22,1,1e-06,0.01,1800,38266.61424860955,72.1843,39.89899,89.385895,80.94005,76.93145,65.84904,79.24097,71.333336,83.757965,45.015694,1205.4617,0.4988026,1.4362805,0.8397037,38266.5
IFEval,ASHA,23,1,2e-06,0.04,1000,21311.906369304656,72.01365,39.39394,85.51933,80.03386,77.47552,64.61088,81.085686,62.933334,82.67974,31.643797,1180.306,-0.2970353,-0.06442768,-0.21245071,21311.8
IFEval,ASHA,24,0,4e-06,0.01,800,17056.306294775008,74.14676,40.909092,89.84079,81.75662,76.76823,67.76889,78.525314,61.033333,84.74026,38.379505,1165.6097,1.154595,-0.043553334,0.7189047,17056.2
IFEval,BOHB,0,0,1e-06,0.02,400,8508.006147003172,71.07509,38.38384,85.74678,79.82474,77.85637,63.049118,79.82049,69.46667,83.22581,43.49624,1254.9758,-0.46438155,0.4883803,-0.117922686,8507.9
IFEval,BOHB,1,1,1e-06,0.02,400,8508.007167196272,71.07509,38.38384,85.74678,79.82474,77.85637,63.049118,79.82049,69.46667,83.22581,43.49624,1254.9758,-0.46438155,0.4883803,-0.117922686,8507.9
IFEval,BOHB,2,1,1e-06,0.04,2000,42658.10466609002,72.01365,39.89899,86.05004,79.9044,77.85637,63.78336,80.160194,66.0,79.93421,30.806623,1182.3605,-0.07788751,-0.136057,-0.099040054,42658.0
IFEval,BOHB,3,1,2e-06,0.01,400,8519.40870103836,72.01365,40.40404,88.097046,80.37244,76.82263,65.38366,78.81383,71.86667,83.870964,45.50266,1220.1434,0.44528446,0.5126446,0.46977904,8519.3
IFEval,BOHB,4,2,1e-06,0.01,800,30472.56937417984,72.26962,39.89899,88.40031,80.5716,77.312294,65.11361,78.92497,73.1,81.49351,45.52046,1229.916,0.017016018,1.228231,0.45745784,17007.3
IFEval,BOHB,5,2,1e-06,0.02,400,21973.162908649443,71.07509,38.38384,85.74678,79.82474,77.85637,63.049118,79.82049,69.46667,83.22581,43.49624,1254.9758,-0.46438155,0.4883803,-0.117922686,8507.9
IFEval,BOHB,6,1,1e-06,0.04,2000,42658.10532054902,72.01365,39.89899,86.05004,79.9044,77.85637,63.78336,80.160194,66.0,79.93421,30.806623,1182.3605,-0.07788751,-0.136057,-0.099040054,42658.0
IFEval,BOHB,7,0,1e-06,0.02,400,8508.005714035033,71.07509,38.38384,85.74678,79.82474,77.85637,63.049118,79.82049,69.46667,83.22581,43.49624,1254.9758,-0.46438155,0.4883803,-0.117922686,8507.9
IFEval,BOHB,8,0,1e-06,0.02,400,8508.005817031859,71.07509,38.38384,85.74678,79.82474,77.85637,63.049118,79.82049,69.46667,83.22581,43.49624,1254.9758,-0.46438155,0.4883803,-0.117922686,8507.9
IFEval,BOHB,9,0,4e-06,0.01,800,17056.303764915465,74.14676,40.909092,89.84079,81.75662,76.76823,67.76889,78.525314,61.033333,84.74026,38.379505,1165.6097,1.154595,-0.043553334,0.7189047,17056.2
IFEval,BOHB,10,1,1e-06,0.01,1800,38266.60617432595,72.1843,39.89899,89.385895,80.94005,76.93145,65.84904,79.24097,71.333336,83.757965,45.015694,1205.4617,0.4988026,1.4362805,0.8397037,38266.5
IFEval,BOHB,11,0,2e-06,0.01,400,8519.4050160408,72.01365,40.40404,88.097046,80.37244,76.82263,65.38366,78.81383,71.86667,83.870964,45.50266,1220.1434,0.44528446,0.5126446,0.46977904,8519.3
IFEval,BOHB,12,1,2e-06,0.04,1000,21311.90292296409,72.01365,39.39394,85.51933,80.03386,77.47552,64.61088,81.085686,62.933334,82.67974,31.643797,1180.306,-0.2970353,-0.06442768,-0.21245071,21311.8
IFEval,BOHB,13,0,4e-06,0.01,800,17056.306326961516,74.14676,40.909092,89.84079,81.75662,76.76823,67.76889,78.525314,61.033333,84.74026,38.379505,1165.6097,1.154595,-0.043553334,0.7189047,17056.2
IFEval,BOHB,14,0,1e-06,0.01,1800,38266.606080865866,72.1843,39.89899,89.385895,80.94005,76.93145,65.84904,79.24097,71.333336,83.757965,45.015694,1205.4617,0.4988026,1.4362805,0.8397037,38266.5
IFEval,BOHB,15,0,1e-06,0.02,400,8508.016050910948,71.07509,38.38384,85.74678,79.82474,77.85637,63.049118,79.82049,69.46667,83.22581,43.49624,1254.9758,-0.46438155,0.4883803,-0.117922686,8507.9
IFEval,BOHB,16,0,2e-06,0.04,1000,21311.905873870848,72.01365,39.39394,85.51933,80.03386,77.47552,64.61088,81.085686,62.933334,82.67974,31.643797,1180.306,-0.2970353,-0.06442768,-0.21245071,21311.8
IFEval,BOHB,17,0,2e-06,0.04,1000,21311.908114051817,72.01365,39.39394,85.51933,80.03386,77.47552,64.61088,81.085686,62.933334,82.67974,31.643797,1180.306,-0.2970353,-0.06442768,-0.21245071,21311.8
IFEval,BOHB,18,1,2e-06,0.04,1000,21311.90313706398,72.01365,39.39394,85.51933,80.03386,77.47552,64.61088,81.085686,62.933334,82.67974,31.643797,1180.306,-0.2970353,-0.06442768,-0.21245071,21311.8
IFEval,BOHB,19,0,2e-06,0.04,1000,21311.905706977843,72.01365,39.39394,85.51933,80.03386,77.47552,64.61088,81.085686,62.933334,82.67974,31.643797,1180.306,-0.2970353,-0.06442768,-0.21245071,21311.8
IFEval,BOHB,20,0,4e-06,0.01,800,17056.30579266548,74.14676,40.909092,89.84079,81.75662,76.76823,67.76889,78.525314,61.033333,84.74026,38.379505,1165.6097,1.154595,-0.043553334,0.7189047,17056.2
IFEval,BOHB,21,1,1e-06,0.01,1800,38266.60522756577,72.1843,39.89899,89.385895,80.94005,76.93145,65.84904,79.24097,71.333336,83.757965,45.015694,1205.4617,0.4988026,1.4362805,0.8397037,38266.5
IFEval,BOHB,22,1,1e-06,0.01,1800,38266.60537562371,72.1843,39.89899,89.385895,80.94005,76.93145,65.84904,79.24097,71.333336,83.757965,45.015694,1205.4617,0.4988026,1.4362805,0.8397037,38266.5
IFEval,BOHB,23,1,2e-06,0.04,1000,21311.906196451186,72.01365,39.39394,85.51933,80.03386,77.47552,64.61088,81.085686,62.933334,82.67974,31.643797,1180.306,-0.2970353,-0.06442768,-0.21245071,21311.8
IFEval,BOHB,24,0,4e-06,0.01,800,17056.304615354537,74.14676,40.909092,89.84079,81.75662,76.76823,67.76889,78.525314,61.033333,84.74026,38.379505,1165.6097,1.154595,-0.043553334,0.7189047,17056.2
IFEval,BOTorch,0,1,1e-06,0.02,400,8508.008383846282,71.07509,38.38384,85.74678,79.82474,77.85637,63.049118,79.82049,69.46667,83.22581,43.49624,1254.9758,-0.46438155,0.4883803,-0.117922686,8507.9
IFEval,BOTorch,1,0,1e-06,0.04,2000,42658.10874805451,72.01365,39.89899,86.05004,79.9044,77.85637,63.78336,80.160194,66.0,79.93421,30.806623,1182.3605,-0.07788751,-0.136057,-0.099040054,42658.0
IFEval,BOTorch,2,0,1e-06,0.04,2000,42658.10795960427,72.01365,39.89899,86.05004,79.9044,77.85637,63.78336,80.160194,66.0,79.93421,30.806623,1182.3605,-0.07788751,-0.136057,-0.099040054,42658.0
IFEval,BOTorch,3,0,1e-06,0.02,400,8508.002444362639,71.07509,38.38384,85.74678,79.82474,77.85637,63.049118,79.82049,69.46667,83.22581,43.49624,1254.9758,-0.46438155,0.4883803,-0.117922686,8507.9
IFEval,BOTorch,4,2,2e-06,0.04,1000,34777.0632408619,72.01365,39.39394,85.51933,80.03386,77.47552,64.61088,81.085686,62.933334,82.67974,31.643797,1180.306,-0.2970353,-0.06442768,-0.21245071,21311.8
IFEval,BOTorch,5,1,2e-06,0.04,1000,21311.910378313063,72.01365,39.39394,85.51933,80.03386,77.47552,64.61088,81.085686,62.933334,82.67974,31.643797,1180.306,-0.2970353,-0.06442768,-0.21245071,21311.8
IFEval,BOTorch,6,2,1e-06,0.01,800,30472.56252775192,72.26962,39.89899,88.40031,80.5716,77.312294,65.11361,78.92497,73.1,81.49351,45.52046,1229.916,0.017016018,1.228231,0.45745784,17007.3
IFEval,BOTorch,7,0,2e-06,0.04,1000,21311.90740356445,72.01365,39.39394,85.51933,80.03386,77.47552,64.61088,81.085686,62.933334,82.67974,31.643797,1180.306,-0.2970353,-0.06442768,-0.21245071,21311.8
IFEval,BOTorch,8,1,1e-06,0.02,400,8508.00668439865,71.07509,38.38384,85.74678,79.82474,77.85637,63.049118,79.82049,69.46667,83.22581,43.49624,1254.9758,-0.46438155,0.4883803,-0.117922686,8507.9
IFEval,BOTorch,9,0,1e-06,0.01,1800,38266.60620102883,72.1843,39.89899,89.385895,80.94005,76.93145,65.84904,79.24097,71.333336,83.757965,45.015694,1205.4617,0.4988026,1.4362805,0.8397037,38266.5
IFEval,BOTorch,10,1,4e-06,0.01,800,17056.304892873763,74.14676,40.909092,89.84079,81.75662,76.76823,67.76889,78.525314,61.033333,84.74026,38.379505,1165.6097,1.154595,-0.043553334,0.7189047,17056.2
IFEval,BOTorch,11,0,1e-06,0.04,2000,42658.10665354729,72.01365,39.89899,86.05004,79.9044,77.85637,63.78336,80.160194,66.0,79.93421,30.806623,1182.3605,-0.07788751,-0.136057,-0.099040054,42658.0
IFEval,BOTorch,12,0,1e-06,0.02,400,8508.007780408858,71.07509,38.38384,85.74678,79.82474,77.85637,63.049118,79.82049,69.46667,83.22581,43.49624,1254.9758,-0.46438155,0.4883803,-0.117922686,8507.9
IFEval,BOTorch,13,1,2e-06,0.04,1000,21311.90689167976,72.01365,39.39394,85.51933,80.03386,77.47552,64.61088,81.085686,62.933334,82.67974,31.643797,1180.306,-0.2970353,-0.06442768,-0.21245071,21311.8
IFEval,BOTorch,14,0,1e-06,0.04,2031,43319.30464229584,71.843,38.38384,86.20167,79.764984,77.63874,63.783714,80.707245,65.833336,79.08497,29.802355,1166.7295,-0.3248516,-0.443267,-0.36791176,43319.2
IFEval,BOTorch,15,0,1e-06,0.04,2000,42658.10553631783,72.01365,39.89899,86.05004,79.9044,77.85637,63.78336,80.160194,66.0,79.93421,30.806623,1182.3605,-0.07788751,-0.136057,-0.099040054,42658.0
IFEval,BOTorch,16,1,2e-06,0.04,1000,21311.907494878767,72.01365,39.39394,85.51933,80.03386,77.47552,64.61088,81.085686,62.933334,82.67974,31.643797,1180.306,-0.2970353,-0.06442768,-0.21245071,21311.8
IFEval,BOTorch,17,0,2e-06,0.01,400,8519.411595678328,72.01365,40.40404,88.097046,80.37244,76.82263,65.38366,78.81383,71.86667,83.870964,45.50266,1220.1434,0.44528446,0.5126446,0.46977904,8519.3
IFEval,BOTorch,18,0,1e-06,0.01,1800,38266.60748610497,72.1843,39.89899,89.385895,80.94005,76.93145,65.84904,79.24097,71.333336,83.757965,45.015694,1205.4617,0.4988026,1.4362805,0.8397037,38266.5
IFEval,BOTorch,19,0,1e-06,0.02,400,8508.00766429901,71.07509,38.38384,85.74678,79.82474,77.85637,63.049118,79.82049,69.46667,83.22581,43.49624,1254.9758,-0.46438155,0.4883803,-0.117922686,8507.9
IFEval,BOTorch,20,1,2e-06,0.04,1000,21311.905903434752,72.01365,39.39394,85.51933,80.03386,77.47552,64.61088,81.085686,62.933334,82.67974,31.643797,1180.306,-0.2970353,-0.06442768,-0.21245071,21311.8
IFEval,BOTorch,21,1,1e-06,0.04,2000,42658.10622224808,72.01365,39.89899,86.05004,79.9044,77.85637,63.78336,80.160194,66.0,79.93421,30.806623,1182.3605,-0.07788751,-0.136057,-0.099040054,42658.0
IFEval,BOTorch,22,1,1e-06,0.04,2000,42658.10887680054,72.01365,39.89899,86.05004,79.9044,77.85637,63.78336,80.160194,66.0,79.93421,30.806623,1182.3605,-0.07788751,-0.136057,-0.099040054,42658.0
IFEval,BOTorch,23,1,1e-06,0.02,400,8508.006808853148,71.07509,38.38384,85.74678,79.82474,77.85637,63.049118,79.82049,69.46667,83.22581,43.49624,1254.9758,-0.46438155,0.4883803,-0.117922686,8507.9
IFEval,BOTorch,24,1,2e-06,0.04,1000,21311.906154966357,72.01365,39.39394,85.51933,80.03386,77.47552,64.61088,81.085686,62.933334,82.67974,31.643797,1180.306,-0.2970353,-0.06442768,-0.21245071,21311.8
IFEval,CQR,0,0,1e-06,0.02,400,8508.004815435408,71.07509,38.38384,85.74678,79.82474,77.85637,63.049118,79.82049,69.46667,83.22581,43.49624,1254.9758,-0.46438155,0.4883803,-0.117922686,8507.9
IFEval,CQR,1,1,1e-06,0.02,400,8508.005338287352,71.07509,38.38384,85.74678,79.82474,77.85637,63.049118,79.82049,69.46667,83.22581,43.49624,1254.9758,-0.46438155,0.4883803,-0.117922686,8507.9
IFEval,CQR,2,1,1e-06,0.04,2000,42658.10712299348,72.01365,39.89899,86.05004,79.9044,77.85637,63.78336,80.160194,66.0,79.93421,30.806623,1182.3605,-0.07788751,-0.136057,-0.099040054,42658.0
IFEval,CQR,3,1,2e-06,0.01,400,8519.405234432219,72.01365,40.40404,88.097046,80.37244,76.82263,65.38366,78.81383,71.86667,83.870964,45.50266,1220.1434,0.44528446,0.5126446,0.46977904,8519.3
IFEval,CQR,4,2,1e-06,0.01,800,30472.56638679504,72.26962,39.89899,88.40031,80.5716,77.312294,65.11361,78.92497,73.1,81.49351,45.52046,1229.916,0.017016018,1.228231,0.45745784,17007.3
IFEval,CQR,5,2,1e-06,0.02,400,21973.163713312148,71.07509,38.38384,85.74678,79.82474,77.85637,63.049118,79.82049,69.46667,83.22581,43.49624,1254.9758,-0.46438155,0.4883803,-0.117922686,8507.9
IFEval,CQR,6,1,1e-06,0.04,2000,42658.10675773621,72.01365,39.89899,86.05004,79.9044,77.85637,63.78336,80.160194,66.0,79.93421,30.806623,1182.3605,-0.07788751,-0.136057,-0.099040054,42658.0
IFEval,CQR,7,0,1e-06,0.02,400,8508.004908418654,71.07509,38.38384,85.74678,79.82474,77.85637,63.049118,79.82049,69.46667,83.22581,43.49624,1254.9758,-0.46438155,0.4883803,-0.117922686,8507.9
IFEval,CQR,8,0,1e-06,0.02,400,8508.007679796217,71.07509,38.38384,85.74678,79.82474,77.85637,63.049118,79.82049,69.46667,83.22581,43.49624,1254.9758,-0.46438155,0.4883803,-0.117922686,8507.9
IFEval,CQR,9,0,4e-06,0.01,800,17056.304252004622,74.14676,40.909092,89.84079,81.75662,76.76823,67.76889,78.525314,61.033333,84.74026,38.379505,1165.6097,1.154595,-0.043553334,0.7189047,17056.2
IFEval,CQR,10,1,1e-06,0.01,1800,38266.61003551484,72.1843,39.89899,89.385895,80.94005,76.93145,65.84904,79.24097,71.333336,83.757965,45.015694,1205.4617,0.4988026,1.4362805,0.8397037,38266.5
IFEval,CQR,11,0,2e-06,0.01,400,8519.40467224121,72.01365,40.40404,88.097046,80.37244,76.82263,65.38366,78.81383,71.86667,83.870964,45.50266,1220.1434,0.44528446,0.5126446,0.46977904,8519.3
IFEval,CQR,12,1,2e-06,0.04,1000,21311.90741405487,72.01365,39.39394,85.51933,80.03386,77.47552,64.61088,81.085686,62.933334,82.67974,31.643797,1180.306,-0.2970353,-0.06442768,-0.21245071,21311.8
IFEval,CQR,13,0,4e-06,0.01,800,17056.30683479309,74.14676,40.909092,89.84079,81.75662,76.76823,67.76889,78.525314,61.033333,84.74026,38.379505,1165.6097,1.154595,-0.043553334,0.7189047,17056.2
IFEval,CQR,14,0,1e-06,0.01,1800,38266.60486469269,72.1843,39.89899,89.385895,80.94005,76.93145,65.84904,79.24097,71.333336,83.757965,45.015694,1205.4617,0.4988026,1.4362805,0.8397037,38266.5
IFEval,CQR,15,0,1e-06,0.02,400,8508.005465364455,71.07509,38.38384,85.74678,79.82474,77.85637,63.049118,79.82049,69.46667,83.22581,43.49624,1254.9758,-0.46438155,0.4883803,-0.117922686,8507.9
IFEval,CQR,16,0,2e-06,0.04,1000,21311.90687427521,72.01365,39.39394,85.51933,80.03386,77.47552,64.61088,81.085686,62.933334,82.67974,31.643797,1180.306,-0.2970353,-0.06442768,-0.21245071,21311.8
IFEval,CQR,17,0,2e-06,0.04,1000,21311.905512189864,72.01365,39.39394,85.51933,80.03386,77.47552,64.61088,81.085686,62.933334,82.67974,31.643797,1180.306,-0.2970353,-0.06442768,-0.21245071,21311.8
IFEval,CQR,18,1,2e-06,0.04,1000,21311.90612182617,72.01365,39.39394,85.51933,80.03386,77.47552,64.61088,81.085686,62.933334,82.67974,31.643797,1180.306,-0.2970353,-0.06442768,-0.21245071,21311.8
IFEval,CQR,19,0,2e-06,0.04,1000,21311.906233167647,72.01365,39.39394,85.51933,80.03386,77.47552,64.61088,81.085686,62.933334,82.67974,31.643797,1180.306,-0.2970353,-0.06442768,-0.21245071,21311.8
IFEval,CQR,20,0,4e-06,0.01,800,17056.30818376541,74.14676,40.909092,89.84079,81.75662,76.76823,67.76889,78.525314,61.033333,84.74026,38.379505,1165.6097,1.154595,-0.043553334,0.7189047,17056.2
IFEval,CQR,21,1,1e-06,0.01,1800,38266.60538635255,72.1843,39.89899,89.385895,80.94005,76.93145,65.84904,79.24097,71.333336,83.757965,45.015694,1205.4617,0.4988026,1.4362805,0.8397037,38266.5
IFEval,CQR,22,1,1e-06,0.01,1800,38266.60565552712,72.1843,39.89899,89.385895,80.94005,76.93145,65.84904,79.24097,71.333336,83.757965,45.015694,1205.4617,0.4988026,1.4362805,0.8397037,38266.5
IFEval,CQR,23,1,2e-06,0.04,1000,21311.9058860302,72.01365,39.39394,85.51933,80.03386,77.47552,64.61088,81.085686,62.933334,82.67974,31.643797,1180.306,-0.2970353,-0.06442768,-0.21245071,21311.8
IFEval,CQR,24,0,4e-06,0.01,800,17056.30417523384,74.14676,40.909092,89.84079,81.75662,76.76823,67.76889,78.525314,61.033333,84.74026,38.379505,1165.6097,1.154595,-0.043553334,0.7189047,17056.2
IFEval,RandomSearch,0,2,1e-06,0.04,1400,43325.86235675812,71.92833,39.39394,86.125854,79.91436,78.1284,63.65082,79.89917,66.6,79.87013,32.545338,1186.4286,-0.104151405,-0.16263998,-0.12541997,29860.6
IFEval,RandomSearch,1,1,1e-06,0.01,1800,38266.605310773855,72.1843,39.89899,89.385895,80.94005,76.93145,65.84904,79.24097,71.333336,83.757965,45.015694,1205.4617,0.4988026,1.4362805,0.8397037,38266.5
IFEval,RandomSearch,2,0,1e-06,0.02,400,8508.005591726302,71.07509,38.38384,85.74678,79.82474,77.85637,63.049118,79.82049,69.46667,83.22581,43.49624,1254.9758,-0.46438155,0.4883803,-0.117922686,8507.9
IFEval,RandomSearch,3,0,4e-06,0.02,200,4256.1051438808445,71.92833,38.88889,86.50493,80.233025,77.910774,64.28033,78.08692,72.166664,85.76159,41.394894,1237.6453,0.60993916,0.76994044,0.66812146,4256.0
IFEval,RandomSearch,4,0,1e-06,0.02,400,8508.006065464018,71.07509,38.38384,85.74678,79.82474,77.85637,63.049118,79.82049,69.46667,83.22581,43.49624,1254.9758,-0.46438155,0.4883803,-0.117922686,8507.9
IFEval,RandomSearch,5,0,2e-06,0.01,400,8519.40481648445,72.01365,40.40404,88.097046,80.37244,76.82263,65.38366,78.81383,71.86667,83.870964,45.50266,1220.1434,0.44528446,0.5126446,0.46977904,8519.3
IFEval,RandomSearch,6,0,1e-06,0.04,2031,43319.30425510407,71.843,38.38384,86.20167,79.764984,77.63874,63.783714,80.707245,65.833336,79.08497,29.802355,1166.7295,-0.3248516,-0.443267,-0.36791176,43319.2
IFEval,RandomSearch,7,2,2e-06,0.01,400,21984.56328306198,72.01365,40.40404,88.097046,80.37244,76.82263,65.38366,78.81383,71.86667,83.870964,45.50266,1220.1434,0.44528446,0.5126446,0.46977904,8519.3
IFEval,RandomSearch,8,1,2e-06,0.01,400,8519.405679321288,72.01365,40.40404,88.097046,80.37244,76.82263,65.38366,78.81383,71.86667,83.870964,45.50266,1220.1434,0.44528446,0.5126446,0.46977904,8519.3
IFEval,RandomSearch,9,0,1e-06,0.02,400,8508.00605330467,71.07509,38.38384,85.74678,79.82474,77.85637,63.049118,79.82049,69.46667,83.22581,43.49624,1254.9758,-0.46438155,0.4883803,-0.117922686,8507.9
IFEval,RandomSearch,10,1,2e-06,0.01,400,8519.412435388564,72.01365,40.40404,88.097046,80.37244,76.82263,65.38366,78.81383,71.86667,83.870964,45.50266,1220.1434,0.44528446,0.5126446,0.46977904,8519.3
IFEval,RandomSearch,11,0,4e-06,0.01,800,17056.30843887329,74.14676,40.909092,89.84079,81.75662,76.76823,67.76889,78.525314,61.033333,84.74026,38.379505,1165.6097,1.154595,-0.043553334,0.7189047,17056.2
IFEval,RandomSearch,12,0,2e-06,0.01,400,8519.405167436598,72.01365,40.40404,88.097046,80.37244,76.82263,65.38366,78.81383,71.86667,83.870964,45.50266,1220.1434,0.44528446,0.5126446,0.46977904,8519.3
IFEval,RandomSearch,13,1,1e-06,0.01,1800,38266.60683021546,72.1843,39.89899,89.385895,80.94005,76.93145,65.84904,79.24097,71.333336,83.757965,45.015694,1205.4617,0.4988026,1.4362805,0.8397037,38266.5
IFEval,RandomSearch,14,0,2e-06,0.04,1000,21311.9074593544,72.01365,39.39394,85.51933,80.03386,77.47552,64.61088,81.085686,62.933334,82.67974,31.643797,1180.306,-0.2970353,-0.06442768,-0.21245071,21311.8
IFEval,RandomSearch,15,0,1e-06,0.02,400,8508.006009435652,71.07509,38.38384,85.74678,79.82474,77.85637,63.049118,79.82049,69.46667,83.22581,43.49624,1254.9758,-0.46438155,0.4883803,-0.117922686,8507.9
IFEval,RandomSearch,16,2,1e-06,0.02,400,21973.174284315108,71.07509,38.38384,85.74678,79.82474,77.85637,63.049118,79.82049,69.46667,83.22581,43.49624,1254.9758,-0.46438155,0.4883803,-0.117922686,8507.9
IFEval,RandomSearch,17,0,2e-06,0.04,1000,21311.90559659004,72.01365,39.39394,85.51933,80.03386,77.47552,64.61088,81.085686,62.933334,82.67974,31.643797,1180.306,-0.2970353,-0.06442768,-0.21245071,21311.8
IFEval,RandomSearch,18,0,2e-06,0.01,400,8519.405528640746,72.01365,40.40404,88.097046,80.37244,76.82263,65.38366,78.81383,71.86667,83.870964,45.50266,1220.1434,0.44528446,0.5126446,0.46977904,8519.3
IFEval,RandomSearch,19,1,2e-06,0.04,1000,21311.908079481123,72.01365,39.39394,85.51933,80.03386,77.47552,64.61088,81.085686,62.933334,82.67974,31.643797,1180.306,-0.2970353,-0.06442768,-0.21245071,21311.8
IFEval,RandomSearch,20,1,1e-06,0.01,1800,38266.61604771615,72.1843,39.89899,89.385895,80.94005,76.93145,65.84904,79.24097,71.333336,83.757965,45.015694,1205.4617,0.4988026,1.4362805,0.8397037,38266.5
IFEval,RandomSearch,21,0,2e-06,0.02,200,4237.805010890961,71.16041,37.878788,85.44352,79.72515,77.96518,62.357796,78.13563,71.53333,87.33766,43.10038,1226.4381,-0.02705425,0.7779465,0.26567328,4237.7
IFEval,RandomSearch,22,2,1e-06,0.01,800,30472.563193416598,72.26962,39.89899,88.40031,80.5716,77.312294,65.11361,78.92497,73.1,81.49351,45.52046,1229.916,0.017016018,1.228231,0.45745784,17007.3
IFEval,RandomSearch,23,2,2e-06,0.04,1000,34777.07519135476,72.01365,39.39394,85.51933,80.03386,77.47552,64.61088,81.085686,62.933334,82.67974,31.643797,1180.306,-0.2970353,-0.06442768,-0.21245071,21311.8
IFEval,RandomSearch,24,0,1e-06,0.04,2000,42658.10956964493,72.01365,39.89899,86.05004,79.9044,77.85637,63.78336,80.160194,66.0,79.93421,30.806623,1182.3605,-0.07788751,-0.136057,-0.099040054,42658.0
IFEval,TPE,0,0,1e-06,0.01,1800,38266.60704288483,72.1843,39.89899,89.385895,80.94005,76.93145,65.84904,79.24097,71.333336,83.757965,45.015694,1205.4617,0.4988026,1.4362805,0.8397037,38266.5
IFEval,TPE,1,0,1e-06,0.02,400,8508.006076431273,71.07509,38.38384,85.74678,79.82474,77.85637,63.049118,79.82049,69.46667,83.22581,43.49624,1254.9758,-0.46438155,0.4883803,-0.117922686,8507.9
IFEval,TPE,2,0,1e-06,0.04,2000,42658.10560712815,72.01365,39.89899,86.05004,79.9044,77.85637,63.78336,80.160194,66.0,79.93421,30.806623,1182.3605,-0.07788751,-0.136057,-0.099040054,42658.0
IFEval,TPE,3,1,2e-06,0.04,1000,21311.90730342865,72.01365,39.39394,85.51933,80.03386,77.47552,64.61088,81.085686,62.933334,82.67974,31.643797,1180.306,-0.2970353,-0.06442768,-0.21245071,21311.8
IFEval,TPE,4,1,2e-06,0.04,1000,21311.907921171187,72.01365,39.39394,85.51933,80.03386,77.47552,64.61088,81.085686,62.933334,82.67974,31.643797,1180.306,-0.2970353,-0.06442768,-0.21245071,21311.8
IFEval,TPE,5,1,1e-06,0.04,2000,42658.10593781472,72.01365,39.89899,86.05004,79.9044,77.85637,63.78336,80.160194,66.0,79.93421,30.806623,1182.3605,-0.07788751,-0.136057,-0.099040054,42658.0
IFEval,TPE,6,0,2e-06,0.01,400,8519.405063724516,72.01365,40.40404,88.097046,80.37244,76.82263,65.38366,78.81383,71.86667,83.870964,45.50266,1220.1434,0.44528446,0.5126446,0.46977904,8519.3
IFEval,TPE,7,0,2e-06,0.04,1000,21311.90769729614,72.01365,39.39394,85.51933,80.03386,77.47552,64.61088,81.085686,62.933334,82.67974,31.643797,1180.306,-0.2970353,-0.06442768,-0.21245071,21311.8
IFEval,TPE,8,1,1e-06,0.01,1800,38266.60752162934,72.1843,39.89899,89.385895,80.94005,76.93145,65.84904,79.24097,71.333336,83.757965,45.015694,1205.4617,0.4988026,1.4362805,0.8397037,38266.5
IFEval,TPE,9,0,2e-06,0.04,1000,21311.90283546448,72.01365,39.39394,85.51933,80.03386,77.47552,64.61088,81.085686,62.933334,82.67974,31.643797,1180.306,-0.2970353,-0.06442768,-0.21245071,21311.8
IFEval,TPE,10,0,2e-06,0.04,1000,21311.907201385497,72.01365,39.39394,85.51933,80.03386,77.47552,64.61088,81.085686,62.933334,82.67974,31.643797,1180.306,-0.2970353,-0.06442768,-0.21245071,21311.8
IFEval,TPE,11,1,2e-06,0.04,1000,21311.90974364281,72.01365,39.39394,85.51933,80.03386,77.47552,64.61088,81.085686,62.933334,82.67974,31.643797,1180.306,-0.2970353,-0.06442768,-0.21245071,21311.8
IFEval,TPE,12,0,4e-06,0.02,200,4256.105929470063,71.92833,38.88889,86.50493,80.233025,77.910774,64.28033,78.08692,72.166664,85.76159,41.394894,1237.6453,0.60993916,0.76994044,0.66812146,4256.0
IFEval,TPE,13,1,2e-06,0.04,1000,21311.906555271147,72.01365,39.39394,85.51933,80.03386,77.47552,64.61088,81.085686,62.933334,82.67974,31.643797,1180.306,-0.2970353,-0.06442768,-0.21245071,21311.8
IFEval,TPE,14,1,2e-06,0.04,1000,21311.91241583824,72.01365,39.39394,85.51933,80.03386,77.47552,64.61088,81.085686,62.933334,82.67974,31.643797,1180.306,-0.2970353,-0.06442768,-0.21245071,21311.8
IFEval,TPE,15,1,1e-06,0.01,1800,38266.60516915322,72.1843,39.89899,89.385895,80.94005,76.93145,65.84904,79.24097,71.333336,83.757965,45.015694,1205.4617,0.4988026,1.4362805,0.8397037,38266.5
IFEval,TPE,16,0,1e-06,0.01,1800,38266.60985550881,72.1843,39.89899,89.385895,80.94005,76.93145,65.84904,79.24097,71.333336,83.757965,45.015694,1205.4617,0.4988026,1.4362805,0.8397037,38266.5
IFEval,TPE,17,0,4e-06,0.02,200,4256.105742311478,71.92833,38.88889,86.50493,80.233025,77.910774,64.28033,78.08692,72.166664,85.76159,41.394894,1237.6453,0.60993916,0.76994044,0.66812146,4256.0
IFEval,TPE,18,0,4e-06,0.02,200,4256.106140232087,71.92833,38.88889,86.50493,80.233025,77.910774,64.28033,78.08692,72.166664,85.76159,41.394894,1237.6453,0.60993916,0.76994044,0.66812146,4256.0
IFEval,TPE,19,1,2e-06,0.02,200,4237.805427885056,71.16041,37.878788,85.44352,79.72515,77.96518,62.357796,78.13563,71.53333,87.33766,43.10038,1226.4381,-0.02705425,0.7779465,0.26567328,4237.7
IFEval,TPE,20,0,2e-06,0.04,1000,21311.905896520613,72.01365,39.39394,85.51933,80.03386,77.47552,64.61088,81.085686,62.933334,82.67974,31.643797,1180.306,-0.2970353,-0.06442768,-0.21245071,21311.8
IFEval,TPE,21,1,2e-06,0.01,400,8519.41186199188,72.01365,40.40404,88.097046,80.37244,76.82263,65.38366,78.81383,71.86667,83.870964,45.50266,1220.1434,0.44528446,0.5126446,0.46977904,8519.3
IFEval,TPE,22,0,2e-06,0.04,1000,21311.90647063255,72.01365,39.39394,85.51933,80.03386,77.47552,64.61088,81.085686,62.933334,82.67974,31.643797,1180.306,-0.2970353,-0.06442768,-0.21245071,21311.8
IFEval,TPE,23,0,1e-06,0.04,2000,42658.11374721528,72.01365,39.89899,86.05004,79.9044,77.85637,63.78336,80.160194,66.0,79.93421,30.806623,1182.3605,-0.07788751,-0.136057,-0.099040054,42658.0
IFEval,TPE,24,0,1e-06,0.04,2031,43319.30520567895,71.843,38.38384,86.20167,79.764984,77.63874,63.783714,80.707245,65.833336,79.08497,29.802355,1166.7295,-0.3248516,-0.443267,-0.36791176,43319.2
MT-Bench,ASHA,0,0,1e-06,0.02,1000,21269.907967185973,71.843,39.89899,86.656555,79.92432,77.801956,64.51697,78.45162,68.7,85.031845,39.921753,1217.537,-0.16102013,1.246357,0.35075337,21269.8
MT-Bench,ASHA,1,1,1e-06,0.02,1000,21269.90558681488,71.843,39.89899,86.656555,79.92432,77.801956,64.51697,78.45162,68.7,85.031845,39.921753,1217.537,-0.16102013,1.246357,0.35075337,21269.8
MT-Bench,ASHA,2,0,1e-06,0.02,1000,21269.90784487724,71.843,39.89899,86.656555,79.92432,77.801956,64.51697,78.45162,68.7,85.031845,39.921753,1217.537,-0.16102013,1.246357,0.35075337,21269.8
MT-Bench,ASHA,3,0,4e-06,0.01,400,8528.204699134825,73.63481,39.89899,89.461716,80.521805,75.51687,66.80005,76.452034,68.23333,87.08609,43.21869,1224.9589,0.48555824,0.43474808,0.46708182,8528.1
MT-Bench,ASHA,4,1,2e-06,0.02,200,4237.806270456314,71.16041,37.878788,85.44352,79.72515,77.96518,62.357796,78.13563,71.53333,87.33766,43.10038,1226.4381,-0.02705425,0.7779465,0.26567328,4237.7
MT-Bench,ASHA,5,4,4e-06,0.01,400,30503.666170219414,73.63481,39.89899,89.461716,80.521805,75.51687,66.80005,76.452034,68.23333,87.08609,43.21869,1224.9589,0.48555824,0.43474808,0.46708182,8528.1
MT-Bench,ASHA,6,0,4e-06,0.02,200,4256.106289482117,71.92833,38.88889,86.50493,80.233025,77.910774,64.28033,78.08692,72.166664,85.76159,41.394894,1237.6453,0.60993916,0.76994044,0.66812146,4256.0
MT-Bench,ASHA,7,1,4e-06,0.01,400,8528.205109214781,73.63481,39.89899,89.461716,80.521805,75.51687,66.80005,76.452034,68.23333,87.08609,43.21869,1224.9589,0.48555824,0.43474808,0.46708182,8528.1
MT-Bench,ASHA,8,1,2e-06,0.02,200,4237.80515370369,71.16041,37.878788,85.44352,79.72515,77.96518,62.357796,78.13563,71.53333,87.33766,43.10038,1226.4381,-0.02705425,0.7779465,0.26567328,4237.7
MT-Bench,ASHA,9,0,4e-06,0.01,400,8528.205120182036,73.63481,39.89899,89.461716,80.521805,75.51687,66.80005,76.452034,68.23333,87.08609,43.21869,1224.9589,0.48555824,0.43474808,0.46708182,8528.1
MT-Bench,ASHA,10,0,2e-06,0.02,200,4237.807423448563,71.16041,37.878788,85.44352,79.72515,77.96518,62.357796,78.13563,71.53333,87.33766,43.10038,1226.4381,-0.02705425,0.7779465,0.26567328,4237.7
MT-Bench,ASHA,11,1,2e-06,0.02,200,4237.8059752941135,71.16041,37.878788,85.44352,79.72515,77.96518,62.357796,78.13563,71.53333,87.33766,43.10038,1226.4381,-0.02705425,0.7779465,0.26567328,4237.7
MT-Bench,ASHA,12,0,4e-06,0.02,200,4256.106405115128,71.92833,38.88889,86.50493,80.233025,77.910774,64.28033,78.08692,72.166664,85.76159,41.394894,1237.6453,0.60993916,0.76994044,0.66812146,4256.0
MT-Bench,ASHA,13,0,4e-06,0.01,400,8528.205153560637,73.63481,39.89899,89.461716,80.521805,75.51687,66.80005,76.452034,68.23333,87.08609,43.21869,1224.9589,0.48555824,0.43474808,0.46708182,8528.1
MT-Bench,ASHA,14,0,1e-06,0.01,400,8503.807102060317,71.50171,38.38384,87.03563,80.30273,77.52992,63.918243,78.31548,75.166664,86.92811,50.0,1262.8969,-0.19185075,1.7168292,0.50221467,8503.7
MT-Bench,ASHA,15,0,1e-06,0.02,1000,21269.90625414848,71.843,39.89899,86.656555,79.92432,77.801956,64.51697,78.45162,68.7,85.031845,39.921753,1217.537,-0.16102013,1.246357,0.35075337,21269.8
MT-Bench,ASHA,16,1,2e-06,0.02,200,4237.805571174622,71.16041,37.878788,85.44352,79.72515,77.96518,62.357796,78.13563,71.53333,87.33766,43.10038,1226.4381,-0.02705425,0.7779465,0.26567328,4237.7
MT-Bench,ASHA,17,1,4e-06,0.02,200,4256.106725788117,71.92833,38.88889,86.50493,80.233025,77.910774,64.28033,78.08692,72.166664,85.76159,41.394894,1237.6453,0.60993916,0.76994044,0.66812146,4256.0
MT-Bench,ASHA,18,0,4e-06,0.01,400,8528.205370759963,73.63481,39.89899,89.461716,80.521805,75.51687,66.80005,76.452034,68.23333,87.08609,43.21869,1224.9589,0.48555824,0.43474808,0.46708182,8528.1
MT-Bench,ASHA,19,0,2e-06,0.04,200,4262.504971599579,70.819115,38.88889,84.60955,79.615616,78.07399,60.554516,80.688515,70.066666,83.11688,32.8592,1195.9059,0.22388005,-0.24858908,0.052073095,4262.4
MT-Bench,ASHA,20,0,4e-06,0.01,400,8528.205210542677,73.63481,39.89899,89.461716,80.521805,75.51687,66.80005,76.452034,68.23333,87.08609,43.21869,1224.9589,0.48555824,0.43474808,0.46708182,8528.1
MT-Bench,ASHA,21,1,1e-06,0.01,400,8503.807409381865,71.50171,38.38384,87.03563,80.30273,77.52992,63.918243,78.31548,75.166664,86.92811,50.0,1262.8969,-0.19185075,1.7168292,0.50221467,8503.7
MT-Bench,ASHA,22,1,1e-06,0.01,400,8503.80558619499,71.50171,38.38384,87.03563,80.30273,77.52992,63.918243,78.31548,75.166664,86.92811,50.0,1262.8969,-0.19185075,1.7168292,0.50221467,8503.7
MT-Bench,ASHA,23,0,4e-06,0.01,400,8528.209894514082,73.63481,39.89899,89.461716,80.521805,75.51687,66.80005,76.452034,68.23333,87.08609,43.21869,1224.9589,0.48555824,0.43474808,0.46708182,8528.1
MT-Bench,ASHA,24,1,2e-06,0.02,200,4237.805789089203,71.16041,37.878788,85.44352,79.72515,77.96518,62.357796,78.13563,71.53333,87.33766,43.10038,1226.4381,-0.02705425,0.7779465,0.26567328,4237.7
MT-Bench,BOHB,0,0,1e-06,0.02,1000,21269.906728839876,71.843,39.89899,86.656555,79.92432,77.801956,64.51697,78.45162,68.7,85.031845,39.921753,1217.537,-0.16102013,1.246357,0.35075337,21269.8
MT-Bench,BOHB,1,1,1e-06,0.02,1000,21269.90670404434,71.843,39.89899,86.656555,79.92432,77.801956,64.51697,78.45162,68.7,85.031845,39.921753,1217.537,-0.16102013,1.246357,0.35075337,21269.8
MT-Bench,BOHB,2,0,1e-06,0.02,1000,21269.90579137802,71.843,39.89899,86.656555,79.92432,77.801956,64.51697,78.45162,68.7,85.031845,39.921753,1217.537,-0.16102013,1.246357,0.35075337,21269.8
MT-Bench,BOHB,3,0,4e-06,0.01,400,8528.209858274458,73.63481,39.89899,89.461716,80.521805,75.51687,66.80005,76.452034,68.23333,87.08609,43.21869,1224.9589,0.48555824,0.43474808,0.46708182,8528.1
MT-Bench,BOHB,4,1,2e-06,0.02,200,4237.806709623337,71.16041,37.878788,85.44352,79.72515,77.96518,62.357796,78.13563,71.53333,87.33766,43.10038,1226.4381,-0.02705425,0.7779465,0.26567328,4237.7
MT-Bench,BOHB,5,4,4e-06,0.01,400,30503.66647682571,73.63481,39.89899,89.461716,80.521805,75.51687,66.80005,76.452034,68.23333,87.08609,43.21869,1224.9589,0.48555824,0.43474808,0.46708182,8528.1
MT-Bench,BOHB,6,0,4e-06,0.02,200,4256.1077104568485,71.92833,38.88889,86.50493,80.233025,77.910774,64.28033,78.08692,72.166664,85.76159,41.394894,1237.6453,0.60993916,0.76994044,0.66812146,4256.0
MT-Bench,BOHB,7,1,4e-06,0.01,400,8528.204280948637,73.63481,39.89899,89.461716,80.521805,75.51687,66.80005,76.452034,68.23333,87.08609,43.21869,1224.9589,0.48555824,0.43474808,0.46708182,8528.1
MT-Bench,BOHB,8,1,2e-06,0.02,200,4237.805367088318,71.16041,37.878788,85.44352,79.72515,77.96518,62.357796,78.13563,71.53333,87.33766,43.10038,1226.4381,-0.02705425,0.7779465,0.26567328,4237.7
MT-Bench,BOHB,9,0,4e-06,0.01,400,8528.20434246063,73.63481,39.89899,89.461716,80.521805,75.51687,66.80005,76.452034,68.23333,87.08609,43.21869,1224.9589,0.48555824,0.43474808,0.46708182,8528.1
MT-Bench,BOHB,10,0,2e-06,0.02,200,4237.805308914185,71.16041,37.878788,85.44352,79.72515,77.96518,62.357796,78.13563,71.53333,87.33766,43.10038,1226.4381,-0.02705425,0.7779465,0.26567328,4237.7
MT-Bench,BOHB,11,1,2e-06,0.02,200,4237.807568407059,71.16041,37.878788,85.44352,79.72515,77.96518,62.357796,78.13563,71.53333,87.33766,43.10038,1226.4381,-0.02705425,0.7779465,0.26567328,4237.7
MT-Bench,BOHB,12,0,4e-06,0.02,200,4256.106486654282,71.92833,38.88889,86.50493,80.233025,77.910774,64.28033,78.08692,72.166664,85.76159,41.394894,1237.6453,0.60993916,0.76994044,0.66812146,4256.0
MT-Bench,BOHB,13,0,4e-06,0.01,400,8528.20487127304,73.63481,39.89899,89.461716,80.521805,75.51687,66.80005,76.452034,68.23333,87.08609,43.21869,1224.9589,0.48555824,0.43474808,0.46708182,8528.1
MT-Bench,BOHB,14,0,1e-06,0.01,400,8503.805531358717,71.50171,38.38384,87.03563,80.30273,77.52992,63.918243,78.31548,75.166664,86.92811,50.0,1262.8969,-0.19185075,1.7168292,0.50221467,8503.7
MT-Bench,BOHB,15,0,1e-06,0.02,1000,21269.90597758293,71.843,39.89899,86.656555,79.92432,77.801956,64.51697,78.45162,68.7,85.031845,39.921753,1217.537,-0.16102013,1.246357,0.35075337,21269.8
MT-Bench,BOHB,16,1,2e-06,0.02,200,4237.806650733948,71.16041,37.878788,85.44352,79.72515,77.96518,62.357796,78.13563,71.53333,87.33766,43.10038,1226.4381,-0.02705425,0.7779465,0.26567328,4237.7
MT-Bench,BOHB,17,1,4e-06,0.02,200,4256.106070613861,71.92833,38.88889,86.50493,80.233025,77.910774,64.28033,78.08692,72.166664,85.76159,41.394894,1237.6453,0.60993916,0.76994044,0.66812146,4256.0
MT-Bench,BOHB,18,0,4e-06,0.01,400,8528.207024669646,73.63481,39.89899,89.461716,80.521805,75.51687,66.80005,76.452034,68.23333,87.08609,43.21869,1224.9589,0.48555824,0.43474808,0.46708182,8528.1
MT-Bench,BOHB,19,0,2e-06,0.04,200,4262.506519174576,70.819115,38.88889,84.60955,79.615616,78.07399,60.554516,80.688515,70.066666,83.11688,32.8592,1195.9059,0.22388005,-0.24858908,0.052073095,4262.4
MT-Bench,BOHB,20,0,4e-06,0.01,400,8528.204408264159,73.63481,39.89899,89.461716,80.521805,75.51687,66.80005,76.452034,68.23333,87.08609,43.21869,1224.9589,0.48555824,0.43474808,0.46708182,8528.1
MT-Bench,BOHB,21,1,1e-06,0.01,400,8503.811323976515,71.50171,38.38384,87.03563,80.30273,77.52992,63.918243,78.31548,75.166664,86.92811,50.0,1262.8969,-0.19185075,1.7168292,0.50221467,8503.7
MT-Bench,BOHB,22,1,1e-06,0.01,400,8503.807350254057,71.50171,38.38384,87.03563,80.30273,77.52992,63.918243,78.31548,75.166664,86.92811,50.0,1262.8969,-0.19185075,1.7168292,0.50221467,8503.7
MT-Bench,BOHB,23,0,4e-06,0.01,400,8528.204682922362,73.63481,39.89899,89.461716,80.521805,75.51687,66.80005,76.452034,68.23333,87.08609,43.21869,1224.9589,0.48555824,0.43474808,0.46708182,8528.1
MT-Bench,BOHB,24,1,2e-06,0.02,200,4237.805523252488,71.16041,37.878788,85.44352,79.72515,77.96518,62.357796,78.13563,71.53333,87.33766,43.10038,1226.4381,-0.02705425,0.7779465,0.26567328,4237.7
MT-Bench,BOTorch,0,1,1e-06,0.02,1000,21269.907237386706,71.843,39.89899,86.656555,79.92432,77.801956,64.51697,78.45162,68.7,85.031845,39.921753,1217.537,-0.16102013,1.246357,0.35075337,21269.8
MT-Bench,BOTorch,1,1,2e-06,0.02,200,4237.808408355713,71.16041,37.878788,85.44352,79.72515,77.96518,62.357796,78.13563,71.53333,87.33766,43.10038,1226.4381,-0.02705425,0.7779465,0.26567328,4237.7
MT-Bench,BOTorch,2,0,4e-06,0.02,200,4256.114404058457,71.92833,38.88889,86.50493,80.233025,77.910774,64.28033,78.08692,72.166664,85.76159,41.394894,1237.6453,0.60993916,0.76994044,0.66812146,4256.0
MT-Bench,BOTorch,3,2,2e-06,0.01,200,17724.864469623564,70.819115,38.38384,86.353294,80.233025,77.85637,63.270527,78.69641,77.73333,84.83871,47.87344,1242.7335,0.33775517,1.4125086,0.72857463,4259.6
MT-Bench,BOTorch,4,0,1e-06,0.01,400,8503.805621004103,71.50171,38.38384,87.03563,80.30273,77.52992,63.918243,78.31548,75.166664,86.92811,50.0,1262.8969,-0.19185075,1.7168292,0.50221467,8503.7
MT-Bench,BOTorch,5,0,2e-06,0.04,200,4262.5044983387,70.819115,38.88889,84.60955,79.615616,78.07399,60.554516,80.688515,70.066666,83.11688,32.8592,1195.9059,0.22388005,-0.24858908,0.052073095,4262.4
MT-Bench,BOTorch,6,0,4e-06,0.01,400,8528.205076551436,73.63481,39.89899,89.461716,80.521805,75.51687,66.80005,76.452034,68.23333,87.08609,43.21869,1224.9589,0.48555824,0.43474808,0.46708182,8528.1
MT-Bench,BOTorch,7,1,2e-06,0.02,200,4237.802563285828,71.16041,37.878788,85.44352,79.72515,77.96518,62.357796,78.13563,71.53333,87.33766,43.10038,1226.4381,-0.02705425,0.7779465,0.26567328,4237.7
MT-Bench,BOTorch,8,0,1e-06,0.02,1000,21269.907346343996,71.843,39.89899,86.656555,79.92432,77.801956,64.51697,78.45162,68.7,85.031845,39.921753,1217.537,-0.16102013,1.246357,0.35075337,21269.8
MT-Bench,BOTorch,9,0,4e-06,0.01,400,8528.20719347,73.63481,39.89899,89.461716,80.521805,75.51687,66.80005,76.452034,68.23333,87.08609,43.21869,1224.9589,0.48555824,0.43474808,0.46708182,8528.1
MT-Bench,BOTorch,10,0,2e-06,0.02,200,4237.8055606842045,71.16041,37.878788,85.44352,79.72515,77.96518,62.357796,78.13563,71.53333,87.33766,43.10038,1226.4381,-0.02705425,0.7779465,0.26567328,4237.7
MT-Bench,BOTorch,11,0,1e-06,0.01,400,8503.80617866516,71.50171,38.38384,87.03563,80.30273,77.52992,63.918243,78.31548,75.166664,86.92811,50.0,1262.8969,-0.19185075,1.7168292,0.50221467,8503.7
MT-Bench,BOTorch,12,1,2e-06,0.02,200,4237.806758499146,71.16041,37.878788,85.44352,79.72515,77.96518,62.357796,78.13563,71.53333,87.33766,43.10038,1226.4381,-0.02705425,0.7779465,0.26567328,4237.7
MT-Bench,BOTorch,13,1,4e-06,0.02,200,4256.104965782166,71.92833,38.88889,86.50493,80.233025,77.910774,64.28033,78.08692,72.166664,85.76159,41.394894,1237.6453,0.60993916,0.76994044,0.66812146,4256.0
MT-Bench,BOTorch,14,2,1e-06,0.01,400,21968.962707614897,71.50171,38.38384,87.03563,80.30273,77.52992,63.918243,78.31548,75.166664,86.92811,50.0,1262.8969,-0.19185075,1.7168292,0.50221467,8503.7
MT-Bench,BOTorch,15,1,2e-06,0.02,200,4237.805096960068,71.16041,37.878788,85.44352,79.72515,77.96518,62.357796,78.13563,71.53333,87.33766,43.10038,1226.4381,-0.02705425,0.7779465,0.26567328,4237.7
MT-Bench,BOTorch,16,0,2e-06,0.04,200,4262.511483764649,70.819115,38.88889,84.60955,79.615616,78.07399,60.554516,80.688515,70.066666,83.11688,32.8592,1195.9059,0.22388005,-0.24858908,0.052073095,4262.4
MT-Bench,BOTorch,17,0,1e-06,0.04,800,17063.304339027403,71.672356,39.89899,86.732376,79.65545,78.29162,63.274734,79.67061,70.1,84.31373,33.04767,1195.4678,-0.41055667,0.33043745,-0.14110427,17063.2
MT-Bench,BOTorch,18,0,1e-06,0.01,400,8503.806268072127,71.50171,38.38384,87.03563,80.30273,77.52992,63.918243,78.31548,75.166664,86.92811,50.0,1262.8969,-0.19185075,1.7168292,0.50221467,8503.7
MT-Bench,BOTorch,19,0,4e-06,0.01,400,8528.20485434532,73.63481,39.89899,89.461716,80.521805,75.51687,66.80005,76.452034,68.23333,87.08609,43.21869,1224.9589,0.48555824,0.43474808,0.46708182,8528.1
MT-Bench,BOTorch,20,1,4e-06,0.02,200,4256.105194187165,71.92833,38.88889,86.50493,80.233025,77.910774,64.28033,78.08692,72.166664,85.76159,41.394894,1237.6453,0.60993916,0.76994044,0.66812146,4256.0
MT-Bench,BOTorch,21,1,4e-06,0.02,200,4256.105293607712,71.92833,38.88889,86.50493,80.233025,77.910774,64.28033,78.08692,72.166664,85.76159,41.394894,1237.6453,0.60993916,0.76994044,0.66812146,4256.0
MT-Bench,BOTorch,22,0,1e-06,0.02,1000,21269.908144330977,71.843,39.89899,86.656555,79.92432,77.801956,64.51697,78.45162,68.7,85.031845,39.921753,1217.537,-0.16102013,1.246357,0.35075337,21269.8
MT-Bench,BOTorch,23,0,1e-06,0.01,400,8503.804857110976,71.50171,38.38384,87.03563,80.30273,77.52992,63.918243,78.31548,75.166664,86.92811,50.0,1262.8969,-0.19185075,1.7168292,0.50221467,8503.7
MT-Bench,BOTorch,24,0,1e-06,0.01,400,8503.806275463103,71.50171,38.38384,87.03563,80.30273,77.52992,63.918243,78.31548,75.166664,86.92811,50.0,1262.8969,-0.19185075,1.7168292,0.50221467,8503.7
MT-Bench,CQR,0,0,1e-06,0.02,1000,21269.90649995804,71.843,39.89899,86.656555,79.92432,77.801956,64.51697,78.45162,68.7,85.031845,39.921753,1217.537,-0.16102013,1.246357,0.35075337,21269.8
MT-Bench,CQR,1,1,1e-06,0.02,1000,21269.90614900589,71.843,39.89899,86.656555,79.92432,77.801956,64.51697,78.45162,68.7,85.031845,39.921753,1217.537,-0.16102013,1.246357,0.35075337,21269.8
MT-Bench,CQR,2,0,1e-06,0.02,1000,21269.902904844283,71.843,39.89899,86.656555,79.92432,77.801956,64.51697,78.45162,68.7,85.031845,39.921753,1217.537,-0.16102013,1.246357,0.35075337,21269.8
MT-Bench,CQR,3,0,4e-06,0.01,400,8528.206830835341,73.63481,39.89899,89.461716,80.521805,75.51687,66.80005,76.452034,68.23333,87.08609,43.21869,1224.9589,0.48555824,0.43474808,0.46708182,8528.1
MT-Bench,CQR,4,1,2e-06,0.02,200,4237.80986032486,71.16041,37.878788,85.44352,79.72515,77.96518,62.357796,78.13563,71.53333,87.33766,43.10038,1226.4381,-0.02705425,0.7779465,0.26567328,4237.7
MT-Bench,CQR,5,0,4e-06,0.02,200,4256.10496339798,71.92833,38.88889,86.50493,80.233025,77.910774,64.28033,78.08692,72.166664,85.76159,41.394894,1237.6453,0.60993916,0.76994044,0.66812146,4256.0
MT-Bench,CQR,6,0,4e-06,0.02,200,4256.108038043976,71.92833,38.88889,86.50493,80.233025,77.910774,64.28033,78.08692,72.166664,85.76159,41.394894,1237.6453,0.60993916,0.76994044,0.66812146,4256.0
MT-Bench,CQR,7,1,4e-06,0.01,400,8528.20782766342,73.63481,39.89899,89.461716,80.521805,75.51687,66.80005,76.452034,68.23333,87.08609,43.21869,1224.9589,0.48555824,0.43474808,0.46708182,8528.1
MT-Bench,CQR,8,1,2e-06,0.02,200,4237.806976890564,71.16041,37.878788,85.44352,79.72515,77.96518,62.357796,78.13563,71.53333,87.33766,43.10038,1226.4381,-0.02705425,0.7779465,0.26567328,4237.7
MT-Bench,CQR,9,0,4e-06,0.01,400,8528.205328083037,73.63481,39.89899,89.461716,80.521805,75.51687,66.80005,76.452034,68.23333,87.08609,43.21869,1224.9589,0.48555824,0.43474808,0.46708182,8528.1
MT-Bench,CQR,10,0,2e-06,0.02,200,4237.8076780796055,71.16041,37.878788,85.44352,79.72515,77.96518,62.357796,78.13563,71.53333,87.33766,43.10038,1226.4381,-0.02705425,0.7779465,0.26567328,4237.7
MT-Bench,CQR,11,1,2e-06,0.02,200,4237.806056833268,71.16041,37.878788,85.44352,79.72515,77.96518,62.357796,78.13563,71.53333,87.33766,43.10038,1226.4381,-0.02705425,0.7779465,0.26567328,4237.7
MT-Bench,CQR,12,0,4e-06,0.02,200,4256.107069826127,71.92833,38.88889,86.50493,80.233025,77.910774,64.28033,78.08692,72.166664,85.76159,41.394894,1237.6453,0.60993916,0.76994044,0.66812146,4256.0
MT-Bench,CQR,13,0,4e-06,0.01,400,8528.206935739516,73.63481,39.89899,89.461716,80.521805,75.51687,66.80005,76.452034,68.23333,87.08609,43.21869,1224.9589,0.48555824,0.43474808,0.46708182,8528.1
MT-Bench,CQR,14,0,1e-06,0.01,400,8503.801957464217,71.50171,38.38384,87.03563,80.30273,77.52992,63.918243,78.31548,75.166664,86.92811,50.0,1262.8969,-0.19185075,1.7168292,0.50221467,8503.7
MT-Bench,CQR,15,0,1e-06,0.02,1000,21269.90544257164,71.843,39.89899,86.656555,79.92432,77.801956,64.51697,78.45162,68.7,85.031845,39.921753,1217.537,-0.16102013,1.246357,0.35075337,21269.8
MT-Bench,CQR,16,1,2e-06,0.02,200,4237.80516037941,71.16041,37.878788,85.44352,79.72515,77.96518,62.357796,78.13563,71.53333,87.33766,43.10038,1226.4381,-0.02705425,0.7779465,0.26567328,4237.7
MT-Bench,CQR,17,1,4e-06,0.02,200,4256.109813547135,71.92833,38.88889,86.50493,80.233025,77.910774,64.28033,78.08692,72.166664,85.76159,41.394894,1237.6453,0.60993916,0.76994044,0.66812146,4256.0
MT-Bench,CQR,18,0,4e-06,0.01,400,8528.204761362074,73.63481,39.89899,89.461716,80.521805,75.51687,66.80005,76.452034,68.23333,87.08609,43.21869,1224.9589,0.48555824,0.43474808,0.46708182,8528.1
MT-Bench,CQR,19,0,2e-06,0.04,200,4262.504770612717,70.819115,38.88889,84.60955,79.615616,78.07399,60.554516,80.688515,70.066666,83.11688,32.8592,1195.9059,0.22388005,-0.24858908,0.052073095,4262.4
MT-Bench,CQR,20,0,4e-06,0.01,400,8528.204929685591,73.63481,39.89899,89.461716,80.521805,75.51687,66.80005,76.452034,68.23333,87.08609,43.21869,1224.9589,0.48555824,0.43474808,0.46708182,8528.1
MT-Bench,CQR,21,1,1e-06,0.01,400,8503.805440521239,71.50171,38.38384,87.03563,80.30273,77.52992,63.918243,78.31548,75.166664,86.92811,50.0,1262.8969,-0.19185075,1.7168292,0.50221467,8503.7
MT-Bench,CQR,22,1,1e-06,0.01,400,8503.808168268202,71.50171,38.38384,87.03563,80.30273,77.52992,63.918243,78.31548,75.166664,86.92811,50.0,1262.8969,-0.19185075,1.7168292,0.50221467,8503.7
MT-Bench,CQR,23,0,4e-06,0.01,400,8528.204926347731,73.63481,39.89899,89.461716,80.521805,75.51687,66.80005,76.452034,68.23333,87.08609,43.21869,1224.9589,0.48555824,0.43474808,0.46708182,8528.1
MT-Bench,CQR,24,1,2e-06,0.02,200,4237.805575227738,71.16041,37.878788,85.44352,79.72515,77.96518,62.357796,78.13563,71.53333,87.33766,43.10038,1226.4381,-0.02705425,0.7779465,0.26567328,4237.7
MT-Bench,RandomSearch,0,1,1e-06,0.01,400,8503.810997104643,71.50171,38.38384,87.03563,80.30273,77.52992,63.918243,78.31548,75.166664,86.92811,50.0,1262.8969,-0.19185075,1.7168292,0.50221467,8503.7
MT-Bench,RandomSearch,1,0,1e-06,0.01,400,8503.806745147704,71.50171,38.38384,87.03563,80.30273,77.52992,63.918243,78.31548,75.166664,86.92811,50.0,1262.8969,-0.19185075,1.7168292,0.50221467,8503.7
MT-Bench,RandomSearch,2,1,4e-06,0.01,400,8528.205158329009,73.63481,39.89899,89.461716,80.521805,75.51687,66.80005,76.452034,68.23333,87.08609,43.21869,1224.9589,0.48555824,0.43474808,0.46708182,8528.1
MT-Bench,RandomSearch,3,1,1e-06,0.01,400,8503.807212924956,71.50171,38.38384,87.03563,80.30273,77.52992,63.918243,78.31548,75.166664,86.92811,50.0,1262.8969,-0.19185075,1.7168292,0.50221467,8503.7
MT-Bench,RandomSearch,4,1,1e-06,0.01,400,8503.805482006072,71.50171,38.38384,87.03563,80.30273,77.52992,63.918243,78.31548,75.166664,86.92811,50.0,1262.8969,-0.19185075,1.7168292,0.50221467,8503.7
MT-Bench,RandomSearch,5,0,2e-06,0.02,200,4237.805500125885,71.16041,37.878788,85.44352,79.72515,77.96518,62.357796,78.13563,71.53333,87.33766,43.10038,1226.4381,-0.02705425,0.7779465,0.26567328,4237.7
MT-Bench,RandomSearch,6,1,2e-06,0.02,200,4237.804959392548,71.16041,37.878788,85.44352,79.72515,77.96518,62.357796,78.13563,71.53333,87.33766,43.10038,1226.4381,-0.02705425,0.7779465,0.26567328,4237.7
MT-Bench,RandomSearch,7,1,4e-06,0.01,400,8528.209170675276,73.63481,39.89899,89.461716,80.521805,75.51687,66.80005,76.452034,68.23333,87.08609,43.21869,1224.9589,0.48555824,0.43474808,0.46708182,8528.1
MT-Bench,RandomSearch,8,2,2e-06,0.02,200,17702.967884874342,71.16041,37.878788,85.44352,79.72515,77.96518,62.357796,78.13563,71.53333,87.33766,43.10038,1226.4381,-0.02705425,0.7779465,0.26567328,4237.7
MT-Bench,RandomSearch,9,1,1e-06,0.02,1000,21269.90650806427,71.843,39.89899,86.656555,79.92432,77.801956,64.51697,78.45162,68.7,85.031845,39.921753,1217.537,-0.16102013,1.246357,0.35075337,21269.8
MT-Bench,RandomSearch,10,0,1e-06,0.02,1000,21269.9061003685,71.843,39.89899,86.656555,79.92432,77.801956,64.51697,78.45162,68.7,85.031845,39.921753,1217.537,-0.16102013,1.246357,0.35075337,21269.8
MT-Bench,RandomSearch,11,1,4e-06,0.02,200,4256.105993843079,71.92833,38.88889,86.50493,80.233025,77.910774,64.28033,78.08692,72.166664,85.76159,41.394894,1237.6453,0.60993916,0.76994044,0.66812146,4256.0
MT-Bench,RandomSearch,12,0,4e-06,0.01,400,8528.205149269103,73.63481,39.89899,89.461716,80.521805,75.51687,66.80005,76.452034,68.23333,87.08609,43.21869,1224.9589,0.48555824,0.43474808,0.46708182,8528.1
MT-Bench,RandomSearch,13,0,1e-06,0.01,400,8503.805459356307,71.50171,38.38384,87.03563,80.30273,77.52992,63.918243,78.31548,75.166664,86.92811,50.0,1262.8969,-0.19185075,1.7168292,0.50221467,8503.7
MT-Bench,RandomSearch,14,0,1e-06,0.04,800,17063.304739332198,71.672356,39.89899,86.732376,79.65545,78.29162,63.274734,79.67061,70.1,84.31373,33.04767,1195.4678,-0.41055667,0.33043745,-0.14110427,17063.2
MT-Bench,RandomSearch,15,1,4e-06,0.01,400,8528.20415816307,73.63481,39.89899,89.461716,80.521805,75.51687,66.80005,76.452034,68.23333,87.08609,43.21869,1224.9589,0.48555824,0.43474808,0.46708182,8528.1
MT-Bench,RandomSearch,16,0,2e-06,0.01,2031,43256.604575729376,73.464165,38.88889,87.8696,80.8803,76.87704,66.519295,73.30339,65.03333,85.29412,45.08685,1183.9857,0.16774863,0.92146856,0.4418286,43256.5
MT-Bench,RandomSearch,17,0,4e-06,0.01,400,8528.204622602461,73.63481,39.89899,89.461716,80.521805,75.51687,66.80005,76.452034,68.23333,87.08609,43.21869,1224.9589,0.48555824,0.43474808,0.46708182,8528.1
MT-Bench,RandomSearch,18,1,2e-06,0.02,200,4237.804954624176,71.16041,37.878788,85.44352,79.72515,77.96518,62.357796,78.13563,71.53333,87.33766,43.10038,1226.4381,-0.02705425,0.7779465,0.26567328,4237.7
MT-Bench,RandomSearch,19,2,1e-06,0.01,400,21968.96386299133,71.50171,38.38384,87.03563,80.30273,77.52992,63.918243,78.31548,75.166664,86.92811,50.0,1262.8969,-0.19185075,1.7168292,0.50221467,8503.7
MT-Bench,RandomSearch,20,1,1e-06,0.01,400,8503.805169677733,71.50171,38.38384,87.03563,80.30273,77.52992,63.918243,78.31548,75.166664,86.92811,50.0,1262.8969,-0.19185075,1.7168292,0.50221467,8503.7
MT-Bench,RandomSearch,21,0,4e-06,0.01,400,8528.207238292693,73.63481,39.89899,89.461716,80.521805,75.51687,66.80005,76.452034,68.23333,87.08609,43.21869,1224.9589,0.48555824,0.43474808,0.46708182,8528.1
MT-Bench,RandomSearch,22,1,2e-06,0.02,200,4238.007658338547,71.16041,37.878788,85.44352,79.72515,77.96518,62.357796,78.13563,71.53333,87.33766,43.10038,1226.4381,-0.02705425,0.7779465,0.26567328,4237.7
MT-Bench,RandomSearch,23,2,4e-06,0.02,200,17721.263449287413,71.92833,38.88889,86.50493,80.233025,77.910774,64.28033,78.08692,72.166664,85.76159,41.394894,1237.6453,0.60993916,0.76994044,0.66812146,4256.0
MT-Bench,RandomSearch,24,1,2e-06,0.02,200,4237.805433130265,71.16041,37.878788,85.44352,79.72515,77.96518,62.357796,78.13563,71.53333,87.33766,43.10038,1226.4381,-0.02705425,0.7779465,0.26567328,4237.7
MT-Bench,TPE,0,0,4e-06,0.01,400,8528.212157344817,73.63481,39.89899,89.461716,80.521805,75.51687,66.80005,76.452034,68.23333,87.08609,43.21869,1224.9589,0.48555824,0.43474808,0.46708182,8528.1
MT-Bench,TPE,1,0,2e-06,0.02,200,4237.80497751236,71.16041,37.878788,85.44352,79.72515,77.96518,62.357796,78.13563,71.53333,87.33766,43.10038,1226.4381,-0.02705425,0.7779465,0.26567328,4237.7
MT-Bench,TPE,2,0,2e-06,0.02,200,4237.809571123124,71.16041,37.878788,85.44352,79.72515,77.96518,62.357796,78.13563,71.53333,87.33766,43.10038,1226.4381,-0.02705425,0.7779465,0.26567328,4237.7
MT-Bench,TPE,3,0,1e-06,0.02,1000,21269.91634378433,71.843,39.89899,86.656555,79.92432,77.801956,64.51697,78.45162,68.7,85.031845,39.921753,1217.537,-0.16102013,1.246357,0.35075337,21269.8
MT-Bench,TPE,4,1,4e-06,0.01,400,8528.204581594466,73.63481,39.89899,89.461716,80.521805,75.51687,66.80005,76.452034,68.23333,87.08609,43.21869,1224.9589,0.48555824,0.43474808,0.46708182,8528.1
MT-Bench,TPE,5,0,2e-06,0.01,2031,43256.60566267968,73.464165,38.88889,87.8696,80.8803,76.87704,66.519295,73.30339,65.03333,85.29412,45.08685,1183.9857,0.16774863,0.92146856,0.4418286,43256.5
MT-Bench,TPE,6,0,2e-06,0.02,200,4237.808052396775,71.16041,37.878788,85.44352,79.72515,77.96518,62.357796,78.13563,71.53333,87.33766,43.10038,1226.4381,-0.02705425,0.7779465,0.26567328,4237.7
MT-Bench,TPE,7,1,2e-06,0.01,2031,43256.60685310364,73.464165,38.88889,87.8696,80.8803,76.87704,66.519295,73.30339,65.03333,85.29412,45.08685,1183.9857,0.16774863,0.92146856,0.4418286,43256.5
MT-Bench,TPE,8,1,1e-06,0.01,400,8503.808775043486,71.50171,38.38384,87.03563,80.30273,77.52992,63.918243,78.31548,75.166664,86.92811,50.0,1262.8969,-0.19185075,1.7168292,0.50221467,8503.7
MT-Bench,TPE,9,1,1e-06,0.01,400,8503.813927507399,71.50171,38.38384,87.03563,80.30273,77.52992,63.918243,78.31548,75.166664,86.92811,50.0,1262.8969,-0.19185075,1.7168292,0.50221467,8503.7
MT-Bench,TPE,10,1,2e-06,0.04,200,4262.51071176529,70.819115,38.88889,84.60955,79.615616,78.07399,60.554516,80.688515,70.066666,83.11688,32.8592,1195.9059,0.22388005,-0.24858908,0.052073095,4262.4
MT-Bench,TPE,11,0,4e-06,0.01,400,8528.204635715483,73.63481,39.89899,89.461716,80.521805,75.51687,66.80005,76.452034,68.23333,87.08609,43.21869,1224.9589,0.48555824,0.43474808,0.46708182,8528.1
MT-Bench,TPE,12,1,1e-06,0.01,400,8503.805765008925,71.50171,38.38384,87.03563,80.30273,77.52992,63.918243,78.31548,75.166664,86.92811,50.0,1262.8969,-0.19185075,1.7168292,0.50221467,8503.7
MT-Bench,TPE,13,0,2e-06,0.02,200,4237.806401109696,71.16041,37.878788,85.44352,79.72515,77.96518,62.357796,78.13563,71.53333,87.33766,43.10038,1226.4381,-0.02705425,0.7779465,0.26567328,4237.7
MT-Bench,TPE,14,0,4e-06,0.01,400,8528.207481241225,73.63481,39.89899,89.461716,80.521805,75.51687,66.80005,76.452034,68.23333,87.08609,43.21869,1224.9589,0.48555824,0.43474808,0.46708182,8528.1
MT-Bench,TPE,15,1,1e-06,0.01,400,8503.80547389984,71.50171,38.38384,87.03563,80.30273,77.52992,63.918243,78.31548,75.166664,86.92811,50.0,1262.8969,-0.19185075,1.7168292,0.50221467,8503.7
MT-Bench,TPE,16,0,1e-06,0.01,400,8503.806305265425,71.50171,38.38384,87.03563,80.30273,77.52992,63.918243,78.31548,75.166664,86.92811,50.0,1262.8969,-0.19185075,1.7168292,0.50221467,8503.7
MT-Bench,TPE,17,1,1e-06,0.01,400,8503.819388723372,71.50171,38.38384,87.03563,80.30273,77.52992,63.918243,78.31548,75.166664,86.92811,50.0,1262.8969,-0.19185075,1.7168292,0.50221467,8503.7
MT-Bench,TPE,18,1,4e-06,0.02,200,4256.107116794587,71.92833,38.88889,86.50493,80.233025,77.910774,64.28033,78.08692,72.166664,85.76159,41.394894,1237.6453,0.60993916,0.76994044,0.66812146,4256.0
MT-Bench,TPE,19,1,2e-06,0.02,200,4237.807074165345,71.16041,37.878788,85.44352,79.72515,77.96518,62.357796,78.13563,71.53333,87.33766,43.10038,1226.4381,-0.02705425,0.7779465,0.26567328,4237.7
MT-Bench,TPE,20,1,1e-06,0.01,400,8503.806298351286,71.50171,38.38384,87.03563,80.30273,77.52992,63.918243,78.31548,75.166664,86.92811,50.0,1262.8969,-0.19185075,1.7168292,0.50221467,8503.7
MT-Bench,TPE,21,2,4e-06,0.01,400,21993.365035152437,73.63481,39.89899,89.461716,80.521805,75.51687,66.80005,76.452034,68.23333,87.08609,43.21869,1224.9589,0.48555824,0.43474808,0.46708182,8528.1
MT-Bench,TPE,22,0,4e-06,0.02,200,4256.10459098816,71.92833,38.88889,86.50493,80.233025,77.910774,64.28033,78.08692,72.166664,85.76159,41.394894,1237.6453,0.60993916,0.76994044,0.66812146,4256.0
MT-Bench,TPE,23,0,2e-06,0.02,200,4237.807594394684,71.16041,37.878788,85.44352,79.72515,77.96518,62.357796,78.13563,71.53333,87.33766,43.10038,1226.4381,-0.02705425,0.7779465,0.26567328,4237.7
MT-Bench,TPE,24,1,1e-06,0.01,400,8503.807422494887,71.50171,38.38384,87.03563,80.30273,77.52992,63.918243,78.31548,75.166664,86.92811,50.0,1262.8969,-0.19185075,1.7168292,0.50221467,8503.7
Z-All,ASHA,0,0,1e-06,0.02,1000,21269.905389642718,71.843,39.89899,86.656555,79.92432,77.801956,64.51697,78.45162,68.7,85.031845,39.921753,1217.537,-0.16102013,1.246357,0.35075337,21269.8
Z-All,ASHA,1,0,2e-06,0.01,200,4259.70615515709,70.819115,38.38384,86.353294,80.233025,77.85637,63.270527,78.69641,77.73333,84.83871,47.87344,1242.7335,0.33775517,1.4125086,0.72857463,4259.6
Z-All,ASHA,2,0,1e-06,0.02,1000,21269.906628227232,71.843,39.89899,86.656555,79.92432,77.801956,64.51697,78.45162,68.7,85.031845,39.921753,1217.537,-0.16102013,1.246357,0.35075337,21269.8
Z-All,ASHA,3,1,2e-06,0.01,200,4259.705118513108,70.819115,38.38384,86.353294,80.233025,77.85637,63.270527,78.69641,77.73333,84.83871,47.87344,1242.7335,0.33775517,1.4125086,0.72857463,4259.6
Z-All,ASHA,4,4,4e-06,0.01,800,43291.82381902123,74.14676,40.909092,89.84079,81.75662,76.76823,67.76889,78.525314,61.033333,84.74026,38.379505,1165.6097,1.154595,-0.043553334,0.7189047,17056.2
Z-All,ASHA,5,4,4e-06,0.01,800,39031.76587257767,74.14676,40.909092,89.84079,81.75662,76.76823,67.76889,78.525314,61.033333,84.74026,38.379505,1165.6097,1.154595,-0.043553334,0.7189047,17056.2
Z-All,ASHA,6,0,4e-06,0.02,200,4256.109374856949,71.92833,38.88889,86.50493,80.233025,77.910774,64.28033,78.08692,72.166664,85.76159,41.394894,1237.6453,0.60993916,0.76994044,0.66812146,4256.0
Z-All,ASHA,7,1,4e-06,0.01,800,17056.307484722136,74.14676,40.909092,89.84079,81.75662,76.76823,67.76889,78.525314,61.033333,84.74026,38.379505,1165.6097,1.154595,-0.043553334,0.7189047,17056.2
Z-All,ASHA,8,0,1e-06,0.02,1000,21269.91223297119,71.843,39.89899,86.656555,79.92432,77.801956,64.51697,78.45162,68.7,85.031845,39.921753,1217.537,-0.16102013,1.246357,0.35075337,21269.8
Z-All,ASHA,9,0,4e-06,0.01,800,17056.307184314726,74.14676,40.909092,89.84079,81.75662,76.76823,67.76889,78.525314,61.033333,84.74026,38.379505,1165.6097,1.154595,-0.043553334,0.7189047,17056.2
Z-All,ASHA,10,1,1e-06,0.01,1800,38266.60619316102,72.1843,39.89899,89.385895,80.94005,76.93145,65.84904,79.24097,71.333336,83.757965,45.015694,1205.4617,0.4988026,1.4362805,0.8397037,38266.5
Z-All,ASHA,11,0,2e-06,0.01,200,4259.706574773789,70.819115,38.38384,86.353294,80.233025,77.85637,63.270527,78.69641,77.73333,84.83871,47.87344,1242.7335,0.33775517,1.4125086,0.72857463,4259.6
Z-All,ASHA,12,0,4e-06,0.02,200,4256.10545167923,71.92833,38.88889,86.50493,80.233025,77.910774,64.28033,78.08692,72.166664,85.76159,41.394894,1237.6453,0.60993916,0.76994044,0.66812146,4256.0
Z-All,ASHA,13,0,4e-06,0.01,800,17056.306922769545,74.14676,40.909092,89.84079,81.75662,76.76823,67.76889,78.525314,61.033333,84.74026,38.379505,1165.6097,1.154595,-0.043553334,0.7189047,17056.2
Z-All,ASHA,14,0,1e-06,0.01,1800,38266.60849461556,72.1843,39.89899,89.385895,80.94005,76.93145,65.84904,79.24097,71.333336,83.757965,45.015694,1205.4617,0.4988026,1.4362805,0.8397037,38266.5
Z-All,ASHA,15,0,1e-06,0.02,1000,21269.90686616897,71.843,39.89899,86.656555,79.92432,77.801956,64.51697,78.45162,68.7,85.031845,39.921753,1217.537,-0.16102013,1.246357,0.35075337,21269.8
Z-All,ASHA,16,1,2e-06,0.02,200,4237.80310497284,71.16041,37.878788,85.44352,79.72515,77.96518,62.357796,78.13563,71.53333,87.33766,43.10038,1226.4381,-0.02705425,0.7779465,0.26567328,4237.7
Z-All,ASHA,17,1,4e-06,0.02,200,4256.105212068558,71.92833,38.88889,86.50493,80.233025,77.910774,64.28033,78.08692,72.166664,85.76159,41.394894,1237.6453,0.60993916,0.76994044,0.66812146,4256.0
Z-All,ASHA,18,0,4e-06,0.01,800,17056.30482301712,74.14676,40.909092,89.84079,81.75662,76.76823,67.76889,78.525314,61.033333,84.74026,38.379505,1165.6097,1.154595,-0.043553334,0.7189047,17056.2
Z-All,ASHA,19,0,2e-06,0.04,200,4262.5054818153385,70.819115,38.88889,84.60955,79.615616,78.07399,60.554516,80.688515,70.066666,83.11688,32.8592,1195.9059,0.22388005,-0.24858908,0.052073095,4262.4
Z-All,ASHA,20,0,4e-06,0.01,800,17056.304186439513,74.14676,40.909092,89.84079,81.75662,76.76823,67.76889,78.525314,61.033333,84.74026,38.379505,1165.6097,1.154595,-0.043553334,0.7189047,17056.2
Z-All,ASHA,21,1,1e-06,0.01,1800,38266.60796627999,72.1843,39.89899,89.385895,80.94005,76.93145,65.84904,79.24097,71.333336,83.757965,45.015694,1205.4617,0.4988026,1.4362805,0.8397037,38266.5
Z-All,ASHA,22,1,1e-06,0.01,1800,38266.605535602575,72.1843,39.89899,89.385895,80.94005,76.93145,65.84904,79.24097,71.333336,83.757965,45.015694,1205.4617,0.4988026,1.4362805,0.8397037,38266.5
Z-All,ASHA,23,0,4e-06,0.01,800,17056.303991174696,74.14676,40.909092,89.84079,81.75662,76.76823,67.76889,78.525314,61.033333,84.74026,38.379505,1165.6097,1.154595,-0.043553334,0.7189047,17056.2
Z-All,ASHA,24,0,4e-06,0.01,800,17056.305196142195,74.14676,40.909092,89.84079,81.75662,76.76823,67.76889,78.525314,61.033333,84.74026,38.379505,1165.6097,1.154595,-0.043553334,0.7189047,17056.2
Z-All,BOHB,0,0,1e-06,0.02,1000,21269.90573058128,71.843,39.89899,86.656555,79.92432,77.801956,64.51697,78.45162,68.7,85.031845,39.921753,1217.537,-0.16102013,1.246357,0.35075337,21269.8
Z-All,BOHB,1,0,2e-06,0.01,200,4259.708298301697,70.819115,38.38384,86.353294,80.233025,77.85637,63.270527,78.69641,77.73333,84.83871,47.87344,1242.7335,0.33775517,1.4125086,0.72857463,4259.6
Z-All,BOHB,2,0,1e-06,0.02,1000,21269.916478967665,71.843,39.89899,86.656555,79.92432,77.801956,64.51697,78.45162,68.7,85.031845,39.921753,1217.537,-0.16102013,1.246357,0.35075337,21269.8
Z-All,BOHB,3,1,2e-06,0.01,200,4259.705280160904,70.819115,38.38384,86.353294,80.233025,77.85637,63.270527,78.69641,77.73333,84.83871,47.87344,1242.7335,0.33775517,1.4125086,0.72857463,4259.6
Z-All,BOHB,4,4,4e-06,0.01,800,43291.814731697086,74.14676,40.909092,89.84079,81.75662,76.76823,67.76889,78.525314,61.033333,84.74026,38.379505,1165.6097,1.154595,-0.043553334,0.7189047,17056.2
Z-All,BOHB,5,4,4e-06,0.01,800,39031.76551828766,74.14676,40.909092,89.84079,81.75662,76.76823,67.76889,78.525314,61.033333,84.74026,38.379505,1165.6097,1.154595,-0.043553334,0.7189047,17056.2
Z-All,BOHB,6,0,4e-06,0.02,200,4256.106353616715,71.92833,38.88889,86.50493,80.233025,77.910774,64.28033,78.08692,72.166664,85.76159,41.394894,1237.6453,0.60993916,0.76994044,0.66812146,4256.0
Z-All,BOHB,7,1,4e-06,0.01,800,17056.304387903212,74.14676,40.909092,89.84079,81.75662,76.76823,67.76889,78.525314,61.033333,84.74026,38.379505,1165.6097,1.154595,-0.043553334,0.7189047,17056.2
Z-All,BOHB,8,0,1e-06,0.02,1000,21269.90604124069,71.843,39.89899,86.656555,79.92432,77.801956,64.51697,78.45162,68.7,85.031845,39.921753,1217.537,-0.16102013,1.246357,0.35075337,21269.8
Z-All,BOHB,9,0,4e-06,0.01,800,17056.30496869087,74.14676,40.909092,89.84079,81.75662,76.76823,67.76889,78.525314,61.033333,84.74026,38.379505,1165.6097,1.154595,-0.043553334,0.7189047,17056.2
Z-All,BOHB,10,1,1e-06,0.01,1800,38266.60559997559,72.1843,39.89899,89.385895,80.94005,76.93145,65.84904,79.24097,71.333336,83.757965,45.015694,1205.4617,0.4988026,1.4362805,0.8397037,38266.5
Z-All,BOHB,11,0,2e-06,0.01,200,4259.706036424637,70.819115,38.38384,86.353294,80.233025,77.85637,63.270527,78.69641,77.73333,84.83871,47.87344,1242.7335,0.33775517,1.4125086,0.72857463,4259.6
Z-All,BOHB,12,0,4e-06,0.02,200,4256.104939079285,71.92833,38.88889,86.50493,80.233025,77.910774,64.28033,78.08692,72.166664,85.76159,41.394894,1237.6453,0.60993916,0.76994044,0.66812146,4256.0
Z-All,BOHB,13,0,4e-06,0.01,800,17056.30539021492,74.14676,40.909092,89.84079,81.75662,76.76823,67.76889,78.525314,61.033333,84.74026,38.379505,1165.6097,1.154595,-0.043553334,0.7189047,17056.2
Z-All,BOHB,14,0,1e-06,0.01,1800,38266.60788927079,72.1843,39.89899,89.385895,80.94005,76.93145,65.84904,79.24097,71.333336,83.757965,45.015694,1205.4617,0.4988026,1.4362805,0.8397037,38266.5
Z-All,BOHB,15,0,1e-06,0.02,1000,21269.906206703185,71.843,39.89899,86.656555,79.92432,77.801956,64.51697,78.45162,68.7,85.031845,39.921753,1217.537,-0.16102013,1.246357,0.35075337,21269.8
Z-All,BOHB,16,1,2e-06,0.02,200,4237.810941791535,71.16041,37.878788,85.44352,79.72515,77.96518,62.357796,78.13563,71.53333,87.33766,43.10038,1226.4381,-0.02705425,0.7779465,0.26567328,4237.7
Z-All,BOHB,17,1,4e-06,0.02,200,4256.105259513855,71.92833,38.88889,86.50493,80.233025,77.910774,64.28033,78.08692,72.166664,85.76159,41.394894,1237.6453,0.60993916,0.76994044,0.66812146,4256.0
Z-All,BOHB,18,0,4e-06,0.01,800,17056.305256462096,74.14676,40.909092,89.84079,81.75662,76.76823,67.76889,78.525314,61.033333,84.74026,38.379505,1165.6097,1.154595,-0.043553334,0.7189047,17056.2
Z-All,BOHB,19,0,2e-06,0.04,200,4262.504334068299,70.819115,38.88889,84.60955,79.615616,78.07399,60.554516,80.688515,70.066666,83.11688,32.8592,1195.9059,0.22388005,-0.24858908,0.052073095,4262.4
Z-All,BOHB,20,0,4e-06,0.01,800,17056.30495223999,74.14676,40.909092,89.84079,81.75662,76.76823,67.76889,78.525314,61.033333,84.74026,38.379505,1165.6097,1.154595,-0.043553334,0.7189047,17056.2
Z-All,BOHB,21,1,1e-06,0.01,1800,38266.60616312028,72.1843,39.89899,89.385895,80.94005,76.93145,65.84904,79.24097,71.333336,83.757965,45.015694,1205.4617,0.4988026,1.4362805,0.8397037,38266.5
Z-All,BOHB,22,1,1e-06,0.01,1800,38266.60538992882,72.1843,39.89899,89.385895,80.94005,76.93145,65.84904,79.24097,71.333336,83.757965,45.015694,1205.4617,0.4988026,1.4362805,0.8397037,38266.5
Z-All,BOHB,23,0,4e-06,0.01,800,17056.30426750183,74.14676,40.909092,89.84079,81.75662,76.76823,67.76889,78.525314,61.033333,84.74026,38.379505,1165.6097,1.154595,-0.043553334,0.7189047,17056.2
Z-All,BOHB,24,0,4e-06,0.01,800,17056.3099943161,74.14676,40.909092,89.84079,81.75662,76.76823,67.76889,78.525314,61.033333,84.74026,38.379505,1165.6097,1.154595,-0.043553334,0.7189047,17056.2
Z-All,BOTorch,0,1,4e-06,0.02,200,4256.10823545456,71.92833,38.88889,86.50493,80.233025,77.910774,64.28033,78.08692,72.166664,85.76159,41.394894,1237.6453,0.60993916,0.76994044,0.66812146,4256.0
Z-All,BOTorch,1,1,2e-06,0.02,200,4237.805539226532,71.16041,37.878788,85.44352,79.72515,77.96518,62.357796,78.13563,71.53333,87.33766,43.10038,1226.4381,-0.02705425,0.7779465,0.26567328,4237.7
Z-All,BOTorch,2,0,4e-06,0.01,800,17056.304422235487,74.14676,40.909092,89.84079,81.75662,76.76823,67.76889,78.525314,61.033333,84.74026,38.379505,1165.6097,1.154595,-0.043553334,0.7189047,17056.2
Z-All,BOTorch,3,1,4e-06,0.02,200,4256.106532192231,71.92833,38.88889,86.50493,80.233025,77.910774,64.28033,78.08692,72.166664,85.76159,41.394894,1237.6453,0.60993916,0.76994044,0.66812146,4256.0
Z-All,BOTorch,4,0,4e-06,0.01,800,17056.30586156845,74.14676,40.909092,89.84079,81.75662,76.76823,67.76889,78.525314,61.033333,84.74026,38.379505,1165.6097,1.154595,-0.043553334,0.7189047,17056.2
Z-All,BOTorch,5,1,4e-06,0.01,800,17056.304833269118,74.14676,40.909092,89.84079,81.75662,76.76823,67.76889,78.525314,61.033333,84.74026,38.379505,1165.6097,1.154595,-0.043553334,0.7189047,17056.2
Z-All,BOTorch,6,1,1e-06,0.02,1000,21269.906374549864,71.843,39.89899,86.656555,79.92432,77.801956,64.51697,78.45162,68.7,85.031845,39.921753,1217.537,-0.16102013,1.246357,0.35075337,21269.8
Z-All,BOTorch,7,1,1e-06,0.01,1800,38266.608131265646,72.1843,39.89899,89.385895,80.94005,76.93145,65.84904,79.24097,71.333336,83.757965,45.015694,1205.4617,0.4988026,1.4362805,0.8397037,38266.5
Z-All,BOTorch,8,0,4e-06,0.01,800,17056.304568624495,74.14676,40.909092,89.84079,81.75662,76.76823,67.76889,78.525314,61.033333,84.74026,38.379505,1165.6097,1.154595,-0.043553334,0.7189047,17056.2
Z-All,BOTorch,9,1,1e-06,0.02,1000,21269.907998895644,71.843,39.89899,86.656555,79.92432,77.801956,64.51697,78.45162,68.7,85.031845,39.921753,1217.537,-0.16102013,1.246357,0.35075337,21269.8
Z-All,BOTorch,10,1,4e-06,0.01,800,17056.30419383049,74.14676,40.909092,89.84079,81.75662,76.76823,67.76889,78.525314,61.033333,84.74026,38.379505,1165.6097,1.154595,-0.043553334,0.7189047,17056.2
Z-All,BOTorch,11,1,4e-06,0.01,800,17056.306870794295,74.14676,40.909092,89.84079,81.75662,76.76823,67.76889,78.525314,61.033333,84.74026,38.379505,1165.6097,1.154595,-0.043553334,0.7189047,17056.2
Z-All,BOTorch,12,1,1e-06,0.01,1800,38266.60972127915,72.1843,39.89899,89.385895,80.94005,76.93145,65.84904,79.24097,71.333336,83.757965,45.015694,1205.4617,0.4988026,1.4362805,0.8397037,38266.5
Z-All,BOTorch,13,0,4e-06,0.01,800,17056.304764842986,74.14676,40.909092,89.84079,81.75662,76.76823,67.76889,78.525314,61.033333,84.74026,38.379505,1165.6097,1.154595,-0.043553334,0.7189047,17056.2
Z-All,BOTorch,14,0,2e-06,0.01,200,4259.705681180954,70.819115,38.38384,86.353294,80.233025,77.85637,63.270527,78.69641,77.73333,84.83871,47.87344,1242.7335,0.33775517,1.4125086,0.72857463,4259.6
Z-All,BOTorch,15,1,1e-06,0.01,1800,38266.6082256794,72.1843,39.89899,89.385895,80.94005,76.93145,65.84904,79.24097,71.333336,83.757965,45.015694,1205.4617,0.4988026,1.4362805,0.8397037,38266.5
Z-All,BOTorch,16,1,1e-06,0.02,1000,21269.90636024475,71.843,39.89899,86.656555,79.92432,77.801956,64.51697,78.45162,68.7,85.031845,39.921753,1217.537,-0.16102013,1.246357,0.35075337,21269.8
Z-All,BOTorch,17,2,1e-06,0.02,1000,34735.06609663964,71.843,39.89899,86.656555,79.92432,77.801956,64.51697,78.45162,68.7,85.031845,39.921753,1217.537,-0.16102013,1.246357,0.35075337,21269.8
Z-All,BOTorch,18,2,2e-06,0.01,200,17724.860120153426,70.819115,38.38384,86.353294,80.233025,77.85637,63.270527,78.69641,77.73333,84.83871,47.87344,1242.7335,0.33775517,1.4125086,0.72857463,4259.6
Z-All,BOTorch,19,1,1e-06,0.02,1000,21269.90660581589,71.843,39.89899,86.656555,79.92432,77.801956,64.51697,78.45162,68.7,85.031845,39.921753,1217.537,-0.16102013,1.246357,0.35075337,21269.8
Z-All,BOTorch,20,0,2e-06,0.04,200,4262.506080961228,70.819115,38.88889,84.60955,79.615616,78.07399,60.554516,80.688515,70.066666,83.11688,32.8592,1195.9059,0.22388005,-0.24858908,0.052073095,4262.4
Z-All,BOTorch,21,0,2e-06,0.02,200,4237.80653629303,71.16041,37.878788,85.44352,79.72515,77.96518,62.357796,78.13563,71.53333,87.33766,43.10038,1226.4381,-0.02705425,0.7779465,0.26567328,4237.7
Z-All,BOTorch,22,1,1e-06,0.01,1800,38266.60931811333,72.1843,39.89899,89.385895,80.94005,76.93145,65.84904,79.24097,71.333336,83.757965,45.015694,1205.4617,0.4988026,1.4362805,0.8397037,38266.5
Z-All,BOTorch,23,0,1e-06,0.01,1800,38266.60569725037,72.1843,39.89899,89.385895,80.94005,76.93145,65.84904,79.24097,71.333336,83.757965,45.015694,1205.4617,0.4988026,1.4362805,0.8397037,38266.5
Z-All,BOTorch,24,0,2e-06,0.01,200,4259.706204509736,70.819115,38.38384,86.353294,80.233025,77.85637,63.270527,78.69641,77.73333,84.83871,47.87344,1242.7335,0.33775517,1.4125086,0.72857463,4259.6
Z-All,CQR,0,0,1e-06,0.02,1000,21269.908114051817,71.843,39.89899,86.656555,79.92432,77.801956,64.51697,78.45162,68.7,85.031845,39.921753,1217.537,-0.16102013,1.246357,0.35075337,21269.8
Z-All,CQR,1,0,2e-06,0.01,200,4259.708266830445,70.819115,38.38384,86.353294,80.233025,77.85637,63.270527,78.69641,77.73333,84.83871,47.87344,1242.7335,0.33775517,1.4125086,0.72857463,4259.6
Z-All,CQR,2,0,1e-06,0.02,1000,21269.909684515,71.843,39.89899,86.656555,79.92432,77.801956,64.51697,78.45162,68.7,85.031845,39.921753,1217.537,-0.16102013,1.246357,0.35075337,21269.8
Z-All,CQR,3,1,2e-06,0.01,200,4259.7054720878605,70.819115,38.38384,86.353294,80.233025,77.85637,63.270527,78.69641,77.73333,84.83871,47.87344,1242.7335,0.33775517,1.4125086,0.72857463,4259.6
Z-All,CQR,4,2,1e-06,0.01,1400,43228.06328949929,72.44027,40.40404,88.62775,80.73093,77.14908,65.709946,78.038216,70.6,81.37255,45.342472,1218.8317,0.45504493,1.2727082,0.75237703,29762.8
Z-All,CQR,5,0,4e-06,0.02,200,4256.106402254105,71.92833,38.88889,86.50493,80.233025,77.910774,64.28033,78.08692,72.166664,85.76159,41.394894,1237.6453,0.60993916,0.76994044,0.66812146,4256.0
Z-All,CQR,6,0,4e-06,0.02,200,4256.105874395371,71.92833,38.88889,86.50493,80.233025,77.910774,64.28033,78.08692,72.166664,85.76159,41.394894,1237.6453,0.60993916,0.76994044,0.66812146,4256.0
Z-All,CQR,7,1,4e-06,0.01,800,17056.306716060637,74.14676,40.909092,89.84079,81.75662,76.76823,67.76889,78.525314,61.033333,84.74026,38.379505,1165.6097,1.154595,-0.043553334,0.7189047,17056.2
Z-All,CQR,8,0,1e-06,0.02,1000,21269.908599472044,71.843,39.89899,86.656555,79.92432,77.801956,64.51697,78.45162,68.7,85.031845,39.921753,1217.537,-0.16102013,1.246357,0.35075337,21269.8
Z-All,CQR,9,0,4e-06,0.01,800,17056.3081079483,74.14676,40.909092,89.84079,81.75662,76.76823,67.76889,78.525314,61.033333,84.74026,38.379505,1165.6097,1.154595,-0.043553334,0.7189047,17056.2
Z-All,CQR,10,1,1e-06,0.01,1800,38266.60600671769,72.1843,39.89899,89.385895,80.94005,76.93145,65.84904,79.24097,71.333336,83.757965,45.015694,1205.4617,0.4988026,1.4362805,0.8397037,38266.5
Z-All,CQR,11,0,2e-06,0.01,200,4259.710431671143,70.819115,38.38384,86.353294,80.233025,77.85637,63.270527,78.69641,77.73333,84.83871,47.87344,1242.7335,0.33775517,1.4125086,0.72857463,4259.6
Z-All,CQR,12,0,4e-06,0.02,200,4256.105149364472,71.92833,38.88889,86.50493,80.233025,77.910774,64.28033,78.08692,72.166664,85.76159,41.394894,1237.6453,0.60993916,0.76994044,0.66812146,4256.0
Z-All,CQR,13,0,4e-06,0.01,800,17056.30565652847,74.14676,40.909092,89.84079,81.75662,76.76823,67.76889,78.525314,61.033333,84.74026,38.379505,1165.6097,1.154595,-0.043553334,0.7189047,17056.2
Z-All,CQR,14,0,1e-06,0.01,1800,38266.604736900335,72.1843,39.89899,89.385895,80.94005,76.93145,65.84904,79.24097,71.333336,83.757965,45.015694,1205.4617,0.4988026,1.4362805,0.8397037,38266.5
Z-All,CQR,15,0,1e-06,0.02,1000,21269.910804367064,71.843,39.89899,86.656555,79.92432,77.801956,64.51697,78.45162,68.7,85.031845,39.921753,1217.537,-0.16102013,1.246357,0.35075337,21269.8
Z-All,CQR,16,1,2e-06,0.02,200,4237.805123186112,71.16041,37.878788,85.44352,79.72515,77.96518,62.357796,78.13563,71.53333,87.33766,43.10038,1226.4381,-0.02705425,0.7779465,0.26567328,4237.7
Z-All,CQR,17,1,4e-06,0.02,200,4256.10481748581,71.92833,38.88889,86.50493,80.233025,77.910774,64.28033,78.08692,72.166664,85.76159,41.394894,1237.6453,0.60993916,0.76994044,0.66812146,4256.0
Z-All,CQR,18,0,4e-06,0.01,800,17056.304859018324,74.14676,40.909092,89.84079,81.75662,76.76823,67.76889,78.525314,61.033333,84.74026,38.379505,1165.6097,1.154595,-0.043553334,0.7189047,17056.2
Z-All,CQR,19,0,2e-06,0.04,200,4262.511750555039,70.819115,38.88889,84.60955,79.615616,78.07399,60.554516,80.688515,70.066666,83.11688,32.8592,1195.9059,0.22388005,-0.24858908,0.052073095,4262.4
Z-All,CQR,20,0,4e-06,0.01,800,17056.303637599944,74.14676,40.909092,89.84079,81.75662,76.76823,67.76889,78.525314,61.033333,84.74026,38.379505,1165.6097,1.154595,-0.043553334,0.7189047,17056.2
Z-All,CQR,21,1,1e-06,0.01,1800,38266.60560998917,72.1843,39.89899,89.385895,80.94005,76.93145,65.84904,79.24097,71.333336,83.757965,45.015694,1205.4617,0.4988026,1.4362805,0.8397037,38266.5
Z-All,CQR,22,1,1e-06,0.01,1800,38266.60835847855,72.1843,39.89899,89.385895,80.94005,76.93145,65.84904,79.24097,71.333336,83.757965,45.015694,1205.4617,0.4988026,1.4362805,0.8397037,38266.5
Z-All,CQR,23,0,4e-06,0.01,800,17056.310595369338,74.14676,40.909092,89.84079,81.75662,76.76823,67.76889,78.525314,61.033333,84.74026,38.379505,1165.6097,1.154595,-0.043553334,0.7189047,17056.2
Z-All,CQR,24,0,4e-06,0.01,800,17056.304526185988,74.14676,40.909092,89.84079,81.75662,76.76823,67.76889,78.525314,61.033333,84.74026,38.379505,1165.6097,1.154595,-0.043553334,0.7189047,17056.2
Z-All,RandomSearch,0,0,4e-06,0.02,200,4256.10521850586,71.92833,38.88889,86.50493,80.233025,77.910774,64.28033,78.08692,72.166664,85.76159,41.394894,1237.6453,0.60993916,0.76994044,0.66812146,4256.0
Z-All,RandomSearch,1,0,1e-06,0.01,1800,38266.60497746468,72.1843,39.89899,89.385895,80.94005,76.93145,65.84904,79.24097,71.333336,83.757965,45.015694,1205.4617,0.4988026,1.4362805,0.8397037,38266.5
Z-All,RandomSearch,2,0,1e-06,0.02,1000,21269.90920052528,71.843,39.89899,86.656555,79.92432,77.801956,64.51697,78.45162,68.7,85.031845,39.921753,1217.537,-0.16102013,1.246357,0.35075337,21269.8
Z-All,RandomSearch,3,0,1e-06,0.01,1800,38266.63107190133,72.1843,39.89899,89.385895,80.94005,76.93145,65.84904,79.24097,71.333336,83.757965,45.015694,1205.4617,0.4988026,1.4362805,0.8397037,38266.5
Z-All,RandomSearch,4,0,4e-06,0.01,800,17056.30487475395,74.14676,40.909092,89.84079,81.75662,76.76823,67.76889,78.525314,61.033333,84.74026,38.379505,1165.6097,1.154595,-0.043553334,0.7189047,17056.2
Z-All,RandomSearch,5,0,2e-06,0.01,200,4259.706097936631,70.819115,38.38384,86.353294,80.233025,77.85637,63.270527,78.69641,77.73333,84.83871,47.87344,1242.7335,0.33775517,1.4125086,0.72857463,4259.6
Z-All,RandomSearch,6,0,4e-06,0.02,200,4256.105156278611,71.92833,38.88889,86.50493,80.233025,77.910774,64.28033,78.08692,72.166664,85.76159,41.394894,1237.6453,0.60993916,0.76994044,0.66812146,4256.0
Z-All,RandomSearch,7,1,4e-06,0.01,800,17056.30604610443,74.14676,40.909092,89.84079,81.75662,76.76823,67.76889,78.525314,61.033333,84.74026,38.379505,1165.6097,1.154595,-0.043553334,0.7189047,17056.2
Z-All,RandomSearch,8,0,2e-06,0.01,200,4259.707903718949,70.819115,38.38384,86.353294,80.233025,77.85637,63.270527,78.69641,77.73333,84.83871,47.87344,1242.7335,0.33775517,1.4125086,0.72857463,4259.6
Z-All,RandomSearch,9,1,4e-06,0.01,800,17056.30530581474,74.14676,40.909092,89.84079,81.75662,76.76823,67.76889,78.525314,61.033333,84.74026,38.379505,1165.6097,1.154595,-0.043553334,0.7189047,17056.2
Z-All,RandomSearch,10,0,1e-06,0.02,1000,21269.94722471237,71.843,39.89899,86.656555,79.92432,77.801956,64.51697,78.45162,68.7,85.031845,39.921753,1217.537,-0.16102013,1.246357,0.35075337,21269.8
Z-All,RandomSearch,11,0,2e-06,0.01,200,4259.710541582108,70.819115,38.38384,86.353294,80.233025,77.85637,63.270527,78.69641,77.73333,84.83871,47.87344,1242.7335,0.33775517,1.4125086,0.72857463,4259.6
Z-All,RandomSearch,12,1,2e-06,0.01,200,4259.705320453644,70.819115,38.38384,86.353294,80.233025,77.85637,63.270527,78.69641,77.73333,84.83871,47.87344,1242.7335,0.33775517,1.4125086,0.72857463,4259.6
Z-All,RandomSearch,13,2,1e-06,0.01,1400,43228.06696710587,72.44027,40.40404,88.62775,80.73093,77.14908,65.709946,78.038216,70.6,81.37255,45.342472,1218.8317,0.45504493,1.2727082,0.75237703,29762.8
Z-All,RandomSearch,14,1,1e-06,0.01,1800,38266.61440167428,72.1843,39.89899,89.385895,80.94005,76.93145,65.84904,79.24097,71.333336,83.757965,45.015694,1205.4617,0.4988026,1.4362805,0.8397037,38266.5
Z-All,RandomSearch,15,1,1e-06,0.01,1800,38266.605601167685,72.1843,39.89899,89.385895,80.94005,76.93145,65.84904,79.24097,71.333336,83.757965,45.015694,1205.4617,0.4988026,1.4362805,0.8397037,38266.5
Z-All,RandomSearch,16,0,4e-06,0.02,200,4256.116788005829,71.92833,38.88889,86.50493,80.233025,77.910774,64.28033,78.08692,72.166664,85.76159,41.394894,1237.6453,0.60993916,0.76994044,0.66812146,4256.0
Z-All,RandomSearch,17,0,4e-06,0.02,200,4256.108857488633,71.92833,38.88889,86.50493,80.233025,77.910774,64.28033,78.08692,72.166664,85.76159,41.394894,1237.6453,0.60993916,0.76994044,0.66812146,4256.0
Z-All,RandomSearch,18,0,2e-06,0.01,200,4259.707278347016,70.819115,38.38384,86.353294,80.233025,77.85637,63.270527,78.69641,77.73333,84.83871,47.87344,1242.7335,0.33775517,1.4125086,0.72857463,4259.6
Z-All,RandomSearch,19,1,1e-06,0.01,1800,38266.61115894318,72.1843,39.89899,89.385895,80.94005,76.93145,65.84904,79.24097,71.333336,83.757965,45.015694,1205.4617,0.4988026,1.4362805,0.8397037,38266.5
Z-All,RandomSearch,20,0,4e-06,0.01,800,17056.308023786543,74.14676,40.909092,89.84079,81.75662,76.76823,67.76889,78.525314,61.033333,84.74026,38.379505,1165.6097,1.154595,-0.043553334,0.7189047,17056.2
Z-All,RandomSearch,21,0,4e-06,0.02,200,4256.105504608155,71.92833,38.88889,86.50493,80.233025,77.910774,64.28033,78.08692,72.166664,85.76159,41.394894,1237.6453,0.60993916,0.76994044,0.66812146,4256.0
Z-All,RandomSearch,22,1,1e-06,0.01,1800,38266.60663661957,72.1843,39.89899,89.385895,80.94005,76.93145,65.84904,79.24097,71.333336,83.757965,45.015694,1205.4617,0.4988026,1.4362805,0.8397037,38266.5
Z-All,RandomSearch,23,0,1e-06,0.01,1800,38266.60495648385,72.1843,39.89899,89.385895,80.94005,76.93145,65.84904,79.24097,71.333336,83.757965,45.015694,1205.4617,0.4988026,1.4362805,0.8397037,38266.5
Z-All,RandomSearch,24,2,1e-06,0.01,1400,43228.06428251267,72.44027,40.40404,88.62775,80.73093,77.14908,65.709946,78.038216,70.6,81.37255,45.342472,1218.8317,0.45504493,1.2727082,0.75237703,29762.8
Z-All,TPE,0,0,4e-06,0.02,200,4256.106220579148,71.92833,38.88889,86.50493,80.233025,77.910774,64.28033,78.08692,72.166664,85.76159,41.394894,1237.6453,0.60993916,0.76994044,0.66812146,4256.0
Z-All,TPE,1,1,1e-06,0.02,1000,21269.908560609816,71.843,39.89899,86.656555,79.92432,77.801956,64.51697,78.45162,68.7,85.031845,39.921753,1217.537,-0.16102013,1.246357,0.35075337,21269.8
Z-All,TPE,2,2,4e-06,0.01,200,47299.604872798925,71.92833,39.39394,87.64215,80.60147,76.605,65.273674,76.106064,72.36667,84.09091,47.07675,1223.7786,0.39157057,0.7481799,0.5212467,4264.0
Z-All,TPE,3,0,4e-06,0.02,200,4256.104865884781,71.92833,38.88889,86.50493,80.233025,77.910774,64.28033,78.08692,72.166664,85.76159,41.394894,1237.6453,0.60993916,0.76994044,0.66812146,4256.0
Z-All,TPE,4,0,4e-06,0.01,800,17056.30666360855,74.14676,40.909092,89.84079,81.75662,76.76823,67.76889,78.525314,61.033333,84.74026,38.379505,1165.6097,1.154595,-0.043553334,0.7189047,17056.2
Z-All,TPE,5,1,4e-06,0.02,200,4256.106130456925,71.92833,38.88889,86.50493,80.233025,77.910774,64.28033,78.08692,72.166664,85.76159,41.394894,1237.6453,0.60993916,0.76994044,0.66812146,4256.0
Z-All,TPE,6,1,4e-06,0.02,200,4256.107482290268,71.92833,38.88889,86.50493,80.233025,77.910774,64.28033,78.08692,72.166664,85.76159,41.394894,1237.6453,0.60993916,0.76994044,0.66812146,4256.0
Z-All,TPE,7,0,4e-06,0.01,800,17056.306758499144,74.14676,40.909092,89.84079,81.75662,76.76823,67.76889,78.525314,61.033333,84.74026,38.379505,1165.6097,1.154595,-0.043553334,0.7189047,17056.2
Z-All,TPE,8,1,1e-06,0.01,1800,38266.60523662568,72.1843,39.89899,89.385895,80.94005,76.93145,65.84904,79.24097,71.333336,83.757965,45.015694,1205.4617,0.4988026,1.4362805,0.8397037,38266.5
Z-All,TPE,9,1,1e-06,0.01,1800,38266.605580902105,72.1843,39.89899,89.385895,80.94005,76.93145,65.84904,79.24097,71.333336,83.757965,45.015694,1205.4617,0.4988026,1.4362805,0.8397037,38266.5
Z-All,TPE,10,0,4e-06,0.01,800,17056.304991102217,74.14676,40.909092,89.84079,81.75662,76.76823,67.76889,78.525314,61.033333,84.74026,38.379505,1165.6097,1.154595,-0.043553334,0.7189047,17056.2
Z-All,TPE,11,1,4e-06,0.01,800,17056.304068660735,74.14676,40.909092,89.84079,81.75662,76.76823,67.76889,78.525314,61.033333,84.74026,38.379505,1165.6097,1.154595,-0.043553334,0.7189047,17056.2
Z-All,TPE,12,1,2e-06,0.04,200,4262.505197858811,70.819115,38.88889,84.60955,79.615616,78.07399,60.554516,80.688515,70.066666,83.11688,32.8592,1195.9059,0.22388005,-0.24858908,0.052073095,4262.4
Z-All,TPE,13,1,4e-06,0.02,200,4256.105407571793,71.92833,38.88889,86.50493,80.233025,77.910774,64.28033,78.08692,72.166664,85.76159,41.394894,1237.6453,0.60993916,0.76994044,0.66812146,4256.0
Z-All,TPE,14,0,1e-06,0.01,1800,38266.60486516953,72.1843,39.89899,89.385895,80.94005,76.93145,65.84904,79.24097,71.333336,83.757965,45.015694,1205.4617,0.4988026,1.4362805,0.8397037,38266.5
Z-All,TPE,15,0,2e-06,0.01,200,4259.705881929398,70.819115,38.38384,86.353294,80.233025,77.85637,63.270527,78.69641,77.73333,84.83871,47.87344,1242.7335,0.33775517,1.4125086,0.72857463,4259.6
Z-All,TPE,16,0,1e-06,0.01,1800,38266.60553894044,72.1843,39.89899,89.385895,80.94005,76.93145,65.84904,79.24097,71.333336,83.757965,45.015694,1205.4617,0.4988026,1.4362805,0.8397037,38266.5
Z-All,TPE,17,0,2e-06,0.01,200,4259.707564449311,70.819115,38.38384,86.353294,80.233025,77.85637,63.270527,78.69641,77.73333,84.83871,47.87344,1242.7335,0.33775517,1.4125086,0.72857463,4259.6
Z-All,TPE,18,0,2e-06,0.02,200,4237.806435203553,71.16041,37.878788,85.44352,79.72515,77.96518,62.357796,78.13563,71.53333,87.33766,43.10038,1226.4381,-0.02705425,0.7779465,0.26567328,4237.7
Z-All,TPE,19,1,1e-06,0.01,1800,38266.60589871407,72.1843,39.89899,89.385895,80.94005,76.93145,65.84904,79.24097,71.333336,83.757965,45.015694,1205.4617,0.4988026,1.4362805,0.8397037,38266.5
Z-All,TPE,20,1,2e-06,0.02,200,4237.81069431305,71.16041,37.878788,85.44352,79.72515,77.96518,62.357796,78.13563,71.53333,87.33766,43.10038,1226.4381,-0.02705425,0.7779465,0.26567328,4237.7
Z-All,TPE,21,1,1e-06,0.01,1800,38266.610097980505,72.1843,39.89899,89.385895,80.94005,76.93145,65.84904,79.24097,71.333336,83.757965,45.015694,1205.4617,0.4988026,1.4362805,0.8397037,38266.5
Z-All,TPE,22,1,2e-06,0.02,200,4237.807379102707,71.16041,37.878788,85.44352,79.72515,77.96518,62.357796,78.13563,71.53333,87.33766,43.10038,1226.4381,-0.02705425,0.7779465,0.26567328,4237.7
Z-All,TPE,23,1,4e-06,0.01,800,17056.30653772354,74.14676,40.909092,89.84079,81.75662,76.76823,67.76889,78.525314,61.033333,84.74026,38.379505,1165.6097,1.154595,-0.043553334,0.7189047,17056.2
Z-All,TPE,24,1,2e-06,0.01,200,4259.705591773987,70.819115,38.38384,86.353294,80.233025,77.85637,63.270527,78.69641,77.73333,84.83871,47.87344,1242.7335,0.33775517,1.4125086,0.72857463,4259.6
