search_objective,optimizer,seed,trial_id,lr,beta,dpo_step,st_tuner_time,ARC-C,GPQA,GSM8K,HellaSwag,PIQA,TruthfulQA,IFEval,Arena-Hard,MT-Bench,AlpacaEval,ELO,Z-Static,Z-Dynamic,Z-All,elapsed_time_sec
AlpacaEval,ASHA,0,6,4e-06,0.01,1400,26921.64153514289,47.269623,30.30303,46.777863,55.098587,69.640915,45.974174,39.410152,57.4,65.54054,4.136614,637.5013,0.8624424,0.83451825,0.8522882,6931.1
AlpacaEval,ASHA,1,0,2e-06,0.01,1600,7862.102027750016,46.75768,31.818182,45.792267,54.43139,69.749725,44.522556,37.58666,51.733334,70.89041,3.3189597,643.52435,0.42157233,0.6163181,0.49238896,7862.0
AlpacaEval,ASHA,2,2,4e-06,0.01,1400,16916.319664812087,47.269623,30.30303,46.777863,55.098587,69.640915,45.974174,39.410152,57.4,65.54054,4.136614,637.5013,0.8624424,0.83451825,0.8522882,6931.1
AlpacaEval,ASHA,3,0,4e-06,0.01,1400,6931.202105379105,47.269623,30.30303,46.777863,55.098587,69.640915,45.974174,39.410152,57.4,65.54054,4.136614,637.5013,0.8624424,0.83451825,0.8522882,6931.1
AlpacaEval,ASHA,4,4,4e-06,0.01,1400,18211.43619761657,47.269623,30.30303,46.777863,55.098587,69.640915,45.974174,39.410152,57.4,65.54054,4.136614,637.5013,0.8624424,0.83451825,0.8522882,6931.1
AlpacaEval,ASHA,5,4,4e-06,0.01,1400,17951.433328487394,47.269623,30.30303,46.777863,55.098587,69.640915,45.974174,39.410152,57.4,65.54054,4.136614,637.5013,0.8624424,0.83451825,0.8522882,6931.1
AlpacaEval,ASHA,6,8,4e-06,0.01,1400,30171.78303323364,47.269623,30.30303,46.777863,55.098587,69.640915,45.974174,39.410152,57.4,65.54054,4.136614,637.5013,0.8624424,0.83451825,0.8522882,6931.1
AlpacaEval,ASHA,7,1,4e-06,0.01,1400,6931.202525472641,47.269623,30.30303,46.777863,55.098587,69.640915,45.974174,39.410152,57.4,65.54054,4.136614,637.5013,0.8624424,0.83451825,0.8522882,6931.1
AlpacaEval,ASHA,8,2,4e-06,0.01,1400,16941.320370054244,47.269623,30.30303,46.777863,55.098587,69.640915,45.974174,39.410152,57.4,65.54054,4.136614,637.5013,0.8624424,0.83451825,0.8522882,6931.1
AlpacaEval,ASHA,9,0,4e-06,0.01,1400,6931.202187633515,47.269623,30.30303,46.777863,55.098587,69.640915,45.974174,39.410152,57.4,65.54054,4.136614,637.5013,0.8624424,0.83451825,0.8522882,6931.1
AlpacaEval,ASHA,10,7,4e-06,0.02,2031,32344.97071776962,47.35495,31.313131,42.759666,54.670383,69.967354,45.51169,41.617077,54.933334,71.64179,4.0292706,629.97406,0.77976424,0.4768073,0.66959804,10029.3
AlpacaEval,ASHA,11,3,4e-06,0.01,1400,16981.320741033553,47.269623,30.30303,46.777863,55.098587,69.640915,45.974174,39.410152,57.4,65.54054,4.136614,637.5013,0.8624424,0.83451825,0.8522882,6931.1
AlpacaEval,ASHA,12,5,4e-06,0.01,1400,19131.54948196792,47.269623,30.30303,46.777863,55.098587,69.640915,45.974174,39.410152,57.4,65.54054,4.136614,637.5013,0.8624424,0.83451825,0.8522882,6931.1
AlpacaEval,ASHA,13,0,4e-06,0.01,1400,6931.202188110352,47.269623,30.30303,46.777863,55.098587,69.640915,45.974174,39.410152,57.4,65.54054,4.136614,637.5013,0.8624424,0.83451825,0.8522882,6931.1
AlpacaEval,ASHA,14,10,4e-06,0.01,1400,37121.96674762535,47.269623,30.30303,46.777863,55.098587,69.640915,45.974174,39.410152,57.4,65.54054,4.136614,637.5013,0.8624424,0.83451825,0.8522882,6931.1
AlpacaEval,ASHA,15,5,4e-06,0.02,2031,30019.738731958387,47.35495,31.313131,42.759666,54.670383,69.967354,45.51169,41.617077,54.933334,71.64179,4.0292706,629.97406,0.77976424,0.4768073,0.66959804,10029.3
AlpacaEval,ASHA,16,6,4e-06,0.02,2031,30974.75091633987,47.35495,31.313131,42.759666,54.670383,69.967354,45.51169,41.617077,54.933334,71.64179,4.0292706,629.97406,0.77976424,0.4768073,0.66959804,10029.3
AlpacaEval,ASHA,17,3,4e-06,0.01,1400,16961.31968913078,47.269623,30.30303,46.777863,55.098587,69.640915,45.974174,39.410152,57.4,65.54054,4.136614,637.5013,0.8624424,0.83451825,0.8522882,6931.1
AlpacaEval,ASHA,18,0,4e-06,0.01,1400,6931.202148056031,47.269623,30.30303,46.777863,55.098587,69.640915,45.974174,39.410152,57.4,65.54054,4.136614,637.5013,0.8624424,0.83451825,0.8522882,6931.1
AlpacaEval,ASHA,19,5,4e-06,0.02,2031,23209.763603309628,47.35495,31.313131,42.759666,54.670383,69.967354,45.51169,41.617077,54.933334,71.64179,4.0292706,629.97406,0.77976424,0.4768073,0.66959804,10029.3
AlpacaEval,ASHA,20,0,4e-06,0.01,1400,6931.202602481842,47.269623,30.30303,46.777863,55.098587,69.640915,45.974174,39.410152,57.4,65.54054,4.136614,637.5013,0.8624424,0.83451825,0.8522882,6931.1
AlpacaEval,ASHA,21,6,4e-06,0.01,1400,30351.68100104713,47.269623,30.30303,46.777863,55.098587,69.640915,45.974174,39.410152,57.4,65.54054,4.136614,637.5013,0.8624424,0.83451825,0.8522882,6931.1
AlpacaEval,ASHA,22,3,4e-06,0.01,1400,19386.348084068297,47.269623,30.30303,46.777863,55.098587,69.640915,45.974174,39.410152,57.4,65.54054,4.136614,637.5013,0.8624424,0.83451825,0.8522882,6931.1
AlpacaEval,ASHA,23,0,4e-06,0.01,1400,6931.20213470459,47.269623,30.30303,46.777863,55.098587,69.640915,45.974174,39.410152,57.4,65.54054,4.136614,637.5013,0.8624424,0.83451825,0.8522882,6931.1
AlpacaEval,ASHA,24,0,4e-06,0.01,1400,6931.201852178574,47.269623,30.30303,46.777863,55.098587,69.640915,45.974174,39.410152,57.4,65.54054,4.136614,637.5013,0.8624424,0.83451825,0.8522882,6931.1
AlpacaEval,BOHB,0,5,4e-06,0.02,2031,29139.830372671124,47.35495,31.313131,42.759666,54.670383,69.967354,45.51169,41.617077,54.933334,71.64179,4.0292706,629.97406,0.77976424,0.4768073,0.66959804,10029.3
AlpacaEval,BOHB,1,10,4e-06,0.02,1200,44996.56926928139,47.35495,31.313131,44.124336,54.829716,69.69532,45.581097,39.358955,54.8,69.50355,3.9543455,644.7766,0.8318554,0.9323122,0.86838514,5925.7
AlpacaEval,BOHB,2,2,4e-06,0.01,1400,16916.31933674812,47.269623,30.30303,46.777863,55.098587,69.640915,45.974174,39.410152,57.4,65.54054,4.136614,637.5013,0.8624424,0.83451825,0.8522882,6931.1
AlpacaEval,BOHB,3,0,4e-06,0.01,1400,6931.202104425431,47.269623,30.30303,46.777863,55.098587,69.640915,45.974174,39.410152,57.4,65.54054,4.136614,637.5013,0.8624424,0.83451825,0.8522882,6931.1
AlpacaEval,BOHB,4,4,4e-06,0.01,1400,18211.43629226875,47.269623,30.30303,46.777863,55.098587,69.640915,45.974174,39.410152,57.4,65.54054,4.136614,637.5013,0.8624424,0.83451825,0.8522882,6931.1
AlpacaEval,BOHB,5,4,4e-06,0.01,1400,17951.43611631584,47.269623,30.30303,46.777863,55.098587,69.640915,45.974174,39.410152,57.4,65.54054,4.136614,637.5013,0.8624424,0.83451825,0.8522882,6931.1
AlpacaEval,BOHB,6,12,4e-06,0.01,1400,38207.185484039306,47.269623,30.30303,46.777863,55.098587,69.640915,45.974174,39.410152,57.4,65.54054,4.136614,637.5013,0.8624424,0.83451825,0.8522882,6931.1
AlpacaEval,BOHB,7,1,4e-06,0.01,1400,6931.202130413056,47.269623,30.30303,46.777863,55.098587,69.640915,45.974174,39.410152,57.4,65.54054,4.136614,637.5013,0.8624424,0.83451825,0.8522882,6931.1
AlpacaEval,BOHB,8,2,4e-06,0.01,1400,16941.319756841658,47.269623,30.30303,46.777863,55.098587,69.640915,45.974174,39.410152,57.4,65.54054,4.136614,637.5013,0.8624424,0.83451825,0.8522882,6931.1
AlpacaEval,BOHB,9,0,4e-06,0.01,1400,6931.201840019226,47.269623,30.30303,46.777863,55.098587,69.640915,45.974174,39.410152,57.4,65.54054,4.136614,637.5013,0.8624424,0.83451825,0.8522882,6931.1
AlpacaEval,BOHB,10,6,4e-06,0.01,1400,22346.690592390056,47.269623,30.30303,46.777863,55.098587,69.640915,45.974174,39.410152,57.4,65.54054,4.136614,637.5013,0.8624424,0.83451825,0.8522882,6931.1
AlpacaEval,BOHB,11,3,4e-06,0.01,1400,16981.320564603804,47.269623,30.30303,46.777863,55.098587,69.640915,45.974174,39.410152,57.4,65.54054,4.136614,637.5013,0.8624424,0.83451825,0.8522882,6931.1
AlpacaEval,BOHB,12,8,4e-06,0.01,1400,26056.938294515603,47.269623,30.30303,46.777863,55.098587,69.640915,45.974174,39.410152,57.4,65.54054,4.136614,637.5013,0.8624424,0.83451825,0.8522882,6931.1
AlpacaEval,BOHB,13,0,4e-06,0.01,1400,6931.202106094361,47.269623,30.30303,46.777863,55.098587,69.640915,45.974174,39.410152,57.4,65.54054,4.136614,637.5013,0.8624424,0.83451825,0.8522882,6931.1
AlpacaEval,BOHB,14,13,4e-06,0.01,1400,42932.34313427353,47.269623,30.30303,46.777863,55.098587,69.640915,45.974174,39.410152,57.4,65.54054,4.136614,637.5013,0.8624424,0.83451825,0.8522882,6931.1
AlpacaEval,BOHB,15,13,4e-06,0.02,600,44914.00774012566,47.440273,27.777779,45.716454,54.63055,69.42329,45.301453,41.90808,55.266666,79.13669,3.3298798,644.28986,0.36426777,1.39163,0.737854,2962.9
AlpacaEval,BOHB,16,6,4e-06,0.02,2031,30974.749543525693,47.35495,31.313131,42.759666,54.670383,69.967354,45.51169,41.617077,54.933334,71.64179,4.0292706,629.97406,0.77976424,0.4768073,0.66959804,10029.3
AlpacaEval,BOHB,17,3,4e-06,0.01,1400,16961.320331192015,47.269623,30.30303,46.777863,55.098587,69.640915,45.974174,39.410152,57.4,65.54054,4.136614,637.5013,0.8624424,0.83451825,0.8522882,6931.1
AlpacaEval,BOHB,18,0,4e-06,0.01,1400,6931.202601051331,47.269623,30.30303,46.777863,55.098587,69.640915,45.974174,39.410152,57.4,65.54054,4.136614,637.5013,0.8624424,0.83451825,0.8522882,6931.1
AlpacaEval,BOHB,19,16,4e-06,0.01,1200,45112.58581315994,47.61092,31.313131,47.990902,55.108543,69.80414,45.8072,39.4726,55.833332,69.202896,3.7333946,637.97437,1.4598883,0.9153403,1.2618709,5941.0
AlpacaEval,BOHB,20,0,4e-06,0.01,1400,6931.202155447007,47.269623,30.30303,46.777863,55.098587,69.640915,45.974174,39.410152,57.4,65.54054,4.136614,637.5013,0.8624424,0.83451825,0.8522882,6931.1
AlpacaEval,BOHB,21,5,4e-06,0.01,1400,29366.56739268493,47.269623,30.30303,46.777863,55.098587,69.640915,45.974174,39.410152,57.4,65.54054,4.136614,637.5013,0.8624424,0.83451825,0.8522882,6931.1
AlpacaEval,BOHB,22,3,4e-06,0.01,1400,19386.34885702133,47.269623,30.30303,46.777863,55.098587,69.640915,45.974174,39.410152,57.4,65.54054,4.136614,637.5013,0.8624424,0.83451825,0.8522882,6931.1
AlpacaEval,BOHB,23,0,4e-06,0.01,1400,6931.2018054485325,47.269623,30.30303,46.777863,55.098587,69.640915,45.974174,39.410152,57.4,65.54054,4.136614,637.5013,0.8624424,0.83451825,0.8522882,6931.1
AlpacaEval,BOHB,24,0,4e-06,0.01,1400,6931.201767778397,47.269623,30.30303,46.777863,55.098587,69.640915,45.974174,39.410152,57.4,65.54054,4.136614,637.5013,0.8624424,0.83451825,0.8522882,6931.1
AlpacaEval,BOTorch,0,0,4e-06,0.02,2031,10029.401799058913,47.35495,31.313131,42.759666,54.670383,69.967354,45.51169,41.617077,54.933334,71.64179,4.0292706,629.97406,0.77976424,0.4768073,0.66959804,10029.3
AlpacaEval,BOTorch,1,0,4e-06,0.01,1400,6931.201920127869,47.269623,30.30303,46.777863,55.098587,69.640915,45.974174,39.410152,57.4,65.54054,4.136614,637.5013,0.8624424,0.83451825,0.8522882,6931.1
AlpacaEval,BOTorch,2,3,4e-06,0.01,1400,17011.319730138777,47.269623,30.30303,46.777863,55.098587,69.640915,45.974174,39.410152,57.4,65.54054,4.136614,637.5013,0.8624424,0.83451825,0.8522882,6931.1
AlpacaEval,BOTorch,3,5,2e-06,0.01,1600,27882.584307050704,46.75768,31.818182,45.792267,54.43139,69.749725,44.522556,37.58666,51.733334,70.89041,3.3189597,643.52435,0.42157233,0.6163181,0.49238896,7862.0
AlpacaEval,BOTorch,4,1,4e-06,0.01,1400,6931.202104663849,47.269623,30.30303,46.777863,55.098587,69.640915,45.974174,39.410152,57.4,65.54054,4.136614,637.5013,0.8624424,0.83451825,0.8522882,6931.1
AlpacaEval,BOTorch,5,1,4e-06,0.01,1400,6931.202097272873,47.269623,30.30303,46.777863,55.098587,69.640915,45.974174,39.410152,57.4,65.54054,4.136614,637.5013,0.8624424,0.83451825,0.8522882,6931.1
AlpacaEval,BOTorch,6,2,4e-06,0.02,2031,20014.517939424517,47.35495,31.313131,42.759666,54.670383,69.967354,45.51169,41.617077,54.933334,71.64179,4.0292706,629.97406,0.77976424,0.4768073,0.66959804,10029.3
AlpacaEval,BOTorch,7,1,4e-06,0.04,2000,9924.302910423276,46.843002,30.80808,41.091736,54.670383,70.18498,45.25195,38.10872,52.8,76.333336,3.4414222,648.4644,0.3642994,0.7979434,0.5219881,9924.2
AlpacaEval,BOTorch,8,3,4e-06,0.01,1400,16911.318760490416,47.269623,30.30303,46.777863,55.098587,69.640915,45.974174,39.410152,57.4,65.54054,4.136614,637.5013,0.8624424,0.83451825,0.8522882,6931.1
AlpacaEval,BOTorch,9,3,4e-06,0.02,2031,20109.519673681258,47.35495,31.313131,42.759666,54.670383,69.967354,45.51169,41.617077,54.933334,71.64179,4.0292706,629.97406,0.77976424,0.4768073,0.66959804,10029.3
AlpacaEval,BOTorch,10,2,2e-06,0.04,1800,18851.718396282195,46.843002,29.292929,44.88249,54.132645,69.640915,44.177185,34.395515,48.8,66.10738,2.9437656,684.69025,-0.3458773,0.42721388,-0.06475323,8841.5
AlpacaEval,BOTorch,11,0,4e-06,0.02,2031,10029.402600383755,47.35495,31.313131,42.759666,54.670383,69.967354,45.51169,41.617077,54.933334,71.64179,4.0292706,629.97406,0.77976424,0.4768073,0.66959804,10029.3
AlpacaEval,BOTorch,12,0,4e-06,0.04,2000,9924.302228069304,46.843002,30.80808,41.091736,54.670383,70.18498,45.25195,38.10872,52.8,76.333336,3.4414222,648.4644,0.3642994,0.7979434,0.5219881,9924.2
AlpacaEval,BOTorch,13,2,2e-06,0.04,1800,18826.71843800545,46.843002,29.292929,44.88249,54.132645,69.640915,44.177185,34.395515,48.8,66.10738,2.9437656,684.69025,-0.3458773,0.42721388,-0.06475323,8841.5
AlpacaEval,BOTorch,14,1,4e-06,0.01,1400,6931.202062940598,47.269623,30.30303,46.777863,55.098587,69.640915,45.974174,39.410152,57.4,65.54054,4.136614,637.5013,0.8624424,0.83451825,0.8522882,6931.1
AlpacaEval,BOTorch,15,1,4e-06,0.01,1400,6931.202249860764,47.269623,30.30303,46.777863,55.098587,69.640915,45.974174,39.410152,57.4,65.54054,4.136614,637.5013,0.8624424,0.83451825,0.8522882,6931.1
AlpacaEval,BOTorch,16,0,4e-06,0.01,1400,6931.201910114289,47.269623,30.30303,46.777863,55.098587,69.640915,45.974174,39.410152,57.4,65.54054,4.136614,637.5013,0.8624424,0.83451825,0.8522882,6931.1
AlpacaEval,BOTorch,17,1,4e-06,0.01,1400,6931.201939916611,47.269623,30.30303,46.777863,55.098587,69.640915,45.974174,39.410152,57.4,65.54054,4.136614,637.5013,0.8624424,0.83451825,0.8522882,6931.1
AlpacaEval,BOTorch,18,3,4e-06,0.02,2031,20014.519793605803,47.35495,31.313131,42.759666,54.670383,69.967354,45.51169,41.617077,54.933334,71.64179,4.0292706,629.97406,0.77976424,0.4768073,0.66959804,10029.3
AlpacaEval,BOTorch,19,2,4e-06,0.01,1400,16941.319186782835,47.269623,30.30303,46.777863,55.098587,69.640915,45.974174,39.410152,57.4,65.54054,4.136614,637.5013,0.8624424,0.83451825,0.8522882,6931.1
AlpacaEval,BOTorch,20,1,4e-06,0.02,2031,10029.401628589629,47.35495,31.313131,42.759666,54.670383,69.967354,45.51169,41.617077,54.933334,71.64179,4.0292706,629.97406,0.77976424,0.4768073,0.66959804,10029.3
AlpacaEval,BOTorch,21,0,4e-06,0.02,2031,10029.401812410351,47.35495,31.313131,42.759666,54.670383,69.967354,45.51169,41.617077,54.933334,71.64179,4.0292706,629.97406,0.77976424,0.4768073,0.66959804,10029.3
AlpacaEval,BOTorch,22,1,4e-06,0.04,2000,9924.302152013775,46.843002,30.80808,41.091736,54.670383,70.18498,45.25195,38.10872,52.8,76.333336,3.4414222,648.4644,0.3642994,0.7979434,0.5219881,9924.2
AlpacaEval,BOTorch,23,3,4e-06,0.04,2000,19909.41898474693,46.843002,30.80808,41.091736,54.670383,70.18498,45.25195,38.10872,52.8,76.333336,3.4414222,648.4644,0.3642994,0.7979434,0.5219881,9924.2
AlpacaEval,BOTorch,24,2,4e-06,0.01,1400,16911.31977639198,47.269623,30.30303,46.777863,55.098587,69.640915,45.974174,39.410152,57.4,65.54054,4.136614,637.5013,0.8624424,0.83451825,0.8522882,6931.1
AlpacaEval,CQR,0,7,2e-06,0.01,1600,40308.01822338105,46.75768,31.818182,45.792267,54.43139,69.749725,44.522556,37.58666,51.733334,70.89041,3.3189597,643.52435,0.42157233,0.6163181,0.49238896,7862.0
AlpacaEval,CQR,1,0,2e-06,0.01,1600,7862.101688718796,46.75768,31.818182,45.792267,54.43139,69.749725,44.522556,37.58666,51.733334,70.89041,3.3189597,643.52435,0.42157233,0.6163181,0.49238896,7862.0
AlpacaEval,CQR,2,2,4e-06,0.01,1400,16916.318305826186,47.269623,30.30303,46.777863,55.098587,69.640915,45.974174,39.410152,57.4,65.54054,4.136614,637.5013,0.8624424,0.83451825,0.8522882,6931.1
AlpacaEval,CQR,3,0,4e-06,0.01,1400,6931.202677106858,47.269623,30.30303,46.777863,55.098587,69.640915,45.974174,39.410152,57.4,65.54054,4.136614,637.5013,0.8624424,0.83451825,0.8522882,6931.1
AlpacaEval,CQR,4,4,4e-06,0.01,1400,27041.44011936188,47.269623,30.30303,46.777863,55.098587,69.640915,45.974174,39.410152,57.4,65.54054,4.136614,637.5013,0.8624424,0.83451825,0.8522882,6931.1
AlpacaEval,CQR,5,4,4e-06,0.01,1400,26971.435627794264,47.269623,30.30303,46.777863,55.098587,69.640915,45.974174,39.410152,57.4,65.54054,4.136614,637.5013,0.8624424,0.83451825,0.8522882,6931.1
AlpacaEval,CQR,6,6,4e-06,0.01,1400,36946.82528004647,47.269623,30.30303,46.777863,55.098587,69.640915,45.974174,39.410152,57.4,65.54054,4.136614,637.5013,0.8624424,0.83451825,0.8522882,6931.1
AlpacaEval,CQR,7,1,4e-06,0.01,1400,6931.202163791657,47.269623,30.30303,46.777863,55.098587,69.640915,45.974174,39.410152,57.4,65.54054,4.136614,637.5013,0.8624424,0.83451825,0.8522882,6931.1
AlpacaEval,CQR,8,2,4e-06,0.01,1400,16941.319054222105,47.269623,30.30303,46.777863,55.098587,69.640915,45.974174,39.410152,57.4,65.54054,4.136614,637.5013,0.8624424,0.83451825,0.8522882,6931.1
AlpacaEval,CQR,9,0,4e-06,0.01,1400,6931.202233409882,47.269623,30.30303,46.777863,55.098587,69.640915,45.974174,39.410152,57.4,65.54054,4.136614,637.5013,0.8624424,0.83451825,0.8522882,6931.1
AlpacaEval,CQR,10,2,2e-06,0.01,1600,17912.21965727806,46.75768,31.818182,45.792267,54.43139,69.749725,44.522556,37.58666,51.733334,70.89041,3.3189597,643.52435,0.42157233,0.6163181,0.49238896,7862.0
AlpacaEval,CQR,11,3,4e-06,0.01,1400,16981.31941423416,47.269623,30.30303,46.777863,55.098587,69.640915,45.974174,39.410152,57.4,65.54054,4.136614,637.5013,0.8624424,0.83451825,0.8522882,6931.1
AlpacaEval,CQR,12,0,4e-06,0.02,2031,10029.401820039748,47.35495,31.313131,42.759666,54.670383,69.967354,45.51169,41.617077,54.933334,71.64179,4.0292706,629.97406,0.77976424,0.4768073,0.66959804,10029.3
AlpacaEval,CQR,13,0,4e-06,0.01,1400,6931.202227926255,47.269623,30.30303,46.777863,55.098587,69.640915,45.974174,39.410152,57.4,65.54054,4.136614,637.5013,0.8624424,0.83451825,0.8522882,6931.1
AlpacaEval,CQR,14,1,4e-06,0.02,2031,10029.401906585692,47.35495,31.313131,42.759666,54.670383,69.967354,45.51169,41.617077,54.933334,71.64179,4.0292706,629.97406,0.77976424,0.4768073,0.66959804,10029.3
AlpacaEval,CQR,15,6,4e-06,0.04,2000,39964.91445002557,46.843002,30.80808,41.091736,54.670383,70.18498,45.25195,38.10872,52.8,76.333336,3.4414222,648.4644,0.3642994,0.7979434,0.5219881,9924.2
AlpacaEval,CQR,16,2,2e-06,0.01,1600,17842.22013530731,46.75768,31.818182,45.792267,54.43139,69.749725,44.522556,37.58666,51.733334,70.89041,3.3189597,643.52435,0.42157233,0.6163181,0.49238896,7862.0
AlpacaEval,CQR,17,3,4e-06,0.01,1400,16961.31924161911,47.269623,30.30303,46.777863,55.098587,69.640915,45.974174,39.410152,57.4,65.54054,4.136614,637.5013,0.8624424,0.83451825,0.8522882,6931.1
AlpacaEval,CQR,18,0,4e-06,0.01,1400,6931.2021583080295,47.269623,30.30303,46.777863,55.098587,69.640915,45.974174,39.410152,57.4,65.54054,4.136614,637.5013,0.8624424,0.83451825,0.8522882,6931.1
AlpacaEval,CQR,19,5,4e-06,0.02,2031,32464.664700841902,47.35495,31.313131,42.759666,54.670383,69.967354,45.51169,41.617077,54.933334,71.64179,4.0292706,629.97406,0.77976424,0.4768073,0.66959804,10029.3
AlpacaEval,CQR,20,0,4e-06,0.01,1400,6931.201933002472,47.269623,30.30303,46.777863,55.098587,69.640915,45.974174,39.410152,57.4,65.54054,4.136614,637.5013,0.8624424,0.83451825,0.8522882,6931.1
AlpacaEval,CQR,21,9,4e-06,0.01,400,44387.01394996644,47.696247,30.30303,47.91509,54.86955,69.69532,45.497406,37.614143,56.3,72.69504,3.6663287,640.5936,1.0202352,1.3034295,1.123215,1980.3
AlpacaEval,CQR,22,3,4e-06,0.01,1400,19386.34766087532,47.269623,30.30303,46.777863,55.098587,69.640915,45.974174,39.410152,57.4,65.54054,4.136614,637.5013,0.8624424,0.83451825,0.8522882,6931.1
AlpacaEval,CQR,23,0,4e-06,0.01,1400,6931.201750850678,47.269623,30.30303,46.777863,55.098587,69.640915,45.974174,39.410152,57.4,65.54054,4.136614,637.5013,0.8624424,0.83451825,0.8522882,6931.1
AlpacaEval,CQR,24,0,4e-06,0.01,1400,6931.202147817612,47.269623,30.30303,46.777863,55.098587,69.640915,45.974174,39.410152,57.4,65.54054,4.136614,637.5013,0.8624424,0.83451825,0.8522882,6931.1
AlpacaEval,RandomSearch,0,6,4e-06,0.01,1400,36951.554210758215,47.269623,30.30303,46.777863,55.098587,69.640915,45.974174,39.410152,57.4,65.54054,4.136614,637.5013,0.8624424,0.83451825,0.8522882,6931.1
AlpacaEval,RandomSearch,1,0,4e-06,0.01,1400,6931.202101325989,47.269623,30.30303,46.777863,55.098587,69.640915,45.974174,39.410152,57.4,65.54054,4.136614,637.5013,0.8624424,0.83451825,0.8522882,6931.1
AlpacaEval,RandomSearch,2,2,4e-06,0.01,1400,16911.31935725212,47.269623,30.30303,46.777863,55.098587,69.640915,45.974174,39.410152,57.4,65.54054,4.136614,637.5013,0.8624424,0.83451825,0.8522882,6931.1
AlpacaEval,RandomSearch,3,3,4e-06,0.04,2000,22379.447722053526,46.843002,30.80808,41.091736,54.670383,70.18498,45.25195,38.10872,52.8,76.333336,3.4414222,648.4644,0.3642994,0.7979434,0.5219881,9924.2
AlpacaEval,RandomSearch,4,7,4e-06,0.01,1400,37001.55819997788,47.269623,30.30303,46.777863,55.098587,69.640915,45.974174,39.410152,57.4,65.54054,4.136614,637.5013,0.8624424,0.83451825,0.8522882,6931.1
AlpacaEval,RandomSearch,5,0,4e-06,0.02,2031,10029.401706075669,47.35495,31.313131,42.759666,54.670383,69.967354,45.51169,41.617077,54.933334,71.64179,4.0292706,629.97406,0.77976424,0.4768073,0.66959804,10029.3
AlpacaEval,RandomSearch,6,1,4e-06,0.04,2000,9924.302219247817,46.843002,30.80808,41.091736,54.670383,70.18498,45.25195,38.10872,52.8,76.333336,3.4414222,648.4644,0.3642994,0.7979434,0.5219881,9924.2
AlpacaEval,RandomSearch,7,3,4e-06,0.01,1400,16981.31936702728,47.269623,30.30303,46.777863,55.098587,69.640915,45.974174,39.410152,57.4,65.54054,4.136614,637.5013,0.8624424,0.83451825,0.8522882,6931.1
AlpacaEval,RandomSearch,8,4,4e-06,0.01,1400,29371.46479759216,47.269623,30.30303,46.777863,55.098587,69.640915,45.974174,39.410152,57.4,65.54054,4.136614,637.5013,0.8624424,0.83451825,0.8522882,6931.1
AlpacaEval,RandomSearch,9,2,4e-06,0.01,1400,16916.31848464012,47.269623,30.30303,46.777863,55.098587,69.640915,45.974174,39.410152,57.4,65.54054,4.136614,637.5013,0.8624424,0.83451825,0.8522882,6931.1
AlpacaEval,RandomSearch,10,1,4e-06,0.02,2031,10029.401530361174,47.35495,31.313131,42.759666,54.670383,69.967354,45.51169,41.617077,54.933334,71.64179,4.0292706,629.97406,0.77976424,0.4768073,0.66959804,10029.3
AlpacaEval,RandomSearch,11,5,4e-06,0.02,2031,30089.64041290283,47.35495,31.313131,42.759666,54.670383,69.967354,45.51169,41.617077,54.933334,71.64179,4.0292706,629.97406,0.77976424,0.4768073,0.66959804,10029.3
AlpacaEval,RandomSearch,12,8,4e-06,0.02,800,44031.07061347962,47.525597,30.80808,44.579227,54.6903,69.91295,45.471313,39.49382,55.333332,70.50359,3.6784594,664.7318,0.8628366,0.999941,0.9126927,3950.5
AlpacaEval,RandomSearch,13,1,4e-06,0.02,2031,10029.40194044113,47.35495,31.313131,42.759666,54.670383,69.967354,45.51169,41.617077,54.933334,71.64179,4.0292706,629.97406,0.77976424,0.4768073,0.66959804,10029.3
AlpacaEval,RandomSearch,14,1,4e-06,0.04,2000,9924.302057838438,46.843002,30.80808,41.091736,54.670383,70.18498,45.25195,38.10872,52.8,76.333336,3.4414222,648.4644,0.3642994,0.7979434,0.5219881,9924.2
AlpacaEval,RandomSearch,15,1,4e-06,0.02,2031,10029.401589250563,47.35495,31.313131,42.759666,54.670383,69.967354,45.51169,41.617077,54.933334,71.64179,4.0292706,629.97406,0.77976424,0.4768073,0.66959804,10029.3
AlpacaEval,RandomSearch,16,1,4e-06,0.01,1400,6931.20181760788,47.269623,30.30303,46.777863,55.098587,69.640915,45.974174,39.410152,57.4,65.54054,4.136614,637.5013,0.8624424,0.83451825,0.8522882,6931.1
AlpacaEval,RandomSearch,17,2,4e-06,0.01,1400,16911.318249320982,47.269623,30.30303,46.777863,55.098587,69.640915,45.974174,39.410152,57.4,65.54054,4.136614,637.5013,0.8624424,0.83451825,0.8522882,6931.1
AlpacaEval,RandomSearch,18,2,4e-06,0.01,1400,16961.3191426754,47.269623,30.30303,46.777863,55.098587,69.640915,45.974174,39.410152,57.4,65.54054,4.136614,637.5013,0.8624424,0.83451825,0.8522882,6931.1
AlpacaEval,RandomSearch,19,3,4e-06,0.02,2031,20014.51866660118,47.35495,31.313131,42.759666,54.670383,69.967354,45.51169,41.617077,54.933334,71.64179,4.0292706,629.97406,0.77976424,0.4768073,0.66959804,10029.3
AlpacaEval,RandomSearch,20,0,4e-06,0.01,1400,6931.201928234101,47.269623,30.30303,46.777863,55.098587,69.640915,45.974174,39.410152,57.4,65.54054,4.136614,637.5013,0.8624424,0.83451825,0.8522882,6931.1
AlpacaEval,RandomSearch,21,4,4e-06,0.01,1400,26961.435630655287,47.269623,30.30303,46.777863,55.098587,69.640915,45.974174,39.410152,57.4,65.54054,4.136614,637.5013,0.8624424,0.83451825,0.8522882,6931.1
AlpacaEval,RandomSearch,22,3,4e-06,0.02,2031,20009.517957067488,47.35495,31.313131,42.759666,54.670383,69.967354,45.51169,41.617077,54.933334,71.64179,4.0292706,629.97406,0.77976424,0.4768073,0.66959804,10029.3
AlpacaEval,RandomSearch,23,0,4e-06,0.01,1400,6931.2017091274265,47.269623,30.30303,46.777863,55.098587,69.640915,45.974174,39.410152,57.4,65.54054,4.136614,637.5013,0.8624424,0.83451825,0.8522882,6931.1
AlpacaEval,RandomSearch,24,6,4e-06,0.02,2031,39974.7534421444,47.35495,31.313131,42.759666,54.670383,69.967354,45.51169,41.617077,54.933334,71.64179,4.0292706,629.97406,0.77976424,0.4768073,0.66959804,10029.3
AlpacaEval,TPE,0,5,4e-06,0.01,1400,27011.43700156212,47.269623,30.30303,46.777863,55.098587,69.640915,45.974174,39.410152,57.4,65.54054,4.136614,637.5013,0.8624424,0.83451825,0.8522882,6931.1
AlpacaEval,TPE,1,2,4e-06,0.01,1400,16911.320403432845,47.269623,30.30303,46.777863,55.098587,69.640915,45.974174,39.410152,57.4,65.54054,4.136614,637.5013,0.8624424,0.83451825,0.8522882,6931.1
AlpacaEval,TPE,2,0,4e-06,0.01,1400,6931.202195978165,47.269623,30.30303,46.777863,55.098587,69.640915,45.974174,39.410152,57.4,65.54054,4.136614,637.5013,0.8624424,0.83451825,0.8522882,6931.1
AlpacaEval,TPE,3,3,4e-06,0.02,2031,20109.51994976997,47.35495,31.313131,42.759666,54.670383,69.967354,45.51169,41.617077,54.933334,71.64179,4.0292706,629.97406,0.77976424,0.4768073,0.66959804,10029.3
AlpacaEval,TPE,4,1,4e-06,0.01,1400,6931.202153301239,47.269623,30.30303,46.777863,55.098587,69.640915,45.974174,39.410152,57.4,65.54054,4.136614,637.5013,0.8624424,0.83451825,0.8522882,6931.1
AlpacaEval,TPE,5,3,4e-06,0.02,2031,20109.520182228087,47.35495,31.313131,42.759666,54.670383,69.967354,45.51169,41.617077,54.933334,71.64179,4.0292706,629.97406,0.77976424,0.4768073,0.66959804,10029.3
AlpacaEval,TPE,6,0,4e-06,0.01,1400,6931.20196185112,47.269623,30.30303,46.777863,55.098587,69.640915,45.974174,39.410152,57.4,65.54054,4.136614,637.5013,0.8624424,0.83451825,0.8522882,6931.1
AlpacaEval,TPE,7,1,4e-06,0.01,1400,6931.202020502091,47.269623,30.30303,46.777863,55.098587,69.640915,45.974174,39.410152,57.4,65.54054,4.136614,637.5013,0.8624424,0.83451825,0.8522882,6931.1
AlpacaEval,TPE,8,6,4e-06,0.02,2031,39999.75353894234,47.35495,31.313131,42.759666,54.670383,69.967354,45.51169,41.617077,54.933334,71.64179,4.0292706,629.97406,0.77976424,0.4768073,0.66959804,10029.3
AlpacaEval,TPE,9,3,4e-06,0.01,1400,16916.318613386153,47.269623,30.30303,46.777863,55.098587,69.640915,45.974174,39.410152,57.4,65.54054,4.136614,637.5013,0.8624424,0.83451825,0.8522882,6931.1
AlpacaEval,TPE,10,2,4e-06,0.02,2031,20009.51823530197,47.35495,31.313131,42.759666,54.670383,69.967354,45.51169,41.617077,54.933334,71.64179,4.0292706,629.97406,0.77976424,0.4768073,0.66959804,10029.3
AlpacaEval,TPE,11,0,4e-06,0.02,2031,10029.40169558525,47.35495,31.313131,42.759666,54.670383,69.967354,45.51169,41.617077,54.933334,71.64179,4.0292706,629.97406,0.77976424,0.4768073,0.66959804,10029.3
AlpacaEval,TPE,12,4,4e-06,0.01,1400,26946.43722901344,47.269623,30.30303,46.777863,55.098587,69.640915,45.974174,39.410152,57.4,65.54054,4.136614,637.5013,0.8624424,0.83451825,0.8522882,6931.1
AlpacaEval,TPE,13,2,4e-06,0.02,2031,20039.519451475146,47.35495,31.313131,42.759666,54.670383,69.967354,45.51169,41.617077,54.933334,71.64179,4.0292706,629.97406,0.77976424,0.4768073,0.66959804,10029.3
AlpacaEval,TPE,14,4,4e-06,0.01,1400,26941.43666205406,47.269623,30.30303,46.777863,55.098587,69.640915,45.974174,39.410152,57.4,65.54054,4.136614,637.5013,0.8624424,0.83451825,0.8522882,6931.1
AlpacaEval,TPE,15,4,4e-06,0.02,2031,30089.636604404448,47.35495,31.313131,42.759666,54.670383,69.967354,45.51169,41.617077,54.933334,71.64179,4.0292706,629.97406,0.77976424,0.4768073,0.66959804,10029.3
AlpacaEval,TPE,16,6,4e-06,0.01,1400,36881.55323634148,47.269623,30.30303,46.777863,55.098587,69.640915,45.974174,39.410152,57.4,65.54054,4.136614,637.5013,0.8624424,0.83451825,0.8522882,6931.1
AlpacaEval,TPE,17,2,4e-06,0.04,2000,19934.419106578825,46.843002,30.80808,41.091736,54.670383,70.18498,45.25195,38.10872,52.8,76.333336,3.4414222,648.4644,0.3642994,0.7979434,0.5219881,9924.2
AlpacaEval,TPE,18,1,4e-06,0.02,2031,10029.402104473113,47.35495,31.313131,42.759666,54.670383,69.967354,45.51169,41.617077,54.933334,71.64179,4.0292706,629.97406,0.77976424,0.4768073,0.66959804,10029.3
AlpacaEval,TPE,19,7,4e-06,0.01,1400,41891.616892194754,47.269623,30.30303,46.777863,55.098587,69.640915,45.974174,39.410152,57.4,65.54054,4.136614,637.5013,0.8624424,0.83451825,0.8522882,6931.1
AlpacaEval,TPE,20,7,4e-06,0.02,2031,42504.78168258668,47.35495,31.313131,42.759666,54.670383,69.967354,45.51169,41.617077,54.933334,71.64179,4.0292706,629.97406,0.77976424,0.4768073,0.66959804,10029.3
AlpacaEval,TPE,21,4,4e-06,0.02,2031,29989.63469085693,47.35495,31.313131,42.759666,54.670383,69.967354,45.51169,41.617077,54.933334,71.64179,4.0292706,629.97406,0.77976424,0.4768073,0.66959804,10029.3
AlpacaEval,TPE,22,1,4e-06,0.04,2000,9924.302213287352,46.843002,30.80808,41.091736,54.670383,70.18498,45.25195,38.10872,52.8,76.333336,3.4414222,648.4644,0.3642994,0.7979434,0.5219881,9924.2
AlpacaEval,TPE,23,4,4e-06,0.01,1400,26926.435854053496,47.269623,30.30303,46.777863,55.098587,69.640915,45.974174,39.410152,57.4,65.54054,4.136614,637.5013,0.8624424,0.83451825,0.8522882,6931.1
AlpacaEval,TPE,24,1,4e-06,0.01,1400,6931.20202741623,47.269623,30.30303,46.777863,55.098587,69.640915,45.974174,39.410152,57.4,65.54054,4.136614,637.5013,0.8624424,0.83451825,0.8522882,6931.1
Arena-Hard,ASHA,0,10,4e-06,0.01,2031,36006.1217931385,47.440273,30.80808,46.626232,54.999004,69.640915,46.001305,42.085445,58.766666,69.791664,3.2986085,665.9862,1.0332669,1.005691,1.0232394,10055.1
Arena-Hard,ASHA,1,0,2e-06,0.01,800,3931.102235889435,46.92833,30.30303,45.109932,54.31189,69.80414,44.2878,35.805607,53.5,77.210884,2.4088514,656.6074,-0.03838493,0.697033,0.22903977,3931.0
Arena-Hard,ASHA,2,2,4e-06,0.01,2031,20040.31892428398,47.440273,30.80808,46.626232,54.999004,69.640915,46.001305,42.085445,58.766666,69.791664,3.2986085,665.9862,1.0332669,1.005691,1.0232394,10055.1
Arena-Hard,ASHA,3,0,4e-06,0.01,2031,10055.20173344612,47.440273,30.80808,46.626232,54.999004,69.640915,46.001305,42.085445,58.766666,69.791664,3.2986085,665.9862,1.0332669,1.005691,1.0232394,10055.1
Arena-Hard,ASHA,4,4,4e-06,0.01,2031,21125.434593774797,47.440273,30.80808,46.626232,54.999004,69.640915,46.001305,42.085445,58.766666,69.791664,3.2986085,665.9862,1.0332669,1.005691,1.0232394,10055.1
Arena-Hard,ASHA,5,4,4e-06,0.01,2031,22060.445317127225,47.440273,30.80808,46.626232,54.999004,69.640915,46.001305,42.085445,58.766666,69.791664,3.2986085,665.9862,1.0332669,1.005691,1.0232394,10055.1
Arena-Hard,ASHA,6,11,4e-06,0.01,2031,44061.01548658181,47.440273,30.80808,46.626232,54.999004,69.640915,46.001305,42.085445,58.766666,69.791664,3.2986085,665.9862,1.0332669,1.005691,1.0232394,10055.1
Arena-Hard,ASHA,7,1,4e-06,0.01,2031,10055.201735830306,47.440273,30.80808,46.626232,54.999004,69.640915,46.001305,42.085445,58.766666,69.791664,3.2986085,665.9862,1.0332669,1.005691,1.0232394,10055.1
Arena-Hard,ASHA,8,2,4e-06,0.01,2031,20065.32857928276,47.440273,30.80808,46.626232,54.999004,69.640915,46.001305,42.085445,58.766666,69.791664,3.2986085,665.9862,1.0332669,1.005691,1.0232394,10055.1
Arena-Hard,ASHA,9,0,4e-06,0.01,2031,10055.201758241652,47.440273,30.80808,46.626232,54.999004,69.640915,46.001305,42.085445,58.766666,69.791664,3.2986085,665.9862,1.0332669,1.005691,1.0232394,10055.1
Arena-Hard,ASHA,10,0,2e-06,0.02,1200,5935.202018833161,47.098976,29.292929,46.17134,54.36168,69.5321,44.329735,35.995438,52.0,70.60811,1.9495313,662.26184,-0.011061019,0.35300824,0.12132781,5935.1
Arena-Hard,ASHA,11,3,4e-06,0.01,2031,20105.32035479545,47.440273,30.80808,46.626232,54.999004,69.640915,46.001305,42.085445,58.766666,69.791664,3.2986085,665.9862,1.0332669,1.005691,1.0232394,10055.1
Arena-Hard,ASHA,12,5,4e-06,0.01,2031,26915.604034523007,47.440273,30.80808,46.626232,54.999004,69.640915,46.001305,42.085445,58.766666,69.791664,3.2986085,665.9862,1.0332669,1.005691,1.0232394,10055.1
Arena-Hard,ASHA,13,0,4e-06,0.01,2031,10055.202030038832,47.440273,30.80808,46.626232,54.999004,69.640915,46.001305,42.085445,58.766666,69.791664,3.2986085,665.9862,1.0332669,1.005691,1.0232394,10055.1
Arena-Hard,ASHA,14,1,4e-06,0.02,2000,9876.302309608458,47.269623,30.30303,44.579227,54.85959,69.85854,45.53448,38.934307,58.333332,70.80292,3.8281693,660.5633,0.67737776,1.1992407,0.8671461,9876.2
Arena-Hard,ASHA,15,4,2e-06,0.02,1200,17910.445660926816,47.098976,29.292929,46.17134,54.36168,69.5321,44.329735,35.995438,52.0,70.60811,1.9495313,662.26184,-0.011061019,0.35300824,0.12132781,5935.1
Arena-Hard,ASHA,16,9,4e-06,0.01,2031,31000.95950447082,47.440273,30.80808,46.626232,54.999004,69.640915,46.001305,42.085445,58.766666,69.791664,3.2986085,665.9862,1.0332669,1.005691,1.0232394,10055.1
Arena-Hard,ASHA,17,3,4e-06,0.01,2031,20085.327010726927,47.440273,30.80808,46.626232,54.999004,69.640915,46.001305,42.085445,58.766666,69.791664,3.2986085,665.9862,1.0332669,1.005691,1.0232394,10055.1
Arena-Hard,ASHA,18,0,4e-06,0.01,2031,10055.201438760756,47.440273,30.80808,46.626232,54.999004,69.640915,46.001305,42.085445,58.766666,69.791664,3.2986085,665.9862,1.0332669,1.005691,1.0232394,10055.1
Arena-Hard,ASHA,19,5,4e-06,0.01,2031,22015.548847059246,47.440273,30.80808,46.626232,54.999004,69.640915,46.001305,42.085445,58.766666,69.791664,3.2986085,665.9862,1.0332669,1.005691,1.0232394,10055.1
Arena-Hard,ASHA,20,0,4e-06,0.01,2031,10055.20169816017,47.440273,30.80808,46.626232,54.999004,69.640915,46.001305,42.085445,58.766666,69.791664,3.2986085,665.9862,1.0332669,1.005691,1.0232394,10055.1
Arena-Hard,ASHA,21,13,4e-06,0.01,1600,44342.44731007767,47.440273,31.313131,46.853676,54.9293,69.85854,45.871403,38.676987,58.633335,70.27972,3.184302,646.4625,1.0976992,1.0195923,1.0692967,7921.3
Arena-Hard,ASHA,22,3,4e-06,0.01,2031,21020.432434179304,47.440273,30.80808,46.626232,54.999004,69.640915,46.001305,42.085445,58.766666,69.791664,3.2986085,665.9862,1.0332669,1.005691,1.0232394,10055.1
Arena-Hard,ASHA,23,0,4e-06,0.01,2031,10055.201335048674,47.440273,30.80808,46.626232,54.999004,69.640915,46.001305,42.085445,58.766666,69.791664,3.2986085,665.9862,1.0332669,1.005691,1.0232394,10055.1
Arena-Hard,ASHA,24,0,4e-06,0.01,2031,10055.201574659346,47.440273,30.80808,46.626232,54.999004,69.640915,46.001305,42.085445,58.766666,69.791664,3.2986085,665.9862,1.0332669,1.005691,1.0232394,10055.1
Arena-Hard,BOHB,0,8,4e-06,0.01,2031,31840.968989953988,47.440273,30.80808,46.626232,54.999004,69.640915,46.001305,42.085445,58.766666,69.791664,3.2986085,665.9862,1.0332669,1.005691,1.0232394,10055.1
Arena-Hard,BOHB,1,6,4e-06,0.01,2031,32045.568676568982,47.440273,30.80808,46.626232,54.999004,69.640915,46.001305,42.085445,58.766666,69.791664,3.2986085,665.9862,1.0332669,1.005691,1.0232394,10055.1
Arena-Hard,BOHB,2,2,4e-06,0.01,2031,20040.31927976608,47.440273,30.80808,46.626232,54.999004,69.640915,46.001305,42.085445,58.766666,69.791664,3.2986085,665.9862,1.0332669,1.005691,1.0232394,10055.1
Arena-Hard,BOHB,3,0,4e-06,0.01,2031,10055.201541996,47.440273,30.80808,46.626232,54.999004,69.640915,46.001305,42.085445,58.766666,69.791664,3.2986085,665.9862,1.0332669,1.005691,1.0232394,10055.1
Arena-Hard,BOHB,4,4,4e-06,0.01,2031,21125.4364481945,47.440273,30.80808,46.626232,54.999004,69.640915,46.001305,42.085445,58.766666,69.791664,3.2986085,665.9862,1.0332669,1.005691,1.0232394,10055.1
Arena-Hard,BOHB,5,4,4e-06,0.01,2031,22060.44549546432,47.440273,30.80808,46.626232,54.999004,69.640915,46.001305,42.085445,58.766666,69.791664,3.2986085,665.9862,1.0332669,1.005691,1.0232394,10055.1
Arena-Hard,BOHB,6,8,4e-06,0.01,2031,42040.6870537777,47.440273,30.80808,46.626232,54.999004,69.640915,46.001305,42.085445,58.766666,69.791664,3.2986085,665.9862,1.0332669,1.005691,1.0232394,10055.1
Arena-Hard,BOHB,7,1,4e-06,0.01,2031,10055.20216283798,47.440273,30.80808,46.626232,54.999004,69.640915,46.001305,42.085445,58.766666,69.791664,3.2986085,665.9862,1.0332669,1.005691,1.0232394,10055.1
Arena-Hard,BOHB,8,2,4e-06,0.01,2031,20065.319933509825,47.440273,30.80808,46.626232,54.999004,69.640915,46.001305,42.085445,58.766666,69.791664,3.2986085,665.9862,1.0332669,1.005691,1.0232394,10055.1
Arena-Hard,BOHB,9,0,4e-06,0.01,2031,10055.201727724074,47.440273,30.80808,46.626232,54.999004,69.640915,46.001305,42.085445,58.766666,69.791664,3.2986085,665.9862,1.0332669,1.005691,1.0232394,10055.1
Arena-Hard,BOHB,10,6,4e-06,0.01,2031,24490.684790473933,47.440273,30.80808,46.626232,54.999004,69.640915,46.001305,42.085445,58.766666,69.791664,3.2986085,665.9862,1.0332669,1.005691,1.0232394,10055.1
Arena-Hard,BOHB,11,3,4e-06,0.01,2031,20105.32016787529,47.440273,30.80808,46.626232,54.999004,69.640915,46.001305,42.085445,58.766666,69.791664,3.2986085,665.9862,1.0332669,1.005691,1.0232394,10055.1
Arena-Hard,BOHB,12,7,4e-06,0.01,2031,31105.75592575645,47.440273,30.80808,46.626232,54.999004,69.640915,46.001305,42.085445,58.766666,69.791664,3.2986085,665.9862,1.0332669,1.005691,1.0232394,10055.1
Arena-Hard,BOHB,13,0,4e-06,0.01,2031,10055.201604938506,47.440273,30.80808,46.626232,54.999004,69.640915,46.001305,42.085445,58.766666,69.791664,3.2986085,665.9862,1.0332669,1.005691,1.0232394,10055.1
Arena-Hard,BOHB,14,16,4e-06,0.01,2031,43441.72140752983,47.440273,30.80808,46.626232,54.999004,69.640915,46.001305,42.085445,58.766666,69.791664,3.2986085,665.9862,1.0332669,1.005691,1.0232394,10055.1
Arena-Hard,BOHB,15,7,4e-06,0.01,2031,32075.77768788909,47.440273,30.80808,46.626232,54.999004,69.640915,46.001305,42.085445,58.766666,69.791664,3.2986085,665.9862,1.0332669,1.005691,1.0232394,10055.1
Arena-Hard,BOHB,16,4,2e-06,0.01,800,14896.332853176114,46.92833,30.30303,45.109932,54.31189,69.80414,44.2878,35.805607,53.5,77.210884,2.4088514,656.6074,-0.03838493,0.697033,0.22903977,3931.0
Arena-Hard,BOHB,17,3,4e-06,0.01,2031,20085.32049665451,47.440273,30.80808,46.626232,54.999004,69.640915,46.001305,42.085445,58.766666,69.791664,3.2986085,665.9862,1.0332669,1.005691,1.0232394,10055.1
Arena-Hard,BOHB,18,0,4e-06,0.01,2031,10055.2018743515,47.440273,30.80808,46.626232,54.999004,69.640915,46.001305,42.085445,58.766666,69.791664,3.2986085,665.9862,1.0332669,1.005691,1.0232394,10055.1
Arena-Hard,BOHB,19,17,4e-06,0.01,400,45522.0454128952,47.696247,30.30303,47.91509,54.86955,69.69532,45.497406,37.614143,56.3,72.69504,3.6663287,640.5936,1.0202352,1.3034295,1.123215,1980.3
Arena-Hard,BOHB,20,0,4e-06,0.01,2031,10055.201690292355,47.440273,30.80808,46.626232,54.999004,69.640915,46.001305,42.085445,58.766666,69.791664,3.2986085,665.9862,1.0332669,1.005691,1.0232394,10055.1
Arena-Hard,BOHB,21,0,2e-06,0.01,800,3931.101726865769,46.92833,30.30303,45.109932,54.31189,69.80414,44.2878,35.805607,53.5,77.210884,2.4088514,656.6074,-0.03838493,0.697033,0.22903977,3931.0
Arena-Hard,BOHB,22,3,4e-06,0.01,2031,21020.433426000596,47.440273,30.80808,46.626232,54.999004,69.640915,46.001305,42.085445,58.766666,69.791664,3.2986085,665.9862,1.0332669,1.005691,1.0232394,10055.1
Arena-Hard,BOHB,23,0,4e-06,0.01,2031,10055.201833581925,47.440273,30.80808,46.626232,54.999004,69.640915,46.001305,42.085445,58.766666,69.791664,3.2986085,665.9862,1.0332669,1.005691,1.0232394,10055.1
Arena-Hard,BOHB,24,0,4e-06,0.01,2031,10055.201527690886,47.440273,30.80808,46.626232,54.999004,69.640915,46.001305,42.085445,58.766666,69.791664,3.2986085,665.9862,1.0332669,1.005691,1.0232394,10055.1
Arena-Hard,BOTorch,0,2,4e-06,0.04,2031,20058.22019252777,47.013653,31.818182,41.47081,54.620594,70.02176,45.405643,39.33646,53.866665,71.6312,2.7330265,648.3466,0.5517413,0.29147807,0.45710012,10078.0
Arena-Hard,BOTorch,1,2,4e-06,0.01,2031,20035.319551086424,47.440273,30.80808,46.626232,54.999004,69.640915,46.001305,42.085445,58.766666,69.791664,3.2986085,665.9862,1.0332669,1.005691,1.0232394,10055.1
Arena-Hard,BOTorch,2,1,2e-06,0.01,800,3931.102130508423,46.92833,30.30303,45.109932,54.31189,69.80414,44.2878,35.805607,53.5,77.210884,2.4088514,656.6074,-0.03838493,0.697033,0.22903977,3931.0
Arena-Hard,BOTorch,3,0,4e-06,0.01,2031,10055.202114677428,47.440273,30.80808,46.626232,54.999004,69.640915,46.001305,42.085445,58.766666,69.791664,3.2986085,665.9862,1.0332669,1.005691,1.0232394,10055.1
Arena-Hard,BOTorch,4,1,4e-06,0.01,2031,10055.20184407234,47.440273,30.80808,46.626232,54.999004,69.640915,46.001305,42.085445,58.766666,69.791664,3.2986085,665.9862,1.0332669,1.005691,1.0232394,10055.1
Arena-Hard,BOTorch,5,3,4e-06,0.04,2031,20058.218560314177,47.013653,31.818182,41.47081,54.620594,70.02176,45.405643,39.33646,53.866665,71.6312,2.7330265,648.3466,0.5517413,0.29147807,0.45710012,10078.0
Arena-Hard,BOTorch,6,1,4e-06,0.02,2000,9876.302400445937,47.269623,30.30303,44.579227,54.85959,69.85854,45.53448,38.934307,58.333332,70.80292,3.8281693,660.5633,0.67737776,1.1992407,0.8671461,9876.2
Arena-Hard,BOTorch,7,1,4e-06,0.02,2000,9876.301998233794,47.269623,30.30303,44.579227,54.85959,69.85854,45.53448,38.934307,58.333332,70.80292,3.8281693,660.5633,0.67737776,1.1992407,0.8671461,9876.2
Arena-Hard,BOTorch,8,1,4e-06,0.02,2000,9876.302045679093,47.269623,30.30303,44.579227,54.85959,69.85854,45.53448,38.934307,58.333332,70.80292,3.8281693,660.5633,0.67737776,1.1992407,0.8671461,9876.2
Arena-Hard,BOTorch,9,1,4e-06,0.01,2031,10055.201338624953,47.440273,30.80808,46.626232,54.999004,69.640915,46.001305,42.085445,58.766666,69.791664,3.2986085,665.9862,1.0332669,1.005691,1.0232394,10055.1
Arena-Hard,BOTorch,10,2,2e-06,0.04,1000,14922.125754213332,46.843002,32.32323,44.9583,54.09281,69.80414,44.127834,35.171124,52.7,71.42857,2.2035882,691.2095,0.088514656,0.57946986,0.26704383,4911.9
Arena-Hard,BOTorch,11,1,4e-06,0.02,2000,9876.302152252196,47.269623,30.30303,44.579227,54.85959,69.85854,45.53448,38.934307,58.333332,70.80292,3.8281693,660.5633,0.67737776,1.1992407,0.8671461,9876.2
Arena-Hard,BOTorch,12,0,4e-06,0.01,2031,10055.201638555523,47.440273,30.80808,46.626232,54.999004,69.640915,46.001305,42.085445,58.766666,69.791664,3.2986085,665.9862,1.0332669,1.005691,1.0232394,10055.1
Arena-Hard,BOTorch,13,2,2e-06,0.01,800,13916.22097930908,46.92833,30.30303,45.109932,54.31189,69.80414,44.2878,35.805607,53.5,77.210884,2.4088514,656.6074,-0.03838493,0.697033,0.22903977,3931.0
Arena-Hard,BOTorch,14,2,2e-06,0.01,800,13911.22089562416,46.92833,30.30303,45.109932,54.31189,69.80414,44.2878,35.805607,53.5,77.210884,2.4088514,656.6074,-0.03838493,0.697033,0.22903977,3931.0
Arena-Hard,BOTorch,15,1,4e-06,0.02,2000,9876.301902866362,47.269623,30.30303,44.579227,54.85959,69.85854,45.53448,38.934307,58.333332,70.80292,3.8281693,660.5633,0.67737776,1.1992407,0.8671461,9876.2
Arena-Hard,BOTorch,16,6,4e-06,0.02,2000,39817.21097311974,47.269623,30.30303,44.579227,54.85959,69.85854,45.53448,38.934307,58.333332,70.80292,3.8281693,660.5633,0.67737776,1.1992407,0.8671461,9876.2
Arena-Hard,BOTorch,17,3,4e-06,0.02,2000,19956.42203865051,47.269623,30.30303,44.579227,54.85959,69.85854,45.53448,38.934307,58.333332,70.80292,3.8281693,660.5633,0.67737776,1.1992407,0.8671461,9876.2
Arena-Hard,BOTorch,18,2,4e-06,0.02,2000,19856.427854156493,47.269623,30.30303,44.579227,54.85959,69.85854,45.53448,38.934307,58.333332,70.80292,3.8281693,660.5633,0.67737776,1.1992407,0.8671461,9876.2
Arena-Hard,BOTorch,19,0,4e-06,0.02,2000,9876.302255249022,47.269623,30.30303,44.579227,54.85959,69.85854,45.53448,38.934307,58.333332,70.80292,3.8281693,660.5633,0.67737776,1.1992407,0.8671461,9876.2
Arena-Hard,BOTorch,20,1,4e-06,0.01,2031,10055.201554393769,47.440273,30.80808,46.626232,54.999004,69.640915,46.001305,42.085445,58.766666,69.791664,3.2986085,665.9862,1.0332669,1.005691,1.0232394,10055.1
Arena-Hard,BOTorch,21,8,4e-06,0.01,400,41902.66441807748,47.696247,30.30303,47.91509,54.86955,69.69532,45.497406,37.614143,56.3,72.69504,3.6663287,640.5936,1.0202352,1.3034295,1.123215,1980.3
Arena-Hard,BOTorch,22,6,4e-06,0.01,2031,40095.961590147024,47.440273,30.80808,46.626232,54.999004,69.640915,46.001305,42.085445,58.766666,69.791664,3.2986085,665.9862,1.0332669,1.005691,1.0232394,10055.1
Arena-Hard,BOTorch,23,1,4e-06,0.01,2031,10055.20159564018,47.440273,30.80808,46.626232,54.999004,69.640915,46.001305,42.085445,58.766666,69.791664,3.2986085,665.9862,1.0332669,1.005691,1.0232394,10055.1
Arena-Hard,BOTorch,24,1,2e-06,0.04,1000,4912.002997970581,46.843002,32.32323,44.9583,54.09281,69.80414,44.127834,35.171124,52.7,71.42857,2.2035882,691.2095,0.088514656,0.57946986,0.26704383,4911.9
Arena-Hard,CQR,0,7,2e-06,0.01,800,36376.9853135109,46.92833,30.30303,45.109932,54.31189,69.80414,44.2878,35.805607,53.5,77.210884,2.4088514,656.6074,-0.03838493,0.697033,0.22903977,3931.0
Arena-Hard,CQR,1,6,4e-06,0.02,2000,39846.8942249775,47.269623,30.30303,44.579227,54.85959,69.85854,45.53448,38.934307,58.333332,70.80292,3.8281693,660.5633,0.67737776,1.1992407,0.8671461,9876.2
Arena-Hard,CQR,2,2,4e-06,0.01,2031,20040.318666791914,47.440273,30.80808,46.626232,54.999004,69.640915,46.001305,42.085445,58.766666,69.791664,3.2986085,665.9862,1.0332669,1.005691,1.0232394,10055.1
Arena-Hard,CQR,3,0,4e-06,0.01,2031,10055.201574182507,47.440273,30.80808,46.626232,54.999004,69.640915,46.001305,42.085445,58.766666,69.791664,3.2986085,665.9862,1.0332669,1.005691,1.0232394,10055.1
Arena-Hard,CQR,4,4,4e-06,0.01,2031,30165.442371702196,47.440273,30.80808,46.626232,54.999004,69.640915,46.001305,42.085445,58.766666,69.791664,3.2986085,665.9862,1.0332669,1.005691,1.0232394,10055.1
Arena-Hard,CQR,5,4,4e-06,0.01,2031,30095.44093928337,47.440273,30.80808,46.626232,54.999004,69.640915,46.001305,42.085445,58.766666,69.791664,3.2986085,665.9862,1.0332669,1.005691,1.0232394,10055.1
Arena-Hard,CQR,6,7,4e-06,0.01,2031,40116.054433918005,47.440273,30.80808,46.626232,54.999004,69.640915,46.001305,42.085445,58.766666,69.791664,3.2986085,665.9862,1.0332669,1.005691,1.0232394,10055.1
Arena-Hard,CQR,7,1,4e-06,0.01,2031,10055.201512908934,47.440273,30.80808,46.626232,54.999004,69.640915,46.001305,42.085445,58.766666,69.791664,3.2986085,665.9862,1.0332669,1.005691,1.0232394,10055.1
Arena-Hard,CQR,8,2,4e-06,0.01,2031,20065.32443437576,47.440273,30.80808,46.626232,54.999004,69.640915,46.001305,42.085445,58.766666,69.791664,3.2986085,665.9862,1.0332669,1.005691,1.0232394,10055.1
Arena-Hard,CQR,9,0,4e-06,0.01,2031,10055.201764202116,47.440273,30.80808,46.626232,54.999004,69.640915,46.001305,42.085445,58.766666,69.791664,3.2986085,665.9862,1.0332669,1.005691,1.0232394,10055.1
Arena-Hard,CQR,10,2,2e-06,0.01,800,13981.221651411057,46.92833,30.30303,45.109932,54.31189,69.80414,44.2878,35.805607,53.5,77.210884,2.4088514,656.6074,-0.03838493,0.697033,0.22903977,3931.0
Arena-Hard,CQR,11,3,4e-06,0.01,2031,20105.319789028166,47.440273,30.80808,46.626232,54.999004,69.640915,46.001305,42.085445,58.766666,69.791664,3.2986085,665.9862,1.0332669,1.005691,1.0232394,10055.1
Arena-Hard,CQR,12,0,4e-06,0.02,2000,9876.302748537062,47.269623,30.30303,44.579227,54.85959,69.85854,45.53448,38.934307,58.333332,70.80292,3.8281693,660.5633,0.67737776,1.1992407,0.8671461,9876.2
Arena-Hard,CQR,13,0,4e-06,0.01,2031,10055.20167145729,47.440273,30.80808,46.626232,54.999004,69.640915,46.001305,42.085445,58.766666,69.791664,3.2986085,665.9862,1.0332669,1.005691,1.0232394,10055.1
Arena-Hard,CQR,14,1,4e-06,0.02,2000,9876.30338487625,47.269623,30.30303,44.579227,54.85959,69.85854,45.53448,38.934307,58.333332,70.80292,3.8281693,660.5633,0.67737776,1.1992407,0.8671461,9876.2
Arena-Hard,CQR,15,5,2e-06,0.01,800,26396.36531362533,46.92833,30.30303,45.109932,54.31189,69.80414,44.2878,35.805607,53.5,77.210884,2.4088514,656.6074,-0.03838493,0.697033,0.22903977,3931.0
Arena-Hard,CQR,16,9,4e-06,0.01,400,42076.83131537438,47.696247,30.30303,47.91509,54.86955,69.69532,45.497406,37.614143,56.3,72.69504,3.6663287,640.5936,1.0202352,1.3034295,1.123215,1980.3
Arena-Hard,CQR,17,3,4e-06,0.01,2031,20085.3216296196,47.440273,30.80808,46.626232,54.999004,69.640915,46.001305,42.085445,58.766666,69.791664,3.2986085,665.9862,1.0332669,1.005691,1.0232394,10055.1
Arena-Hard,CQR,18,0,4e-06,0.01,2031,10055.20177373886,47.440273,30.80808,46.626232,54.999004,69.640915,46.001305,42.085445,58.766666,69.791664,3.2986085,665.9862,1.0332669,1.005691,1.0232394,10055.1
Arena-Hard,CQR,19,6,4e-06,0.01,2031,40100.81207404137,47.440273,30.80808,46.626232,54.999004,69.640915,46.001305,42.085445,58.766666,69.791664,3.2986085,665.9862,1.0332669,1.005691,1.0232394,10055.1
Arena-Hard,CQR,20,0,4e-06,0.01,2031,10055.201608276366,47.440273,30.80808,46.626232,54.999004,69.640915,46.001305,42.085445,58.766666,69.791664,3.2986085,665.9862,1.0332669,1.005691,1.0232394,10055.1
Arena-Hard,CQR,21,0,2e-06,0.01,800,3931.102281188965,46.92833,30.30303,45.109932,54.31189,69.80414,44.2878,35.805607,53.5,77.210884,2.4088514,656.6074,-0.03838493,0.697033,0.22903977,3931.0
Arena-Hard,CQR,22,3,4e-06,0.01,2031,22510.349361753462,47.440273,30.80808,46.626232,54.999004,69.640915,46.001305,42.085445,58.766666,69.791664,3.2986085,665.9862,1.0332669,1.005691,1.0232394,10055.1
Arena-Hard,CQR,23,0,4e-06,0.01,2031,10055.201788282391,47.440273,30.80808,46.626232,54.999004,69.640915,46.001305,42.085445,58.766666,69.791664,3.2986085,665.9862,1.0332669,1.005691,1.0232394,10055.1
Arena-Hard,CQR,24,0,4e-06,0.01,2031,10055.201693868636,47.440273,30.80808,46.626232,54.999004,69.640915,46.001305,42.085445,58.766666,69.791664,3.2986085,665.9862,1.0332669,1.005691,1.0232394,10055.1
Arena-Hard,RandomSearch,0,0,4e-06,0.02,2000,9876.30210623741,47.269623,30.30303,44.579227,54.85959,69.85854,45.53448,38.934307,58.333332,70.80292,3.8281693,660.5633,0.67737776,1.1992407,0.8671461,9876.2
Arena-Hard,RandomSearch,1,6,4e-06,0.01,2031,39995.55720338822,47.440273,30.80808,46.626232,54.999004,69.640915,46.001305,42.085445,58.766666,69.791664,3.2986085,665.9862,1.0332669,1.005691,1.0232394,10055.1
Arena-Hard,RandomSearch,2,1,4e-06,0.02,2000,9876.302122211457,47.269623,30.30303,44.579227,54.85959,69.85854,45.53448,38.934307,58.333332,70.80292,3.8281693,660.5633,0.67737776,1.1992407,0.8671461,9876.2
Arena-Hard,RandomSearch,3,2,4e-06,0.01,2031,20105.31938443184,47.440273,30.80808,46.626232,54.999004,69.640915,46.001305,42.085445,58.766666,69.791664,3.2986085,665.9862,1.0332669,1.005691,1.0232394,10055.1
Arena-Hard,RandomSearch,4,1,4e-06,0.02,2000,9876.302232599255,47.269623,30.30303,44.579227,54.85959,69.85854,45.53448,38.934307,58.333332,70.80292,3.8281693,660.5633,0.67737776,1.1992407,0.8671461,9876.2
Arena-Hard,RandomSearch,5,1,4e-06,0.04,2031,10078.10170779228,47.013653,31.818182,41.47081,54.620594,70.02176,45.405643,39.33646,53.866665,71.6312,2.7330265,648.3466,0.5517413,0.29147807,0.45710012,10078.0
Arena-Hard,RandomSearch,6,2,4e-06,0.01,2031,20085.319448328017,47.440273,30.80808,46.626232,54.999004,69.640915,46.001305,42.085445,58.766666,69.791664,3.2986085,665.9862,1.0332669,1.005691,1.0232394,10055.1
Arena-Hard,RandomSearch,7,4,4e-06,0.01,2031,30115.437705373763,47.440273,30.80808,46.626232,54.999004,69.640915,46.001305,42.085445,58.766666,69.791664,3.2986085,665.9862,1.0332669,1.005691,1.0232394,10055.1
Arena-Hard,RandomSearch,8,1,4e-06,0.02,2000,9876.302304840086,47.269623,30.30303,44.579227,54.85959,69.85854,45.53448,38.934307,58.333332,70.80292,3.8281693,660.5633,0.67737776,1.1992407,0.8671461,9876.2
Arena-Hard,RandomSearch,9,7,4e-06,0.01,2031,42640.594553327566,47.440273,30.80808,46.626232,54.999004,69.640915,46.001305,42.085445,58.766666,69.791664,3.2986085,665.9862,1.0332669,1.005691,1.0232394,10055.1
Arena-Hard,RandomSearch,10,6,4e-06,0.02,2000,39946.65885004998,47.269623,30.30303,44.579227,54.85959,69.85854,45.53448,38.934307,58.333332,70.80292,3.8281693,660.5633,0.67737776,1.1992407,0.8671461,9876.2
Arena-Hard,RandomSearch,11,4,4e-06,0.01,2031,30065.445232248305,47.440273,30.80808,46.626232,54.999004,69.640915,46.001305,42.085445,58.766666,69.791664,3.2986085,665.9862,1.0332669,1.005691,1.0232394,10055.1
Arena-Hard,RandomSearch,12,0,4e-06,0.02,2000,9876.302304601668,47.269623,30.30303,44.579227,54.85959,69.85854,45.53448,38.934307,58.333332,70.80292,3.8281693,660.5633,0.67737776,1.1992407,0.8671461,9876.2
Arena-Hard,RandomSearch,13,0,4e-06,0.02,2000,9876.302462434767,47.269623,30.30303,44.579227,54.85959,69.85854,45.53448,38.934307,58.333332,70.80292,3.8281693,660.5633,0.67737776,1.1992407,0.8671461,9876.2
Arena-Hard,RandomSearch,14,0,4e-06,0.01,2031,10055.201702451704,47.440273,30.80808,46.626232,54.999004,69.640915,46.001305,42.085445,58.766666,69.791664,3.2986085,665.9862,1.0332669,1.005691,1.0232394,10055.1
Arena-Hard,RandomSearch,15,0,4e-06,0.01,2031,10055.201409196852,47.440273,30.80808,46.626232,54.999004,69.640915,46.001305,42.085445,58.766666,69.791664,3.2986085,665.9862,1.0332669,1.005691,1.0232394,10055.1
Arena-Hard,RandomSearch,16,3,4e-06,0.02,2000,19886.419169044493,47.269623,30.30303,44.579227,54.85959,69.85854,45.53448,38.934307,58.333332,70.80292,3.8281693,660.5633,0.67737776,1.1992407,0.8671461,9876.2
Arena-Hard,RandomSearch,17,3,4e-06,0.01,2031,20105.321985816958,47.440273,30.80808,46.626232,54.999004,69.640915,46.001305,42.085445,58.766666,69.791664,3.2986085,665.9862,1.0332669,1.005691,1.0232394,10055.1
Arena-Hard,RandomSearch,18,5,4e-06,0.02,2000,32411.56983194351,47.269623,30.30303,44.579227,54.85959,69.85854,45.53448,38.934307,58.333332,70.80292,3.8281693,660.5633,0.67737776,1.1992407,0.8671461,9876.2
Arena-Hard,RandomSearch,19,1,4e-06,0.01,2031,10055.201597785948,47.440273,30.80808,46.626232,54.999004,69.640915,46.001305,42.085445,58.766666,69.791664,3.2986085,665.9862,1.0332669,1.005691,1.0232394,10055.1
Arena-Hard,RandomSearch,20,7,4e-06,0.04,2031,40158.462296342856,47.013653,31.818182,41.47081,54.620594,70.02176,45.405643,39.33646,53.866665,71.6312,2.7330265,648.3466,0.5517413,0.29147807,0.45710012,10078.0
Arena-Hard,RandomSearch,21,7,4e-06,0.04,2031,42498.48268041611,47.013653,31.818182,41.47081,54.620594,70.02176,45.405643,39.33646,53.866665,71.6312,2.7330265,648.3466,0.5517413,0.29147807,0.45710012,10078.0
Arena-Hard,RandomSearch,22,6,4e-06,0.01,2031,40055.55773029328,47.440273,30.80808,46.626232,54.999004,69.640915,46.001305,42.085445,58.766666,69.791664,3.2986085,665.9862,1.0332669,1.005691,1.0232394,10055.1
Arena-Hard,RandomSearch,23,3,4e-06,0.02,2000,22331.450265741347,47.269623,30.30303,44.579227,54.85959,69.85854,45.53448,38.934307,58.333332,70.80292,3.8281693,660.5633,0.67737776,1.1992407,0.8671461,9876.2
Arena-Hard,RandomSearch,24,2,4e-06,0.02,2000,19886.420135116576,47.269623,30.30303,44.579227,54.85959,69.85854,45.53448,38.934307,58.333332,70.80292,3.8281693,660.5633,0.67737776,1.1992407,0.8671461,9876.2
Arena-Hard,TPE,0,0,4e-06,0.02,2000,9876.302013731,47.269623,30.30303,44.579227,54.85959,69.85854,45.53448,38.934307,58.333332,70.80292,3.8281693,660.5633,0.67737776,1.1992407,0.8671461,9876.2
Arena-Hard,TPE,1,7,4e-06,0.01,2031,40095.556512928015,47.440273,30.80808,46.626232,54.999004,69.640915,46.001305,42.085445,58.766666,69.791664,3.2986085,665.9862,1.0332669,1.005691,1.0232394,10055.1
Arena-Hard,TPE,2,3,4e-06,0.02,2000,22331.449245548247,47.269623,30.30303,44.579227,54.85959,69.85854,45.53448,38.934307,58.333332,70.80292,3.8281693,660.5633,0.67737776,1.1992407,0.8671461,9876.2
Arena-Hard,TPE,3,6,4e-06,0.01,2031,40025.55493078232,47.440273,30.80808,46.626232,54.999004,69.640915,46.001305,42.085445,58.766666,69.791664,3.2986085,665.9862,1.0332669,1.005691,1.0232394,10055.1
Arena-Hard,TPE,4,5,4e-06,0.04,2031,30138.337192630766,47.013653,31.818182,41.47081,54.620594,70.02176,45.405643,39.33646,53.866665,71.6312,2.7330265,648.3466,0.5517413,0.29147807,0.45710012,10078.0
Arena-Hard,TPE,5,2,4e-06,0.02,2000,19886.41937742233,47.269623,30.30303,44.579227,54.85959,69.85854,45.53448,38.934307,58.333332,70.80292,3.8281693,660.5633,0.67737776,1.1992407,0.8671461,9876.2
Arena-Hard,TPE,6,6,4e-06,0.01,2031,40145.55984292031,47.440273,30.80808,46.626232,54.999004,69.640915,46.001305,42.085445,58.766666,69.791664,3.2986085,665.9862,1.0332669,1.005691,1.0232394,10055.1
Arena-Hard,TPE,7,7,4e-06,0.02,2000,42391.68385849,47.269623,30.30303,44.579227,54.85959,69.85854,45.53448,38.934307,58.333332,70.80292,3.8281693,660.5633,0.67737776,1.1992407,0.8671461,9876.2
Arena-Hard,TPE,8,1,4e-06,0.01,2031,10055.20143136978,47.440273,30.80808,46.626232,54.999004,69.640915,46.001305,42.085445,58.766666,69.791664,3.2986085,665.9862,1.0332669,1.005691,1.0232394,10055.1
Arena-Hard,TPE,9,5,4e-06,0.01,2031,30135.437239027025,47.440273,30.80808,46.626232,54.999004,69.640915,46.001305,42.085445,58.766666,69.791664,3.2986085,665.9862,1.0332669,1.005691,1.0232394,10055.1
Arena-Hard,TPE,10,6,4e-06,0.01,2031,42475.58156428338,47.440273,30.80808,46.626232,54.999004,69.640915,46.001305,42.085445,58.766666,69.791664,3.2986085,665.9862,1.0332669,1.005691,1.0232394,10055.1
Arena-Hard,TPE,11,6,4e-06,0.04,2031,40023.45846471787,47.013653,31.818182,41.47081,54.620594,70.02176,45.405643,39.33646,53.866665,71.6312,2.7330265,648.3466,0.5517413,0.29147807,0.45710012,10078.0
Arena-Hard,TPE,12,0,4e-06,0.04,2031,10078.101792430876,47.013653,31.818182,41.47081,54.620594,70.02176,45.405643,39.33646,53.866665,71.6312,2.7330265,648.3466,0.5517413,0.29147807,0.45710012,10078.0
Arena-Hard,TPE,13,3,4e-06,0.02,2000,22331.448121643065,47.269623,30.30303,44.579227,54.85959,69.85854,45.53448,38.934307,58.333332,70.80292,3.8281693,660.5633,0.67737776,1.1992407,0.8671461,9876.2
Arena-Hard,TPE,14,5,4e-06,0.01,2031,30165.444970703124,47.440273,30.80808,46.626232,54.999004,69.640915,46.001305,42.085445,58.766666,69.791664,3.2986085,665.9862,1.0332669,1.005691,1.0232394,10055.1
Arena-Hard,TPE,15,6,4e-06,0.01,2031,40070.55762825013,47.440273,30.80808,46.626232,54.999004,69.640915,46.001305,42.085445,58.766666,69.791664,3.2986085,665.9862,1.0332669,1.005691,1.0232394,10055.1
Arena-Hard,TPE,16,4,4e-06,0.01,2031,32490.465021467207,47.440273,30.80808,46.626232,54.999004,69.640915,46.001305,42.085445,58.766666,69.791664,3.2986085,665.9862,1.0332669,1.005691,1.0232394,10055.1
Arena-Hard,TPE,17,5,4e-06,0.02,2000,29936.53831992149,47.269623,30.30303,44.579227,54.85959,69.85854,45.53448,38.934307,58.333332,70.80292,3.8281693,660.5633,0.67737776,1.1992407,0.8671461,9876.2
Arena-Hard,TPE,18,0,4e-06,0.01,2031,10055.201983070372,47.440273,30.80808,46.626232,54.999004,69.640915,46.001305,42.085445,58.766666,69.791664,3.2986085,665.9862,1.0332669,1.005691,1.0232394,10055.1
Arena-Hard,TPE,19,0,4e-06,0.02,2000,9876.30294523239,47.269623,30.30303,44.579227,54.85959,69.85854,45.53448,38.934307,58.333332,70.80292,3.8281693,660.5633,0.67737776,1.1992407,0.8671461,9876.2
Arena-Hard,TPE,20,2,4e-06,0.01,2031,20040.32040271759,47.440273,30.80808,46.626232,54.999004,69.640915,46.001305,42.085445,58.766666,69.791664,3.2986085,665.9862,1.0332669,1.005691,1.0232394,10055.1
Arena-Hard,TPE,21,6,4e-06,0.01,2031,40135.55398354531,47.440273,30.80808,46.626232,54.999004,69.640915,46.001305,42.085445,58.766666,69.791664,3.2986085,665.9862,1.0332669,1.005691,1.0232394,10055.1
Arena-Hard,TPE,22,3,4e-06,0.04,2031,22533.248593664168,47.013653,31.818182,41.47081,54.620594,70.02176,45.405643,39.33646,53.866665,71.6312,2.7330265,648.3466,0.5517413,0.29147807,0.45710012,10078.0
Arena-Hard,TPE,23,1,4e-06,0.02,2000,9876.302316999434,47.269623,30.30303,44.579227,54.85959,69.85854,45.53448,38.934307,58.333332,70.80292,3.8281693,660.5633,0.67737776,1.1992407,0.8671461,9876.2
Arena-Hard,TPE,24,6,4e-06,0.01,2031,40105.55956110955,47.440273,30.80808,46.626232,54.999004,69.640915,46.001305,42.085445,58.766666,69.791664,3.2986085,665.9862,1.0332669,1.005691,1.0232394,10055.1
ELO,ASHA,0,3,1e-06,0.04,2000,19842.62109789848,46.33106,31.818182,42.001514,53.64469,69.749725,43.244896,33.166553,49.433334,61.564625,1.3280091,677.80096,-0.7886106,-0.3691447,-0.6360776,9832.4
ELO,ASHA,1,0,2e-06,0.01,1200,5896.601966238022,46.92833,30.30303,45.109932,54.46126,69.58651,44.479717,36.767334,51.6,70.86331,2.5307245,671.2755,0.12366702,0.54173696,0.27569246,5896.5
ELO,ASHA,2,1,1e-06,0.04,2000,9832.50274310112,46.33106,31.818182,42.001514,53.64469,69.749725,43.244896,33.166553,49.433334,61.564625,1.3280091,677.80096,-0.7886106,-0.3691447,-0.6360776,9832.4
ELO,ASHA,3,3,2e-06,0.02,1400,16984.52240524292,47.013653,29.79798,46.853676,54.31189,69.640915,44.466793,34.95381,49.233334,68.27586,1.8566298,672.6039,0.017123692,0.025533784,0.020181907,6924.3
ELO,ASHA,4,0,4e-06,0.04,1000,4962.202257966996,47.35495,29.79798,43.972706,54.560844,69.749725,45.31718,37.51047,52.8,72.60274,2.7411363,695.80383,0.30564478,0.8716157,0.5114524,4962.1
ELO,ASHA,5,1,4e-06,0.04,1000,4962.202331161499,47.35495,29.79798,43.972706,54.560844,69.749725,45.31718,37.51047,52.8,72.60274,2.7411363,695.80383,0.30564478,0.8716157,0.5114524,4962.1
ELO,ASHA,6,1,1e-06,0.04,2000,9832.502423620224,46.33106,31.818182,42.001514,53.64469,69.749725,43.244896,33.166553,49.433334,61.564625,1.3280091,677.80096,-0.7886106,-0.3691447,-0.6360776,9832.4
ELO,ASHA,7,4,4e-06,0.04,1000,15957.433062650678,47.35495,29.79798,43.972706,54.560844,69.749725,45.31718,37.51047,52.8,72.60274,2.7411363,695.80383,0.30564478,0.8716157,0.5114524,4962.1
ELO,ASHA,8,1,2e-06,0.02,1400,6924.402050590516,47.013653,29.79798,46.853676,54.31189,69.640915,44.466793,34.95381,49.233334,68.27586,1.8566298,672.6039,0.017123692,0.025533784,0.020181907,6924.3
ELO,ASHA,9,11,2e-06,0.02,1400,32945.32187997055,47.013653,29.79798,46.853676,54.31189,69.640915,44.466793,34.95381,49.233334,68.27586,1.8566298,672.6039,0.017123692,0.025533784,0.020181907,6924.3
ELO,ASHA,10,0,2e-06,0.02,1400,6924.401820516587,47.013653,29.79798,46.853676,54.31189,69.640915,44.466793,34.95381,49.233334,68.27586,1.8566298,672.6039,0.017123692,0.025533784,0.020181907,6924.3
ELO,ASHA,11,1,2e-06,0.02,1400,6924.401985979081,47.013653,29.79798,46.853676,54.31189,69.640915,44.466793,34.95381,49.233334,68.27586,1.8566298,672.6039,0.017123692,0.025533784,0.020181907,6924.3
ELO,ASHA,12,1,2e-06,0.04,2031,9976.201619958876,46.41638,30.30303,46.247158,54.152557,69.80414,44.09892,35.620766,51.066666,74.82758,2.8475056,695.9365,-0.13997465,0.87852395,0.23038846,9976.1
ELO,ASHA,13,6,2e-06,0.02,1400,18969.84982333755,47.013653,29.79798,46.853676,54.31189,69.640915,44.466793,34.95381,49.233334,68.27586,1.8566298,672.6039,0.017123692,0.025533784,0.020181907,6924.3
ELO,ASHA,14,2,4e-06,0.04,1000,14992.31998643875,47.35495,29.79798,43.972706,54.560844,69.749725,45.31718,37.51047,52.8,72.60274,2.7411363,695.80383,0.30564478,0.8716157,0.5114524,4962.1
ELO,ASHA,15,6,4e-06,0.04,1000,26007.656264642712,47.35495,29.79798,43.972706,54.560844,69.749725,45.31718,37.51047,52.8,72.60274,2.7411363,695.80383,0.30564478,0.8716157,0.5114524,4962.1
ELO,ASHA,16,0,2e-06,0.04,2031,9976.201681947708,46.41638,30.30303,46.247158,54.152557,69.80414,44.09892,35.620766,51.066666,74.82758,2.8475056,695.9365,-0.13997465,0.87852395,0.23038846,9976.1
ELO,ASHA,17,0,2e-06,0.04,2031,9976.20157895088,46.41638,30.30303,46.247158,54.152557,69.80414,44.09892,35.620766,51.066666,74.82758,2.8475056,695.9365,-0.13997465,0.87852395,0.23038846,9976.1
ELO,ASHA,18,1,2e-06,0.04,2031,9976.201744651791,46.41638,30.30303,46.247158,54.152557,69.80414,44.09892,35.620766,51.066666,74.82758,2.8475056,695.9365,-0.13997465,0.87852395,0.23038846,9976.1
ELO,ASHA,19,0,2e-06,0.04,2031,9976.20159230232,46.41638,30.30303,46.247158,54.152557,69.80414,44.09892,35.620766,51.066666,74.82758,2.8475056,695.9365,-0.13997465,0.87852395,0.23038846,9976.1
ELO,ASHA,20,8,2e-06,0.02,1400,28989.971871238704,47.013653,29.79798,46.853676,54.31189,69.640915,44.466793,34.95381,49.233334,68.27586,1.8566298,672.6039,0.017123692,0.025533784,0.020181907,6924.3
ELO,ASHA,21,3,1e-06,0.04,2000,22287.648985004424,46.33106,31.818182,42.001514,53.64469,69.749725,43.244896,33.166553,49.433334,61.564625,1.3280091,677.80096,-0.7886106,-0.3691447,-0.6360776,9832.4
ELO,ASHA,22,2,1e-06,0.04,2000,19812.61938414573,46.33106,31.818182,42.001514,53.64469,69.749725,43.244896,33.166553,49.433334,61.564625,1.3280091,677.80096,-0.7886106,-0.3691447,-0.6360776,9832.4
ELO,ASHA,23,1,2e-06,0.04,2031,9976.201732015608,46.41638,30.30303,46.247158,54.152557,69.80414,44.09892,35.620766,51.066666,74.82758,2.8475056,695.9365,-0.13997465,0.87852395,0.23038846,9976.1
ELO,ASHA,24,1,2e-06,0.02,1400,6924.401900625229,47.013653,29.79798,46.853676,54.31189,69.640915,44.466793,34.95381,49.233334,68.27586,1.8566298,672.6039,0.017123692,0.025533784,0.020181907,6924.3
ELO,BOHB,0,3,1e-06,0.04,2000,19842.62280282974,46.33106,31.818182,42.001514,53.64469,69.749725,43.244896,33.166553,49.433334,61.564625,1.3280091,677.80096,-0.7886106,-0.3691447,-0.6360776,9832.4
ELO,BOHB,1,0,2e-06,0.01,1200,5896.602120256424,46.92833,30.30303,45.109932,54.46126,69.58651,44.479717,36.767334,51.6,70.86331,2.5307245,671.2755,0.12366702,0.54173696,0.27569246,5896.5
ELO,BOHB,2,1,1e-06,0.04,2000,9832.50242242813,46.33106,31.818182,42.001514,53.64469,69.749725,43.244896,33.166553,49.433334,61.564625,1.3280091,677.80096,-0.7886106,-0.3691447,-0.6360776,9832.4
ELO,BOHB,3,3,2e-06,0.02,1400,16984.52143011093,47.013653,29.79798,46.853676,54.31189,69.640915,44.466793,34.95381,49.233334,68.27586,1.8566298,672.6039,0.017123692,0.025533784,0.020181907,6924.3
ELO,BOHB,4,0,4e-06,0.04,1000,4962.202189064026,47.35495,29.79798,43.972706,54.560844,69.749725,45.31718,37.51047,52.8,72.60274,2.7411363,695.80383,0.30564478,0.8716157,0.5114524,4962.1
ELO,BOHB,5,1,4e-06,0.04,1000,4962.202226495743,47.35495,29.79798,43.972706,54.560844,69.749725,45.31718,37.51047,52.8,72.60274,2.7411363,695.80383,0.30564478,0.8716157,0.5114524,4962.1
ELO,BOHB,6,1,1e-06,0.04,2000,9832.502455568312,46.33106,31.818182,42.001514,53.64469,69.749725,43.244896,33.166553,49.433334,61.564625,1.3280091,677.80096,-0.7886106,-0.3691447,-0.6360776,9832.4
ELO,BOHB,7,4,4e-06,0.04,1000,15957.433775760648,47.35495,29.79798,43.972706,54.560844,69.749725,45.31718,37.51047,52.8,72.60274,2.7411363,695.80383,0.30564478,0.8716157,0.5114524,4962.1
ELO,BOHB,8,1,2e-06,0.02,1400,6924.401924943924,47.013653,29.79798,46.853676,54.31189,69.640915,44.466793,34.95381,49.233334,68.27586,1.8566298,672.6039,0.017123692,0.025533784,0.020181907,6924.3
ELO,BOHB,9,0,4e-06,0.01,2031,10055.202018117903,47.440273,30.80808,46.626232,54.999004,69.640915,46.001305,42.085445,58.766666,69.791664,3.2986085,665.9862,1.0332669,1.005691,1.0232394,10055.1
ELO,BOHB,10,0,2e-06,0.02,1400,6924.401645755768,47.013653,29.79798,46.853676,54.31189,69.640915,44.466793,34.95381,49.233334,68.27586,1.8566298,672.6039,0.017123692,0.025533784,0.020181907,6924.3
ELO,BOHB,11,1,2e-06,0.02,1400,6924.401885128022,47.013653,29.79798,46.853676,54.31189,69.640915,44.466793,34.95381,49.233334,68.27586,1.8566298,672.6039,0.017123692,0.025533784,0.020181907,6924.3
ELO,BOHB,12,1,2e-06,0.04,2031,9976.201759195326,46.41638,30.30303,46.247158,54.152557,69.80414,44.09892,35.620766,51.066666,74.82758,2.8475056,695.9365,-0.13997465,0.87852395,0.23038846,9976.1
ELO,BOHB,13,0,4e-06,0.01,2031,10055.202020740508,47.440273,30.80808,46.626232,54.999004,69.640915,46.001305,42.085445,58.766666,69.791664,3.2986085,665.9862,1.0332669,1.005691,1.0232394,10055.1
ELO,BOHB,14,2,4e-06,0.04,1000,14992.322208261488,47.35495,29.79798,43.972706,54.560844,69.749725,45.31718,37.51047,52.8,72.60274,2.7411363,695.80383,0.30564478,0.8716157,0.5114524,4962.1
ELO,BOHB,15,8,4e-06,0.04,1000,29907.806370121,47.35495,29.79798,43.972706,54.560844,69.749725,45.31718,37.51047,52.8,72.60274,2.7411363,695.80383,0.30564478,0.8716157,0.5114524,4962.1
ELO,BOHB,16,0,2e-06,0.04,2031,9976.20142970085,46.41638,30.30303,46.247158,54.152557,69.80414,44.09892,35.620766,51.066666,74.82758,2.8475056,695.9365,-0.13997465,0.87852395,0.23038846,9976.1
ELO,BOHB,17,0,2e-06,0.04,2031,9976.201549863814,46.41638,30.30303,46.247158,54.152557,69.80414,44.09892,35.620766,51.066666,74.82758,2.8475056,695.9365,-0.13997465,0.87852395,0.23038846,9976.1
ELO,BOHB,18,1,2e-06,0.04,2031,9976.201806163786,46.41638,30.30303,46.247158,54.152557,69.80414,44.09892,35.620766,51.066666,74.82758,2.8475056,695.9365,-0.13997465,0.87852395,0.23038846,9976.1
ELO,BOHB,19,0,2e-06,0.04,2031,9976.202111101147,46.41638,30.30303,46.247158,54.152557,69.80414,44.09892,35.620766,51.066666,74.82758,2.8475056,695.9365,-0.13997465,0.87852395,0.23038846,9976.1
ELO,BOHB,20,8,2e-06,0.02,1400,38059.871499158864,47.013653,29.79798,46.853676,54.31189,69.640915,44.466793,34.95381,49.233334,68.27586,1.8566298,672.6039,0.017123692,0.025533784,0.020181907,6924.3
ELO,BOHB,21,3,1e-06,0.04,2000,22287.649786806105,46.33106,31.818182,42.001514,53.64469,69.749725,43.244896,33.166553,49.433334,61.564625,1.3280091,677.80096,-0.7886106,-0.3691447,-0.6360776,9832.4
ELO,BOHB,22,2,1e-06,0.04,2000,19812.61966190338,46.33106,31.818182,42.001514,53.64469,69.749725,43.244896,33.166553,49.433334,61.564625,1.3280091,677.80096,-0.7886106,-0.3691447,-0.6360776,9832.4
ELO,BOHB,23,1,2e-06,0.04,2031,9976.203049278258,46.41638,30.30303,46.247158,54.152557,69.80414,44.09892,35.620766,51.066666,74.82758,2.8475056,695.9365,-0.13997465,0.87852395,0.23038846,9976.1
ELO,BOHB,24,1,2e-06,0.02,1400,6924.401956892014,47.013653,29.79798,46.853676,54.31189,69.640915,44.466793,34.95381,49.233334,68.27586,1.8566298,672.6039,0.017123692,0.025533784,0.020181907,6924.3
ELO,BOTorch,0,0,2e-06,0.04,2031,9976.20192966461,46.41638,30.30303,46.247158,54.152557,69.80414,44.09892,35.620766,51.066666,74.82758,2.8475056,695.9365,-0.13997465,0.87852395,0.23038846,9976.1
ELO,BOTorch,1,3,2e-06,0.01,1200,15926.720624303816,46.92833,30.30303,45.109932,54.46126,69.58651,44.479717,36.767334,51.6,70.86331,2.5307245,671.2755,0.12366702,0.54173696,0.27569246,5896.5
ELO,BOTorch,2,1,4e-06,0.04,1000,4962.201821422577,47.35495,29.79798,43.972706,54.560844,69.749725,45.31718,37.51047,52.8,72.60274,2.7411363,695.80383,0.30564478,0.8716157,0.5114524,4962.1
ELO,BOTorch,3,3,2e-06,0.04,2031,20056.32271323204,46.41638,30.30303,46.247158,54.152557,69.80414,44.09892,35.620766,51.066666,74.82758,2.8475056,695.9365,-0.13997465,0.87852395,0.23038846,9976.1
ELO,BOTorch,4,0,1e-06,0.04,2000,9832.502362346648,46.33106,31.818182,42.001514,53.64469,69.749725,43.244896,33.166553,49.433334,61.564625,1.3280091,677.80096,-0.7886106,-0.3691447,-0.6360776,9832.4
ELO,BOTorch,5,3,2e-06,0.04,2031,20036.3273979187,46.41638,30.30303,46.247158,54.152557,69.80414,44.09892,35.620766,51.066666,74.82758,2.8475056,695.9365,-0.13997465,0.87852395,0.23038846,9976.1
ELO,BOTorch,6,1,2e-06,0.04,2031,9976.20182237625,46.41638,30.30303,46.247158,54.152557,69.80414,44.09892,35.620766,51.066666,74.82758,2.8475056,695.9365,-0.13997465,0.87852395,0.23038846,9976.1
ELO,BOTorch,7,3,2e-06,0.04,2031,20006.318460798266,46.41638,30.30303,46.247158,54.152557,69.80414,44.09892,35.620766,51.066666,74.82758,2.8475056,695.9365,-0.13997465,0.87852395,0.23038846,9976.1
ELO,BOTorch,8,2,2e-06,0.04,2031,19956.31864533424,46.41638,30.30303,46.247158,54.152557,69.80414,44.09892,35.620766,51.066666,74.82758,2.8475056,695.9365,-0.13997465,0.87852395,0.23038846,9976.1
ELO,BOTorch,9,0,2e-06,0.01,1200,5896.602329349518,46.92833,30.30303,45.109932,54.46126,69.58651,44.479717,36.767334,51.6,70.86331,2.5307245,671.2755,0.12366702,0.54173696,0.27569246,5896.5
ELO,BOTorch,10,1,4e-06,0.04,1000,4962.201875782013,47.35495,29.79798,43.972706,54.560844,69.749725,45.31718,37.51047,52.8,72.60274,2.7411363,695.80383,0.30564478,0.8716157,0.5114524,4962.1
ELO,BOTorch,11,3,2e-06,0.04,2031,20006.33991394043,46.41638,30.30303,46.247158,54.152557,69.80414,44.09892,35.620766,51.066666,74.82758,2.8475056,695.9365,-0.13997465,0.87852395,0.23038846,9976.1
ELO,BOTorch,12,3,2e-06,0.04,2031,20036.32133183479,46.41638,30.30303,46.247158,54.152557,69.80414,44.09892,35.620766,51.066666,74.82758,2.8475056,695.9365,-0.13997465,0.87852395,0.23038846,9976.1
ELO,BOTorch,13,0,4e-06,0.04,1000,4962.202120637894,47.35495,29.79798,43.972706,54.560844,69.749725,45.31718,37.51047,52.8,72.60274,2.7411363,695.80383,0.30564478,0.8716157,0.5114524,4962.1
ELO,BOTorch,14,3,2e-06,0.01,1200,15956.738340473174,46.92833,30.30303,45.109932,54.46126,69.58651,44.479717,36.767334,51.6,70.86331,2.5307245,671.2755,0.12366702,0.54173696,0.27569246,5896.5
ELO,BOTorch,15,2,2e-06,0.04,2031,19961.321059083937,46.41638,30.30303,46.247158,54.152557,69.80414,44.09892,35.620766,51.066666,74.82758,2.8475056,695.9365,-0.13997465,0.87852395,0.23038846,9976.1
ELO,BOTorch,16,0,2e-06,0.02,1400,6924.401989316941,47.013653,29.79798,46.853676,54.31189,69.640915,44.466793,34.95381,49.233334,68.27586,1.8566298,672.6039,0.017123692,0.025533784,0.020181907,6924.3
ELO,BOTorch,17,0,1e-06,0.04,2000,9832.502442693709,46.33106,31.818182,42.001514,53.64469,69.749725,43.244896,33.166553,49.433334,61.564625,1.3280091,677.80096,-0.7886106,-0.3691447,-0.6360776,9832.4
ELO,BOTorch,18,0,2e-06,0.04,2031,9976.201649761198,46.41638,30.30303,46.247158,54.152557,69.80414,44.09892,35.620766,51.066666,74.82758,2.8475056,695.9365,-0.13997465,0.87852395,0.23038846,9976.1
ELO,BOTorch,19,0,4e-06,0.04,1000,4962.202200746537,47.35495,29.79798,43.972706,54.560844,69.749725,45.31718,37.51047,52.8,72.60274,2.7411363,695.80383,0.30564478,0.8716157,0.5114524,4962.1
ELO,BOTorch,20,1,1e-06,0.04,2000,9832.50353655815,46.33106,31.818182,42.001514,53.64469,69.749725,43.244896,33.166553,49.433334,61.564625,1.3280091,677.80096,-0.7886106,-0.3691447,-0.6360776,9832.4
ELO,BOTorch,21,0,1e-06,0.04,2000,9832.502401924132,46.33106,31.818182,42.001514,53.64469,69.749725,43.244896,33.166553,49.433334,61.564625,1.3280091,677.80096,-0.7886106,-0.3691447,-0.6360776,9832.4
ELO,BOTorch,22,1,2e-06,0.04,2031,9976.201811170577,46.41638,30.30303,46.247158,54.152557,69.80414,44.09892,35.620766,51.066666,74.82758,2.8475056,695.9365,-0.13997465,0.87852395,0.23038846,9976.1
ELO,BOTorch,23,0,1e-06,0.04,2000,9832.502443170546,46.33106,31.818182,42.001514,53.64469,69.749725,43.244896,33.166553,49.433334,61.564625,1.3280091,677.80096,-0.7886106,-0.3691447,-0.6360776,9832.4
ELO,BOTorch,24,0,1e-06,0.04,2000,9832.502461528777,46.33106,31.818182,42.001514,53.64469,69.749725,43.244896,33.166553,49.433334,61.564625,1.3280091,677.80096,-0.7886106,-0.3691447,-0.6360776,9832.4
ELO,CQR,0,2,2e-06,0.04,2031,19986.32087931633,46.41638,30.30303,46.247158,54.152557,69.80414,44.09892,35.620766,51.066666,74.82758,2.8475056,695.9365,-0.13997465,0.87852395,0.23038846,9976.1
ELO,CQR,1,6,2e-06,0.04,2031,39946.79317555428,46.41638,30.30303,46.247158,54.152557,69.80414,44.09892,35.620766,51.066666,74.82758,2.8475056,695.9365,-0.13997465,0.87852395,0.23038846,9976.1
ELO,CQR,2,4,2e-06,0.04,2031,30016.437725400923,46.41638,30.30303,46.247158,54.152557,69.80414,44.09892,35.620766,51.066666,74.82758,2.8475056,695.9365,-0.13997465,0.87852395,0.23038846,9976.1
ELO,CQR,3,5,2e-06,0.04,2031,32411.46702084541,46.41638,30.30303,46.247158,54.152557,69.80414,44.09892,35.620766,51.066666,74.82758,2.8475056,695.9365,-0.13997465,0.87852395,0.23038846,9976.1
ELO,CQR,4,5,2e-06,0.04,2031,32481.46658453941,46.41638,30.30303,46.247158,54.152557,69.80414,44.09892,35.620766,51.066666,74.82758,2.8475056,695.9365,-0.13997465,0.87852395,0.23038846,9976.1
ELO,CQR,5,1,4e-06,0.04,1000,4962.202131128312,47.35495,29.79798,43.972706,54.560844,69.749725,45.31718,37.51047,52.8,72.60274,2.7411363,695.80383,0.30564478,0.8716157,0.5114524,4962.1
ELO,CQR,6,2,2e-06,0.04,2031,19961.32352528572,46.41638,30.30303,46.247158,54.152557,69.80414,44.09892,35.620766,51.066666,74.82758,2.8475056,695.9365,-0.13997465,0.87852395,0.23038846,9976.1
ELO,CQR,7,2,2e-06,0.04,2031,19986.326985692976,46.41638,30.30303,46.247158,54.152557,69.80414,44.09892,35.620766,51.066666,74.82758,2.8475056,695.9365,-0.13997465,0.87852395,0.23038846,9976.1
ELO,CQR,8,6,4e-06,0.04,1000,35082.833338117605,47.35495,29.79798,43.972706,54.560844,69.749725,45.31718,37.51047,52.8,72.60274,2.7411363,695.80383,0.30564478,0.8716157,0.5114524,4962.1
ELO,CQR,9,4,2e-06,0.04,2031,30066.43962249756,46.41638,30.30303,46.247158,54.152557,69.80414,44.09892,35.620766,51.066666,74.82758,2.8475056,695.9365,-0.13997465,0.87852395,0.23038846,9976.1
ELO,CQR,10,5,2e-06,0.04,2031,32481.47178516388,46.41638,30.30303,46.247158,54.152557,69.80414,44.09892,35.620766,51.066666,74.82758,2.8475056,695.9365,-0.13997465,0.87852395,0.23038846,9976.1
ELO,CQR,11,1,2e-06,0.02,1400,6924.401764726639,47.013653,29.79798,46.853676,54.31189,69.640915,44.466793,34.95381,49.233334,68.27586,1.8566298,672.6039,0.017123692,0.025533784,0.020181907,6924.3
ELO,CQR,12,1,2e-06,0.04,2031,9976.20175037384,46.41638,30.30303,46.247158,54.152557,69.80414,44.09892,35.620766,51.066666,74.82758,2.8475056,695.9365,-0.13997465,0.87852395,0.23038846,9976.1
ELO,CQR,13,2,4e-06,0.04,1000,15022.32188234329,47.35495,29.79798,43.972706,54.560844,69.749725,45.31718,37.51047,52.8,72.60274,2.7411363,695.80383,0.30564478,0.8716157,0.5114524,4962.1
ELO,CQR,14,2,4e-06,0.04,1000,14992.320151662823,47.35495,29.79798,43.972706,54.560844,69.749725,45.31718,37.51047,52.8,72.60274,2.7411363,695.80383,0.30564478,0.8716157,0.5114524,4962.1
ELO,CQR,15,3,2e-06,0.04,2031,19986.34018573761,46.41638,30.30303,46.247158,54.152557,69.80414,44.09892,35.620766,51.066666,74.82758,2.8475056,695.9365,-0.13997465,0.87852395,0.23038846,9976.1
ELO,CQR,16,0,2e-06,0.04,2031,9976.20164952278,46.41638,30.30303,46.247158,54.152557,69.80414,44.09892,35.620766,51.066666,74.82758,2.8475056,695.9365,-0.13997465,0.87852395,0.23038846,9976.1
ELO,CQR,17,0,2e-06,0.04,2031,9976.201685047148,46.41638,30.30303,46.247158,54.152557,69.80414,44.09892,35.620766,51.066666,74.82758,2.8475056,695.9365,-0.13997465,0.87852395,0.23038846,9976.1
ELO,CQR,18,1,2e-06,0.04,2031,9976.201622343062,46.41638,30.30303,46.247158,54.152557,69.80414,44.09892,35.620766,51.066666,74.82758,2.8475056,695.9365,-0.13997465,0.87852395,0.23038846,9976.1
ELO,CQR,19,0,2e-06,0.04,2031,9976.20153222084,46.41638,30.30303,46.247158,54.152557,69.80414,44.09892,35.620766,51.066666,74.82758,2.8475056,695.9365,-0.13997465,0.87852395,0.23038846,9976.1
ELO,CQR,20,5,2e-06,0.04,2031,30096.4384308815,46.41638,30.30303,46.247158,54.152557,69.80414,44.09892,35.620766,51.066666,74.82758,2.8475056,695.9365,-0.13997465,0.87852395,0.23038846,9976.1
ELO,CQR,21,4,2e-06,0.04,2031,32411.4809158802,46.41638,30.30303,46.247158,54.152557,69.80414,44.09892,35.620766,51.066666,74.82758,2.8475056,695.9365,-0.13997465,0.87852395,0.23038846,9976.1
ELO,CQR,22,5,2e-06,0.04,2031,32491.46590886116,46.41638,30.30303,46.247158,54.152557,69.80414,44.09892,35.620766,51.066666,74.82758,2.8475056,695.9365,-0.13997465,0.87852395,0.23038846,9976.1
ELO,CQR,23,1,2e-06,0.04,2031,9976.201404190062,46.41638,30.30303,46.247158,54.152557,69.80414,44.09892,35.620766,51.066666,74.82758,2.8475056,695.9365,-0.13997465,0.87852395,0.23038846,9976.1
ELO,CQR,24,4,2e-06,0.04,2031,30006.436897850035,46.41638,30.30303,46.247158,54.152557,69.80414,44.09892,35.620766,51.066666,74.82758,2.8475056,695.9365,-0.13997465,0.87852395,0.23038846,9976.1
ELO,RandomSearch,0,3,4e-06,0.04,1000,17417.347923135756,47.35495,29.79798,43.972706,54.560844,69.749725,45.31718,37.51047,52.8,72.60274,2.7411363,695.80383,0.30564478,0.8716157,0.5114524,4962.1
ELO,RandomSearch,1,2,2e-06,0.04,2031,19986.319168663023,46.41638,30.30303,46.247158,54.152557,69.80414,44.09892,35.620766,51.066666,74.82758,2.8475056,695.9365,-0.13997465,0.87852395,0.23038846,9976.1
ELO,RandomSearch,2,3,2e-06,0.04,2031,20056.32136497497,46.41638,30.30303,46.247158,54.152557,69.80414,44.09892,35.620766,51.066666,74.82758,2.8475056,695.9365,-0.13997465,0.87852395,0.23038846,9976.1
ELO,RandomSearch,3,4,2e-06,0.04,2031,29941.436355686183,46.41638,30.30303,46.247158,54.152557,69.80414,44.09892,35.620766,51.066666,74.82758,2.8475056,695.9365,-0.13997465,0.87852395,0.23038846,9976.1
ELO,RandomSearch,4,6,2e-06,0.04,2031,40126.5569284916,46.41638,30.30303,46.247158,54.152557,69.80414,44.09892,35.620766,51.066666,74.82758,2.8475056,695.9365,-0.13997465,0.87852395,0.23038846,9976.1
ELO,RandomSearch,5,3,2e-06,0.04,2031,20026.319268560408,46.41638,30.30303,46.247158,54.152557,69.80414,44.09892,35.620766,51.066666,74.82758,2.8475056,695.9365,-0.13997465,0.87852395,0.23038846,9976.1
ELO,RandomSearch,6,4,2e-06,0.04,2031,29996.43540129661,46.41638,30.30303,46.247158,54.152557,69.80414,44.09892,35.620766,51.066666,74.82758,2.8475056,695.9365,-0.13997465,0.87852395,0.23038846,9976.1
ELO,RandomSearch,7,0,2e-06,0.04,2031,9976.201625680922,46.41638,30.30303,46.247158,54.152557,69.80414,44.09892,35.620766,51.066666,74.82758,2.8475056,695.9365,-0.13997465,0.87852395,0.23038846,9976.1
ELO,RandomSearch,8,2,2e-06,0.04,2031,19956.31875047684,46.41638,30.30303,46.247158,54.152557,69.80414,44.09892,35.620766,51.066666,74.82758,2.8475056,695.9365,-0.13997465,0.87852395,0.23038846,9976.1
ELO,RandomSearch,9,5,2e-06,0.04,2031,30116.43752298355,46.41638,30.30303,46.247158,54.152557,69.80414,44.09892,35.620766,51.066666,74.82758,2.8475056,695.9365,-0.13997465,0.87852395,0.23038846,9976.1
ELO,RandomSearch,10,5,2e-06,0.04,2031,30106.438498830797,46.41638,30.30303,46.247158,54.152557,69.80414,44.09892,35.620766,51.066666,74.82758,2.8475056,695.9365,-0.13997465,0.87852395,0.23038846,9976.1
ELO,RandomSearch,11,2,4e-06,0.04,1000,14992.32006869316,47.35495,29.79798,43.972706,54.560844,69.749725,45.31718,37.51047,52.8,72.60274,2.7411363,695.80383,0.30564478,0.8716157,0.5114524,4962.1
ELO,RandomSearch,12,4,2e-06,0.04,2031,30056.435557222365,46.41638,30.30303,46.247158,54.152557,69.80414,44.09892,35.620766,51.066666,74.82758,2.8475056,695.9365,-0.13997465,0.87852395,0.23038846,9976.1
ELO,RandomSearch,13,2,2e-06,0.04,2031,20026.319537258147,46.41638,30.30303,46.247158,54.152557,69.80414,44.09892,35.620766,51.066666,74.82758,2.8475056,695.9365,-0.13997465,0.87852395,0.23038846,9976.1
ELO,RandomSearch,14,0,2e-06,0.04,2031,9976.201542949677,46.41638,30.30303,46.247158,54.152557,69.80414,44.09892,35.620766,51.066666,74.82758,2.8475056,695.9365,-0.13997465,0.87852395,0.23038846,9976.1
ELO,RandomSearch,15,3,2e-06,0.04,2031,20056.320232009886,46.41638,30.30303,46.247158,54.152557,69.80414,44.09892,35.620766,51.066666,74.82758,2.8475056,695.9365,-0.13997465,0.87852395,0.23038846,9976.1
ELO,RandomSearch,16,1,2e-06,0.04,2031,9976.202089405058,46.41638,30.30303,46.247158,54.152557,69.80414,44.09892,35.620766,51.066666,74.82758,2.8475056,695.9365,-0.13997465,0.87852395,0.23038846,9976.1
ELO,RandomSearch,17,2,2e-06,0.04,2031,20006.31853017807,46.41638,30.30303,46.247158,54.152557,69.80414,44.09892,35.620766,51.066666,74.82758,2.8475056,695.9365,-0.13997465,0.87852395,0.23038846,9976.1
ELO,RandomSearch,18,3,2e-06,0.04,2031,20026.31937489509,46.41638,30.30303,46.247158,54.152557,69.80414,44.09892,35.620766,51.066666,74.82758,2.8475056,695.9365,-0.13997465,0.87852395,0.23038846,9976.1
ELO,RandomSearch,19,2,4e-06,0.04,1000,15012.324625349043,47.35495,29.79798,43.972706,54.560844,69.749725,45.31718,37.51047,52.8,72.60274,2.7411363,695.80383,0.30564478,0.8716157,0.5114524,4962.1
ELO,RandomSearch,20,2,2e-06,0.04,2031,20026.32654056549,46.41638,30.30303,46.247158,54.152557,69.80414,44.09892,35.620766,51.066666,74.82758,2.8475056,695.9365,-0.13997465,0.87852395,0.23038846,9976.1
ELO,RandomSearch,21,6,2e-06,0.04,2031,40076.5572710991,46.41638,30.30303,46.247158,54.152557,69.80414,44.09892,35.620766,51.066666,74.82758,2.8475056,695.9365,-0.13997465,0.87852395,0.23038846,9976.1
ELO,RandomSearch,22,1,4e-06,0.04,1000,4962.20222530365,47.35495,29.79798,43.972706,54.560844,69.749725,45.31718,37.51047,52.8,72.60274,2.7411363,695.80383,0.30564478,0.8716157,0.5114524,4962.1
ELO,RandomSearch,23,4,2e-06,0.04,2031,30041.436005687712,46.41638,30.30303,46.247158,54.152557,69.80414,44.09892,35.620766,51.066666,74.82758,2.8475056,695.9365,-0.13997465,0.87852395,0.23038846,9976.1
ELO,RandomSearch,24,5,2e-06,0.04,2031,30036.43666062355,46.41638,30.30303,46.247158,54.152557,69.80414,44.09892,35.620766,51.066666,74.82758,2.8475056,695.9365,-0.13997465,0.87852395,0.23038846,9976.1
ELO,TPE,0,1,4e-06,0.04,1000,4962.202392196656,47.35495,29.79798,43.972706,54.560844,69.749725,45.31718,37.51047,52.8,72.60274,2.7411363,695.80383,0.30564478,0.8716157,0.5114524,4962.1
ELO,TPE,1,5,4e-06,0.04,1000,29872.494954442976,47.35495,29.79798,43.972706,54.560844,69.749725,45.31718,37.51047,52.8,72.60274,2.7411363,695.80383,0.30564478,0.8716157,0.5114524,4962.1
ELO,TPE,2,7,4e-06,0.04,1000,35102.560169315344,47.35495,29.79798,43.972706,54.560844,69.749725,45.31718,37.51047,52.8,72.60274,2.7411363,695.80383,0.30564478,0.8716157,0.5114524,4962.1
ELO,TPE,3,1,4e-06,0.04,1000,4962.202242231369,47.35495,29.79798,43.972706,54.560844,69.749725,45.31718,37.51047,52.8,72.60274,2.7411363,695.80383,0.30564478,0.8716157,0.5114524,4962.1
ELO,TPE,4,8,4e-06,0.04,1000,44947.6729880333,47.35495,29.79798,43.972706,54.560844,69.749725,45.31718,37.51047,52.8,72.60274,2.7411363,695.80383,0.30564478,0.8716157,0.5114524,4962.1
ELO,TPE,5,0,2e-06,0.04,2031,9976.201704597472,46.41638,30.30303,46.247158,54.152557,69.80414,44.09892,35.620766,51.066666,74.82758,2.8475056,695.9365,-0.13997465,0.87852395,0.23038846,9976.1
ELO,TPE,6,7,2e-06,0.04,2031,42391.58814034463,46.41638,30.30303,46.247158,54.152557,69.80414,44.09892,35.620766,51.066666,74.82758,2.8475056,695.9365,-0.13997465,0.87852395,0.23038846,9976.1
ELO,TPE,7,4,2e-06,0.04,2031,29946.441215610503,46.41638,30.30303,46.247158,54.152557,69.80414,44.09892,35.620766,51.066666,74.82758,2.8475056,695.9365,-0.13997465,0.87852395,0.23038846,9976.1
ELO,TPE,8,0,4e-06,0.04,1000,4962.20227394104,47.35495,29.79798,43.972706,54.560844,69.749725,45.31718,37.51047,52.8,72.60274,2.7411363,695.80383,0.30564478,0.8716157,0.5114524,4962.1
ELO,TPE,9,1,4e-06,0.04,1000,4962.202023363114,47.35495,29.79798,43.972706,54.560844,69.749725,45.31718,37.51047,52.8,72.60274,2.7411363,695.80383,0.30564478,0.8716157,0.5114524,4962.1
ELO,TPE,10,4,2e-06,0.04,2031,30056.43719611168,46.41638,30.30303,46.247158,54.152557,69.80414,44.09892,35.620766,51.066666,74.82758,2.8475056,695.9365,-0.13997465,0.87852395,0.23038846,9976.1
ELO,TPE,11,0,2e-06,0.04,2031,9976.20202383995,46.41638,30.30303,46.247158,54.152557,69.80414,44.09892,35.620766,51.066666,74.82758,2.8475056,695.9365,-0.13997465,0.87852395,0.23038846,9976.1
ELO,TPE,12,5,2e-06,0.04,2031,32441.47483882904,46.41638,30.30303,46.247158,54.152557,69.80414,44.09892,35.620766,51.066666,74.82758,2.8475056,695.9365,-0.13997465,0.87852395,0.23038846,9976.1
ELO,TPE,13,0,2e-06,0.04,2031,9976.201674079894,46.41638,30.30303,46.247158,54.152557,69.80414,44.09892,35.620766,51.066666,74.82758,2.8475056,695.9365,-0.13997465,0.87852395,0.23038846,9976.1
ELO,TPE,14,5,2e-06,0.04,2031,29996.43726334572,46.41638,30.30303,46.247158,54.152557,69.80414,44.09892,35.620766,51.066666,74.82758,2.8475056,695.9365,-0.13997465,0.87852395,0.23038846,9976.1
ELO,TPE,15,4,2e-06,0.04,2031,30046.44353351593,46.41638,30.30303,46.247158,54.152557,69.80414,44.09892,35.620766,51.066666,74.82758,2.8475056,695.9365,-0.13997465,0.87852395,0.23038846,9976.1
ELO,TPE,16,3,2e-06,0.04,2031,20006.319137907027,46.41638,30.30303,46.247158,54.152557,69.80414,44.09892,35.620766,51.066666,74.82758,2.8475056,695.9365,-0.13997465,0.87852395,0.23038846,9976.1
ELO,TPE,17,7,2e-06,0.04,2031,42491.58861384392,46.41638,30.30303,46.247158,54.152557,69.80414,44.09892,35.620766,51.066666,74.82758,2.8475056,695.9365,-0.13997465,0.87852395,0.23038846,9976.1
ELO,TPE,18,5,2e-06,0.04,2031,30016.437771654128,46.41638,30.30303,46.247158,54.152557,69.80414,44.09892,35.620766,51.066666,74.82758,2.8475056,695.9365,-0.13997465,0.87852395,0.23038846,9976.1
ELO,TPE,19,2,2e-06,0.04,2031,20036.321162080763,46.41638,30.30303,46.247158,54.152557,69.80414,44.09892,35.620766,51.066666,74.82758,2.8475056,695.9365,-0.13997465,0.87852395,0.23038846,9976.1
ELO,TPE,20,2,2e-06,0.04,2031,20056.333819723128,46.41638,30.30303,46.247158,54.152557,69.80414,44.09892,35.620766,51.066666,74.82758,2.8475056,695.9365,-0.13997465,0.87852395,0.23038846,9976.1
ELO,TPE,21,2,2e-06,0.04,2031,20036.32006869316,46.41638,30.30303,46.247158,54.152557,69.80414,44.09892,35.620766,51.066666,74.82758,2.8475056,695.9365,-0.13997465,0.87852395,0.23038846,9976.1
ELO,TPE,22,4,4e-06,0.04,1000,25052.438881015776,47.35495,29.79798,43.972706,54.560844,69.749725,45.31718,37.51047,52.8,72.60274,2.7411363,695.80383,0.30564478,0.8716157,0.5114524,4962.1
ELO,TPE,23,5,2e-06,0.04,2031,30021.43993887901,46.41638,30.30303,46.247158,54.152557,69.80414,44.09892,35.620766,51.066666,74.82758,2.8475056,695.9365,-0.13997465,0.87852395,0.23038846,9976.1
ELO,TPE,24,0,2e-06,0.04,2031,9976.20150027275,46.41638,30.30303,46.247158,54.152557,69.80414,44.09892,35.620766,51.066666,74.82758,2.8475056,695.9365,-0.13997465,0.87852395,0.23038846,9976.1
IFEval,ASHA,0,3,1e-06,0.04,800,13943.220316267012,46.672356,30.80808,41.546627,53.804024,69.58651,43.293076,35.42218,48.7,65.13158,1.3158691,662.63605,-0.89317507,-0.42259485,-0.722055,3933.0
IFEval,ASHA,1,9,4e-06,0.02,600,32933.662368875506,47.440273,27.777779,45.716454,54.63055,69.42329,45.301453,41.90808,55.266666,79.13669,3.3298798,644.28986,0.36426777,1.39163,0.737854,2962.9
IFEval,ASHA,2,3,4e-06,0.02,600,12973.119101858138,47.440273,27.777779,45.716454,54.63055,69.42329,45.301453,41.90808,55.266666,79.13669,3.3298798,644.28986,0.36426777,1.39163,0.737854,2962.9
IFEval,ASHA,3,0,4e-06,0.01,2031,10055.201639032362,47.440273,30.80808,46.626232,54.999004,69.640915,46.001305,42.085445,58.766666,69.791664,3.2986085,665.9862,1.0332669,1.005691,1.0232394,10055.1
IFEval,ASHA,4,3,4e-06,0.02,600,13043.121955013274,47.440273,27.777779,45.716454,54.63055,69.42329,45.301453,41.90808,55.266666,79.13669,3.3298798,644.28986,0.36426777,1.39163,0.737854,2962.9
IFEval,ASHA,5,0,4e-06,0.02,600,2963.001777982712,47.440273,27.777779,45.716454,54.63055,69.42329,45.301453,41.90808,55.266666,79.13669,3.3298798,644.28986,0.36426777,1.39163,0.737854,2962.9
IFEval,ASHA,6,0,4e-06,0.02,600,2963.001970624924,47.440273,27.777779,45.716454,54.63055,69.42329,45.301453,41.90808,55.266666,79.13669,3.3298798,644.28986,0.36426777,1.39163,0.737854,2962.9
IFEval,ASHA,7,1,4e-06,0.01,2031,10055.201623058318,47.440273,30.80808,46.626232,54.999004,69.640915,46.001305,42.085445,58.766666,69.791664,3.2986085,665.9862,1.0332669,1.005691,1.0232394,10055.1
IFEval,ASHA,8,7,4e-06,0.02,600,25008.56637154197,47.440273,27.777779,45.716454,54.63055,69.42329,45.301453,41.90808,55.266666,79.13669,3.3298798,644.28986,0.36426777,1.39163,0.737854,2962.9
IFEval,ASHA,9,0,4e-06,0.01,2031,10055.201499319077,47.440273,30.80808,46.626232,54.999004,69.640915,46.001305,42.085445,58.766666,69.791664,3.2986085,665.9862,1.0332669,1.005691,1.0232394,10055.1
IFEval,ASHA,10,0,2e-06,0.02,2031,10045.301987743376,46.672356,29.292929,46.01971,54.282017,69.80414,44.421608,37.07956,51.766666,71.37931,1.9203776,649.86743,-0.0785244,-0.09376349,-0.08406589,10045.2
IFEval,ASHA,11,0,2e-06,0.01,1600,7862.108791923523,46.75768,31.818182,45.792267,54.43139,69.749725,44.522556,37.58666,51.733334,70.89041,3.3189597,643.52435,0.42157233,0.6163181,0.49238896,7862.0
IFEval,ASHA,12,0,4e-06,0.02,600,2963.0019110202797,47.440273,27.777779,45.716454,54.63055,69.42329,45.301453,41.90808,55.266666,79.13669,3.3298798,644.28986,0.36426777,1.39163,0.737854,2962.9
IFEval,ASHA,13,0,4e-06,0.01,2031,10055.203767395018,47.440273,30.80808,46.626232,54.999004,69.640915,46.001305,42.085445,58.766666,69.791664,3.2986085,665.9862,1.0332669,1.005691,1.0232394,10055.1
IFEval,ASHA,14,1,4e-06,0.02,600,2963.004967784882,47.440273,27.777779,45.716454,54.63055,69.42329,45.301453,41.90808,55.266666,79.13669,3.3298798,644.28986,0.36426777,1.39163,0.737854,2962.9
IFEval,ASHA,15,8,2e-06,0.04,2031,27866.92160593032,46.41638,30.30303,46.247158,54.152557,69.80414,44.09892,35.620766,51.066666,74.82758,2.8475056,695.9365,-0.13997465,0.87852395,0.23038846,9976.1
IFEval,ASHA,16,3,2e-06,0.01,1600,17912.2198887825,46.75768,31.818182,45.792267,54.43139,69.749725,44.522556,37.58666,51.733334,70.89041,3.3189597,643.52435,0.42157233,0.6163181,0.49238896,7862.0
IFEval,ASHA,17,1,4e-06,0.02,600,2963.00202331543,47.440273,27.777779,45.716454,54.63055,69.42329,45.301453,41.90808,55.266666,79.13669,3.3298798,644.28986,0.36426777,1.39163,0.737854,2962.9
IFEval,ASHA,18,0,4e-06,0.01,2031,10055.20147476196,47.440273,30.80808,46.626232,54.999004,69.640915,46.001305,42.085445,58.766666,69.791664,3.2986085,665.9862,1.0332669,1.005691,1.0232394,10055.1
IFEval,ASHA,19,0,2e-06,0.04,2031,9976.202880239483,46.41638,30.30303,46.247158,54.152557,69.80414,44.09892,35.620766,51.066666,74.82758,2.8475056,695.9365,-0.13997465,0.87852395,0.23038846,9976.1
IFEval,ASHA,20,0,4e-06,0.01,2031,10055.201507663724,47.440273,30.80808,46.626232,54.999004,69.640915,46.001305,42.085445,58.766666,69.791664,3.2986085,665.9862,1.0332669,1.005691,1.0232394,10055.1
IFEval,ASHA,21,0,2e-06,0.01,1600,7862.101857995987,46.75768,31.818182,45.792267,54.43139,69.749725,44.522556,37.58666,51.733334,70.89041,3.3189597,643.52435,0.42157233,0.6163181,0.49238896,7862.0
IFEval,ASHA,22,14,4e-06,0.02,600,31844.373741979587,47.440273,27.777779,45.716454,54.63055,69.42329,45.301453,41.90808,55.266666,79.13669,3.3298798,644.28986,0.36426777,1.39163,0.737854,2962.9
IFEval,ASHA,23,0,4e-06,0.01,2031,10055.201608037947,47.440273,30.80808,46.626232,54.999004,69.640915,46.001305,42.085445,58.766666,69.791664,3.2986085,665.9862,1.0332669,1.005691,1.0232394,10055.1
IFEval,ASHA,24,0,4e-06,0.01,2031,10055.201459741593,47.440273,30.80808,46.626232,54.999004,69.640915,46.001305,42.085445,58.766666,69.791664,3.2986085,665.9862,1.0332669,1.005691,1.0232394,10055.1
IFEval,BOHB,0,18,2e-06,0.04,2031,36738.053219680776,46.41638,30.30303,46.247158,54.152557,69.80414,44.09892,35.620766,51.066666,74.82758,2.8475056,695.9365,-0.13997465,0.87852395,0.23038846,9976.1
IFEval,BOHB,1,14,4e-06,0.02,600,42804.18566714668,47.440273,27.777779,45.716454,54.63055,69.42329,45.301453,41.90808,55.266666,79.13669,3.3298798,644.28986,0.36426777,1.39163,0.737854,2962.9
IFEval,BOHB,2,3,4e-06,0.02,600,12973.120598888396,47.440273,27.777779,45.716454,54.63055,69.42329,45.301453,41.90808,55.266666,79.13669,3.3298798,644.28986,0.36426777,1.39163,0.737854,2962.9
IFEval,BOHB,3,0,4e-06,0.01,2031,10055.201574897765,47.440273,30.80808,46.626232,54.999004,69.640915,46.001305,42.085445,58.766666,69.791664,3.2986085,665.9862,1.0332669,1.005691,1.0232394,10055.1
IFEval,BOHB,4,3,4e-06,0.02,600,13043.120017147065,47.440273,27.777779,45.716454,54.63055,69.42329,45.301453,41.90808,55.266666,79.13669,3.3298798,644.28986,0.36426777,1.39163,0.737854,2962.9
IFEval,BOHB,5,0,4e-06,0.02,600,2963.001705503464,47.440273,27.777779,45.716454,54.63055,69.42329,45.301453,41.90808,55.266666,79.13669,3.3298798,644.28986,0.36426777,1.39163,0.737854,2962.9
IFEval,BOHB,6,0,4e-06,0.02,600,2963.0018745422367,47.440273,27.777779,45.716454,54.63055,69.42329,45.301453,41.90808,55.266666,79.13669,3.3298798,644.28986,0.36426777,1.39163,0.737854,2962.9
IFEval,BOHB,7,1,4e-06,0.01,2031,10055.20165953636,47.440273,30.80808,46.626232,54.999004,69.640915,46.001305,42.085445,58.766666,69.791664,3.2986085,665.9862,1.0332669,1.005691,1.0232394,10055.1
IFEval,BOHB,8,9,4e-06,0.02,600,33828.77347312737,47.440273,27.777779,45.716454,54.63055,69.42329,45.301453,41.90808,55.266666,79.13669,3.3298798,644.28986,0.36426777,1.39163,0.737854,2962.9
IFEval,BOHB,9,0,4e-06,0.01,2031,10055.201616382596,47.440273,30.80808,46.626232,54.999004,69.640915,46.001305,42.085445,58.766666,69.791664,3.2986085,665.9862,1.0332669,1.005691,1.0232394,10055.1
IFEval,BOHB,10,7,2e-06,0.01,1600,29177.659382444377,46.75768,31.818182,45.792267,54.43139,69.749725,44.522556,37.58666,51.733334,70.89041,3.3189597,643.52435,0.42157233,0.6163181,0.49238896,7862.0
IFEval,BOHB,11,0,2e-06,0.01,1600,7862.101886606217,46.75768,31.818182,45.792267,54.43139,69.749725,44.522556,37.58666,51.733334,70.89041,3.3189597,643.52435,0.42157233,0.6163181,0.49238896,7862.0
IFEval,BOHB,12,0,4e-06,0.02,600,2963.002289867401,47.440273,27.777779,45.716454,54.63055,69.42329,45.301453,41.90808,55.266666,79.13669,3.3298798,644.28986,0.36426777,1.39163,0.737854,2962.9
IFEval,BOHB,13,0,4e-06,0.01,2031,10055.203621482848,47.440273,30.80808,46.626232,54.999004,69.640915,46.001305,42.085445,58.766666,69.791664,3.2986085,665.9862,1.0332669,1.005691,1.0232394,10055.1
IFEval,BOHB,14,1,4e-06,0.02,600,2963.001930570603,47.440273,27.777779,45.716454,54.63055,69.42329,45.301453,41.90808,55.266666,79.13669,3.3298798,644.28986,0.36426777,1.39163,0.737854,2962.9
IFEval,BOHB,15,8,1e-06,0.04,800,19878.79892025947,46.672356,30.80808,41.546627,53.804024,69.58651,43.293076,35.42218,48.7,65.13158,1.3158691,662.63605,-0.89317507,-0.42259485,-0.722055,3933.0
IFEval,BOHB,16,3,2e-06,0.01,1600,17912.219514226912,46.75768,31.818182,45.792267,54.43139,69.749725,44.522556,37.58666,51.733334,70.89041,3.3189597,643.52435,0.42157233,0.6163181,0.49238896,7862.0
IFEval,BOHB,17,1,4e-06,0.02,600,2963.0020383358005,47.440273,27.777779,45.716454,54.63055,69.42329,45.301453,41.90808,55.266666,79.13669,3.3298798,644.28986,0.36426777,1.39163,0.737854,2962.9
IFEval,BOHB,18,0,4e-06,0.01,2031,10055.201624011992,47.440273,30.80808,46.626232,54.999004,69.640915,46.001305,42.085445,58.766666,69.791664,3.2986085,665.9862,1.0332669,1.005691,1.0232394,10055.1
IFEval,BOHB,19,0,2e-06,0.04,2031,9976.20279726982,46.41638,30.30303,46.247158,54.152557,69.80414,44.09892,35.620766,51.066666,74.82758,2.8475056,695.9365,-0.13997465,0.87852395,0.23038846,9976.1
IFEval,BOHB,20,0,4e-06,0.01,2031,10055.201626873017,47.440273,30.80808,46.626232,54.999004,69.640915,46.001305,42.085445,58.766666,69.791664,3.2986085,665.9862,1.0332669,1.005691,1.0232394,10055.1
IFEval,BOHB,21,0,2e-06,0.01,1600,7862.101944065094,46.75768,31.818182,45.792267,54.43139,69.749725,44.522556,37.58666,51.733334,70.89041,3.3189597,643.52435,0.42157233,0.6163181,0.49238896,7862.0
IFEval,BOHB,22,0,2e-06,0.01,1600,7862.108263349533,46.75768,31.818182,45.792267,54.43139,69.749725,44.522556,37.58666,51.733334,70.89041,3.3189597,643.52435,0.42157233,0.6163181,0.49238896,7862.0
IFEval,BOHB,23,0,4e-06,0.01,2031,10055.202225303648,47.440273,30.80808,46.626232,54.999004,69.640915,46.001305,42.085445,58.766666,69.791664,3.2986085,665.9862,1.0332669,1.005691,1.0232394,10055.1
IFEval,BOHB,24,0,4e-06,0.01,2031,10055.201508855818,47.440273,30.80808,46.626232,54.999004,69.640915,46.001305,42.085445,58.766666,69.791664,3.2986085,665.9862,1.0332669,1.005691,1.0232394,10055.1
IFEval,BOTorch,0,1,2e-06,0.01,1600,7862.102090930939,46.75768,31.818182,45.792267,54.43139,69.749725,44.522556,37.58666,51.733334,70.89041,3.3189597,643.52435,0.42157233,0.6163181,0.49238896,7862.0
IFEval,BOTorch,1,1,2e-06,0.02,2031,10045.302361106871,46.672356,29.292929,46.01971,54.282017,69.80414,44.421608,37.07956,51.766666,71.37931,1.9203776,649.86743,-0.0785244,-0.09376349,-0.08406589,10045.2
IFEval,BOTorch,2,2,4e-06,0.02,600,13013.120408153532,47.440273,27.777779,45.716454,54.63055,69.42329,45.301453,41.90808,55.266666,79.13669,3.3298798,644.28986,0.36426777,1.39163,0.737854,2962.9
IFEval,BOTorch,3,1,4e-06,0.02,600,2963.0020185470585,47.440273,27.777779,45.716454,54.63055,69.42329,45.301453,41.90808,55.266666,79.13669,3.3298798,644.28986,0.36426777,1.39163,0.737854,2962.9
IFEval,BOTorch,4,3,4e-06,0.01,2031,20065.31867060661,47.440273,30.80808,46.626232,54.999004,69.640915,46.001305,42.085445,58.766666,69.791664,3.2986085,665.9862,1.0332669,1.005691,1.0232394,10055.1
IFEval,BOTorch,5,1,4e-06,0.01,2031,10055.201495504378,47.440273,30.80808,46.626232,54.999004,69.640915,46.001305,42.085445,58.766666,69.791664,3.2986085,665.9862,1.0332669,1.005691,1.0232394,10055.1
IFEval,BOTorch,6,0,4e-06,0.01,2031,10055.20149693489,47.440273,30.80808,46.626232,54.999004,69.640915,46.001305,42.085445,58.766666,69.791664,3.2986085,665.9862,1.0332669,1.005691,1.0232394,10055.1
IFEval,BOTorch,7,1,4e-06,0.01,2031,10055.201840019225,47.440273,30.80808,46.626232,54.999004,69.640915,46.001305,42.085445,58.766666,69.791664,3.2986085,665.9862,1.0332669,1.005691,1.0232394,10055.1
IFEval,BOTorch,8,0,4e-06,0.01,2031,10055.20142469406,47.440273,30.80808,46.626232,54.999004,69.640915,46.001305,42.085445,58.766666,69.791664,3.2986085,665.9862,1.0332669,1.005691,1.0232394,10055.1
IFEval,BOTorch,9,1,4e-06,0.02,600,2963.001915073395,47.440273,27.777779,45.716454,54.63055,69.42329,45.301453,41.90808,55.266666,79.13669,3.3298798,644.28986,0.36426777,1.39163,0.737854,2962.9
IFEval,BOTorch,10,1,4e-06,0.01,2031,10055.201552963255,47.440273,30.80808,46.626232,54.999004,69.640915,46.001305,42.085445,58.766666,69.791664,3.2986085,665.9862,1.0332669,1.005691,1.0232394,10055.1
IFEval,BOTorch,11,2,2e-06,0.04,2031,19961.318126773836,46.41638,30.30303,46.247158,54.152557,69.80414,44.09892,35.620766,51.066666,74.82758,2.8475056,695.9365,-0.13997465,0.87852395,0.23038846,9976.1
IFEval,BOTorch,12,1,4e-06,0.01,2031,10055.201789712904,47.440273,30.80808,46.626232,54.999004,69.640915,46.001305,42.085445,58.766666,69.791664,3.2986085,665.9862,1.0332669,1.005691,1.0232394,10055.1
IFEval,BOTorch,13,3,4e-06,0.02,600,12948.122366046904,47.440273,27.777779,45.716454,54.63055,69.42329,45.301453,41.90808,55.266666,79.13669,3.3298798,644.28986,0.36426777,1.39163,0.737854,2962.9
IFEval,BOTorch,14,1,2e-06,0.02,2031,10045.302525138854,46.672356,29.292929,46.01971,54.282017,69.80414,44.421608,37.07956,51.766666,71.37931,1.9203776,649.86743,-0.0785244,-0.09376349,-0.08406589,10045.2
IFEval,BOTorch,15,2,4e-06,0.01,2031,20085.32134375572,47.440273,30.80808,46.626232,54.999004,69.640915,46.001305,42.085445,58.766666,69.791664,3.2986085,665.9862,1.0332669,1.005691,1.0232394,10055.1
IFEval,BOTorch,16,2,4e-06,0.01,2031,20135.32002935409,47.440273,30.80808,46.626232,54.999004,69.640915,46.001305,42.085445,58.766666,69.791664,3.2986085,665.9862,1.0332669,1.005691,1.0232394,10055.1
IFEval,BOTorch,17,2,2e-06,0.01,1600,17872.21938858032,46.75768,31.818182,45.792267,54.43139,69.749725,44.522556,37.58666,51.733334,70.89041,3.3189597,643.52435,0.42157233,0.6163181,0.49238896,7862.0
IFEval,BOTorch,18,0,4e-06,0.01,2031,10055.20165977478,47.440273,30.80808,46.626232,54.999004,69.640915,46.001305,42.085445,58.766666,69.791664,3.2986085,665.9862,1.0332669,1.005691,1.0232394,10055.1
IFEval,BOTorch,19,1,2e-06,0.02,2031,10045.307337856291,46.672356,29.292929,46.01971,54.282017,69.80414,44.421608,37.07956,51.766666,71.37931,1.9203776,649.86743,-0.0785244,-0.09376349,-0.08406589,10045.2
IFEval,BOTorch,20,3,4e-06,0.04,1200,16004.719466304778,46.92833,29.292929,42.759666,54.550888,69.47769,45.377975,39.932213,52.8,73.64865,2.8606658,634.3328,0.026709937,0.5930065,0.23263595,5954.5
IFEval,BOTorch,21,0,4e-06,0.01,2031,10055.20166120529,47.440273,30.80808,46.626232,54.999004,69.640915,46.001305,42.085445,58.766666,69.791664,3.2986085,665.9862,1.0332669,1.005691,1.0232394,10055.1
IFEval,BOTorch,22,0,4e-06,0.04,1200,5954.601564502716,46.92833,29.292929,42.759666,54.550888,69.47769,45.377975,39.932213,52.8,73.64865,2.8606658,634.3328,0.026709937,0.5930065,0.23263595,5954.5
IFEval,BOTorch,23,3,4e-06,0.04,1200,18409.74752960205,46.92833,29.292929,42.759666,54.550888,69.47769,45.377975,39.932213,52.8,73.64865,2.8606658,634.3328,0.026709937,0.5930065,0.23263595,5954.5
IFEval,BOTorch,24,2,4e-06,0.01,2031,20065.319720363612,47.440273,30.80808,46.626232,54.999004,69.640915,46.001305,42.085445,58.766666,69.791664,3.2986085,665.9862,1.0332669,1.005691,1.0232394,10055.1
IFEval,CQR,0,6,2e-06,0.02,2031,40025.92093119622,46.672356,29.292929,46.01971,54.282017,69.80414,44.421608,37.07956,51.766666,71.37931,1.9203776,649.86743,-0.0785244,-0.09376349,-0.08406589,10045.2
IFEval,CQR,1,0,2e-06,0.01,1600,7862.10184416771,46.75768,31.818182,45.792267,54.43139,69.749725,44.522556,37.58666,51.733334,70.89041,3.3189597,643.52435,0.42157233,0.6163181,0.49238896,7862.0
IFEval,CQR,2,2,4e-06,0.01,2031,20040.318755960463,47.440273,30.80808,46.626232,54.999004,69.640915,46.001305,42.085445,58.766666,69.791664,3.2986085,665.9862,1.0332669,1.005691,1.0232394,10055.1
IFEval,CQR,3,0,4e-06,0.01,2031,10055.201517200469,47.440273,30.80808,46.626232,54.999004,69.640915,46.001305,42.085445,58.766666,69.791664,3.2986085,665.9862,1.0332669,1.005691,1.0232394,10055.1
IFEval,CQR,4,4,4e-06,0.01,2031,30165.437099552157,47.440273,30.80808,46.626232,54.999004,69.640915,46.001305,42.085445,58.766666,69.791664,3.2986085,665.9862,1.0332669,1.005691,1.0232394,10055.1
IFEval,CQR,5,4,4e-06,0.01,2031,30095.436590766905,47.440273,30.80808,46.626232,54.999004,69.640915,46.001305,42.085445,58.766666,69.791664,3.2986085,665.9862,1.0332669,1.005691,1.0232394,10055.1
IFEval,CQR,6,7,4e-06,0.01,2031,40116.06376419068,47.440273,30.80808,46.626232,54.999004,69.640915,46.001305,42.085445,58.766666,69.791664,3.2986085,665.9862,1.0332669,1.005691,1.0232394,10055.1
IFEval,CQR,7,1,4e-06,0.01,2031,10055.201778507231,47.440273,30.80808,46.626232,54.999004,69.640915,46.001305,42.085445,58.766666,69.791664,3.2986085,665.9862,1.0332669,1.005691,1.0232394,10055.1
IFEval,CQR,8,2,4e-06,0.01,2031,20065.31864628792,47.440273,30.80808,46.626232,54.999004,69.640915,46.001305,42.085445,58.766666,69.791664,3.2986085,665.9862,1.0332669,1.005691,1.0232394,10055.1
IFEval,CQR,9,0,4e-06,0.01,2031,10055.201573705672,47.440273,30.80808,46.626232,54.999004,69.640915,46.001305,42.085445,58.766666,69.791664,3.2986085,665.9862,1.0332669,1.005691,1.0232394,10055.1
IFEval,CQR,10,6,4e-06,0.02,600,33003.61814603806,47.440273,27.777779,45.716454,54.63055,69.42329,45.301453,41.90808,55.266666,79.13669,3.3298798,644.28986,0.36426777,1.39163,0.737854,2962.9
IFEval,CQR,11,3,4e-06,0.01,2031,20105.31891570091,47.440273,30.80808,46.626232,54.999004,69.640915,46.001305,42.085445,58.766666,69.791664,3.2986085,665.9862,1.0332669,1.005691,1.0232394,10055.1
IFEval,CQR,12,0,4e-06,0.02,600,2963.001787757874,47.440273,27.777779,45.716454,54.63055,69.42329,45.301453,41.90808,55.266666,79.13669,3.3298798,644.28986,0.36426777,1.39163,0.737854,2962.9
IFEval,CQR,13,0,4e-06,0.01,2031,10055.20179209709,47.440273,30.80808,46.626232,54.999004,69.640915,46.001305,42.085445,58.766666,69.791664,3.2986085,665.9862,1.0332669,1.005691,1.0232394,10055.1
IFEval,CQR,14,1,4e-06,0.02,600,2963.002098178864,47.440273,27.777779,45.716454,54.63055,69.42329,45.301453,41.90808,55.266666,79.13669,3.3298798,644.28986,0.36426777,1.39163,0.737854,2962.9
IFEval,CQR,15,5,2e-06,0.01,1600,30327.36396870613,46.75768,31.818182,45.792267,54.43139,69.749725,44.522556,37.58666,51.733334,70.89041,3.3189597,643.52435,0.42157233,0.6163181,0.49238896,7862.0
IFEval,CQR,16,2,2e-06,0.01,1600,17842.219202136992,46.75768,31.818182,45.792267,54.43139,69.749725,44.522556,37.58666,51.733334,70.89041,3.3189597,643.52435,0.42157233,0.6163181,0.49238896,7862.0
IFEval,CQR,17,3,4e-06,0.01,2031,20085.318295812605,47.440273,30.80808,46.626232,54.999004,69.640915,46.001305,42.085445,58.766666,69.791664,3.2986085,665.9862,1.0332669,1.005691,1.0232394,10055.1
IFEval,CQR,18,0,4e-06,0.01,2031,10055.201426124571,47.440273,30.80808,46.626232,54.999004,69.640915,46.001305,42.085445,58.766666,69.791664,3.2986085,665.9862,1.0332669,1.005691,1.0232394,10055.1
IFEval,CQR,19,5,4e-06,0.02,600,25398.272392606734,47.440273,27.777779,45.716454,54.63055,69.42329,45.301453,41.90808,55.266666,79.13669,3.3298798,644.28986,0.36426777,1.39163,0.737854,2962.9
IFEval,CQR,20,0,4e-06,0.01,2031,10055.20155057907,47.440273,30.80808,46.626232,54.999004,69.640915,46.001305,42.085445,58.766666,69.791664,3.2986085,665.9862,1.0332669,1.005691,1.0232394,10055.1
IFEval,CQR,21,0,2e-06,0.01,1600,7862.10200009346,46.75768,31.818182,45.792267,54.43139,69.749725,44.522556,37.58666,51.733334,70.89041,3.3189597,643.52435,0.42157233,0.6163181,0.49238896,7862.0
IFEval,CQR,22,3,4e-06,0.01,2031,22510.347718811037,47.440273,30.80808,46.626232,54.999004,69.640915,46.001305,42.085445,58.766666,69.791664,3.2986085,665.9862,1.0332669,1.005691,1.0232394,10055.1
IFEval,CQR,23,0,4e-06,0.01,2031,10055.201489067076,47.440273,30.80808,46.626232,54.999004,69.640915,46.001305,42.085445,58.766666,69.791664,3.2986085,665.9862,1.0332669,1.005691,1.0232394,10055.1
IFEval,CQR,24,0,4e-06,0.01,2031,10055.201285934449,47.440273,30.80808,46.626232,54.999004,69.640915,46.001305,42.085445,58.766666,69.791664,3.2986085,665.9862,1.0332669,1.005691,1.0232394,10055.1
IFEval,RandomSearch,0,1,4e-06,0.01,2031,10055.201592063902,47.440273,30.80808,46.626232,54.999004,69.640915,46.001305,42.085445,58.766666,69.791664,3.2986085,665.9862,1.0332669,1.005691,1.0232394,10055.1
IFEval,RandomSearch,1,1,4e-06,0.01,2031,10055.201309299468,47.440273,30.80808,46.626232,54.999004,69.640915,46.001305,42.085445,58.766666,69.791664,3.2986085,665.9862,1.0332669,1.005691,1.0232394,10055.1
IFEval,RandomSearch,2,5,4e-06,0.01,2031,30070.436188316344,47.440273,30.80808,46.626232,54.999004,69.640915,46.001305,42.085445,58.766666,69.791664,3.2986085,665.9862,1.0332669,1.005691,1.0232394,10055.1
IFEval,RandomSearch,3,6,4e-06,0.02,600,32943.35498318673,47.440273,27.777779,45.716454,54.63055,69.42329,45.301453,41.90808,55.266666,79.13669,3.3298798,644.28986,0.36426777,1.39163,0.737854,2962.9
IFEval,RandomSearch,4,5,4e-06,0.01,2031,30085.436315870284,47.440273,30.80808,46.626232,54.999004,69.640915,46.001305,42.085445,58.766666,69.791664,3.2986085,665.9862,1.0332669,1.005691,1.0232394,10055.1
IFEval,RandomSearch,5,5,4e-06,0.02,600,25498.266120529173,47.440273,27.777779,45.716454,54.63055,69.42329,45.301453,41.90808,55.266666,79.13669,3.3298798,644.28986,0.36426777,1.39163,0.737854,2962.9
IFEval,RandomSearch,6,0,4e-06,0.02,600,2963.0028105735782,47.440273,27.777779,45.716454,54.63055,69.42329,45.301453,41.90808,55.266666,79.13669,3.3298798,644.28986,0.36426777,1.39163,0.737854,2962.9
IFEval,RandomSearch,7,4,4e-06,0.01,2031,30045.43642458916,47.440273,30.80808,46.626232,54.999004,69.640915,46.001305,42.085445,58.766666,69.791664,3.2986085,665.9862,1.0332669,1.005691,1.0232394,10055.1
IFEval,RandomSearch,8,1,4e-06,0.01,2031,10055.203881597516,47.440273,30.80808,46.626232,54.999004,69.640915,46.001305,42.085445,58.766666,69.791664,3.2986085,665.9862,1.0332669,1.005691,1.0232394,10055.1
IFEval,RandomSearch,9,6,4e-06,0.01,2031,40065.55437455178,47.440273,30.80808,46.626232,54.999004,69.640915,46.001305,42.085445,58.766666,69.791664,3.2986085,665.9862,1.0332669,1.005691,1.0232394,10055.1
IFEval,RandomSearch,10,5,4e-06,0.01,2031,32540.465701198576,47.440273,30.80808,46.626232,54.999004,69.640915,46.001305,42.085445,58.766666,69.791664,3.2986085,665.9862,1.0332669,1.005691,1.0232394,10055.1
IFEval,RandomSearch,11,1,4e-06,0.04,1200,5954.6019564628605,46.92833,29.292929,42.759666,54.550888,69.47769,45.377975,39.932213,52.8,73.64865,2.8606658,634.3328,0.026709937,0.5930065,0.23263595,5954.5
IFEval,RandomSearch,12,3,4e-06,0.01,2031,20135.3197201252,47.440273,30.80808,46.626232,54.999004,69.640915,46.001305,42.085445,58.766666,69.791664,3.2986085,665.9862,1.0332669,1.005691,1.0232394,10055.1
IFEval,RandomSearch,13,4,4e-06,0.01,2031,30015.434980487826,47.440273,30.80808,46.626232,54.999004,69.640915,46.001305,42.085445,58.766666,69.791664,3.2986085,665.9862,1.0332669,1.005691,1.0232394,10055.1
IFEval,RandomSearch,14,3,4e-06,0.02,600,13043.120394325257,47.440273,27.777779,45.716454,54.63055,69.42329,45.301453,41.90808,55.266666,79.13669,3.3298798,644.28986,0.36426777,1.39163,0.737854,2962.9
IFEval,RandomSearch,15,0,4e-06,0.01,2031,10055.20161757469,47.440273,30.80808,46.626232,54.999004,69.640915,46.001305,42.085445,58.766666,69.791664,3.2986085,665.9862,1.0332669,1.005691,1.0232394,10055.1
IFEval,RandomSearch,16,3,4e-06,0.01,2031,20135.322604513167,47.440273,30.80808,46.626232,54.999004,69.640915,46.001305,42.085445,58.766666,69.791664,3.2986085,665.9862,1.0332669,1.005691,1.0232394,10055.1
IFEval,RandomSearch,17,0,4e-06,0.01,2031,10055.20215950012,47.440273,30.80808,46.626232,54.999004,69.640915,46.001305,42.085445,58.766666,69.791664,3.2986085,665.9862,1.0332669,1.005691,1.0232394,10055.1
IFEval,RandomSearch,18,7,4e-06,0.02,600,35378.38249883652,47.440273,27.777779,45.716454,54.63055,69.42329,45.301453,41.90808,55.266666,79.13669,3.3298798,644.28986,0.36426777,1.39163,0.737854,2962.9
IFEval,RandomSearch,19,2,4e-06,0.01,2031,20035.319430446623,47.440273,30.80808,46.626232,54.999004,69.640915,46.001305,42.085445,58.766666,69.791664,3.2986085,665.9862,1.0332669,1.005691,1.0232394,10055.1
IFEval,RandomSearch,20,0,4e-06,0.01,2031,10055.201984024046,47.440273,30.80808,46.626232,54.999004,69.640915,46.001305,42.085445,58.766666,69.791664,3.2986085,665.9862,1.0332669,1.005691,1.0232394,10055.1
IFEval,RandomSearch,21,4,4e-06,0.01,2031,30135.43751296997,47.440273,30.80808,46.626232,54.999004,69.640915,46.001305,42.085445,58.766666,69.791664,3.2986085,665.9862,1.0332669,1.005691,1.0232394,10055.1
IFEval,RandomSearch,22,1,4e-06,0.01,2031,10055.201742267607,47.440273,30.80808,46.626232,54.999004,69.640915,46.001305,42.085445,58.766666,69.791664,3.2986085,665.9862,1.0332669,1.005691,1.0232394,10055.1
IFEval,RandomSearch,23,1,4e-06,0.01,2031,10055.201727247237,47.440273,30.80808,46.626232,54.999004,69.640915,46.001305,42.085445,58.766666,69.791664,3.2986085,665.9862,1.0332669,1.005691,1.0232394,10055.1
IFEval,RandomSearch,24,4,4e-06,0.01,2031,30015.43608818054,47.440273,30.80808,46.626232,54.999004,69.640915,46.001305,42.085445,58.766666,69.791664,3.2986085,665.9862,1.0332669,1.005691,1.0232394,10055.1
IFEval,TPE,0,0,4e-06,0.01,2031,10055.202661848069,47.440273,30.80808,46.626232,54.999004,69.640915,46.001305,42.085445,58.766666,69.791664,3.2986085,665.9862,1.0332669,1.005691,1.0232394,10055.1
IFEval,TPE,1,4,4e-06,0.02,600,22923.235786294936,47.440273,27.777779,45.716454,54.63055,69.42329,45.301453,41.90808,55.266666,79.13669,3.3298798,644.28986,0.36426777,1.39163,0.737854,2962.9
IFEval,TPE,2,1,4e-06,0.01,2031,10055.20141444206,47.440273,30.80808,46.626232,54.999004,69.640915,46.001305,42.085445,58.766666,69.791664,3.2986085,665.9862,1.0332669,1.005691,1.0232394,10055.1
IFEval,TPE,3,2,4e-06,0.02,600,13013.11937174797,47.440273,27.777779,45.716454,54.63055,69.42329,45.301453,41.90808,55.266666,79.13669,3.3298798,644.28986,0.36426777,1.39163,0.737854,2962.9
IFEval,TPE,4,0,4e-06,0.01,2031,10055.20157227516,47.440273,30.80808,46.626232,54.999004,69.640915,46.001305,42.085445,58.766666,69.791664,3.2986085,665.9862,1.0332669,1.005691,1.0232394,10055.1
IFEval,TPE,5,1,4e-06,0.01,2031,10055.201619720458,47.440273,30.80808,46.626232,54.999004,69.640915,46.001305,42.085445,58.766666,69.791664,3.2986085,665.9862,1.0332669,1.005691,1.0232394,10055.1
IFEval,TPE,6,4,4e-06,0.02,600,22923.23956236839,47.440273,27.777779,45.716454,54.63055,69.42329,45.301453,41.90808,55.266666,79.13669,3.3298798,644.28986,0.36426777,1.39163,0.737854,2962.9
IFEval,TPE,7,3,4e-06,0.01,2031,22510.347134923933,47.440273,30.80808,46.626232,54.999004,69.640915,46.001305,42.085445,58.766666,69.791664,3.2986085,665.9862,1.0332669,1.005691,1.0232394,10055.1
IFEval,TPE,8,6,4e-06,0.01,2031,40165.55472979546,47.440273,30.80808,46.626232,54.999004,69.640915,46.001305,42.085445,58.766666,69.791664,3.2986085,665.9862,1.0332669,1.005691,1.0232394,10055.1
IFEval,TPE,9,7,4e-06,0.02,600,35453.39002523423,47.440273,27.777779,45.716454,54.63055,69.42329,45.301453,41.90808,55.266666,79.13669,3.3298798,644.28986,0.36426777,1.39163,0.737854,2962.9
IFEval,TPE,10,0,4e-06,0.01,2031,10055.201597070693,47.440273,30.80808,46.626232,54.999004,69.640915,46.001305,42.085445,58.766666,69.791664,3.2986085,665.9862,1.0332669,1.005691,1.0232394,10055.1
IFEval,TPE,11,7,4e-06,0.01,2031,42505.582517480856,47.440273,30.80808,46.626232,54.999004,69.640915,46.001305,42.085445,58.766666,69.791664,3.2986085,665.9862,1.0332669,1.005691,1.0232394,10055.1
IFEval,TPE,12,4,4e-06,0.01,2031,30065.435773944853,47.440273,30.80808,46.626232,54.999004,69.640915,46.001305,42.085445,58.766666,69.791664,3.2986085,665.9862,1.0332669,1.005691,1.0232394,10055.1
IFEval,TPE,13,0,4e-06,0.01,2031,10055.201553201674,47.440273,30.80808,46.626232,54.999004,69.640915,46.001305,42.085445,58.766666,69.791664,3.2986085,665.9862,1.0332669,1.005691,1.0232394,10055.1
IFEval,TPE,14,6,4e-06,0.01,2031,39995.55169091225,47.440273,30.80808,46.626232,54.999004,69.640915,46.001305,42.085445,58.766666,69.791664,3.2986085,665.9862,1.0332669,1.005691,1.0232394,10055.1
IFEval,TPE,15,1,4e-06,0.04,1200,5954.602172231675,46.92833,29.292929,42.759666,54.550888,69.47769,45.377975,39.932213,52.8,73.64865,2.8606658,634.3328,0.026709937,0.5930065,0.23263595,5954.5
IFEval,TPE,16,2,4e-06,0.01,2031,20135.31888065338,47.440273,30.80808,46.626232,54.999004,69.640915,46.001305,42.085445,58.766666,69.791664,3.2986085,665.9862,1.0332669,1.005691,1.0232394,10055.1
IFEval,TPE,17,1,4e-06,0.01,2031,10055.20154700279,47.440273,30.80808,46.626232,54.999004,69.640915,46.001305,42.085445,58.766666,69.791664,3.2986085,665.9862,1.0332669,1.005691,1.0232394,10055.1
IFEval,TPE,18,9,4e-06,0.02,600,42988.47371420861,47.440273,27.777779,45.716454,54.63055,69.42329,45.301453,41.90808,55.266666,79.13669,3.3298798,644.28986,0.36426777,1.39163,0.737854,2962.9
IFEval,TPE,19,0,4e-06,0.01,2031,10055.201533412932,47.440273,30.80808,46.626232,54.999004,69.640915,46.001305,42.085445,58.766666,69.791664,3.2986085,665.9862,1.0332669,1.005691,1.0232394,10055.1
IFEval,TPE,20,6,4e-06,0.01,2031,40055.55329570771,47.440273,30.80808,46.626232,54.999004,69.640915,46.001305,42.085445,58.766666,69.791664,3.2986085,665.9862,1.0332669,1.005691,1.0232394,10055.1
IFEval,TPE,21,4,4e-06,0.02,600,22923.23636350632,47.440273,27.777779,45.716454,54.63055,69.42329,45.301453,41.90808,55.266666,79.13669,3.3298798,644.28986,0.36426777,1.39163,0.737854,2962.9
IFEval,TPE,22,0,4e-06,0.01,2031,10055.201723670958,47.440273,30.80808,46.626232,54.999004,69.640915,46.001305,42.085445,58.766666,69.791664,3.2986085,665.9862,1.0332669,1.005691,1.0232394,10055.1
IFEval,TPE,23,1,4e-06,0.02,600,2963.0017782211307,47.440273,27.777779,45.716454,54.63055,69.42329,45.301453,41.90808,55.266666,79.13669,3.3298798,644.28986,0.36426777,1.39163,0.737854,2962.9
IFEval,TPE,24,4,4e-06,0.01,2031,30070.43598899841,47.440273,30.80808,46.626232,54.999004,69.640915,46.001305,42.085445,58.766666,69.791664,3.2986085,665.9862,1.0332669,1.005691,1.0232394,10055.1
MT-Bench,ASHA,0,5,4e-06,0.04,2000,29914.681328155515,46.843002,30.80808,41.091736,54.670383,70.18498,45.25195,38.10872,52.8,76.333336,3.4414222,648.4644,0.3642994,0.7979434,0.5219881,9924.2
MT-Bench,ASHA,1,8,4e-06,0.02,600,35003.48144707871,47.440273,27.777779,45.716454,54.63055,69.42329,45.301453,41.90808,55.266666,79.13669,3.3298798,644.28986,0.36426777,1.39163,0.737854,2962.9
MT-Bench,ASHA,2,3,4e-06,0.02,600,12973.124441003798,47.440273,27.777779,45.716454,54.63055,69.42329,45.301453,41.90808,55.266666,79.13669,3.3298798,644.28986,0.36426777,1.39163,0.737854,2962.9
MT-Bench,ASHA,3,1,2e-06,0.01,800,3931.102051353455,46.92833,30.30303,45.109932,54.31189,69.80414,44.2878,35.805607,53.5,77.210884,2.4088514,656.6074,-0.03838493,0.697033,0.22903977,3931.0
MT-Bench,ASHA,4,3,4e-06,0.02,600,13043.119685983656,47.440273,27.777779,45.716454,54.63055,69.42329,45.301453,41.90808,55.266666,79.13669,3.3298798,644.28986,0.36426777,1.39163,0.737854,2962.9
MT-Bench,ASHA,5,0,4e-06,0.02,600,2963.001765584946,47.440273,27.777779,45.716454,54.63055,69.42329,45.301453,41.90808,55.266666,79.13669,3.3298798,644.28986,0.36426777,1.39163,0.737854,2962.9
MT-Bench,ASHA,6,0,4e-06,0.02,600,2963.0019801616672,47.440273,27.777779,45.716454,54.63055,69.42329,45.301453,41.90808,55.266666,79.13669,3.3298798,644.28986,0.36426777,1.39163,0.737854,2962.9
MT-Bench,ASHA,7,7,4e-06,0.02,600,33093.35502204896,47.440273,27.777779,45.716454,54.63055,69.42329,45.301453,41.90808,55.266666,79.13669,3.3298798,644.28986,0.36426777,1.39163,0.737854,2962.9
MT-Bench,ASHA,8,10,2e-06,0.01,800,45116.78988609696,46.92833,30.30303,45.109932,54.31189,69.80414,44.2878,35.805607,53.5,77.210884,2.4088514,656.6074,-0.03838493,0.697033,0.22903977,3931.0
MT-Bench,ASHA,9,1,4e-06,0.02,600,2963.0020786285404,47.440273,27.777779,45.716454,54.63055,69.42329,45.301453,41.90808,55.266666,79.13669,3.3298798,644.28986,0.36426777,1.39163,0.737854,2962.9
MT-Bench,ASHA,10,12,4e-06,0.02,600,38008.92344819069,47.440273,27.777779,45.716454,54.63055,69.42329,45.301453,41.90808,55.266666,79.13669,3.3298798,644.28986,0.36426777,1.39163,0.737854,2962.9
MT-Bench,ASHA,11,12,4e-06,0.02,600,27864.11068832015,47.440273,27.777779,45.716454,54.63055,69.42329,45.301453,41.90808,55.266666,79.13669,3.3298798,644.28986,0.36426777,1.39163,0.737854,2962.9
MT-Bench,ASHA,12,0,4e-06,0.02,600,2963.001859760285,47.440273,27.777779,45.716454,54.63055,69.42329,45.301453,41.90808,55.266666,79.13669,3.3298798,644.28986,0.36426777,1.39163,0.737854,2962.9
MT-Bench,ASHA,13,13,2e-06,0.01,800,28842.31378423499,46.92833,30.30303,45.109932,54.31189,69.80414,44.2878,35.805607,53.5,77.210884,2.4088514,656.6074,-0.03838493,0.697033,0.22903977,3931.0
MT-Bench,ASHA,14,1,4e-06,0.02,600,2963.002140140534,47.440273,27.777779,45.716454,54.63055,69.42329,45.301453,41.90808,55.266666,79.13669,3.3298798,644.28986,0.36426777,1.39163,0.737854,2962.9
MT-Bench,ASHA,15,7,4e-06,0.02,600,35408.38261852265,47.440273,27.777779,45.716454,54.63055,69.42329,45.301453,41.90808,55.266666,79.13669,3.3298798,644.28986,0.36426777,1.39163,0.737854,2962.9
MT-Bench,ASHA,16,2,2e-06,0.01,800,13911.218770837782,46.92833,30.30303,45.109932,54.31189,69.80414,44.2878,35.805607,53.5,77.210884,2.4088514,656.6074,-0.03838493,0.697033,0.22903977,3931.0
MT-Bench,ASHA,17,1,4e-06,0.02,600,2963.0019756317142,47.440273,27.777779,45.716454,54.63055,69.42329,45.301453,41.90808,55.266666,79.13669,3.3298798,644.28986,0.36426777,1.39163,0.737854,2962.9
MT-Bench,ASHA,18,5,4e-06,0.02,600,23103.23840150833,47.440273,27.777779,45.716454,54.63055,69.42329,45.301453,41.90808,55.266666,79.13669,3.3298798,644.28986,0.36426777,1.39163,0.737854,2962.9
MT-Bench,ASHA,19,3,4e-06,0.04,2000,19904.420049762724,46.843002,30.80808,41.091736,54.670383,70.18498,45.25195,38.10872,52.8,76.333336,3.4414222,648.4644,0.3642994,0.7979434,0.5219881,9924.2
MT-Bench,ASHA,20,1,4e-06,0.02,600,2963.0020032882694,47.440273,27.777779,45.716454,54.63055,69.42329,45.301453,41.90808,55.266666,79.13669,3.3298798,644.28986,0.36426777,1.39163,0.737854,2962.9
MT-Bench,ASHA,21,0,2e-06,0.01,800,3931.1022180080417,46.92833,30.30303,45.109932,54.31189,69.80414,44.2878,35.805607,53.5,77.210884,2.4088514,656.6074,-0.03838493,0.697033,0.22903977,3931.0
MT-Bench,ASHA,22,7,4e-06,0.02,600,25958.57937489128,47.440273,27.777779,45.716454,54.63055,69.42329,45.301453,41.90808,55.266666,79.13669,3.3298798,644.28986,0.36426777,1.39163,0.737854,2962.9
MT-Bench,ASHA,23,11,4e-06,0.02,600,30908.94228349876,47.440273,27.777779,45.716454,54.63055,69.42329,45.301453,41.90808,55.266666,79.13669,3.3298798,644.28986,0.36426777,1.39163,0.737854,2962.9
MT-Bench,ASHA,24,6,4e-06,0.02,600,16963.472932678218,47.440273,27.777779,45.716454,54.63055,69.42329,45.301453,41.90808,55.266666,79.13669,3.3298798,644.28986,0.36426777,1.39163,0.737854,2962.9
MT-Bench,BOHB,0,5,2e-06,0.01,800,23921.43865142059,46.92833,30.30303,45.109932,54.31189,69.80414,44.2878,35.805607,53.5,77.210884,2.4088514,656.6074,-0.03838493,0.697033,0.22903977,3931.0
MT-Bench,BOHB,1,7,4e-06,0.02,600,32933.46045766068,47.440273,27.777779,45.716454,54.63055,69.42329,45.301453,41.90808,55.266666,79.13669,3.3298798,644.28986,0.36426777,1.39163,0.737854,2962.9
MT-Bench,BOHB,2,3,4e-06,0.02,600,12973.1201921463,47.440273,27.777779,45.716454,54.63055,69.42329,45.301453,41.90808,55.266666,79.13669,3.3298798,644.28986,0.36426777,1.39163,0.737854,2962.9
MT-Bench,BOHB,3,1,2e-06,0.01,800,3931.101997470856,46.92833,30.30303,45.109932,54.31189,69.80414,44.2878,35.805607,53.5,77.210884,2.4088514,656.6074,-0.03838493,0.697033,0.22903977,3931.0
MT-Bench,BOHB,4,3,4e-06,0.02,600,13043.119734621048,47.440273,27.777779,45.716454,54.63055,69.42329,45.301453,41.90808,55.266666,79.13669,3.3298798,644.28986,0.36426777,1.39163,0.737854,2962.9
MT-Bench,BOHB,5,0,4e-06,0.02,600,2963.001931524277,47.440273,27.777779,45.716454,54.63055,69.42329,45.301453,41.90808,55.266666,79.13669,3.3298798,644.28986,0.36426777,1.39163,0.737854,2962.9
MT-Bench,BOHB,6,0,4e-06,0.02,600,2963.001919603348,47.440273,27.777779,45.716454,54.63055,69.42329,45.301453,41.90808,55.266666,79.13669,3.3298798,644.28986,0.36426777,1.39163,0.737854,2962.9
MT-Bench,BOHB,7,7,2e-06,0.01,800,34061.455978965765,46.92833,30.30303,45.109932,54.31189,69.80414,44.2878,35.805607,53.5,77.210884,2.4088514,656.6074,-0.03838493,0.697033,0.22903977,3931.0
MT-Bench,BOHB,8,5,4e-06,0.04,2000,32429.56977972984,46.843002,30.80808,41.091736,54.670383,70.18498,45.25195,38.10872,52.8,76.333336,3.4414222,648.4644,0.3642994,0.7979434,0.5219881,9924.2
MT-Bench,BOHB,9,1,4e-06,0.02,600,2963.002046442032,47.440273,27.777779,45.716454,54.63055,69.42329,45.301453,41.90808,55.266666,79.13669,3.3298798,644.28986,0.36426777,1.39163,0.737854,2962.9
MT-Bench,BOHB,10,2,2e-06,0.01,800,13981.219213104248,46.92833,30.30303,45.109932,54.31189,69.80414,44.2878,35.805607,53.5,77.210884,2.4088514,656.6074,-0.03838493,0.697033,0.22903977,3931.0
MT-Bench,BOHB,11,6,4e-06,0.02,600,18958.495805364604,47.440273,27.777779,45.716454,54.63055,69.42329,45.301453,41.90808,55.266666,79.13669,3.3298798,644.28986,0.36426777,1.39163,0.737854,2962.9
MT-Bench,BOHB,12,0,4e-06,0.02,600,2963.0019334316257,47.440273,27.777779,45.716454,54.63055,69.42329,45.301453,41.90808,55.266666,79.13669,3.3298798,644.28986,0.36426777,1.39163,0.737854,2962.9
MT-Bench,BOHB,13,6,4e-06,0.04,2000,23939.774053436275,46.843002,30.80808,41.091736,54.670383,70.18498,45.25195,38.10872,52.8,76.333336,3.4414222,648.4644,0.3642994,0.7979434,0.5219881,9924.2
MT-Bench,BOHB,14,1,4e-06,0.02,600,2963.002218818665,47.440273,27.777779,45.716454,54.63055,69.42329,45.301453,41.90808,55.266666,79.13669,3.3298798,644.28986,0.36426777,1.39163,0.737854,2962.9
MT-Bench,BOHB,15,3,2e-06,0.04,2031,19986.31892428398,46.41638,30.30303,46.247158,54.152557,69.80414,44.09892,35.620766,51.066666,74.82758,2.8475056,695.9365,-0.13997465,0.87852395,0.23038846,9976.1
MT-Bench,BOHB,16,6,4e-06,0.02,600,23978.354093887327,47.440273,27.777779,45.716454,54.63055,69.42329,45.301453,41.90808,55.266666,79.13669,3.3298798,644.28986,0.36426777,1.39163,0.737854,2962.9
MT-Bench,BOHB,17,1,4e-06,0.02,600,2963.0019124507908,47.440273,27.777779,45.716454,54.63055,69.42329,45.301453,41.90808,55.266666,79.13669,3.3298798,644.28986,0.36426777,1.39163,0.737854,2962.9
MT-Bench,BOHB,18,5,4e-06,0.02,600,23103.23952541351,47.440273,27.777779,45.716454,54.63055,69.42329,45.301453,41.90808,55.266666,79.13669,3.3298798,644.28986,0.36426777,1.39163,0.737854,2962.9
MT-Bench,BOHB,19,7,2e-06,0.01,800,24981.65525255775,46.92833,30.30303,45.109932,54.31189,69.80414,44.2878,35.805607,53.5,77.210884,2.4088514,656.6074,-0.03838493,0.697033,0.22903977,3931.0
MT-Bench,BOHB,20,1,4e-06,0.02,600,2963.002165412903,47.440273,27.777779,45.716454,54.63055,69.42329,45.301453,41.90808,55.266666,79.13669,3.3298798,644.28986,0.36426777,1.39163,0.737854,2962.9
MT-Bench,BOHB,21,0,2e-06,0.01,800,3931.101825809479,46.92833,30.30303,45.109932,54.31189,69.80414,44.2878,35.805607,53.5,77.210884,2.4088514,656.6074,-0.03838493,0.697033,0.22903977,3931.0
MT-Bench,BOHB,22,0,2e-06,0.01,800,3931.102204179764,46.92833,30.30303,45.109932,54.31189,69.80414,44.2878,35.805607,53.5,77.210884,2.4088514,656.6074,-0.03838493,0.697033,0.22903977,3931.0
MT-Bench,BOHB,23,5,4e-06,0.04,2000,21954.647840599057,46.843002,30.80808,41.091736,54.670383,70.18498,45.25195,38.10872,52.8,76.333336,3.4414222,648.4644,0.3642994,0.7979434,0.5219881,9924.2
MT-Bench,BOHB,24,10,4e-06,0.02,600,29263.82181941032,47.440273,27.777779,45.716454,54.63055,69.42329,45.301453,41.90808,55.266666,79.13669,3.3298798,644.28986,0.36426777,1.39163,0.737854,2962.9
MT-Bench,BOTorch,0,1,4e-06,0.02,600,2963.001949167252,47.440273,27.777779,45.716454,54.63055,69.42329,45.301453,41.90808,55.266666,79.13669,3.3298798,644.28986,0.36426777,1.39163,0.737854,2962.9
MT-Bench,BOTorch,1,1,2e-06,0.04,2031,9976.20161590576,46.41638,30.30303,46.247158,54.152557,69.80414,44.09892,35.620766,51.066666,74.82758,2.8475056,695.9365,-0.13997465,0.87852395,0.23038846,9976.1
MT-Bench,BOTorch,2,1,4e-06,0.04,2000,9924.30209097862,46.843002,30.80808,41.091736,54.670383,70.18498,45.25195,38.10872,52.8,76.333336,3.4414222,648.4644,0.3642994,0.7979434,0.5219881,9924.2
MT-Bench,BOTorch,3,0,1e-06,0.02,1000,4927.401811695099,46.33106,31.818182,42.380592,53.82394,69.5321,43.282692,33.836,50.933334,65.789474,1.0549306,602.55835,-0.88561004,-1.0303704,-0.9382501,4927.3
MT-Bench,BOTorch,4,0,4e-06,0.02,600,2963.0020090103158,47.440273,27.777779,45.716454,54.63055,69.42329,45.301453,41.90808,55.266666,79.13669,3.3298798,644.28986,0.36426777,1.39163,0.737854,2962.9
MT-Bench,BOTorch,5,1,4e-06,0.02,600,2963.0019477367405,47.440273,27.777779,45.716454,54.63055,69.42329,45.301453,41.90808,55.266666,79.13669,3.3298798,644.28986,0.36426777,1.39163,0.737854,2962.9
MT-Bench,BOTorch,6,1,2e-06,0.04,2031,9976.201727485655,46.41638,30.30303,46.247158,54.152557,69.80414,44.09892,35.620766,51.066666,74.82758,2.8475056,695.9365,-0.13997465,0.87852395,0.23038846,9976.1
MT-Bench,BOTorch,7,0,4e-06,0.04,2000,9924.302539920804,46.843002,30.80808,41.091736,54.670383,70.18498,45.25195,38.10872,52.8,76.333336,3.4414222,648.4644,0.3642994,0.7979434,0.5219881,9924.2
MT-Bench,BOTorch,8,1,4e-06,0.02,600,2963.0024171829227,47.440273,27.777779,45.716454,54.63055,69.42329,45.301453,41.90808,55.266666,79.13669,3.3298798,644.28986,0.36426777,1.39163,0.737854,2962.9
MT-Bench,BOTorch,9,0,4e-06,0.04,2000,9924.302208995818,46.843002,30.80808,41.091736,54.670383,70.18498,45.25195,38.10872,52.8,76.333336,3.4414222,648.4644,0.3642994,0.7979434,0.5219881,9924.2
MT-Bench,BOTorch,10,1,4e-06,0.02,600,2963.0033179283146,47.440273,27.777779,45.716454,54.63055,69.42329,45.301453,41.90808,55.266666,79.13669,3.3298798,644.28986,0.36426777,1.39163,0.737854,2962.9
MT-Bench,BOTorch,11,2,4e-06,0.02,600,12943.119310235976,47.440273,27.777779,45.716454,54.63055,69.42329,45.301453,41.90808,55.266666,79.13669,3.3298798,644.28986,0.36426777,1.39163,0.737854,2962.9
MT-Bench,BOTorch,12,2,2e-06,0.01,800,13916.218988037108,46.92833,30.30303,45.109932,54.31189,69.80414,44.2878,35.805607,53.5,77.210884,2.4088514,656.6074,-0.03838493,0.697033,0.22903977,3931.0
MT-Bench,BOTorch,13,0,2e-06,0.02,2031,10045.302328205107,46.672356,29.292929,46.01971,54.282017,69.80414,44.421608,37.07956,51.766666,71.37931,1.9203776,649.86743,-0.0785244,-0.09376349,-0.08406589,10045.2
MT-Bench,BOTorch,14,3,2e-06,0.04,2031,20026.320896482463,46.41638,30.30303,46.247158,54.152557,69.80414,44.09892,35.620766,51.066666,74.82758,2.8475056,695.9365,-0.13997465,0.87852395,0.23038846,9976.1
MT-Bench,BOTorch,15,2,4e-06,0.02,600,12973.121052360531,47.440273,27.777779,45.716454,54.63055,69.42329,45.301453,41.90808,55.266666,79.13669,3.3298798,644.28986,0.36426777,1.39163,0.737854,2962.9
MT-Bench,BOTorch,16,1,4e-06,0.02,600,2963.001705503464,47.440273,27.777779,45.716454,54.63055,69.42329,45.301453,41.90808,55.266666,79.13669,3.3298798,644.28986,0.36426777,1.39163,0.737854,2962.9
MT-Bench,BOTorch,17,3,4e-06,0.02,600,13023.119634485243,47.440273,27.777779,45.716454,54.63055,69.42329,45.301453,41.90808,55.266666,79.13669,3.3298798,644.28986,0.36426777,1.39163,0.737854,2962.9
MT-Bench,BOTorch,18,2,4e-06,0.04,2000,19934.42143616676,46.843002,30.80808,41.091736,54.670383,70.18498,45.25195,38.10872,52.8,76.333336,3.4414222,648.4644,0.3642994,0.7979434,0.5219881,9924.2
MT-Bench,BOTorch,19,0,4e-06,0.04,2000,9924.302131748198,46.843002,30.80808,41.091736,54.670383,70.18498,45.25195,38.10872,52.8,76.333336,3.4414222,648.4644,0.3642994,0.7979434,0.5219881,9924.2
MT-Bench,BOTorch,20,1,2e-06,0.01,800,3931.102054452897,46.92833,30.30303,45.109932,54.31189,69.80414,44.2878,35.805607,53.5,77.210884,2.4088514,656.6074,-0.03838493,0.697033,0.22903977,3931.0
MT-Bench,BOTorch,21,1,4e-06,0.02,600,2963.002423381806,47.440273,27.777779,45.716454,54.63055,69.42329,45.301453,41.90808,55.266666,79.13669,3.3298798,644.28986,0.36426777,1.39163,0.737854,2962.9
MT-Bench,BOTorch,22,0,2e-06,0.04,2031,9976.20142445564,46.41638,30.30303,46.247158,54.152557,69.80414,44.09892,35.620766,51.066666,74.82758,2.8475056,695.9365,-0.13997465,0.87852395,0.23038846,9976.1
MT-Bench,BOTorch,23,3,4e-06,0.02,600,13023.120076036452,47.440273,27.777779,45.716454,54.63055,69.42329,45.301453,41.90808,55.266666,79.13669,3.3298798,644.28986,0.36426777,1.39163,0.737854,2962.9
MT-Bench,BOTorch,24,0,4e-06,0.02,600,2963.0026789665226,47.440273,27.777779,45.716454,54.63055,69.42329,45.301453,41.90808,55.266666,79.13669,3.3298798,644.28986,0.36426777,1.39163,0.737854,2962.9
MT-Bench,CQR,0,7,2e-06,0.01,800,36376.9948647976,46.92833,30.30303,45.109932,54.31189,69.80414,44.2878,35.805607,53.5,77.210884,2.4088514,656.6074,-0.03838493,0.697033,0.22903977,3931.0
MT-Bench,CQR,1,0,2e-06,0.01,800,3931.102214431763,46.92833,30.30303,45.109932,54.31189,69.80414,44.2878,35.805607,53.5,77.210884,2.4088514,656.6074,-0.03838493,0.697033,0.22903977,3931.0
MT-Bench,CQR,2,3,4e-06,0.02,600,12973.120912647246,47.440273,27.777779,45.716454,54.63055,69.42329,45.301453,41.90808,55.266666,79.13669,3.3298798,644.28986,0.36426777,1.39163,0.737854,2962.9
MT-Bench,CQR,3,4,4e-06,0.02,600,23073.23699007034,47.440273,27.777779,45.716454,54.63055,69.42329,45.301453,41.90808,55.266666,79.13669,3.3298798,644.28986,0.36426777,1.39163,0.737854,2962.9
MT-Bench,CQR,4,3,4e-06,0.02,600,13043.1202190876,47.440273,27.777779,45.716454,54.63055,69.42329,45.301453,41.90808,55.266666,79.13669,3.3298798,644.28986,0.36426777,1.39163,0.737854,2962.9
MT-Bench,CQR,5,0,4e-06,0.02,600,2963.002304887772,47.440273,27.777779,45.716454,54.63055,69.42329,45.301453,41.90808,55.266666,79.13669,3.3298798,644.28986,0.36426777,1.39163,0.737854,2962.9
MT-Bench,CQR,6,0,4e-06,0.02,600,2963.001906251908,47.440273,27.777779,45.716454,54.63055,69.42329,45.301453,41.90808,55.266666,79.13669,3.3298798,644.28986,0.36426777,1.39163,0.737854,2962.9
MT-Bench,CQR,7,6,2e-06,0.01,800,34001.710539674765,46.92833,30.30303,45.109932,54.31189,69.80414,44.2878,35.805607,53.5,77.210884,2.4088514,656.6074,-0.03838493,0.697033,0.22903977,3931.0
MT-Bench,CQR,8,8,2e-06,0.01,800,44107.33966646195,46.92833,30.30303,45.109932,54.31189,69.80414,44.2878,35.805607,53.5,77.210884,2.4088514,656.6074,-0.03838493,0.697033,0.22903977,3931.0
MT-Bench,CQR,9,1,4e-06,0.02,600,2963.003017044068,47.440273,27.777779,45.716454,54.63055,69.42329,45.301453,41.90808,55.266666,79.13669,3.3298798,644.28986,0.36426777,1.39163,0.737854,2962.9
MT-Bench,CQR,10,2,2e-06,0.01,800,13981.219436740874,46.92833,30.30303,45.109932,54.31189,69.80414,44.2878,35.805607,53.5,77.210884,2.4088514,656.6074,-0.03838493,0.697033,0.22903977,3931.0
MT-Bench,CQR,11,6,4e-06,0.02,600,32933.602043724066,47.440273,27.777779,45.716454,54.63055,69.42329,45.301453,41.90808,55.266666,79.13669,3.3298798,644.28986,0.36426777,1.39163,0.737854,2962.9
MT-Bench,CQR,12,0,4e-06,0.02,600,2963.0019296169285,47.440273,27.777779,45.716454,54.63055,69.42329,45.301453,41.90808,55.266666,79.13669,3.3298798,644.28986,0.36426777,1.39163,0.737854,2962.9
MT-Bench,CQR,13,2,4e-06,0.04,2000,19984.419411754607,46.843002,30.80808,41.091736,54.670383,70.18498,45.25195,38.10872,52.8,76.333336,3.4414222,648.4644,0.3642994,0.7979434,0.5219881,9924.2
MT-Bench,CQR,14,1,4e-06,0.02,600,2963.001900529862,47.440273,27.777779,45.716454,54.63055,69.42329,45.301453,41.90808,55.266666,79.13669,3.3298798,644.28986,0.36426777,1.39163,0.737854,2962.9
MT-Bench,CQR,15,5,2e-06,0.01,800,26396.36924729347,46.92833,30.30303,45.109932,54.31189,69.80414,44.2878,35.805607,53.5,77.210884,2.4088514,656.6074,-0.03838493,0.697033,0.22903977,3931.0
MT-Bench,CQR,16,2,2e-06,0.01,800,13911.2185798645,46.92833,30.30303,45.109932,54.31189,69.80414,44.2878,35.805607,53.5,77.210884,2.4088514,656.6074,-0.03838493,0.697033,0.22903977,3931.0
MT-Bench,CQR,17,1,4e-06,0.02,600,2963.002032136917,47.440273,27.777779,45.716454,54.63055,69.42329,45.301453,41.90808,55.266666,79.13669,3.3298798,644.28986,0.36426777,1.39163,0.737854,2962.9
MT-Bench,CQR,18,5,4e-06,0.02,600,23103.23783240318,47.440273,27.777779,45.716454,54.63055,69.42329,45.301453,41.90808,55.266666,79.13669,3.3298798,644.28986,0.36426777,1.39163,0.737854,2962.9
MT-Bench,CQR,19,5,4e-06,0.02,600,25398.2639380455,47.440273,27.777779,45.716454,54.63055,69.42329,45.301453,41.90808,55.266666,79.13669,3.3298798,644.28986,0.36426777,1.39163,0.737854,2962.9
MT-Bench,CQR,20,1,4e-06,0.02,600,2963.0026088714603,47.440273,27.777779,45.716454,54.63055,69.42329,45.301453,41.90808,55.266666,79.13669,3.3298798,644.28986,0.36426777,1.39163,0.737854,2962.9
MT-Bench,CQR,21,0,2e-06,0.01,800,3931.101629829407,46.92833,30.30303,45.109932,54.31189,69.80414,44.2878,35.805607,53.5,77.210884,2.4088514,656.6074,-0.03838493,0.697033,0.22903977,3931.0
MT-Bench,CQR,22,0,2e-06,0.01,800,3931.1019502639774,46.92833,30.30303,45.109932,54.31189,69.80414,44.2878,35.805607,53.5,77.210884,2.4088514,656.6074,-0.03838493,0.697033,0.22903977,3931.0
MT-Bench,CQR,23,6,4e-06,0.02,600,32933.60478959084,47.440273,27.777779,45.716454,54.63055,69.42329,45.301453,41.90808,55.266666,79.13669,3.3298798,644.28986,0.36426777,1.39163,0.737854,2962.9
MT-Bench,CQR,24,2,2e-06,0.01,800,13981.219251728056,46.92833,30.30303,45.109932,54.31189,69.80414,44.2878,35.805607,53.5,77.210884,2.4088514,656.6074,-0.03838493,0.697033,0.22903977,3931.0
MT-Bench,RandomSearch,0,2,4e-06,0.02,600,12943.12775454521,47.440273,27.777779,45.716454,54.63055,69.42329,45.301453,41.90808,55.266666,79.13669,3.3298798,644.28986,0.36426777,1.39163,0.737854,2962.9
MT-Bench,RandomSearch,1,7,2e-06,0.01,800,34051.45876011849,46.92833,30.30303,45.109932,54.31189,69.80414,44.2878,35.805607,53.5,77.210884,2.4088514,656.6074,-0.03838493,0.697033,0.22903977,3931.0
MT-Bench,RandomSearch,2,4,4e-06,0.02,600,22928.239681339262,47.440273,27.777779,45.716454,54.63055,69.42329,45.301453,41.90808,55.266666,79.13669,3.3298798,644.28986,0.36426777,1.39163,0.737854,2962.9
MT-Bench,RandomSearch,3,1,4e-06,0.04,2000,9924.302292919156,46.843002,30.80808,41.091736,54.670383,70.18498,45.25195,38.10872,52.8,76.333336,3.4414222,648.4644,0.3642994,0.7979434,0.5219881,9924.2
MT-Bench,RandomSearch,4,3,4e-06,0.02,600,13043.126082038878,47.440273,27.777779,45.716454,54.63055,69.42329,45.301453,41.90808,55.266666,79.13669,3.3298798,644.28986,0.36426777,1.39163,0.737854,2962.9
MT-Bench,RandomSearch,5,1,4e-06,0.02,600,2963.001910305024,47.440273,27.777779,45.716454,54.63055,69.42329,45.301453,41.90808,55.266666,79.13669,3.3298798,644.28986,0.36426777,1.39163,0.737854,2962.9
MT-Bench,RandomSearch,6,3,4e-06,0.02,600,15418.147749519349,47.440273,27.777779,45.716454,54.63055,69.42329,45.301453,41.90808,55.266666,79.13669,3.3298798,644.28986,0.36426777,1.39163,0.737854,2962.9
MT-Bench,RandomSearch,7,4,4e-06,0.04,2000,29954.537965393065,46.843002,30.80808,41.091736,54.670383,70.18498,45.25195,38.10872,52.8,76.333336,3.4414222,648.4644,0.3642994,0.7979434,0.5219881,9924.2
MT-Bench,RandomSearch,8,0,4e-06,0.02,600,2963.0023725986484,47.440273,27.777779,45.716454,54.63055,69.42329,45.301453,41.90808,55.266666,79.13669,3.3298798,644.28986,0.36426777,1.39163,0.737854,2962.9
MT-Bench,RandomSearch,9,0,2e-06,0.01,800,3931.101827716828,46.92833,30.30303,45.109932,54.31189,69.80414,44.2878,35.805607,53.5,77.210884,2.4088514,656.6074,-0.03838493,0.697033,0.22903977,3931.0
MT-Bench,RandomSearch,10,0,4e-06,0.02,600,2963.0016878604893,47.440273,27.777779,45.716454,54.63055,69.42329,45.301453,41.90808,55.266666,79.13669,3.3298798,644.28986,0.36426777,1.39163,0.737854,2962.9
MT-Bench,RandomSearch,11,0,4e-06,0.02,600,2963.0020152091984,47.440273,27.777779,45.716454,54.63055,69.42329,45.301453,41.90808,55.266666,79.13669,3.3298798,644.28986,0.36426777,1.39163,0.737854,2962.9
MT-Bench,RandomSearch,12,8,2e-06,0.01,800,44091.57837853432,46.92833,30.30303,45.109932,54.31189,69.80414,44.2878,35.805607,53.5,77.210884,2.4088514,656.6074,-0.03838493,0.697033,0.22903977,3931.0
MT-Bench,RandomSearch,13,3,4e-06,0.02,600,13043.120265102383,47.440273,27.777779,45.716454,54.63055,69.42329,45.301453,41.90808,55.266666,79.13669,3.3298798,644.28986,0.36426777,1.39163,0.737854,2962.9
MT-Bench,RandomSearch,14,1,4e-06,0.02,600,2963.0020571708683,47.440273,27.777779,45.716454,54.63055,69.42329,45.301453,41.90808,55.266666,79.13669,3.3298798,644.28986,0.36426777,1.39163,0.737854,2962.9
MT-Bench,RandomSearch,15,1,4e-06,0.02,600,2963.001889562607,47.440273,27.777779,45.716454,54.63055,69.42329,45.301453,41.90808,55.266666,79.13669,3.3298798,644.28986,0.36426777,1.39163,0.737854,2962.9
MT-Bench,RandomSearch,16,7,4e-06,0.02,600,35478.38569054604,47.440273,27.777779,45.716454,54.63055,69.42329,45.301453,41.90808,55.266666,79.13669,3.3298798,644.28986,0.36426777,1.39163,0.737854,2962.9
MT-Bench,RandomSearch,17,0,4e-06,0.02,600,2963.001693582535,47.440273,27.777779,45.716454,54.63055,69.42329,45.301453,41.90808,55.266666,79.13669,3.3298798,644.28986,0.36426777,1.39163,0.737854,2962.9
MT-Bench,RandomSearch,18,3,4e-06,0.02,600,13013.119367456437,47.440273,27.777779,45.716454,54.63055,69.42329,45.301453,41.90808,55.266666,79.13669,3.3298798,644.28986,0.36426777,1.39163,0.737854,2962.9
MT-Bench,RandomSearch,19,1,4e-06,0.02,600,2963.0018039703373,47.440273,27.777779,45.716454,54.63055,69.42329,45.301453,41.90808,55.266666,79.13669,3.3298798,644.28986,0.36426777,1.39163,0.737854,2962.9
MT-Bench,RandomSearch,20,7,2e-06,0.01,800,36446.48625144959,46.92833,30.30303,45.109932,54.31189,69.80414,44.2878,35.805607,53.5,77.210884,2.4088514,656.6074,-0.03838493,0.697033,0.22903977,3931.0
MT-Bench,RandomSearch,21,1,4e-06,0.02,600,2963.0019477367405,47.440273,27.777779,45.716454,54.63055,69.42329,45.301453,41.90808,55.266666,79.13669,3.3298798,644.28986,0.36426777,1.39163,0.737854,2962.9
MT-Bench,RandomSearch,22,6,4e-06,0.02,600,32903.36094627381,47.440273,27.777779,45.716454,54.63055,69.42329,45.301453,41.90808,55.266666,79.13669,3.3298798,644.28986,0.36426777,1.39163,0.737854,2962.9
MT-Bench,RandomSearch,23,5,4e-06,0.02,600,23123.239195680617,47.440273,27.777779,45.716454,54.63055,69.42329,45.301453,41.90808,55.266666,79.13669,3.3298798,644.28986,0.36426777,1.39163,0.737854,2962.9
MT-Bench,RandomSearch,24,0,4e-06,0.04,2000,9924.30213484764,46.843002,30.80808,41.091736,54.670383,70.18498,45.25195,38.10872,52.8,76.333336,3.4414222,648.4644,0.3642994,0.7979434,0.5219881,9924.2
MT-Bench,TPE,0,4,4e-06,0.02,600,22953.236650800704,47.440273,27.777779,45.716454,54.63055,69.42329,45.301453,41.90808,55.266666,79.13669,3.3298798,644.28986,0.36426777,1.39163,0.737854,2962.9
MT-Bench,TPE,1,3,4e-06,0.02,600,12973.119595623017,47.440273,27.777779,45.716454,54.63055,69.42329,45.301453,41.90808,55.266666,79.13669,3.3298798,644.28986,0.36426777,1.39163,0.737854,2962.9
MT-Bench,TPE,2,5,4e-06,0.02,600,25468.26849398613,47.440273,27.777779,45.716454,54.63055,69.42329,45.301453,41.90808,55.266666,79.13669,3.3298798,644.28986,0.36426777,1.39163,0.737854,2962.9
MT-Bench,TPE,3,3,4e-06,0.02,600,13013.119656658171,47.440273,27.777779,45.716454,54.63055,69.42329,45.301453,41.90808,55.266666,79.13669,3.3298798,644.28986,0.36426777,1.39163,0.737854,2962.9
MT-Bench,TPE,4,7,4e-06,0.02,600,33153.368437147146,47.440273,27.777779,45.716454,54.63055,69.42329,45.301453,41.90808,55.266666,79.13669,3.3298798,644.28986,0.36426777,1.39163,0.737854,2962.9
MT-Bench,TPE,5,3,4e-06,0.02,600,12973.119514560698,47.440273,27.777779,45.716454,54.63055,69.42329,45.301453,41.90808,55.266666,79.13669,3.3298798,644.28986,0.36426777,1.39163,0.737854,2962.9
MT-Bench,TPE,6,5,4e-06,0.02,600,23053.23760256767,47.440273,27.777779,45.716454,54.63055,69.42329,45.301453,41.90808,55.266666,79.13669,3.3298798,644.28986,0.36426777,1.39163,0.737854,2962.9
MT-Bench,TPE,7,0,4e-06,0.02,600,2963.00220451355,47.440273,27.777779,45.716454,54.63055,69.42329,45.301453,41.90808,55.266666,79.13669,3.3298798,644.28986,0.36426777,1.39163,0.737854,2962.9
MT-Bench,TPE,8,2,4e-06,0.02,600,12973.119861221312,47.440273,27.777779,45.716454,54.63055,69.42329,45.301453,41.90808,55.266666,79.13669,3.3298798,644.28986,0.36426777,1.39163,0.737854,2962.9
MT-Bench,TPE,9,5,4e-06,0.02,600,23053.237335300444,47.440273,27.777779,45.716454,54.63055,69.42329,45.301453,41.90808,55.266666,79.13669,3.3298798,644.28986,0.36426777,1.39163,0.737854,2962.9
MT-Bench,TPE,10,6,4e-06,0.02,600,33043.35489377976,47.440273,27.777779,45.716454,54.63055,69.42329,45.301453,41.90808,55.266666,79.13669,3.3298798,644.28986,0.36426777,1.39163,0.737854,2962.9
MT-Bench,TPE,11,0,4e-06,0.02,600,2963.001823997498,47.440273,27.777779,45.716454,54.63055,69.42329,45.301453,41.90808,55.266666,79.13669,3.3298798,644.28986,0.36426777,1.39163,0.737854,2962.9
MT-Bench,TPE,12,0,4e-06,0.02,600,2963.003519392014,47.440273,27.777779,45.716454,54.63055,69.42329,45.301453,41.90808,55.266666,79.13669,3.3298798,644.28986,0.36426777,1.39163,0.737854,2962.9
MT-Bench,TPE,13,4,2e-06,0.01,800,23991.33748755455,46.92833,30.30303,45.109932,54.31189,69.80414,44.2878,35.805607,53.5,77.210884,2.4088514,656.6074,-0.03838493,0.697033,0.22903977,3931.0
MT-Bench,TPE,14,8,4e-06,0.02,600,43063.47359642983,47.440273,27.777779,45.716454,54.63055,69.42329,45.301453,41.90808,55.266666,79.13669,3.3298798,644.28986,0.36426777,1.39163,0.737854,2962.9
MT-Bench,TPE,15,0,4e-06,0.02,600,2963.0016077518467,47.440273,27.777779,45.716454,54.63055,69.42329,45.301453,41.90808,55.266666,79.13669,3.3298798,644.28986,0.36426777,1.39163,0.737854,2962.9
MT-Bench,TPE,16,2,2e-06,0.01,800,13911.219040727614,46.92833,30.30303,45.109932,54.31189,69.80414,44.2878,35.805607,53.5,77.210884,2.4088514,656.6074,-0.03838493,0.697033,0.22903977,3931.0
MT-Bench,TPE,17,0,4e-06,0.02,600,2963.001864767075,47.440273,27.777779,45.716454,54.63055,69.42329,45.301453,41.90808,55.266666,79.13669,3.3298798,644.28986,0.36426777,1.39163,0.737854,2962.9
MT-Bench,TPE,18,0,4e-06,0.04,2000,9924.302095746993,46.843002,30.80808,41.091736,54.670383,70.18498,45.25195,38.10872,52.8,76.333336,3.4414222,648.4644,0.3642994,0.7979434,0.5219881,9924.2
MT-Bench,TPE,19,6,4e-06,0.02,600,33003.3563006878,47.440273,27.777779,45.716454,54.63055,69.42329,45.301453,41.90808,55.266666,79.13669,3.3298798,644.28986,0.36426777,1.39163,0.737854,2962.9
MT-Bench,TPE,20,4,4e-06,0.02,600,22923.23472533226,47.440273,27.777779,45.716454,54.63055,69.42329,45.301453,41.90808,55.266666,79.13669,3.3298798,644.28986,0.36426777,1.39163,0.737854,2962.9
MT-Bench,TPE,21,8,2e-06,0.01,800,44181.5731206894,46.92833,30.30303,45.109932,54.31189,69.80414,44.2878,35.805607,53.5,77.210884,2.4088514,656.6074,-0.03838493,0.697033,0.22903977,3931.0
MT-Bench,TPE,22,6,4e-06,0.02,600,33013.354899501806,47.440273,27.777779,45.716454,54.63055,69.42329,45.301453,41.90808,55.266666,79.13669,3.3298798,644.28986,0.36426777,1.39163,0.737854,2962.9
MT-Bench,TPE,23,3,4e-06,0.02,600,15418.147884225844,47.440273,27.777779,45.716454,54.63055,69.42329,45.301453,41.90808,55.266666,79.13669,3.3298798,644.28986,0.36426777,1.39163,0.737854,2962.9
MT-Bench,TPE,24,4,4e-06,0.02,600,22993.23562202453,47.440273,27.777779,45.716454,54.63055,69.42329,45.301453,41.90808,55.266666,79.13669,3.3298798,644.28986,0.36426777,1.39163,0.737854,2962.9
Z-All,ASHA,0,7,4e-06,0.02,800,33921.159465173725,47.525597,30.80808,44.579227,54.6903,69.91295,45.471313,39.49382,55.333332,70.50359,3.6784594,664.7318,0.8628366,0.999941,0.9126927,3950.5
Z-All,ASHA,1,8,4e-06,0.02,800,33921.15959201241,47.525597,30.80808,44.579227,54.6903,69.91295,45.471313,39.49382,55.333332,70.50359,3.6784594,664.7318,0.8628366,0.999941,0.9126927,3950.5
Z-All,ASHA,2,2,4e-06,0.01,1200,15926.225929594038,47.61092,31.313131,47.990902,55.108543,69.80414,45.8072,39.4726,55.833332,69.202896,3.7333946,637.97437,1.4598883,0.9153403,1.2618709,5941.0
Z-All,ASHA,3,0,4e-06,0.01,1200,5941.1018556118015,47.61092,31.313131,47.990902,55.108543,69.80414,45.8072,39.4726,55.833332,69.202896,3.7333946,637.97437,1.4598883,0.9153403,1.2618709,5941.0
Z-All,ASHA,4,4,4e-06,0.01,1200,17221.336548425672,47.61092,31.313131,47.990902,55.108543,69.80414,45.8072,39.4726,55.833332,69.202896,3.7333946,637.97437,1.4598883,0.9153403,1.2618709,5941.0
Z-All,ASHA,5,4,4e-06,0.01,1200,16961.33599648666,47.61092,31.313131,47.990902,55.108543,69.80414,45.8072,39.4726,55.833332,69.202896,3.7333946,637.97437,1.4598883,0.9153403,1.2618709,5941.0
Z-All,ASHA,6,8,4e-06,0.01,1200,36946.56774816704,47.61092,31.313131,47.990902,55.108543,69.80414,45.8072,39.4726,55.833332,69.202896,3.7333946,637.97437,1.4598883,0.9153403,1.2618709,5941.0
Z-All,ASHA,7,1,4e-06,0.01,1200,5941.104021167756,47.61092,31.313131,47.990902,55.108543,69.80414,45.8072,39.4726,55.833332,69.202896,3.7333946,637.97437,1.4598883,0.9153403,1.2618709,5941.0
Z-All,ASHA,8,2,4e-06,0.01,1200,15951.219636774062,47.61092,31.313131,47.990902,55.108543,69.80414,45.8072,39.4726,55.833332,69.202896,3.7333946,637.97437,1.4598883,0.9153403,1.2618709,5941.0
Z-All,ASHA,9,0,4e-06,0.01,1200,5941.102195596695,47.61092,31.313131,47.990902,55.108543,69.80414,45.8072,39.4726,55.833332,69.202896,3.7333946,637.97437,1.4598883,0.9153403,1.2618709,5941.0
Z-All,ASHA,10,11,4e-06,0.01,1200,41421.934367998125,47.61092,31.313131,47.990902,55.108543,69.80414,45.8072,39.4726,55.833332,69.202896,3.7333946,637.97437,1.4598883,0.9153403,1.2618709,5941.0
Z-All,ASHA,11,3,4e-06,0.01,1200,15991.2207075119,47.61092,31.313131,47.990902,55.108543,69.80414,45.8072,39.4726,55.833332,69.202896,3.7333946,637.97437,1.4598883,0.9153403,1.2618709,5941.0
Z-All,ASHA,12,6,4e-06,0.01,1200,19126.571846109386,47.61092,31.313131,47.990902,55.108543,69.80414,45.8072,39.4726,55.833332,69.202896,3.7333946,637.97437,1.4598883,0.9153403,1.2618709,5941.0
Z-All,ASHA,13,0,4e-06,0.01,1200,5941.104534244538,47.61092,31.313131,47.990902,55.108543,69.80414,45.8072,39.4726,55.833332,69.202896,3.7333946,637.97437,1.4598883,0.9153403,1.2618709,5941.0
Z-All,ASHA,14,13,4e-06,0.01,400,44116.510515081405,47.696247,30.30303,47.91509,54.86955,69.69532,45.497406,37.614143,56.3,72.69504,3.6663287,640.5936,1.0202352,1.3034295,1.123215,1980.3
Z-All,ASHA,15,8,4e-06,0.01,1200,36801.66831789399,47.61092,31.313131,47.990902,55.108543,69.80414,45.8072,39.4726,55.833332,69.202896,3.7333946,637.97437,1.4598883,0.9153403,1.2618709,5941.0
Z-All,ASHA,16,10,4e-06,0.01,1200,30881.907546148293,47.61092,31.313131,47.990902,55.108543,69.80414,45.8072,39.4726,55.833332,69.202896,3.7333946,637.97437,1.4598883,0.9153403,1.2618709,5941.0
Z-All,ASHA,17,3,4e-06,0.01,1200,15971.21969590187,47.61092,31.313131,47.990902,55.108543,69.80414,45.8072,39.4726,55.833332,69.202896,3.7333946,637.97437,1.4598883,0.9153403,1.2618709,5941.0
Z-All,ASHA,18,0,4e-06,0.01,1200,5941.102172231675,47.61092,31.313131,47.990902,55.108543,69.80414,45.8072,39.4726,55.833332,69.202896,3.7333946,637.97437,1.4598883,0.9153403,1.2618709,5941.0
Z-All,ASHA,19,12,4e-06,0.01,1200,39287.00534831047,47.61092,31.313131,47.990902,55.108543,69.80414,45.8072,39.4726,55.833332,69.202896,3.7333946,637.97437,1.4598883,0.9153403,1.2618709,5941.0
Z-All,ASHA,20,0,4e-06,0.01,1200,5941.1020697116855,47.61092,31.313131,47.990902,55.108543,69.80414,45.8072,39.4726,55.833332,69.202896,3.7333946,637.97437,1.4598883,0.9153403,1.2618709,5941.0
Z-All,ASHA,21,6,4e-06,0.01,1200,29361.4829073925,47.61092,31.313131,47.990902,55.108543,69.80414,45.8072,39.4726,55.833332,69.202896,3.7333946,637.97437,1.4598883,0.9153403,1.2618709,5941.0
Z-All,ASHA,22,3,4e-06,0.01,1200,16906.33249340248,47.61092,31.313131,47.990902,55.108543,69.80414,45.8072,39.4726,55.833332,69.202896,3.7333946,637.97437,1.4598883,0.9153403,1.2618709,5941.0
Z-All,ASHA,23,0,4e-06,0.01,1200,5941.102018451691,47.61092,31.313131,47.990902,55.108543,69.80414,45.8072,39.4726,55.833332,69.202896,3.7333946,637.97437,1.4598883,0.9153403,1.2618709,5941.0
Z-All,ASHA,24,0,4e-06,0.01,1200,5941.101988887787,47.61092,31.313131,47.990902,55.108543,69.80414,45.8072,39.4726,55.833332,69.202896,3.7333946,637.97437,1.4598883,0.9153403,1.2618709,5941.0
Z-All,BOHB,0,10,4e-06,0.01,1000,44971.78338251877,47.61092,31.818182,47.460197,55.048794,69.749725,45.75964,40.31564,55.766666,69.71831,3.3536804,651.8001,1.3433414,0.84797436,1.1632079,4950.8
Z-All,BOHB,1,10,4e-06,0.01,1000,44901.57845173264,47.61092,31.818182,47.460197,55.048794,69.749725,45.75964,40.31564,55.766666,69.71831,3.3536804,651.8001,1.3433414,0.84797436,1.1632079,4950.8
Z-All,BOHB,2,2,4e-06,0.01,1200,15926.21989712715,47.61092,31.313131,47.990902,55.108543,69.80414,45.8072,39.4726,55.833332,69.202896,3.7333946,637.97437,1.4598883,0.9153403,1.2618709,5941.0
Z-All,BOHB,3,0,4e-06,0.01,1200,5941.101791000367,47.61092,31.313131,47.990902,55.108543,69.80414,45.8072,39.4726,55.833332,69.202896,3.7333946,637.97437,1.4598883,0.9153403,1.2618709,5941.0
Z-All,BOHB,4,4,4e-06,0.01,1200,17221.33610568237,47.61092,31.313131,47.990902,55.108543,69.80414,45.8072,39.4726,55.833332,69.202896,3.7333946,637.97437,1.4598883,0.9153403,1.2618709,5941.0
Z-All,BOHB,5,4,4e-06,0.01,1200,16961.335586645124,47.61092,31.313131,47.990902,55.108543,69.80414,45.8072,39.4726,55.833332,69.202896,3.7333946,637.97437,1.4598883,0.9153403,1.2618709,5941.0
Z-All,BOHB,6,0,4e-06,0.02,800,3950.601978635788,47.525597,30.80808,44.579227,54.6903,69.91295,45.471313,39.49382,55.333332,70.50359,3.6784594,664.7318,0.8628366,0.999941,0.9126927,3950.5
Z-All,BOHB,7,1,4e-06,0.01,1200,5941.1022187232975,47.61092,31.313131,47.990902,55.108543,69.80414,45.8072,39.4726,55.833332,69.202896,3.7333946,637.97437,1.4598883,0.9153403,1.2618709,5941.0
Z-All,BOHB,8,2,4e-06,0.01,1200,15951.219323730467,47.61092,31.313131,47.990902,55.108543,69.80414,45.8072,39.4726,55.833332,69.202896,3.7333946,637.97437,1.4598883,0.9153403,1.2618709,5941.0
Z-All,BOHB,9,0,4e-06,0.01,1200,5941.102658605576,47.61092,31.313131,47.990902,55.108543,69.80414,45.8072,39.4726,55.833332,69.202896,3.7333946,637.97437,1.4598883,0.9153403,1.2618709,5941.0
Z-All,BOHB,10,12,4e-06,0.01,400,45071.319900615694,47.696247,30.30303,47.91509,54.86955,69.69532,45.497406,37.614143,56.3,72.69504,3.6663287,640.5936,1.0202352,1.3034295,1.123215,1980.3
Z-All,BOHB,11,3,4e-06,0.01,1200,15991.21974954605,47.61092,31.313131,47.990902,55.108543,69.80414,45.8072,39.4726,55.833332,69.202896,3.7333946,637.97437,1.4598883,0.9153403,1.2618709,5941.0
Z-All,BOHB,12,9,4e-06,0.01,1200,27976.871984109872,47.61092,31.313131,47.990902,55.108543,69.80414,45.8072,39.4726,55.833332,69.202896,3.7333946,637.97437,1.4598883,0.9153403,1.2618709,5941.0
Z-All,BOHB,13,0,4e-06,0.01,1200,5941.101950740815,47.61092,31.313131,47.990902,55.108543,69.80414,45.8072,39.4726,55.833332,69.202896,3.7333946,637.97437,1.4598883,0.9153403,1.2618709,5941.0
Z-All,BOHB,14,1,4e-06,0.02,800,3950.602027511597,47.525597,30.80808,44.579227,54.6903,69.91295,45.471313,39.49382,55.333332,70.50359,3.6784594,664.7318,0.8628366,0.999941,0.9126927,3950.5
Z-All,BOHB,15,7,4e-06,0.02,800,33921.0565267582,47.525597,30.80808,44.579227,54.6903,69.91295,45.471313,39.49382,55.333332,70.50359,3.6784594,664.7318,0.8628366,0.999941,0.9126927,3950.5
Z-All,BOHB,16,5,4e-06,0.02,800,23980.93906293106,47.525597,30.80808,44.579227,54.6903,69.91295,45.471313,39.49382,55.333332,70.50359,3.6784594,664.7318,0.8628366,0.999941,0.9126927,3950.5
Z-All,BOHB,17,3,4e-06,0.01,1200,15971.221838092802,47.61092,31.313131,47.990902,55.108543,69.80414,45.8072,39.4726,55.833332,69.202896,3.7333946,637.97437,1.4598883,0.9153403,1.2618709,5941.0
Z-All,BOHB,18,0,4e-06,0.01,1200,5941.10171661377,47.61092,31.313131,47.990902,55.108543,69.80414,45.8072,39.4726,55.833332,69.202896,3.7333946,637.97437,1.4598883,0.9153403,1.2618709,5941.0
Z-All,BOHB,19,8,4e-06,0.02,800,25046.258755310053,47.525597,30.80808,44.579227,54.6903,69.91295,45.471313,39.49382,55.333332,70.50359,3.6784594,664.7318,0.8628366,0.999941,0.9126927,3950.5
Z-All,BOHB,20,0,4e-06,0.01,1200,5941.101874923706,47.61092,31.313131,47.990902,55.108543,69.80414,45.8072,39.4726,55.833332,69.202896,3.7333946,637.97437,1.4598883,0.9153403,1.2618709,5941.0
Z-All,BOHB,21,12,4e-06,0.01,1200,41312.029395923615,47.61092,31.313131,47.990902,55.108543,69.80414,45.8072,39.4726,55.833332,69.202896,3.7333946,637.97437,1.4598883,0.9153403,1.2618709,5941.0
Z-All,BOHB,22,3,4e-06,0.01,1200,16906.332252122877,47.61092,31.313131,47.990902,55.108543,69.80414,45.8072,39.4726,55.833332,69.202896,3.7333946,637.97437,1.4598883,0.9153403,1.2618709,5941.0
Z-All,BOHB,23,0,4e-06,0.01,1200,5941.102228260041,47.61092,31.313131,47.990902,55.108543,69.80414,45.8072,39.4726,55.833332,69.202896,3.7333946,637.97437,1.4598883,0.9153403,1.2618709,5941.0
Z-All,BOHB,24,0,4e-06,0.01,1200,5941.102074956894,47.61092,31.313131,47.990902,55.108543,69.80414,45.8072,39.4726,55.833332,69.202896,3.7333946,637.97437,1.4598883,0.9153403,1.2618709,5941.0
Z-All,BOTorch,0,0,4e-06,0.01,1200,5941.10203537941,47.61092,31.313131,47.990902,55.108543,69.80414,45.8072,39.4726,55.833332,69.202896,3.7333946,637.97437,1.4598883,0.9153403,1.2618709,5941.0
Z-All,BOTorch,1,1,4e-06,0.01,1200,5941.102055406571,47.61092,31.313131,47.990902,55.108543,69.80414,45.8072,39.4726,55.833332,69.202896,3.7333946,637.97437,1.4598883,0.9153403,1.2618709,5941.0
Z-All,BOTorch,2,0,1e-06,0.01,200,1226.2019730567931,45.81911,32.82828,43.59363,53.49532,69.042435,43.180775,33.420105,50.766666,55.743244,1.2694823,607.5947,-0.23753114,-0.36858687,-0.28518778,1226.1
Z-All,BOTorch,3,3,4e-06,0.01,1200,15921.218326902388,47.61092,31.313131,47.990902,55.108543,69.80414,45.8072,39.4726,55.833332,69.202896,3.7333946,637.97437,1.4598883,0.9153403,1.2618709,5941.0
Z-All,BOTorch,4,2,4e-06,0.02,800,13930.719189739226,47.525597,30.80808,44.579227,54.6903,69.91295,45.471313,39.49382,55.333332,70.50359,3.6784594,664.7318,0.8628366,0.999941,0.9126927,3950.5
Z-All,BOTorch,5,0,4e-06,0.01,1200,5941.102059221268,47.61092,31.313131,47.990902,55.108543,69.80414,45.8072,39.4726,55.833332,69.202896,3.7333946,637.97437,1.4598883,0.9153403,1.2618709,5941.0
Z-All,BOTorch,6,0,4e-06,0.02,800,3950.60202035904,47.525597,30.80808,44.579227,54.6903,69.91295,45.471313,39.49382,55.333332,70.50359,3.6784594,664.7318,0.8628366,0.999941,0.9126927,3950.5
Z-All,BOTorch,7,3,4e-06,0.01,1200,15926.220975017546,47.61092,31.313131,47.990902,55.108543,69.80414,45.8072,39.4726,55.833332,69.202896,3.7333946,637.97437,1.4598883,0.9153403,1.2618709,5941.0
Z-All,BOTorch,8,0,2e-06,0.01,1400,6879.401617622376,47.013653,33.333332,46.702045,54.381596,69.80414,44.38801,36.606205,51.5,76.59574,2.8577712,666.8164,0.63632333,0.85740006,0.7167149,6879.3
Z-All,BOTorch,9,0,4e-06,0.02,800,3950.602397298813,47.525597,30.80808,44.579227,54.6903,69.91295,45.471313,39.49382,55.333332,70.50359,3.6784594,664.7318,0.8628366,0.999941,0.9126927,3950.5
Z-All,BOTorch,10,2,4e-06,0.04,400,14440.046933746336,47.013653,31.818182,44.9583,54.540928,69.967354,44.61561,38.053753,51.166668,74.64789,3.0954084,637.3377,0.80886555,0.6000616,0.73293686,1984.8
Z-All,BOTorch,11,0,2e-06,0.01,1400,6879.401831483841,47.013653,33.333332,46.702045,54.381596,69.80414,44.38801,36.606205,51.5,76.59574,2.8577712,666.8164,0.63632333,0.85740006,0.7167149,6879.3
Z-All,BOTorch,12,3,4e-06,0.01,1200,15951.219250535964,47.61092,31.313131,47.990902,55.108543,69.80414,45.8072,39.4726,55.833332,69.202896,3.7333946,637.97437,1.4598883,0.9153403,1.2618709,5941.0
Z-All,BOTorch,13,3,4e-06,0.02,800,16405.74767193794,47.525597,30.80808,44.579227,54.6903,69.91295,45.471313,39.49382,55.333332,70.50359,3.6784594,664.7318,0.8628366,0.999941,0.9126927,3950.5
Z-All,BOTorch,14,1,4e-06,0.04,400,1984.902026748657,47.013653,31.818182,44.9583,54.540928,69.967354,44.61561,38.053753,51.166668,74.64789,3.0954084,637.3377,0.80886555,0.6000616,0.73293686,1984.8
Z-All,BOTorch,15,2,4e-06,0.02,800,13930.72336874008,47.525597,30.80808,44.579227,54.6903,69.91295,45.471313,39.49382,55.333332,70.50359,3.6784594,664.7318,0.8628366,0.999941,0.9126927,3950.5
Z-All,BOTorch,16,1,4e-06,0.02,800,3950.601794815064,47.525597,30.80808,44.579227,54.6903,69.91295,45.471313,39.49382,55.333332,70.50359,3.6784594,664.7318,0.8628366,0.999941,0.9126927,3950.5
Z-All,BOTorch,17,1,4e-06,0.01,1200,5941.10203037262,47.61092,31.313131,47.990902,55.108543,69.80414,45.8072,39.4726,55.833332,69.202896,3.7333946,637.97437,1.4598883,0.9153403,1.2618709,5941.0
Z-All,BOTorch,18,0,4e-06,0.04,400,1984.902083492279,47.013653,31.818182,44.9583,54.540928,69.967354,44.61561,38.053753,51.166668,74.64789,3.0954084,637.3377,0.80886555,0.6000616,0.73293686,1984.8
Z-All,BOTorch,19,2,4e-06,0.02,800,13935.726307487486,47.525597,30.80808,44.579227,54.6903,69.91295,45.471313,39.49382,55.333332,70.50359,3.6784594,664.7318,0.8628366,0.999941,0.9126927,3950.5
Z-All,BOTorch,20,0,4e-06,0.02,800,3950.601830816269,47.525597,30.80808,44.579227,54.6903,69.91295,45.471313,39.49382,55.333332,70.50359,3.6784594,664.7318,0.8628366,0.999941,0.9126927,3950.5
Z-All,BOTorch,21,0,4e-06,0.01,1200,5941.101946926117,47.61092,31.313131,47.990902,55.108543,69.80414,45.8072,39.4726,55.833332,69.202896,3.7333946,637.97437,1.4598883,0.9153403,1.2618709,5941.0
Z-All,BOTorch,22,1,4e-06,0.01,1200,5941.102118587494,47.61092,31.313131,47.990902,55.108543,69.80414,45.8072,39.4726,55.833332,69.202896,3.7333946,637.97437,1.4598883,0.9153403,1.2618709,5941.0
Z-All,BOTorch,23,2,4e-06,0.02,800,13930.719316101073,47.525597,30.80808,44.579227,54.6903,69.91295,45.471313,39.49382,55.333332,70.50359,3.6784594,664.7318,0.8628366,0.999941,0.9126927,3950.5
Z-All,BOTorch,24,3,4e-06,0.01,1200,15991.21955833435,47.61092,31.313131,47.990902,55.108543,69.80414,45.8072,39.4726,55.833332,69.202896,3.7333946,637.97437,1.4598883,0.9153403,1.2618709,5941.0
Z-All,CQR,0,7,2e-06,0.02,800,36402.78922472001,46.843002,31.818182,45.943897,54.2621,69.85854,44.291916,37.04083,49.933334,70.20548,1.937317,666.7955,0.3890408,0.11581399,0.2896856,3956.8
Z-All,CQR,1,6,4e-06,0.02,800,33921.190622425085,47.525597,30.80808,44.579227,54.6903,69.91295,45.471313,39.49382,55.333332,70.50359,3.6784594,664.7318,0.8628366,0.999941,0.9126927,3950.5
Z-All,CQR,2,2,4e-06,0.01,1200,15926.219270086289,47.61092,31.313131,47.990902,55.108543,69.80414,45.8072,39.4726,55.833332,69.202896,3.7333946,637.97437,1.4598883,0.9153403,1.2618709,5941.0
Z-All,CQR,3,0,4e-06,0.01,1200,5941.101993894577,47.61092,31.313131,47.990902,55.108543,69.80414,45.8072,39.4726,55.833332,69.202896,3.7333946,637.97437,1.4598883,0.9153403,1.2618709,5941.0
Z-All,CQR,4,4,4e-06,0.01,1200,26051.34066400528,47.61092,31.313131,47.990902,55.108543,69.80414,45.8072,39.4726,55.833332,69.202896,3.7333946,637.97437,1.4598883,0.9153403,1.2618709,5941.0
Z-All,CQR,5,4,4e-06,0.01,1200,25981.339497900008,47.61092,31.313131,47.990902,55.108543,69.80414,45.8072,39.4726,55.833332,69.202896,3.7333946,637.97437,1.4598883,0.9153403,1.2618709,5941.0
Z-All,CQR,6,0,4e-06,0.02,800,3950.604535913468,47.525597,30.80808,44.579227,54.6903,69.91295,45.471313,39.49382,55.333332,70.50359,3.6784594,664.7318,0.8628366,0.999941,0.9126927,3950.5
Z-All,CQR,7,1,4e-06,0.01,1200,5941.102830266953,47.61092,31.313131,47.990902,55.108543,69.80414,45.8072,39.4726,55.833332,69.202896,3.7333946,637.97437,1.4598883,0.9153403,1.2618709,5941.0
Z-All,CQR,8,2,4e-06,0.01,1200,15951.2187710762,47.61092,31.313131,47.990902,55.108543,69.80414,45.8072,39.4726,55.833332,69.202896,3.7333946,637.97437,1.4598883,0.9153403,1.2618709,5941.0
Z-All,CQR,9,0,4e-06,0.01,1200,5941.102076625824,47.61092,31.313131,47.990902,55.108543,69.80414,45.8072,39.4726,55.833332,69.202896,3.7333946,637.97437,1.4598883,0.9153403,1.2618709,5941.0
Z-All,CQR,10,9,4e-06,0.04,400,44451.50453314782,47.013653,31.818182,44.9583,54.540928,69.967354,44.61561,38.053753,51.166668,74.64789,3.0954084,637.3377,0.80886555,0.6000616,0.73293686,1984.8
Z-All,CQR,11,3,4e-06,0.01,1200,15991.219901180266,47.61092,31.313131,47.990902,55.108543,69.80414,45.8072,39.4726,55.833332,69.202896,3.7333946,637.97437,1.4598883,0.9153403,1.2618709,5941.0
Z-All,CQR,12,0,4e-06,0.02,800,3950.601804828644,47.525597,30.80808,44.579227,54.6903,69.91295,45.471313,39.49382,55.333332,70.50359,3.6784594,664.7318,0.8628366,0.999941,0.9126927,3950.5
Z-All,CQR,13,0,4e-06,0.01,1200,5941.101844882965,47.61092,31.313131,47.990902,55.108543,69.80414,45.8072,39.4726,55.833332,69.202896,3.7333946,637.97437,1.4598883,0.9153403,1.2618709,5941.0
Z-All,CQR,14,9,4e-06,0.01,400,44462.04784545899,47.696247,30.30303,47.91509,54.86955,69.69532,45.497406,37.614143,56.3,72.69504,3.6663287,640.5936,1.0202352,1.3034295,1.123215,1980.3
Z-All,CQR,15,5,2e-06,0.01,1400,29344.664834356307,47.013653,33.333332,46.702045,54.381596,69.80414,44.38801,36.606205,51.5,76.59574,2.8577712,666.8164,0.63632333,0.85740006,0.7167149,6879.3
Z-All,CQR,16,9,4e-06,0.01,400,42076.86305508614,47.696247,30.30303,47.91509,54.86955,69.69532,45.497406,37.614143,56.3,72.69504,3.6663287,640.5936,1.0202352,1.3034295,1.123215,1980.3
Z-All,CQR,17,3,4e-06,0.01,1200,15971.21952114105,47.61092,31.313131,47.990902,55.108543,69.80414,45.8072,39.4726,55.833332,69.202896,3.7333946,637.97437,1.4598883,0.9153403,1.2618709,5941.0
Z-All,CQR,18,0,4e-06,0.01,1200,5941.10199508667,47.61092,31.313131,47.990902,55.108543,69.80414,45.8072,39.4726,55.833332,69.202896,3.7333946,637.97437,1.4598883,0.9153403,1.2618709,5941.0
Z-All,CQR,19,6,4e-06,0.01,1200,35986.708952522284,47.61092,31.313131,47.990902,55.108543,69.80414,45.8072,39.4726,55.833332,69.202896,3.7333946,637.97437,1.4598883,0.9153403,1.2618709,5941.0
Z-All,CQR,20,0,4e-06,0.01,1200,5941.10244140625,47.61092,31.313131,47.990902,55.108543,69.80414,45.8072,39.4726,55.833332,69.202896,3.7333946,637.97437,1.4598883,0.9153403,1.2618709,5941.0
Z-All,CQR,21,9,4e-06,0.04,400,44391.50977001191,47.013653,31.818182,44.9583,54.540928,69.967354,44.61561,38.053753,51.166668,74.64789,3.0954084,637.3377,0.80886555,0.6000616,0.73293686,1984.8
Z-All,CQR,22,3,4e-06,0.01,1200,18396.247187709807,47.61092,31.313131,47.990902,55.108543,69.80414,45.8072,39.4726,55.833332,69.202896,3.7333946,637.97437,1.4598883,0.9153403,1.2618709,5941.0
Z-All,CQR,23,0,4e-06,0.01,1200,5941.10207567215,47.61092,31.313131,47.990902,55.108543,69.80414,45.8072,39.4726,55.833332,69.202896,3.7333946,637.97437,1.4598883,0.9153403,1.2618709,5941.0
Z-All,CQR,24,0,4e-06,0.01,1200,5941.102090930939,47.61092,31.313131,47.990902,55.108543,69.80414,45.8072,39.4726,55.833332,69.202896,3.7333946,637.97437,1.4598883,0.9153403,1.2618709,5941.0
Z-All,RandomSearch,0,0,4e-06,0.01,1200,5941.101937866211,47.61092,31.313131,47.990902,55.108543,69.80414,45.8072,39.4726,55.833332,69.202896,3.7333946,637.97437,1.4598883,0.9153403,1.2618709,5941.0
Z-All,RandomSearch,1,7,4e-06,0.01,1200,36021.456933832174,47.61092,31.313131,47.990902,55.108543,69.80414,45.8072,39.4726,55.833332,69.202896,3.7333946,637.97437,1.4598883,0.9153403,1.2618709,5941.0
Z-All,RandomSearch,2,4,2e-06,0.01,1400,26914.637074327467,47.013653,33.333332,46.702045,54.381596,69.80414,44.38801,36.606205,51.5,76.59574,2.8577712,666.8164,0.63632333,0.85740006,0.7167149,6879.3
Z-All,RandomSearch,3,1,4e-06,0.01,1200,5941.101833677292,47.61092,31.313131,47.990902,55.108543,69.80414,45.8072,39.4726,55.833332,69.202896,3.7333946,637.97437,1.4598883,0.9153403,1.2618709,5941.0
Z-All,RandomSearch,4,3,4e-06,0.02,800,14030.721456384656,47.525597,30.80808,44.579227,54.6903,69.91295,45.471313,39.49382,55.333332,70.50359,3.6784594,664.7318,0.8628366,0.999941,0.9126927,3950.5
Z-All,RandomSearch,5,3,4e-06,0.02,800,14000.720301961896,47.525597,30.80808,44.579227,54.6903,69.91295,45.471313,39.49382,55.333332,70.50359,3.6784594,664.7318,0.8628366,0.999941,0.9126927,3950.5
Z-All,RandomSearch,6,5,4e-06,0.01,1200,28426.36487469673,47.61092,31.313131,47.990902,55.108543,69.80414,45.8072,39.4726,55.833332,69.202896,3.7333946,637.97437,1.4598883,0.9153403,1.2618709,5941.0
Z-All,RandomSearch,7,2,4e-06,0.01,1200,15921.2186068058,47.61092,31.313131,47.990902,55.108543,69.80414,45.8072,39.4726,55.833332,69.202896,3.7333946,637.97437,1.4598883,0.9153403,1.2618709,5941.0
Z-All,RandomSearch,8,7,4e-06,0.04,400,32005.25257883072,47.013653,31.818182,44.9583,54.540928,69.967354,44.61561,38.053753,51.166668,74.64789,3.0954084,637.3377,0.80886555,0.6000616,0.73293686,1984.8
Z-All,RandomSearch,9,5,4e-06,0.01,1200,26001.337699747084,47.61092,31.313131,47.990902,55.108543,69.80414,45.8072,39.4726,55.833332,69.202896,3.7333946,637.97437,1.4598883,0.9153403,1.2618709,5941.0
Z-All,RandomSearch,10,9,4e-06,0.01,400,44425.90124044419,47.696247,30.30303,47.91509,54.86955,69.69532,45.497406,37.614143,56.3,72.69504,3.6663287,640.5936,1.0202352,1.3034295,1.123215,1980.3
Z-All,RandomSearch,11,0,4e-06,0.01,1200,5941.101959323883,47.61092,31.313131,47.990902,55.108543,69.80414,45.8072,39.4726,55.833332,69.202896,3.7333946,637.97437,1.4598883,0.9153403,1.2618709,5941.0
Z-All,RandomSearch,12,8,4e-06,0.01,1000,44981.37117514611,47.61092,31.818182,47.460197,55.048794,69.749725,45.75964,40.31564,55.766666,69.71831,3.3536804,651.8001,1.3433414,0.84797436,1.1632079,4950.8
Z-All,RandomSearch,13,2,4e-06,0.04,400,12035.019668436047,47.013653,31.818182,44.9583,54.540928,69.967354,44.61561,38.053753,51.166668,74.64789,3.0954084,637.3377,0.80886555,0.6000616,0.73293686,1984.8
Z-All,RandomSearch,14,7,4e-06,0.01,1200,36011.454938745504,47.61092,31.313131,47.990902,55.108543,69.80414,45.8072,39.4726,55.833332,69.202896,3.7333946,637.97437,1.4598883,0.9153403,1.2618709,5941.0
Z-All,RandomSearch,15,3,4e-06,0.01,1200,16021.219726657866,47.61092,31.313131,47.990902,55.108543,69.80414,45.8072,39.4726,55.833332,69.202896,3.7333946,637.97437,1.4598883,0.9153403,1.2618709,5941.0
Z-All,RandomSearch,16,0,4e-06,0.01,1200,5941.102016067505,47.61092,31.313131,47.990902,55.108543,69.80414,45.8072,39.4726,55.833332,69.202896,3.7333946,637.97437,1.4598883,0.9153403,1.2618709,5941.0
Z-All,RandomSearch,17,3,4e-06,0.01,1200,15971.220119094847,47.61092,31.313131,47.990902,55.108543,69.80414,45.8072,39.4726,55.833332,69.202896,3.7333946,637.97437,1.4598883,0.9153403,1.2618709,5941.0
Z-All,RandomSearch,18,0,4e-06,0.01,1200,5941.10181555748,47.61092,31.313131,47.990902,55.108543,69.80414,45.8072,39.4726,55.833332,69.202896,3.7333946,637.97437,1.4598883,0.9153403,1.2618709,5941.0
Z-All,RandomSearch,19,4,4e-06,0.01,1200,26021.33717403412,47.61092,31.313131,47.990902,55.108543,69.80414,45.8072,39.4726,55.833332,69.202896,3.7333946,637.97437,1.4598883,0.9153403,1.2618709,5941.0
Z-All,RandomSearch,20,3,4e-06,0.02,800,13935.72075805664,47.525597,30.80808,44.579227,54.6903,69.91295,45.471313,39.49382,55.333332,70.50359,3.6784594,664.7318,0.8628366,0.999941,0.9126927,3950.5
Z-All,RandomSearch,21,2,4e-06,0.01,1200,15921.219840383528,47.61092,31.313131,47.990902,55.108543,69.80414,45.8072,39.4726,55.833332,69.202896,3.7333946,637.97437,1.4598883,0.9153403,1.2618709,5941.0
Z-All,RandomSearch,22,7,4e-06,0.01,1200,36001.45442590714,47.61092,31.313131,47.990902,55.108543,69.80414,45.8072,39.4726,55.833332,69.202896,3.7333946,637.97437,1.4598883,0.9153403,1.2618709,5941.0
Z-All,RandomSearch,23,1,4e-06,0.04,400,1984.9020083904263,47.013653,31.818182,44.9583,54.540928,69.967354,44.61561,38.053753,51.166668,74.64789,3.0954084,637.3377,0.80886555,0.6000616,0.73293686,1984.8
Z-All,RandomSearch,24,2,4e-06,0.01,1200,15921.22242245674,47.61092,31.313131,47.990902,55.108543,69.80414,45.8072,39.4726,55.833332,69.202896,3.7333946,637.97437,1.4598883,0.9153403,1.2618709,5941.0
Z-All,TPE,0,3,4e-06,0.02,800,13960.720673418044,47.525597,30.80808,44.579227,54.6903,69.91295,45.471313,39.49382,55.333332,70.50359,3.6784594,664.7318,0.8628366,0.999941,0.9126927,3950.5
Z-All,TPE,1,3,4e-06,0.02,800,16405.747973060606,47.525597,30.80808,44.579227,54.6903,69.91295,45.471313,39.49382,55.333332,70.50359,3.6784594,664.7318,0.8628366,0.999941,0.9126927,3950.5
Z-All,TPE,2,0,4e-06,0.01,1200,5941.101945734024,47.61092,31.313131,47.990902,55.108543,69.80414,45.8072,39.4726,55.833332,69.202896,3.7333946,637.97437,1.4598883,0.9153403,1.2618709,5941.0
Z-All,TPE,3,3,4e-06,0.01,1200,15991.220194911955,47.61092,31.313131,47.990902,55.108543,69.80414,45.8072,39.4726,55.833332,69.202896,3.7333946,637.97437,1.4598883,0.9153403,1.2618709,5941.0
Z-All,TPE,4,5,4e-06,0.02,800,26415.865593528742,47.525597,30.80808,44.579227,54.6903,69.91295,45.471313,39.49382,55.333332,70.50359,3.6784594,664.7318,0.8628366,0.999941,0.9126927,3950.5
Z-All,TPE,5,1,4e-06,0.04,400,1984.9020429611203,47.013653,31.818182,44.9583,54.540928,69.967354,44.61561,38.053753,51.166668,74.64789,3.0954084,637.3377,0.80886555,0.6000616,0.73293686,1984.8
Z-All,TPE,6,5,4e-06,0.01,1200,26001.337319946288,47.61092,31.313131,47.990902,55.108543,69.80414,45.8072,39.4726,55.833332,69.202896,3.7333946,637.97437,1.4598883,0.9153403,1.2618709,5941.0
Z-All,TPE,7,0,4e-06,0.01,1200,5941.101911640168,47.61092,31.313131,47.990902,55.108543,69.80414,45.8072,39.4726,55.833332,69.202896,3.7333946,637.97437,1.4598883,0.9153403,1.2618709,5941.0
Z-All,TPE,8,6,4e-06,0.01,1200,36011.466472721106,47.61092,31.313131,47.990902,55.108543,69.80414,45.8072,39.4726,55.833332,69.202896,3.7333946,637.97437,1.4598883,0.9153403,1.2618709,5941.0
Z-All,TPE,9,4,4e-06,0.01,1200,25981.3365860939,47.61092,31.313131,47.990902,55.108543,69.80414,45.8072,39.4726,55.833332,69.202896,3.7333946,637.97437,1.4598883,0.9153403,1.2618709,5941.0
Z-All,TPE,10,1,4e-06,0.01,1200,5941.108865594864,47.61092,31.313131,47.990902,55.108543,69.80414,45.8072,39.4726,55.833332,69.202896,3.7333946,637.97437,1.4598883,0.9153403,1.2618709,5941.0
Z-All,TPE,11,4,4e-06,0.01,1200,25906.336253499983,47.61092,31.313131,47.990902,55.108543,69.80414,45.8072,39.4726,55.833332,69.202896,3.7333946,637.97437,1.4598883,0.9153403,1.2618709,5941.0
Z-All,TPE,12,3,4e-06,0.02,800,16405.74847564697,47.525597,30.80808,44.579227,54.6903,69.91295,45.471313,39.49382,55.333332,70.50359,3.6784594,664.7318,0.8628366,0.999941,0.9126927,3950.5
Z-All,TPE,13,1,4e-06,0.01,1200,5941.10202202797,47.61092,31.313131,47.990902,55.108543,69.80414,45.8072,39.4726,55.833332,69.202896,3.7333946,637.97437,1.4598883,0.9153403,1.2618709,5941.0
Z-All,TPE,14,8,4e-06,0.01,1000,45091.372605180746,47.61092,31.818182,47.460197,55.048794,69.749725,45.75964,40.31564,55.766666,69.71831,3.3536804,651.8001,1.3433414,0.84797436,1.1632079,4950.8
Z-All,TPE,15,4,4e-06,0.01,1200,26001.339197969435,47.61092,31.313131,47.990902,55.108543,69.80414,45.8072,39.4726,55.833332,69.202896,3.7333946,637.97437,1.4598883,0.9153403,1.2618709,5941.0
Z-All,TPE,16,4,2e-06,0.01,1400,26939.637123680117,47.013653,33.333332,46.702045,54.381596,69.80414,44.38801,36.606205,51.5,76.59574,2.8577712,666.8164,0.63632333,0.85740006,0.7167149,6879.3
Z-All,TPE,17,6,4e-06,0.02,800,33890.95506916047,47.525597,30.80808,44.579227,54.6903,69.91295,45.471313,39.49382,55.333332,70.50359,3.6784594,664.7318,0.8628366,0.999941,0.9126927,3950.5
Z-All,TPE,18,0,4e-06,0.02,800,3950.601894950867,47.525597,30.80808,44.579227,54.6903,69.91295,45.471313,39.49382,55.333332,70.50359,3.6784594,664.7318,0.8628366,0.999941,0.9126927,3950.5
Z-All,TPE,19,4,4e-06,0.01,1200,26006.33707771301,47.61092,31.313131,47.990902,55.108543,69.80414,45.8072,39.4726,55.833332,69.202896,3.7333946,637.97437,1.4598883,0.9153403,1.2618709,5941.0
Z-All,TPE,20,3,4e-06,0.01,1200,16021.220859384535,47.61092,31.313131,47.990902,55.108543,69.80414,45.8072,39.4726,55.833332,69.202896,3.7333946,637.97437,1.4598883,0.9153403,1.2618709,5941.0
Z-All,TPE,21,0,4e-06,0.01,1200,5941.1018918514255,47.61092,31.313131,47.990902,55.108543,69.80414,45.8072,39.4726,55.833332,69.202896,3.7333946,637.97437,1.4598883,0.9153403,1.2618709,5941.0
Z-All,TPE,22,6,4e-06,0.01,1200,38356.48113021851,47.61092,31.313131,47.990902,55.108543,69.80414,45.8072,39.4726,55.833332,69.202896,3.7333946,637.97437,1.4598883,0.9153403,1.2618709,5941.0
Z-All,TPE,23,0,4e-06,0.04,400,1984.901949262619,47.013653,31.818182,44.9583,54.540928,69.967354,44.61561,38.053753,51.166668,74.64789,3.0954084,637.3377,0.80886555,0.6000616,0.73293686,1984.8
Z-All,TPE,24,1,4e-06,0.02,800,3950.602061605454,47.525597,30.80808,44.579227,54.6903,69.91295,45.471313,39.49382,55.333332,70.50359,3.6784594,664.7318,0.8628366,0.999941,0.9126927,3950.5
