search_objective,optimizer,seed,trial_id,lr,beta,dpo_step,st_tuner_time,ARC-C,GPQA,GSM8K,HellaSwag,PIQA,TruthfulQA,IFEval,Arena-Hard,MT-Bench,AlpacaEval,ELO,Z-Static,Z-Dynamic,Z-All,elapsed_time_sec
AlpacaEval,ASHA,0,2,2e-06,0.04,600,12957.420296049117,46.587032,30.80808,43.59363,54.132645,69.749725,43.989105,35.056206,48.966667,67.68707,2.133163,646.8253,-0.044680223,0.010571788,-0.024588583,2947.2
AlpacaEval,ASHA,1,0,2e-06,0.01,1600,7862.102045869828,46.75768,31.818182,45.792267,54.43139,69.749725,44.522556,37.58666,51.733334,70.89041,3.3189597,643.52435,0.42157233,0.6163181,0.49238896,7862.0
AlpacaEval,ASHA,2,2,4e-06,0.01,400,11965.52119169235,47.696247,30.30303,47.91509,54.86955,69.69532,45.497406,37.614143,56.3,72.69504,3.6663287,640.5936,1.0202352,1.3034295,1.123215,1980.3
AlpacaEval,ASHA,3,0,4e-06,0.01,1400,6931.202329492569,47.269623,30.30303,46.777863,55.098587,69.640915,45.974174,39.410152,57.4,65.54054,4.136614,637.5013,0.8624424,0.83451825,0.8522882,6931.1
AlpacaEval,ASHA,4,0,4e-06,0.04,2000,9924.30191001892,46.843002,30.80808,41.091736,54.670383,70.18498,45.25195,38.10872,52.8,76.333336,3.4414222,648.4644,0.3642994,0.7979434,0.5219881,9924.2
AlpacaEval,ASHA,5,0,4e-06,0.02,2031,10029.401904439925,47.35495,31.313131,42.759666,54.670383,69.967354,45.51169,41.617077,54.933334,71.64179,4.0292706,629.97406,0.77976424,0.4768073,0.66959804,10029.3
AlpacaEval,ASHA,6,0,4e-06,0.02,2031,10029.401510095597,47.35495,31.313131,42.759666,54.670383,69.967354,45.51169,41.617077,54.933334,71.64179,4.0292706,629.97406,0.77976424,0.4768073,0.66959804,10029.3
AlpacaEval,ASHA,7,1,4e-06,0.01,1400,6931.202614164353,47.269623,30.30303,46.777863,55.098587,69.640915,45.974174,39.410152,57.4,65.54054,4.136614,637.5013,0.8624424,0.83451825,0.8522882,6931.1
AlpacaEval,ASHA,8,2,4e-06,0.01,400,11990.52401599884,47.696247,30.30303,47.91509,54.86955,69.69532,45.497406,37.614143,56.3,72.69504,3.6663287,640.5936,1.0202352,1.3034295,1.123215,1980.3
AlpacaEval,ASHA,9,0,4e-06,0.01,1400,6931.201848363877,47.269623,30.30303,46.777863,55.098587,69.640915,45.974174,39.410152,57.4,65.54054,4.136614,637.5013,0.8624424,0.83451825,0.8522882,6931.1
AlpacaEval,ASHA,10,0,2e-06,0.02,1600,7913.602453088761,46.672356,31.313131,45.261562,54.291973,69.91295,44.3291,35.8081,50.5,68.83562,2.4486432,621.04706,0.09382815,-0.04120987,0.044723414,7913.5
AlpacaEval,ASHA,11,3,4e-06,0.01,400,12030.520737504958,47.696247,30.30303,47.91509,54.86955,69.69532,45.497406,37.614143,56.3,72.69504,3.6663287,640.5936,1.0202352,1.3034295,1.123215,1980.3
AlpacaEval,ASHA,12,0,4e-06,0.02,2031,10029.403084373473,47.35495,31.313131,42.759666,54.670383,69.967354,45.51169,41.617077,54.933334,71.64179,4.0292706,629.97406,0.77976424,0.4768073,0.66959804,10029.3
AlpacaEval,ASHA,13,0,4e-06,0.01,1400,6931.203020906449,47.269623,30.30303,46.777863,55.098587,69.640915,45.974174,39.410152,57.4,65.54054,4.136614,637.5013,0.8624424,0.83451825,0.8522882,6931.1
AlpacaEval,ASHA,14,1,4e-06,0.02,2031,10029.401954269408,47.35495,31.313131,42.759666,54.670383,69.967354,45.51169,41.617077,54.933334,71.64179,4.0292706,629.97406,0.77976424,0.4768073,0.66959804,10029.3
AlpacaEval,ASHA,15,3,2e-06,0.04,600,12957.423791503905,46.587032,30.80808,43.59363,54.132645,69.749725,43.989105,35.056206,48.966667,67.68707,2.133163,646.8253,-0.044680223,0.010571788,-0.024588583,2947.2
AlpacaEval,ASHA,16,0,2e-06,0.04,1800,8841.6017080307,46.843002,29.292929,44.88249,54.132645,69.640915,44.177185,34.395515,48.8,66.10738,2.9437656,684.69025,-0.3458773,0.42721388,-0.06475323,8841.5
AlpacaEval,ASHA,17,1,4e-06,0.02,2031,10029.401749944684,47.35495,31.313131,42.759666,54.670383,69.967354,45.51169,41.617077,54.933334,71.64179,4.0292706,629.97406,0.77976424,0.4768073,0.66959804,10029.3
AlpacaEval,ASHA,18,0,4e-06,0.01,1400,6931.20196018219,47.269623,30.30303,46.777863,55.098587,69.640915,45.974174,39.410152,57.4,65.54054,4.136614,637.5013,0.8624424,0.83451825,0.8522882,6931.1
AlpacaEval,ASHA,19,3,4e-06,0.04,400,11965.026057100296,47.013653,31.818182,44.9583,54.540928,69.967354,44.61561,38.053753,51.166668,74.64789,3.0954084,637.3377,0.80886555,0.6000616,0.73293686,1984.8
AlpacaEval,ASHA,20,0,4e-06,0.01,1400,6931.20247373581,47.269623,30.30303,46.777863,55.098587,69.640915,45.974174,39.410152,57.4,65.54054,4.136614,637.5013,0.8624424,0.83451825,0.8522882,6931.1
AlpacaEval,ASHA,21,0,2e-06,0.01,1600,7862.102048969269,46.75768,31.818182,45.792267,54.43139,69.749725,44.522556,37.58666,51.733334,70.89041,3.3189597,643.52435,0.42157233,0.6163181,0.49238896,7862.0
AlpacaEval,ASHA,22,0,2e-06,0.01,1600,7862.101817941666,46.75768,31.818182,45.792267,54.43139,69.749725,44.522556,37.58666,51.733334,70.89041,3.3189597,643.52435,0.42157233,0.6163181,0.49238896,7862.0
AlpacaEval,ASHA,23,0,4e-06,0.01,1400,6931.201746797562,47.269623,30.30303,46.777863,55.098587,69.640915,45.974174,39.410152,57.4,65.54054,4.136614,637.5013,0.8624424,0.83451825,0.8522882,6931.1
AlpacaEval,ASHA,24,0,4e-06,0.01,1400,6931.202231264115,47.269623,30.30303,46.777863,55.098587,69.640915,45.974174,39.410152,57.4,65.54054,4.136614,637.5013,0.8624424,0.83451825,0.8522882,6931.1
AlpacaEval,BOHB,0,2,2e-06,0.04,600,12957.426625108716,46.587032,30.80808,43.59363,54.132645,69.749725,43.989105,35.056206,48.966667,67.68707,2.133163,646.8253,-0.044680223,0.010571788,-0.024588583,2947.2
AlpacaEval,BOHB,1,0,2e-06,0.01,1600,7862.101845598221,46.75768,31.818182,45.792267,54.43139,69.749725,44.522556,37.58666,51.733334,70.89041,3.3189597,643.52435,0.42157233,0.6163181,0.49238896,7862.0
AlpacaEval,BOHB,2,2,4e-06,0.01,400,11965.545474624632,47.696247,30.30303,47.91509,54.86955,69.69532,45.497406,37.614143,56.3,72.69504,3.6663287,640.5936,1.0202352,1.3034295,1.123215,1980.3
AlpacaEval,BOHB,3,0,4e-06,0.01,1400,6931.202288961411,47.269623,30.30303,46.777863,55.098587,69.640915,45.974174,39.410152,57.4,65.54054,4.136614,637.5013,0.8624424,0.83451825,0.8522882,6931.1
AlpacaEval,BOHB,4,0,4e-06,0.04,2000,9924.302013015746,46.843002,30.80808,41.091736,54.670383,70.18498,45.25195,38.10872,52.8,76.333336,3.4414222,648.4644,0.3642994,0.7979434,0.5219881,9924.2
AlpacaEval,BOHB,5,0,4e-06,0.02,2031,10029.401580905913,47.35495,31.313131,42.759666,54.670383,69.967354,45.51169,41.617077,54.933334,71.64179,4.0292706,629.97406,0.77976424,0.4768073,0.66959804,10029.3
AlpacaEval,BOHB,6,0,4e-06,0.02,2031,10029.402128076552,47.35495,31.313131,42.759666,54.670383,69.967354,45.51169,41.617077,54.933334,71.64179,4.0292706,629.97406,0.77976424,0.4768073,0.66959804,10029.3
AlpacaEval,BOHB,7,1,4e-06,0.01,1400,6931.202348327637,47.269623,30.30303,46.777863,55.098587,69.640915,45.974174,39.410152,57.4,65.54054,4.136614,637.5013,0.8624424,0.83451825,0.8522882,6931.1
AlpacaEval,BOHB,8,2,4e-06,0.01,400,11990.520642614363,47.696247,30.30303,47.91509,54.86955,69.69532,45.497406,37.614143,56.3,72.69504,3.6663287,640.5936,1.0202352,1.3034295,1.123215,1980.3
AlpacaEval,BOHB,9,0,4e-06,0.01,1400,6931.202260112763,47.269623,30.30303,46.777863,55.098587,69.640915,45.974174,39.410152,57.4,65.54054,4.136614,637.5013,0.8624424,0.83451825,0.8522882,6931.1
AlpacaEval,BOHB,10,0,2e-06,0.02,1600,7913.602173900605,46.672356,31.313131,45.261562,54.291973,69.91295,44.3291,35.8081,50.5,68.83562,2.4486432,621.04706,0.09382815,-0.04120987,0.044723414,7913.5
AlpacaEval,BOHB,11,3,4e-06,0.01,400,12030.523557996748,47.696247,30.30303,47.91509,54.86955,69.69532,45.497406,37.614143,56.3,72.69504,3.6663287,640.5936,1.0202352,1.3034295,1.123215,1980.3
AlpacaEval,BOHB,12,0,4e-06,0.02,2031,10029.401852703091,47.35495,31.313131,42.759666,54.670383,69.967354,45.51169,41.617077,54.933334,71.64179,4.0292706,629.97406,0.77976424,0.4768073,0.66959804,10029.3
AlpacaEval,BOHB,13,0,4e-06,0.01,1400,6931.202261781693,47.269623,30.30303,46.777863,55.098587,69.640915,45.974174,39.410152,57.4,65.54054,4.136614,637.5013,0.8624424,0.83451825,0.8522882,6931.1
AlpacaEval,BOHB,14,1,4e-06,0.02,2031,10029.402086830138,47.35495,31.313131,42.759666,54.670383,69.967354,45.51169,41.617077,54.933334,71.64179,4.0292706,629.97406,0.77976424,0.4768073,0.66959804,10029.3
AlpacaEval,BOHB,15,3,2e-06,0.04,600,12957.420521593092,46.587032,30.80808,43.59363,54.132645,69.749725,43.989105,35.056206,48.966667,67.68707,2.133163,646.8253,-0.044680223,0.010571788,-0.024588583,2947.2
AlpacaEval,BOHB,16,0,2e-06,0.04,1800,8841.602131462096,46.843002,29.292929,44.88249,54.132645,69.640915,44.177185,34.395515,48.8,66.10738,2.9437656,684.69025,-0.3458773,0.42721388,-0.06475323,8841.5
AlpacaEval,BOHB,17,1,4e-06,0.02,2031,10029.401779747008,47.35495,31.313131,42.759666,54.670383,69.967354,45.51169,41.617077,54.933334,71.64179,4.0292706,629.97406,0.77976424,0.4768073,0.66959804,10029.3
AlpacaEval,BOHB,18,0,4e-06,0.01,1400,6931.20199213028,47.269623,30.30303,46.777863,55.098587,69.640915,45.974174,39.410152,57.4,65.54054,4.136614,637.5013,0.8624424,0.83451825,0.8522882,6931.1
AlpacaEval,BOHB,19,3,4e-06,0.04,400,11965.021798944472,47.013653,31.818182,44.9583,54.540928,69.967354,44.61561,38.053753,51.166668,74.64789,3.0954084,637.3377,0.80886555,0.6000616,0.73293686,1984.8
AlpacaEval,BOHB,20,0,4e-06,0.01,1400,6931.202064371109,47.269623,30.30303,46.777863,55.098587,69.640915,45.974174,39.410152,57.4,65.54054,4.136614,637.5013,0.8624424,0.83451825,0.8522882,6931.1
AlpacaEval,BOHB,21,0,2e-06,0.01,1600,7862.102286195755,46.75768,31.818182,45.792267,54.43139,69.749725,44.522556,37.58666,51.733334,70.89041,3.3189597,643.52435,0.42157233,0.6163181,0.49238896,7862.0
AlpacaEval,BOHB,22,0,2e-06,0.01,1600,7862.102029180527,46.75768,31.818182,45.792267,54.43139,69.749725,44.522556,37.58666,51.733334,70.89041,3.3189597,643.52435,0.42157233,0.6163181,0.49238896,7862.0
AlpacaEval,BOHB,23,0,4e-06,0.01,1400,6931.2019923686985,47.269623,30.30303,46.777863,55.098587,69.640915,45.974174,39.410152,57.4,65.54054,4.136614,637.5013,0.8624424,0.83451825,0.8522882,6931.1
AlpacaEval,BOHB,24,0,4e-06,0.01,1400,6931.201681232453,47.269623,30.30303,46.777863,55.098587,69.640915,45.974174,39.410152,57.4,65.54054,4.136614,637.5013,0.8624424,0.83451825,0.8522882,6931.1
AlpacaEval,BOTorch,0,0,4e-06,0.02,2031,10029.401468133923,47.35495,31.313131,42.759666,54.670383,69.967354,45.51169,41.617077,54.933334,71.64179,4.0292706,629.97406,0.77976424,0.4768073,0.66959804,10029.3
AlpacaEval,BOTorch,1,0,4e-06,0.02,2031,10029.413188314436,47.35495,31.313131,42.759666,54.670383,69.967354,45.51169,41.617077,54.933334,71.64179,4.0292706,629.97406,0.77976424,0.4768073,0.66959804,10029.3
AlpacaEval,BOTorch,2,2,4e-06,0.04,400,11965.020108079909,47.013653,31.818182,44.9583,54.540928,69.967354,44.61561,38.053753,51.166668,74.64789,3.0954084,637.3377,0.80886555,0.6000616,0.73293686,1984.8
AlpacaEval,BOTorch,3,2,4e-06,0.01,400,11965.520640230176,47.696247,30.30303,47.91509,54.86955,69.69532,45.497406,37.614143,56.3,72.69504,3.6663287,640.5936,1.0202352,1.3034295,1.123215,1980.3
AlpacaEval,BOTorch,4,2,4e-06,0.04,400,11970.019402122496,47.013653,31.818182,44.9583,54.540928,69.967354,44.61561,38.053753,51.166668,74.64789,3.0954084,637.3377,0.80886555,0.6000616,0.73293686,1984.8
AlpacaEval,BOTorch,5,1,1e-06,0.02,1600,7883.802635288239,46.33106,31.818182,42.380592,53.863773,69.26006,43.32122,33.127823,48.4,61.589405,1.8400958,605.22235,-0.90749556,-0.91648394,-0.91076404,7883.7
AlpacaEval,BOTorch,6,2,4e-06,0.01,400,11960.520719385146,47.696247,30.30303,47.91509,54.86955,69.69532,45.497406,37.614143,56.3,72.69504,3.6663287,640.5936,1.0202352,1.3034295,1.123215,1980.3
AlpacaEval,BOTorch,7,1,4e-06,0.01,1400,6931.202163076401,47.269623,30.30303,46.777863,55.098587,69.640915,45.974174,39.410152,57.4,65.54054,4.136614,637.5013,0.8624424,0.83451825,0.8522882,6931.1
AlpacaEval,BOTorch,8,2,4e-06,0.02,400,11985.420091485976,47.35495,30.80808,46.702045,54.670383,69.42329,45.070538,36.74484,54.0,69.93007,3.1017833,658.6331,0.5689868,1.0204924,0.7331706,1975.2
AlpacaEval,BOTorch,9,0,4e-06,0.02,2031,10029.4015794754,47.35495,31.313131,42.759666,54.670383,69.967354,45.51169,41.617077,54.933334,71.64179,4.0292706,629.97406,0.77976424,0.4768073,0.66959804,10029.3
AlpacaEval,BOTorch,10,0,4e-06,0.02,2031,10029.40148220062,47.35495,31.313131,42.759666,54.670383,69.967354,45.51169,41.617077,54.933334,71.64179,4.0292706,629.97406,0.77976424,0.4768073,0.66959804,10029.3
AlpacaEval,BOTorch,11,1,4e-06,0.01,1400,6931.202102518082,47.269623,30.30303,46.777863,55.098587,69.640915,45.974174,39.410152,57.4,65.54054,4.136614,637.5013,0.8624424,0.83451825,0.8522882,6931.1
AlpacaEval,BOTorch,12,0,4e-06,0.02,2031,10029.401348924635,47.35495,31.313131,42.759666,54.670383,69.967354,45.51169,41.617077,54.933334,71.64179,4.0292706,629.97406,0.77976424,0.4768073,0.66959804,10029.3
AlpacaEval,BOTorch,13,0,2e-06,0.01,1600,7862.101614809037,46.75768,31.818182,45.792267,54.43139,69.749725,44.522556,37.58666,51.733334,70.89041,3.3189597,643.52435,0.42157233,0.6163181,0.49238896,7862.0
AlpacaEval,BOTorch,14,0,2e-06,0.01,1600,7862.102232551575,46.75768,31.818182,45.792267,54.43139,69.749725,44.522556,37.58666,51.733334,70.89041,3.3189597,643.52435,0.42157233,0.6163181,0.49238896,7862.0
AlpacaEval,BOTorch,15,3,4e-06,0.01,400,12030.521292304991,47.696247,30.30303,47.91509,54.86955,69.69532,45.497406,37.614143,56.3,72.69504,3.6663287,640.5936,1.0202352,1.3034295,1.123215,1980.3
AlpacaEval,BOTorch,16,0,1e-06,0.01,1800,11035.301876640318,46.33106,31.818182,43.59363,53.784107,69.15125,43.21803,33.245235,50.733334,60.472973,1.6288669,600.20374,-0.78458786,-1.0350674,-0.8756713,11035.2
AlpacaEval,BOTorch,17,2,4e-06,0.04,400,11965.019714212416,47.013653,31.818182,44.9583,54.540928,69.967354,44.61561,38.053753,51.166668,74.64789,3.0954084,637.3377,0.80886555,0.6000616,0.73293686,1984.8
AlpacaEval,BOTorch,18,0,4e-06,0.01,1400,6931.202113723755,47.269623,30.30303,46.777863,55.098587,69.640915,45.974174,39.410152,57.4,65.54054,4.136614,637.5013,0.8624424,0.83451825,0.8522882,6931.1
AlpacaEval,BOTorch,19,1,1e-06,0.02,1600,7883.8018699646,46.33106,31.818182,42.380592,53.863773,69.26006,43.32122,33.127823,48.4,61.589405,1.8400958,605.22235,-0.90749556,-0.91648394,-0.91076404,7883.7
AlpacaEval,BOTorch,20,2,4e-06,0.01,400,11960.519540405272,47.696247,30.30303,47.91509,54.86955,69.69532,45.497406,37.614143,56.3,72.69504,3.6663287,640.5936,1.0202352,1.3034295,1.123215,1980.3
AlpacaEval,BOTorch,21,1,2e-06,0.04,1800,8841.602166271208,46.843002,29.292929,44.88249,54.132645,69.640915,44.177185,34.395515,48.8,66.10738,2.9437656,684.69025,-0.3458773,0.42721388,-0.06475323,8841.5
AlpacaEval,BOTorch,22,3,4e-06,0.04,400,11995.02641019821,47.013653,31.818182,44.9583,54.540928,69.967354,44.61561,38.053753,51.166668,74.64789,3.0954084,637.3377,0.80886555,0.6000616,0.73293686,1984.8
AlpacaEval,BOTorch,23,0,4e-06,0.02,2031,10029.40181455612,47.35495,31.313131,42.759666,54.670383,69.967354,45.51169,41.617077,54.933334,71.64179,4.0292706,629.97406,0.77976424,0.4768073,0.66959804,10029.3
AlpacaEval,BOTorch,24,1,4e-06,0.02,2031,10029.40219697952,47.35495,31.313131,42.759666,54.670383,69.967354,45.51169,41.617077,54.933334,71.64179,4.0292706,629.97406,0.77976424,0.4768073,0.66959804,10029.3
AlpacaEval,CQR,0,2,2e-06,0.04,600,12957.418712234496,46.587032,30.80808,43.59363,54.132645,69.749725,43.989105,35.056206,48.966667,67.68707,2.133163,646.8253,-0.044680223,0.010571788,-0.024588583,2947.2
AlpacaEval,CQR,1,0,2e-06,0.01,1600,7862.102010345459,46.75768,31.818182,45.792267,54.43139,69.749725,44.522556,37.58666,51.733334,70.89041,3.3189597,643.52435,0.42157233,0.6163181,0.49238896,7862.0
AlpacaEval,CQR,2,2,4e-06,0.01,400,11965.5215593338,47.696247,30.30303,47.91509,54.86955,69.69532,45.497406,37.614143,56.3,72.69504,3.6663287,640.5936,1.0202352,1.3034295,1.123215,1980.3
AlpacaEval,CQR,3,0,4e-06,0.01,1400,6931.201752519608,47.269623,30.30303,46.777863,55.098587,69.640915,45.974174,39.410152,57.4,65.54054,4.136614,637.5013,0.8624424,0.83451825,0.8522882,6931.1
AlpacaEval,CQR,4,0,4e-06,0.04,2000,9924.302203750609,46.843002,30.80808,41.091736,54.670383,70.18498,45.25195,38.10872,52.8,76.333336,3.4414222,648.4644,0.3642994,0.7979434,0.5219881,9924.2
AlpacaEval,CQR,5,0,4e-06,0.02,2031,10029.401647901534,47.35495,31.313131,42.759666,54.670383,69.967354,45.51169,41.617077,54.933334,71.64179,4.0292706,629.97406,0.77976424,0.4768073,0.66959804,10029.3
AlpacaEval,CQR,6,0,4e-06,0.02,2031,10029.40190181732,47.35495,31.313131,42.759666,54.670383,69.967354,45.51169,41.617077,54.933334,71.64179,4.0292706,629.97406,0.77976424,0.4768073,0.66959804,10029.3
AlpacaEval,CQR,7,1,4e-06,0.01,1400,6931.202115392685,47.269623,30.30303,46.777863,55.098587,69.640915,45.974174,39.410152,57.4,65.54054,4.136614,637.5013,0.8624424,0.83451825,0.8522882,6931.1
AlpacaEval,CQR,8,2,4e-06,0.01,400,11990.53095731735,47.696247,30.30303,47.91509,54.86955,69.69532,45.497406,37.614143,56.3,72.69504,3.6663287,640.5936,1.0202352,1.3034295,1.123215,1980.3
AlpacaEval,CQR,9,0,4e-06,0.01,1400,6931.20181927681,47.269623,30.30303,46.777863,55.098587,69.640915,45.974174,39.410152,57.4,65.54054,4.136614,637.5013,0.8624424,0.83451825,0.8522882,6931.1
AlpacaEval,CQR,10,0,2e-06,0.02,1600,7913.602796411515,46.672356,31.313131,45.261562,54.291973,69.91295,44.3291,35.8081,50.5,68.83562,2.4486432,621.04706,0.09382815,-0.04120987,0.044723414,7913.5
AlpacaEval,CQR,11,3,4e-06,0.01,400,12030.522691583632,47.696247,30.30303,47.91509,54.86955,69.69532,45.497406,37.614143,56.3,72.69504,3.6663287,640.5936,1.0202352,1.3034295,1.123215,1980.3
AlpacaEval,CQR,12,0,4e-06,0.02,2031,10029.401753759385,47.35495,31.313131,42.759666,54.670383,69.967354,45.51169,41.617077,54.933334,71.64179,4.0292706,629.97406,0.77976424,0.4768073,0.66959804,10029.3
AlpacaEval,CQR,13,0,4e-06,0.01,1400,6931.2024518013,47.269623,30.30303,46.777863,55.098587,69.640915,45.974174,39.410152,57.4,65.54054,4.136614,637.5013,0.8624424,0.83451825,0.8522882,6931.1
AlpacaEval,CQR,14,1,4e-06,0.02,2031,10029.402097797392,47.35495,31.313131,42.759666,54.670383,69.967354,45.51169,41.617077,54.933334,71.64179,4.0292706,629.97406,0.77976424,0.4768073,0.66959804,10029.3
AlpacaEval,CQR,15,0,1e-06,0.02,1600,7883.801983690262,46.33106,31.818182,42.380592,53.863773,69.26006,43.32122,33.127823,48.4,61.589405,1.8400958,605.22235,-0.90749556,-0.91648394,-0.91076404,7883.7
AlpacaEval,CQR,16,0,2e-06,0.04,1800,8841.602046108244,46.843002,29.292929,44.88249,54.132645,69.640915,44.177185,34.395515,48.8,66.10738,2.9437656,684.69025,-0.3458773,0.42721388,-0.06475323,8841.5
AlpacaEval,CQR,17,1,4e-06,0.02,2031,10029.401675796507,47.35495,31.313131,42.759666,54.670383,69.967354,45.51169,41.617077,54.933334,71.64179,4.0292706,629.97406,0.77976424,0.4768073,0.66959804,10029.3
AlpacaEval,CQR,18,0,4e-06,0.01,1400,6931.202739810944,47.269623,30.30303,46.777863,55.098587,69.640915,45.974174,39.410152,57.4,65.54054,4.136614,637.5013,0.8624424,0.83451825,0.8522882,6931.1
AlpacaEval,CQR,19,3,4e-06,0.04,400,11965.01991138458,47.013653,31.818182,44.9583,54.540928,69.967354,44.61561,38.053753,51.166668,74.64789,3.0954084,637.3377,0.80886555,0.6000616,0.73293686,1984.8
AlpacaEval,CQR,20,0,4e-06,0.01,1400,6931.202415800095,47.269623,30.30303,46.777863,55.098587,69.640915,45.974174,39.410152,57.4,65.54054,4.136614,637.5013,0.8624424,0.83451825,0.8522882,6931.1
AlpacaEval,CQR,21,0,2e-06,0.01,1600,7862.102327919007,46.75768,31.818182,45.792267,54.43139,69.749725,44.522556,37.58666,51.733334,70.89041,3.3189597,643.52435,0.42157233,0.6163181,0.49238896,7862.0
AlpacaEval,CQR,22,0,2e-06,0.01,1600,7862.10167965889,46.75768,31.818182,45.792267,54.43139,69.749725,44.522556,37.58666,51.733334,70.89041,3.3189597,643.52435,0.42157233,0.6163181,0.49238896,7862.0
AlpacaEval,CQR,23,0,4e-06,0.01,1400,6931.202086782456,47.269623,30.30303,46.777863,55.098587,69.640915,45.974174,39.410152,57.4,65.54054,4.136614,637.5013,0.8624424,0.83451825,0.8522882,6931.1
AlpacaEval,CQR,24,0,4e-06,0.01,1400,6931.201921319962,47.269623,30.30303,46.777863,55.098587,69.640915,45.974174,39.410152,57.4,65.54054,4.136614,637.5013,0.8624424,0.83451825,0.8522882,6931.1
AlpacaEval,RandomSearch,0,0,4e-06,0.01,1400,6931.201999044419,47.269623,30.30303,46.777863,55.098587,69.640915,45.974174,39.410152,57.4,65.54054,4.136614,637.5013,0.8624424,0.83451825,0.8522882,6931.1
AlpacaEval,RandomSearch,1,1,4e-06,0.04,2000,9924.302297687527,46.843002,30.80808,41.091736,54.670383,70.18498,45.25195,38.10872,52.8,76.333336,3.4414222,648.4644,0.3642994,0.7979434,0.5219881,9924.2
AlpacaEval,RandomSearch,2,0,2e-06,0.04,1800,8841.601801013945,46.843002,29.292929,44.88249,54.132645,69.640915,44.177185,34.395515,48.8,66.10738,2.9437656,684.69025,-0.3458773,0.42721388,-0.06475323,8841.5
AlpacaEval,RandomSearch,3,0,4e-06,0.01,1400,6931.202193117142,47.269623,30.30303,46.777863,55.098587,69.640915,45.974174,39.410152,57.4,65.54054,4.136614,637.5013,0.8624424,0.83451825,0.8522882,6931.1
AlpacaEval,RandomSearch,4,3,4e-06,0.02,600,12948.11894211769,47.440273,27.777779,45.716454,54.63055,69.42329,45.301453,41.90808,55.266666,79.13669,3.3298798,644.28986,0.36426777,1.39163,0.737854,2962.9
AlpacaEval,RandomSearch,5,1,4e-06,0.01,1400,6931.201851940155,47.269623,30.30303,46.777863,55.098587,69.640915,45.974174,39.410152,57.4,65.54054,4.136614,637.5013,0.8624424,0.83451825,0.8522882,6931.1
AlpacaEval,RandomSearch,6,1,4e-06,0.01,1400,6931.202199792862,47.269623,30.30303,46.777863,55.098587,69.640915,45.974174,39.410152,57.4,65.54054,4.136614,637.5013,0.8624424,0.83451825,0.8522882,6931.1
AlpacaEval,RandomSearch,7,0,2e-06,0.04,1800,8841.601778841017,46.843002,29.292929,44.88249,54.132645,69.640915,44.177185,34.395515,48.8,66.10738,2.9437656,684.69025,-0.3458773,0.42721388,-0.06475323,8841.5
AlpacaEval,RandomSearch,8,1,4e-06,0.01,1400,6931.202237701416,47.269623,30.30303,46.777863,55.098587,69.640915,45.974174,39.410152,57.4,65.54054,4.136614,637.5013,0.8624424,0.83451825,0.8522882,6931.1
AlpacaEval,RandomSearch,9,0,2e-06,0.01,1600,7862.101897573471,46.75768,31.818182,45.792267,54.43139,69.749725,44.522556,37.58666,51.733334,70.89041,3.3189597,643.52435,0.42157233,0.6163181,0.49238896,7862.0
AlpacaEval,RandomSearch,10,0,4e-06,0.02,2031,10029.401551818846,47.35495,31.313131,42.759666,54.670383,69.967354,45.51169,41.617077,54.933334,71.64179,4.0292706,629.97406,0.77976424,0.4768073,0.66959804,10029.3
AlpacaEval,RandomSearch,11,1,1e-06,0.04,200,983.3022740840912,46.075085,31.313131,42.304775,53.535152,69.26006,43.090527,33.91468,48.733334,57.71812,1.9184241,608.57355,-0.47897562,-0.37244752,-0.44023812,983.2
AlpacaEval,RandomSearch,12,0,4e-06,0.02,2031,10029.401611185072,47.35495,31.313131,42.759666,54.670383,69.967354,45.51169,41.617077,54.933334,71.64179,4.0292706,629.97406,0.77976424,0.4768073,0.66959804,10029.3
AlpacaEval,RandomSearch,13,1,4e-06,0.02,2031,10029.40173587799,47.35495,31.313131,42.759666,54.670383,69.967354,45.51169,41.617077,54.933334,71.64179,4.0292706,629.97406,0.77976424,0.4768073,0.66959804,10029.3
AlpacaEval,RandomSearch,14,1,1e-06,0.04,200,983.3018773555756,46.075085,31.313131,42.304775,53.535152,69.26006,43.090527,33.91468,48.733334,57.71812,1.9184241,608.57355,-0.47897562,-0.37244752,-0.44023812,983.2
AlpacaEval,RandomSearch,15,0,2e-06,0.04,1800,8841.601963615416,46.843002,29.292929,44.88249,54.132645,69.640915,44.177185,34.395515,48.8,66.10738,2.9437656,684.69025,-0.3458773,0.42721388,-0.06475323,8841.5
AlpacaEval,RandomSearch,16,1,2e-06,0.04,1800,8841.602040624617,46.843002,29.292929,44.88249,54.132645,69.640915,44.177185,34.395515,48.8,66.10738,2.9437656,684.69025,-0.3458773,0.42721388,-0.06475323,8841.5
AlpacaEval,RandomSearch,17,0,2e-06,0.02,1600,7913.601594543457,46.672356,31.313131,45.261562,54.291973,69.91295,44.3291,35.8081,50.5,68.83562,2.4486432,621.04706,0.09382815,-0.04120987,0.044723414,7913.5
AlpacaEval,RandomSearch,18,3,4e-06,0.02,400,11985.41922483444,47.35495,30.80808,46.702045,54.670383,69.42329,45.070538,36.74484,54.0,69.93007,3.1017833,658.6331,0.5689868,1.0204924,0.7331706,1975.2
AlpacaEval,RandomSearch,19,1,2e-06,0.01,1600,7862.101983880997,46.75768,31.818182,45.792267,54.43139,69.749725,44.522556,37.58666,51.733334,70.89041,3.3189597,643.52435,0.42157233,0.6163181,0.49238896,7862.0
AlpacaEval,RandomSearch,20,2,4e-06,0.04,400,11965.019252634049,47.013653,31.818182,44.9583,54.540928,69.967354,44.61561,38.053753,51.166668,74.64789,3.0954084,637.3377,0.80886555,0.6000616,0.73293686,1984.8
AlpacaEval,RandomSearch,21,0,2e-06,0.02,1600,7913.601706361771,46.672356,31.313131,45.261562,54.291973,69.91295,44.3291,35.8081,50.5,68.83562,2.4486432,621.04706,0.09382815,-0.04120987,0.044723414,7913.5
AlpacaEval,RandomSearch,22,0,4e-06,0.04,2000,9924.302096462248,46.843002,30.80808,41.091736,54.670383,70.18498,45.25195,38.10872,52.8,76.333336,3.4414222,648.4644,0.3642994,0.7979434,0.5219881,9924.2
AlpacaEval,RandomSearch,23,0,4e-06,0.04,2000,9924.30189666748,46.843002,30.80808,41.091736,54.670383,70.18498,45.25195,38.10872,52.8,76.333336,3.4414222,648.4644,0.3642994,0.7979434,0.5219881,9924.2
AlpacaEval,RandomSearch,24,1,2e-06,0.01,1600,7862.101696586609,46.75768,31.818182,45.792267,54.43139,69.749725,44.522556,37.58666,51.733334,70.89041,3.3189597,643.52435,0.42157233,0.6163181,0.49238896,7862.0
AlpacaEval,TPE,0,1,4e-06,0.04,2000,9924.30214986801,46.843002,30.80808,41.091736,54.670383,70.18498,45.25195,38.10872,52.8,76.333336,3.4414222,648.4644,0.3642994,0.7979434,0.5219881,9924.2
AlpacaEval,TPE,1,2,4e-06,0.02,400,11955.418612813948,47.35495,30.80808,46.702045,54.670383,69.42329,45.070538,36.74484,54.0,69.93007,3.1017833,658.6331,0.5689868,1.0204924,0.7331706,1975.2
AlpacaEval,TPE,2,0,2e-06,0.02,1600,7913.602112865448,46.672356,31.313131,45.261562,54.291973,69.91295,44.3291,35.8081,50.5,68.83562,2.4486432,621.04706,0.09382815,-0.04120987,0.044723414,7913.5
AlpacaEval,TPE,3,0,2e-06,0.04,1800,8841.60264072418,46.843002,29.292929,44.88249,54.132645,69.640915,44.177185,34.395515,48.8,66.10738,2.9437656,684.69025,-0.3458773,0.42721388,-0.06475323,8841.5
AlpacaEval,TPE,4,0,4e-06,0.02,2031,10029.402314043044,47.35495,31.313131,42.759666,54.670383,69.967354,45.51169,41.617077,54.933334,71.64179,4.0292706,629.97406,0.77976424,0.4768073,0.66959804,10029.3
AlpacaEval,TPE,5,0,2e-06,0.04,1800,8841.602383947371,46.843002,29.292929,44.88249,54.132645,69.640915,44.177185,34.395515,48.8,66.10738,2.9437656,684.69025,-0.3458773,0.42721388,-0.06475323,8841.5
AlpacaEval,TPE,6,1,4e-06,0.01,1400,6931.202212429047,47.269623,30.30303,46.777863,55.098587,69.640915,45.974174,39.410152,57.4,65.54054,4.136614,637.5013,0.8624424,0.83451825,0.8522882,6931.1
AlpacaEval,TPE,7,1,2e-06,0.04,1800,8841.602250194548,46.843002,29.292929,44.88249,54.132645,69.640915,44.177185,34.395515,48.8,66.10738,2.9437656,684.69025,-0.3458773,0.42721388,-0.06475323,8841.5
AlpacaEval,TPE,8,3,4e-06,0.02,400,12025.420012331007,47.35495,30.80808,46.702045,54.670383,69.42329,45.070538,36.74484,54.0,69.93007,3.1017833,658.6331,0.5689868,1.0204924,0.7331706,1975.2
AlpacaEval,TPE,9,2,4e-06,0.02,600,12943.119859313963,47.440273,27.777779,45.716454,54.63055,69.42329,45.301453,41.90808,55.266666,79.13669,3.3298798,644.28986,0.36426777,1.39163,0.737854,2962.9
AlpacaEval,TPE,10,0,4e-06,0.02,2031,10029.40180621147,47.35495,31.313131,42.759666,54.670383,69.967354,45.51169,41.617077,54.933334,71.64179,4.0292706,629.97406,0.77976424,0.4768073,0.66959804,10029.3
AlpacaEval,TPE,11,1,2e-06,0.04,1800,8841.602399921416,46.843002,29.292929,44.88249,54.132645,69.640915,44.177185,34.395515,48.8,66.10738,2.9437656,684.69025,-0.3458773,0.42721388,-0.06475323,8841.5
AlpacaEval,TPE,12,0,4e-06,0.04,2000,9924.30199561119,46.843002,30.80808,41.091736,54.670383,70.18498,45.25195,38.10872,52.8,76.333336,3.4414222,648.4644,0.3642994,0.7979434,0.5219881,9924.2
AlpacaEval,TPE,13,1,4e-06,0.01,1400,6931.203275537491,47.269623,30.30303,46.777863,55.098587,69.640915,45.974174,39.410152,57.4,65.54054,4.136614,637.5013,0.8624424,0.83451825,0.8522882,6931.1
AlpacaEval,TPE,14,2,4e-06,0.02,600,12948.118701314925,47.440273,27.777779,45.716454,54.63055,69.42329,45.301453,41.90808,55.266666,79.13669,3.3298798,644.28986,0.36426777,1.39163,0.737854,2962.9
AlpacaEval,TPE,15,3,4e-06,0.01,400,11990.520246124266,47.696247,30.30303,47.91509,54.86955,69.69532,45.497406,37.614143,56.3,72.69504,3.6663287,640.5936,1.0202352,1.3034295,1.123215,1980.3
AlpacaEval,TPE,16,2,2e-06,0.01,400,11950.718371248244,46.672356,32.82828,45.337376,54.152557,69.58651,43.600018,32.16488,49.1,70.62937,2.0617845,624.9962,0.03940407,-0.23802409,-0.0614789,1965.5
AlpacaEval,TPE,17,0,4e-06,0.04,2000,9924.302188730238,46.843002,30.80808,41.091736,54.670383,70.18498,45.25195,38.10872,52.8,76.333336,3.4414222,648.4644,0.3642994,0.7979434,0.5219881,9924.2
AlpacaEval,TPE,18,0,1e-06,0.04,200,983.3017939090728,46.075085,31.313131,42.304775,53.535152,69.26006,43.090527,33.91468,48.733334,57.71812,1.9184241,608.57355,-0.47897562,-0.37244752,-0.44023812,983.2
AlpacaEval,TPE,19,0,4e-06,0.04,2000,9924.302525138854,46.843002,30.80808,41.091736,54.670383,70.18498,45.25195,38.10872,52.8,76.333336,3.4414222,648.4644,0.3642994,0.7979434,0.5219881,9924.2
AlpacaEval,TPE,20,3,4e-06,0.02,600,13013.119845008849,47.440273,27.777779,45.716454,54.63055,69.42329,45.301453,41.90808,55.266666,79.13669,3.3298798,644.28986,0.36426777,1.39163,0.737854,2962.9
AlpacaEval,TPE,21,1,4e-06,0.01,1400,6931.201768493653,47.269623,30.30303,46.777863,55.098587,69.640915,45.974174,39.410152,57.4,65.54054,4.136614,637.5013,0.8624424,0.83451825,0.8522882,6931.1
AlpacaEval,TPE,22,0,4e-06,0.04,2000,9924.30269203186,46.843002,30.80808,41.091736,54.670383,70.18498,45.25195,38.10872,52.8,76.333336,3.4414222,648.4644,0.3642994,0.7979434,0.5219881,9924.2
AlpacaEval,TPE,23,0,4e-06,0.04,2000,9924.30263457298,46.843002,30.80808,41.091736,54.670383,70.18498,45.25195,38.10872,52.8,76.333336,3.4414222,648.4644,0.3642994,0.7979434,0.5219881,9924.2
AlpacaEval,TPE,24,1,2e-06,0.04,1800,8841.601651287077,46.843002,29.292929,44.88249,54.132645,69.640915,44.177185,34.395515,48.8,66.10738,2.9437656,684.69025,-0.3458773,0.42721388,-0.06475323,8841.5
Arena-Hard,ASHA,0,0,1e-06,0.02,1000,4927.401968336106,46.33106,31.818182,42.380592,53.82394,69.5321,43.282692,33.836,50.933334,65.789474,1.0549306,602.55835,-0.88561004,-1.0303704,-0.9382501,4927.3
Arena-Hard,ASHA,1,0,2e-06,0.01,800,3931.101798629761,46.92833,30.30303,45.109932,54.31189,69.80414,44.2878,35.805607,53.5,77.210884,2.4088514,656.6074,-0.03838493,0.697033,0.22903977,3931.0
Arena-Hard,ASHA,2,2,4e-06,0.01,400,11965.520168638228,47.696247,30.30303,47.91509,54.86955,69.69532,45.497406,37.614143,56.3,72.69504,3.6663287,640.5936,1.0202352,1.3034295,1.123215,1980.3
Arena-Hard,ASHA,3,0,4e-06,0.01,2031,10055.20194325447,47.440273,30.80808,46.626232,54.999004,69.640915,46.001305,42.085445,58.766666,69.791664,3.2986085,665.9862,1.0332669,1.005691,1.0232394,10055.1
Arena-Hard,ASHA,4,0,4e-06,0.04,2031,10078.101947164534,47.013653,31.818182,41.47081,54.620594,70.02176,45.405643,39.33646,53.866665,71.6312,2.7330265,648.3466,0.5517413,0.29147807,0.45710012,10078.0
Arena-Hard,ASHA,5,0,4e-06,0.02,2000,9876.302655792237,47.269623,30.30303,44.579227,54.85959,69.85854,45.53448,38.934307,58.333332,70.80292,3.8281693,660.5633,0.67737776,1.1992407,0.8671461,9876.2
Arena-Hard,ASHA,6,0,4e-06,0.02,2000,9876.30203733444,47.269623,30.30303,44.579227,54.85959,69.85854,45.53448,38.934307,58.333332,70.80292,3.8281693,660.5633,0.67737776,1.1992407,0.8671461,9876.2
Arena-Hard,ASHA,7,1,4e-06,0.01,2031,10055.2021630764,47.440273,30.80808,46.626232,54.999004,69.640915,46.001305,42.085445,58.766666,69.791664,3.2986085,665.9862,1.0332669,1.005691,1.0232394,10055.1
Arena-Hard,ASHA,8,2,4e-06,0.01,400,11990.519882059096,47.696247,30.30303,47.91509,54.86955,69.69532,45.497406,37.614143,56.3,72.69504,3.6663287,640.5936,1.0202352,1.3034295,1.123215,1980.3
Arena-Hard,ASHA,9,0,4e-06,0.01,2031,10055.201188659668,47.440273,30.80808,46.626232,54.999004,69.640915,46.001305,42.085445,58.766666,69.791664,3.2986085,665.9862,1.0332669,1.005691,1.0232394,10055.1
Arena-Hard,ASHA,10,0,2e-06,0.02,1200,5935.202176904679,47.098976,29.292929,46.17134,54.36168,69.5321,44.329735,35.995438,52.0,70.60811,1.9495313,662.26184,-0.011061019,0.35300824,0.12132781,5935.1
Arena-Hard,ASHA,11,3,4e-06,0.01,400,12030.519260263442,47.696247,30.30303,47.91509,54.86955,69.69532,45.497406,37.614143,56.3,72.69504,3.6663287,640.5936,1.0202352,1.3034295,1.123215,1980.3
Arena-Hard,ASHA,12,0,4e-06,0.02,2000,9876.302326774596,47.269623,30.30303,44.579227,54.85959,69.85854,45.53448,38.934307,58.333332,70.80292,3.8281693,660.5633,0.67737776,1.1992407,0.8671461,9876.2
Arena-Hard,ASHA,13,0,4e-06,0.01,2031,10055.201868152615,47.440273,30.80808,46.626232,54.999004,69.640915,46.001305,42.085445,58.766666,69.791664,3.2986085,665.9862,1.0332669,1.005691,1.0232394,10055.1
Arena-Hard,ASHA,14,1,4e-06,0.02,2000,9876.302066421507,47.269623,30.30303,44.579227,54.85959,69.85854,45.53448,38.934307,58.333332,70.80292,3.8281693,660.5633,0.67737776,1.1992407,0.8671461,9876.2
Arena-Hard,ASHA,15,2,1e-06,0.01,400,12462.525168752669,46.245735,32.32323,43.59363,53.7144,69.58651,43.15273,33.120342,51.133335,58.55263,1.2694823,612.07324,-0.47777018,-0.8625373,-0.6176855,2452.3
Arena-Hard,ASHA,16,0,2e-06,0.04,1000,4912.001721000672,46.843002,32.32323,44.9583,54.09281,69.80414,44.127834,35.171124,52.7,71.42857,2.2035882,691.2095,0.088514656,0.57946986,0.26704383,4911.9
Arena-Hard,ASHA,17,1,4e-06,0.02,2000,9876.303892946242,47.269623,30.30303,44.579227,54.85959,69.85854,45.53448,38.934307,58.333332,70.80292,3.8281693,660.5633,0.67737776,1.1992407,0.8671461,9876.2
Arena-Hard,ASHA,18,0,4e-06,0.01,2031,10055.2013610363,47.440273,30.80808,46.626232,54.999004,69.640915,46.001305,42.085445,58.766666,69.791664,3.2986085,665.9862,1.0332669,1.005691,1.0232394,10055.1
Arena-Hard,ASHA,19,0,2e-06,0.04,1000,4912.001884794236,46.843002,32.32323,44.9583,54.09281,69.80414,44.127834,35.171124,52.7,71.42857,2.2035882,691.2095,0.088514656,0.57946986,0.26704383,4911.9
Arena-Hard,ASHA,20,0,4e-06,0.01,2031,10055.20154533386,47.440273,30.80808,46.626232,54.999004,69.640915,46.001305,42.085445,58.766666,69.791664,3.2986085,665.9862,1.0332669,1.005691,1.0232394,10055.1
Arena-Hard,ASHA,21,0,2e-06,0.01,800,3931.1019140243534,46.92833,30.30303,45.109932,54.31189,69.80414,44.2878,35.805607,53.5,77.210884,2.4088514,656.6074,-0.03838493,0.697033,0.22903977,3931.0
Arena-Hard,ASHA,22,0,2e-06,0.01,800,3931.101754045487,46.92833,30.30303,45.109932,54.31189,69.80414,44.2878,35.805607,53.5,77.210884,2.4088514,656.6074,-0.03838493,0.697033,0.22903977,3931.0
Arena-Hard,ASHA,23,0,4e-06,0.01,2031,10055.201482152936,47.440273,30.80808,46.626232,54.999004,69.640915,46.001305,42.085445,58.766666,69.791664,3.2986085,665.9862,1.0332669,1.005691,1.0232394,10055.1
Arena-Hard,ASHA,24,0,4e-06,0.01,2031,10055.201272583006,47.440273,30.80808,46.626232,54.999004,69.640915,46.001305,42.085445,58.766666,69.791664,3.2986085,665.9862,1.0332669,1.005691,1.0232394,10055.1
Arena-Hard,BOHB,0,0,1e-06,0.02,1000,4927.401708221436,46.33106,31.818182,42.380592,53.82394,69.5321,43.282692,33.836,50.933334,65.789474,1.0549306,602.55835,-0.88561004,-1.0303704,-0.9382501,4927.3
Arena-Hard,BOHB,1,0,2e-06,0.01,800,3931.1016131401066,46.92833,30.30303,45.109932,54.31189,69.80414,44.2878,35.805607,53.5,77.210884,2.4088514,656.6074,-0.03838493,0.697033,0.22903977,3931.0
Arena-Hard,BOHB,2,2,4e-06,0.01,400,11965.520513391491,47.696247,30.30303,47.91509,54.86955,69.69532,45.497406,37.614143,56.3,72.69504,3.6663287,640.5936,1.0202352,1.3034295,1.123215,1980.3
Arena-Hard,BOHB,3,0,4e-06,0.01,2031,10055.20198163986,47.440273,30.80808,46.626232,54.999004,69.640915,46.001305,42.085445,58.766666,69.791664,3.2986085,665.9862,1.0332669,1.005691,1.0232394,10055.1
Arena-Hard,BOHB,4,0,4e-06,0.04,2031,10078.101903533934,47.013653,31.818182,41.47081,54.620594,70.02176,45.405643,39.33646,53.866665,71.6312,2.7330265,648.3466,0.5517413,0.29147807,0.45710012,10078.0
Arena-Hard,BOHB,5,0,4e-06,0.02,2000,9876.30198726654,47.269623,30.30303,44.579227,54.85959,69.85854,45.53448,38.934307,58.333332,70.80292,3.8281693,660.5633,0.67737776,1.1992407,0.8671461,9876.2
Arena-Hard,BOHB,6,0,4e-06,0.02,2000,9876.302149629591,47.269623,30.30303,44.579227,54.85959,69.85854,45.53448,38.934307,58.333332,70.80292,3.8281693,660.5633,0.67737776,1.1992407,0.8671461,9876.2
Arena-Hard,BOHB,7,1,4e-06,0.01,2031,10055.202937459944,47.440273,30.80808,46.626232,54.999004,69.640915,46.001305,42.085445,58.766666,69.791664,3.2986085,665.9862,1.0332669,1.005691,1.0232394,10055.1
Arena-Hard,BOHB,8,2,4e-06,0.01,400,11990.521695947646,47.696247,30.30303,47.91509,54.86955,69.69532,45.497406,37.614143,56.3,72.69504,3.6663287,640.5936,1.0202352,1.3034295,1.123215,1980.3
Arena-Hard,BOHB,9,0,4e-06,0.01,2031,10055.201770877837,47.440273,30.80808,46.626232,54.999004,69.640915,46.001305,42.085445,58.766666,69.791664,3.2986085,665.9862,1.0332669,1.005691,1.0232394,10055.1
Arena-Hard,BOHB,10,0,2e-06,0.02,1200,5935.201652622223,47.098976,29.292929,46.17134,54.36168,69.5321,44.329735,35.995438,52.0,70.60811,1.9495313,662.26184,-0.011061019,0.35300824,0.12132781,5935.1
Arena-Hard,BOHB,11,3,4e-06,0.01,400,12030.519722557066,47.696247,30.30303,47.91509,54.86955,69.69532,45.497406,37.614143,56.3,72.69504,3.6663287,640.5936,1.0202352,1.3034295,1.123215,1980.3
Arena-Hard,BOHB,12,0,4e-06,0.02,2000,9876.3023897171,47.269623,30.30303,44.579227,54.85959,69.85854,45.53448,38.934307,58.333332,70.80292,3.8281693,660.5633,0.67737776,1.1992407,0.8671461,9876.2
Arena-Hard,BOHB,13,0,4e-06,0.01,2031,10055.202358341216,47.440273,30.80808,46.626232,54.999004,69.640915,46.001305,42.085445,58.766666,69.791664,3.2986085,665.9862,1.0332669,1.005691,1.0232394,10055.1
Arena-Hard,BOHB,14,1,4e-06,0.02,2000,9876.301907873152,47.269623,30.30303,44.579227,54.85959,69.85854,45.53448,38.934307,58.333332,70.80292,3.8281693,660.5633,0.67737776,1.1992407,0.8671461,9876.2
Arena-Hard,BOHB,15,2,1e-06,0.01,400,12462.520615196228,46.245735,32.32323,43.59363,53.7144,69.58651,43.15273,33.120342,51.133335,58.55263,1.2694823,612.07324,-0.47777018,-0.8625373,-0.6176855,2452.3
Arena-Hard,BOHB,16,0,2e-06,0.04,1000,4912.001669740677,46.843002,32.32323,44.9583,54.09281,69.80414,44.127834,35.171124,52.7,71.42857,2.2035882,691.2095,0.088514656,0.57946986,0.26704383,4911.9
Arena-Hard,BOHB,17,1,4e-06,0.02,2000,9876.301976776122,47.269623,30.30303,44.579227,54.85959,69.85854,45.53448,38.934307,58.333332,70.80292,3.8281693,660.5633,0.67737776,1.1992407,0.8671461,9876.2
Arena-Hard,BOHB,18,0,4e-06,0.01,2031,10055.201689338684,47.440273,30.80808,46.626232,54.999004,69.640915,46.001305,42.085445,58.766666,69.791664,3.2986085,665.9862,1.0332669,1.005691,1.0232394,10055.1
Arena-Hard,BOHB,19,0,2e-06,0.04,1000,4912.001802778244,46.843002,32.32323,44.9583,54.09281,69.80414,44.127834,35.171124,52.7,71.42857,2.2035882,691.2095,0.088514656,0.57946986,0.26704383,4911.9
Arena-Hard,BOHB,20,0,4e-06,0.01,2031,10055.201078510285,47.440273,30.80808,46.626232,54.999004,69.640915,46.001305,42.085445,58.766666,69.791664,3.2986085,665.9862,1.0332669,1.005691,1.0232394,10055.1
Arena-Hard,BOHB,21,0,2e-06,0.01,800,3931.10353550911,46.92833,30.30303,45.109932,54.31189,69.80414,44.2878,35.805607,53.5,77.210884,2.4088514,656.6074,-0.03838493,0.697033,0.22903977,3931.0
Arena-Hard,BOHB,22,0,2e-06,0.01,800,3931.1039782524113,46.92833,30.30303,45.109932,54.31189,69.80414,44.2878,35.805607,53.5,77.210884,2.4088514,656.6074,-0.03838493,0.697033,0.22903977,3931.0
Arena-Hard,BOHB,23,0,4e-06,0.01,2031,10055.201770639418,47.440273,30.80808,46.626232,54.999004,69.640915,46.001305,42.085445,58.766666,69.791664,3.2986085,665.9862,1.0332669,1.005691,1.0232394,10055.1
Arena-Hard,BOHB,24,0,4e-06,0.01,2031,10055.20151028633,47.440273,30.80808,46.626232,54.999004,69.640915,46.001305,42.085445,58.766666,69.791664,3.2986085,665.9862,1.0332669,1.005691,1.0232394,10055.1
Arena-Hard,BOTorch,0,2,4e-06,0.01,400,11960.524204111098,47.696247,30.30303,47.91509,54.86955,69.69532,45.497406,37.614143,56.3,72.69504,3.6663287,640.5936,1.0202352,1.3034295,1.123215,1980.3
Arena-Hard,BOTorch,1,1,4e-06,0.04,2031,10078.10197291374,47.013653,31.818182,41.47081,54.620594,70.02176,45.405643,39.33646,53.866665,71.6312,2.7330265,648.3466,0.5517413,0.29147807,0.45710012,10078.0
Arena-Hard,BOTorch,2,2,4e-06,0.02,400,11955.418336963652,47.35495,30.80808,46.702045,54.670383,69.42329,45.070538,36.74484,54.0,69.93007,3.1017833,658.6331,0.5689868,1.0204924,0.7331706,1975.2
Arena-Hard,BOTorch,3,0,2e-06,0.01,800,3931.101953840256,46.92833,30.30303,45.109932,54.31189,69.80414,44.2878,35.805607,53.5,77.210884,2.4088514,656.6074,-0.03838493,0.697033,0.22903977,3931.0
Arena-Hard,BOTorch,4,1,1e-06,0.01,400,2452.402152872086,46.245735,32.32323,43.59363,53.7144,69.58651,43.15273,33.120342,51.133335,58.55263,1.2694823,612.07324,-0.47777018,-0.8625373,-0.6176855,2452.3
Arena-Hard,BOTorch,5,0,4e-06,0.02,2000,9876.301964616774,47.269623,30.30303,44.579227,54.85959,69.85854,45.53448,38.934307,58.333332,70.80292,3.8281693,660.5633,0.67737776,1.1992407,0.8671461,9876.2
Arena-Hard,BOTorch,6,1,4e-06,0.02,2000,9876.302666044234,47.269623,30.30303,44.579227,54.85959,69.85854,45.53448,38.934307,58.333332,70.80292,3.8281693,660.5633,0.67737776,1.1992407,0.8671461,9876.2
Arena-Hard,BOTorch,7,0,4e-06,0.01,2031,10055.201336956025,47.440273,30.80808,46.626232,54.999004,69.640915,46.001305,42.085445,58.766666,69.791664,3.2986085,665.9862,1.0332669,1.005691,1.0232394,10055.1
Arena-Hard,BOTorch,8,0,2e-06,0.01,800,3931.101882076264,46.92833,30.30303,45.109932,54.31189,69.80414,44.2878,35.805607,53.5,77.210884,2.4088514,656.6074,-0.03838493,0.697033,0.22903977,3931.0
Arena-Hard,BOTorch,9,1,2e-06,0.04,1000,4912.00175652504,46.843002,32.32323,44.9583,54.09281,69.80414,44.127834,35.171124,52.7,71.42857,2.2035882,691.2095,0.088514656,0.57946986,0.26704383,4911.9
Arena-Hard,BOTorch,10,3,4e-06,0.04,400,11995.017667865752,47.013653,31.818182,44.9583,54.540928,69.967354,44.61561,38.053753,51.166668,74.64789,3.0954084,637.3377,0.80886555,0.6000616,0.73293686,1984.8
Arena-Hard,BOTorch,11,2,4e-06,0.02,400,11955.418534612654,47.35495,30.80808,46.702045,54.670383,69.42329,45.070538,36.74484,54.0,69.93007,3.1017833,658.6331,0.5689868,1.0204924,0.7331706,1975.2
Arena-Hard,BOTorch,12,1,2e-06,0.01,800,3931.102220630646,46.92833,30.30303,45.109932,54.31189,69.80414,44.2878,35.805607,53.5,77.210884,2.4088514,656.6074,-0.03838493,0.697033,0.22903977,3931.0
Arena-Hard,BOTorch,13,2,1e-06,0.01,400,12437.521917200089,46.245735,32.32323,43.59363,53.7144,69.58651,43.15273,33.120342,51.133335,58.55263,1.2694823,612.07324,-0.47777018,-0.8625373,-0.6176855,2452.3
Arena-Hard,BOTorch,14,0,4e-06,0.02,2000,9876.301941967007,47.269623,30.30303,44.579227,54.85959,69.85854,45.53448,38.934307,58.333332,70.80292,3.8281693,660.5633,0.67737776,1.1992407,0.8671461,9876.2
Arena-Hard,BOTorch,15,0,4e-06,0.04,2031,10078.101682043074,47.013653,31.818182,41.47081,54.620594,70.02176,45.405643,39.33646,53.866665,71.6312,2.7330265,648.3466,0.5517413,0.29147807,0.45710012,10078.0
Arena-Hard,BOTorch,16,3,4e-06,0.01,400,12030.519244527815,47.696247,30.30303,47.91509,54.86955,69.69532,45.497406,37.614143,56.3,72.69504,3.6663287,640.5936,1.0202352,1.3034295,1.123215,1980.3
Arena-Hard,BOTorch,17,2,4e-06,0.01,400,11960.518899297713,47.696247,30.30303,47.91509,54.86955,69.69532,45.497406,37.614143,56.3,72.69504,3.6663287,640.5936,1.0202352,1.3034295,1.123215,1980.3
Arena-Hard,BOTorch,18,1,4e-06,0.02,2000,9876.301942920683,47.269623,30.30303,44.579227,54.85959,69.85854,45.53448,38.934307,58.333332,70.80292,3.8281693,660.5633,0.67737776,1.1992407,0.8671461,9876.2
Arena-Hard,BOTorch,19,0,4e-06,0.02,2000,9876.301976776122,47.269623,30.30303,44.579227,54.85959,69.85854,45.53448,38.934307,58.333332,70.80292,3.8281693,660.5633,0.67737776,1.1992407,0.8671461,9876.2
Arena-Hard,BOTorch,20,0,4e-06,0.04,2031,10078.102192497252,47.013653,31.818182,41.47081,54.620594,70.02176,45.405643,39.33646,53.866665,71.6312,2.7330265,648.3466,0.5517413,0.29147807,0.45710012,10078.0
Arena-Hard,BOTorch,21,1,4e-06,0.02,2000,9876.301996326443,47.269623,30.30303,44.579227,54.85959,69.85854,45.53448,38.934307,58.333332,70.80292,3.8281693,660.5633,0.67737776,1.1992407,0.8671461,9876.2
Arena-Hard,BOTorch,22,1,4e-06,0.01,2031,10055.202327823636,47.440273,30.80808,46.626232,54.999004,69.640915,46.001305,42.085445,58.766666,69.791664,3.2986085,665.9862,1.0332669,1.005691,1.0232394,10055.1
Arena-Hard,BOTorch,23,0,1e-06,0.02,1000,4927.401850795746,46.33106,31.818182,42.380592,53.82394,69.5321,43.282692,33.836,50.933334,65.789474,1.0549306,602.55835,-0.88561004,-1.0303704,-0.9382501,4927.3
Arena-Hard,BOTorch,24,0,4e-06,0.02,2000,9876.301947212218,47.269623,30.30303,44.579227,54.85959,69.85854,45.53448,38.934307,58.333332,70.80292,3.8281693,660.5633,0.67737776,1.1992407,0.8671461,9876.2
Arena-Hard,CQR,0,0,1e-06,0.02,1000,4927.401785230637,46.33106,31.818182,42.380592,53.82394,69.5321,43.282692,33.836,50.933334,65.789474,1.0549306,602.55835,-0.88561004,-1.0303704,-0.9382501,4927.3
Arena-Hard,CQR,1,0,2e-06,0.01,800,3931.102156496048,46.92833,30.30303,45.109932,54.31189,69.80414,44.2878,35.805607,53.5,77.210884,2.4088514,656.6074,-0.03838493,0.697033,0.22903977,3931.0
Arena-Hard,CQR,2,2,4e-06,0.01,400,11965.518883562088,47.696247,30.30303,47.91509,54.86955,69.69532,45.497406,37.614143,56.3,72.69504,3.6663287,640.5936,1.0202352,1.3034295,1.123215,1980.3
Arena-Hard,CQR,3,0,4e-06,0.01,2031,10055.202106332776,47.440273,30.80808,46.626232,54.999004,69.640915,46.001305,42.085445,58.766666,69.791664,3.2986085,665.9862,1.0332669,1.005691,1.0232394,10055.1
Arena-Hard,CQR,4,3,4e-06,0.02,400,12055.422016716002,47.35495,30.80808,46.702045,54.670383,69.42329,45.070538,36.74484,54.0,69.93007,3.1017833,658.6331,0.5689868,1.0204924,0.7331706,1975.2
Arena-Hard,CQR,5,0,4e-06,0.02,2000,9876.302172279356,47.269623,30.30303,44.579227,54.85959,69.85854,45.53448,38.934307,58.333332,70.80292,3.8281693,660.5633,0.67737776,1.1992407,0.8671461,9876.2
Arena-Hard,CQR,6,0,4e-06,0.02,2000,9876.302095270155,47.269623,30.30303,44.579227,54.85959,69.85854,45.53448,38.934307,58.333332,70.80292,3.8281693,660.5633,0.67737776,1.1992407,0.8671461,9876.2
Arena-Hard,CQR,7,1,4e-06,0.01,2031,10055.203239059449,47.440273,30.80808,46.626232,54.999004,69.640915,46.001305,42.085445,58.766666,69.791664,3.2986085,665.9862,1.0332669,1.005691,1.0232394,10055.1
Arena-Hard,CQR,8,2,4e-06,0.01,400,11990.51911792755,47.696247,30.30303,47.91509,54.86955,69.69532,45.497406,37.614143,56.3,72.69504,3.6663287,640.5936,1.0202352,1.3034295,1.123215,1980.3
Arena-Hard,CQR,9,0,4e-06,0.01,2031,10055.201858615874,47.440273,30.80808,46.626232,54.999004,69.640915,46.001305,42.085445,58.766666,69.791664,3.2986085,665.9862,1.0332669,1.005691,1.0232394,10055.1
Arena-Hard,CQR,10,0,2e-06,0.02,1200,5935.203091955185,47.098976,29.292929,46.17134,54.36168,69.5321,44.329735,35.995438,52.0,70.60811,1.9495313,662.26184,-0.011061019,0.35300824,0.12132781,5935.1
Arena-Hard,CQR,11,3,4e-06,0.01,400,12030.519705390929,47.696247,30.30303,47.91509,54.86955,69.69532,45.497406,37.614143,56.3,72.69504,3.6663287,640.5936,1.0202352,1.3034295,1.123215,1980.3
Arena-Hard,CQR,12,0,4e-06,0.02,2000,9876.302202558516,47.269623,30.30303,44.579227,54.85959,69.85854,45.53448,38.934307,58.333332,70.80292,3.8281693,660.5633,0.67737776,1.1992407,0.8671461,9876.2
Arena-Hard,CQR,13,0,4e-06,0.01,2031,10055.201428508755,47.440273,30.80808,46.626232,54.999004,69.640915,46.001305,42.085445,58.766666,69.791664,3.2986085,665.9862,1.0332669,1.005691,1.0232394,10055.1
Arena-Hard,CQR,14,1,4e-06,0.02,2000,9876.302320098875,47.269623,30.30303,44.579227,54.85959,69.85854,45.53448,38.934307,58.333332,70.80292,3.8281693,660.5633,0.67737776,1.1992407,0.8671461,9876.2
Arena-Hard,CQR,15,2,1e-06,0.01,400,12462.518459177016,46.245735,32.32323,43.59363,53.7144,69.58651,43.15273,33.120342,51.133335,58.55263,1.2694823,612.07324,-0.47777018,-0.8625373,-0.6176855,2452.3
Arena-Hard,CQR,16,0,2e-06,0.04,1000,4912.00236735344,46.843002,32.32323,44.9583,54.09281,69.80414,44.127834,35.171124,52.7,71.42857,2.2035882,691.2095,0.088514656,0.57946986,0.26704383,4911.9
Arena-Hard,CQR,17,1,4e-06,0.02,2000,9876.301904296874,47.269623,30.30303,44.579227,54.85959,69.85854,45.53448,38.934307,58.333332,70.80292,3.8281693,660.5633,0.67737776,1.1992407,0.8671461,9876.2
Arena-Hard,CQR,18,0,4e-06,0.01,2031,10055.201509332655,47.440273,30.80808,46.626232,54.999004,69.640915,46.001305,42.085445,58.766666,69.791664,3.2986085,665.9862,1.0332669,1.005691,1.0232394,10055.1
Arena-Hard,CQR,19,3,4e-06,0.04,600,12957.51881418228,46.843002,30.80808,43.896893,54.471222,69.69532,45.033,39.599983,52.8,72.02797,2.8396356,660.9268,0.48277226,0.99998116,0.6708482,2977.3
Arena-Hard,CQR,20,0,4e-06,0.01,2031,10055.201880311964,47.440273,30.80808,46.626232,54.999004,69.640915,46.001305,42.085445,58.766666,69.791664,3.2986085,665.9862,1.0332669,1.005691,1.0232394,10055.1
Arena-Hard,CQR,21,0,2e-06,0.01,800,3931.101960039139,46.92833,30.30303,45.109932,54.31189,69.80414,44.2878,35.805607,53.5,77.210884,2.4088514,656.6074,-0.03838493,0.697033,0.22903977,3931.0
Arena-Hard,CQR,22,0,2e-06,0.01,800,3931.102528429032,46.92833,30.30303,45.109932,54.31189,69.80414,44.2878,35.805607,53.5,77.210884,2.4088514,656.6074,-0.03838493,0.697033,0.22903977,3931.0
Arena-Hard,CQR,23,0,4e-06,0.01,2031,10055.20161757469,47.440273,30.80808,46.626232,54.999004,69.640915,46.001305,42.085445,58.766666,69.791664,3.2986085,665.9862,1.0332669,1.005691,1.0232394,10055.1
Arena-Hard,CQR,24,0,4e-06,0.01,2031,10055.20126376152,47.440273,30.80808,46.626232,54.999004,69.640915,46.001305,42.085445,58.766666,69.791664,3.2986085,665.9862,1.0332669,1.005691,1.0232394,10055.1
Arena-Hard,RandomSearch,0,1,4e-06,0.02,2000,9876.301958894728,47.269623,30.30303,44.579227,54.85959,69.85854,45.53448,38.934307,58.333332,70.80292,3.8281693,660.5633,0.67737776,1.1992407,0.8671461,9876.2
Arena-Hard,RandomSearch,1,1,4e-06,0.01,2031,10055.201727724074,47.440273,30.80808,46.626232,54.999004,69.640915,46.001305,42.085445,58.766666,69.791664,3.2986085,665.9862,1.0332669,1.005691,1.0232394,10055.1
Arena-Hard,RandomSearch,2,1,4e-06,0.04,2031,10078.101972436903,47.013653,31.818182,41.47081,54.620594,70.02176,45.405643,39.33646,53.866665,71.6312,2.7330265,648.3466,0.5517413,0.29147807,0.45710012,10078.0
Arena-Hard,RandomSearch,3,0,2e-06,0.02,1200,5935.201790904999,47.098976,29.292929,46.17134,54.36168,69.5321,44.329735,35.995438,52.0,70.60811,1.9495313,662.26184,-0.011061019,0.35300824,0.12132781,5935.1
Arena-Hard,RandomSearch,4,2,4e-06,0.02,600,12943.119142389296,47.440273,27.777779,45.716454,54.63055,69.42329,45.301453,41.90808,55.266666,79.13669,3.3298798,644.28986,0.36426777,1.39163,0.737854,2962.9
Arena-Hard,RandomSearch,5,0,4e-06,0.02,2000,9876.301920509335,47.269623,30.30303,44.579227,54.85959,69.85854,45.53448,38.934307,58.333332,70.80292,3.8281693,660.5633,0.67737776,1.1992407,0.8671461,9876.2
Arena-Hard,RandomSearch,6,1,4e-06,0.04,2031,10078.101987457274,47.013653,31.818182,41.47081,54.620594,70.02176,45.405643,39.33646,53.866665,71.6312,2.7330265,648.3466,0.5517413,0.29147807,0.45710012,10078.0
Arena-Hard,RandomSearch,7,1,4e-06,0.02,2000,9876.301893806456,47.269623,30.30303,44.579227,54.85959,69.85854,45.53448,38.934307,58.333332,70.80292,3.8281693,660.5633,0.67737776,1.1992407,0.8671461,9876.2
Arena-Hard,RandomSearch,8,0,4e-06,0.04,2031,10078.101716613768,47.013653,31.818182,41.47081,54.620594,70.02176,45.405643,39.33646,53.866665,71.6312,2.7330265,648.3466,0.5517413,0.29147807,0.45710012,10078.0
Arena-Hard,RandomSearch,9,0,2e-06,0.01,800,3931.102265930176,46.92833,30.30303,45.109932,54.31189,69.80414,44.2878,35.805607,53.5,77.210884,2.4088514,656.6074,-0.03838493,0.697033,0.22903977,3931.0
Arena-Hard,RandomSearch,10,0,2e-06,0.04,1000,4912.001823997498,46.843002,32.32323,44.9583,54.09281,69.80414,44.127834,35.171124,52.7,71.42857,2.2035882,691.2095,0.088514656,0.57946986,0.26704383,4911.9
Arena-Hard,RandomSearch,11,1,4e-06,0.01,2031,10055.202483749388,47.440273,30.80808,46.626232,54.999004,69.640915,46.001305,42.085445,58.766666,69.791664,3.2986085,665.9862,1.0332669,1.005691,1.0232394,10055.1
Arena-Hard,RandomSearch,12,3,4e-06,0.01,400,11965.519062852858,47.696247,30.30303,47.91509,54.86955,69.69532,45.497406,37.614143,56.3,72.69504,3.6663287,640.5936,1.0202352,1.3034295,1.123215,1980.3
Arena-Hard,RandomSearch,13,0,2e-06,0.04,1000,4912.001761770249,46.843002,32.32323,44.9583,54.09281,69.80414,44.127834,35.171124,52.7,71.42857,2.2035882,691.2095,0.088514656,0.57946986,0.26704383,4911.9
Arena-Hard,RandomSearch,14,1,4e-06,0.02,2000,9876.30175051689,47.269623,30.30303,44.579227,54.85959,69.85854,45.53448,38.934307,58.333332,70.80292,3.8281693,660.5633,0.67737776,1.1992407,0.8671461,9876.2
Arena-Hard,RandomSearch,15,0,4e-06,0.02,2000,9876.302192544936,47.269623,30.30303,44.579227,54.85959,69.85854,45.53448,38.934307,58.333332,70.80292,3.8281693,660.5633,0.67737776,1.1992407,0.8671461,9876.2
Arena-Hard,RandomSearch,16,0,4e-06,0.01,2031,10055.20153698921,47.440273,30.80808,46.626232,54.999004,69.640915,46.001305,42.085445,58.766666,69.791664,3.2986085,665.9862,1.0332669,1.005691,1.0232394,10055.1
Arena-Hard,RandomSearch,17,1,4e-06,0.02,2000,9876.305197572708,47.269623,30.30303,44.579227,54.85959,69.85854,45.53448,38.934307,58.333332,70.80292,3.8281693,660.5633,0.67737776,1.1992407,0.8671461,9876.2
Arena-Hard,RandomSearch,18,1,4e-06,0.02,2000,9876.302038049696,47.269623,30.30303,44.579227,54.85959,69.85854,45.53448,38.934307,58.333332,70.80292,3.8281693,660.5633,0.67737776,1.1992407,0.8671461,9876.2
Arena-Hard,RandomSearch,19,1,4e-06,0.02,2000,9876.301989650725,47.269623,30.30303,44.579227,54.85959,69.85854,45.53448,38.934307,58.333332,70.80292,3.8281693,660.5633,0.67737776,1.1992407,0.8671461,9876.2
Arena-Hard,RandomSearch,20,0,4e-06,0.01,2031,10055.201863861084,47.440273,30.80808,46.626232,54.999004,69.640915,46.001305,42.085445,58.766666,69.791664,3.2986085,665.9862,1.0332669,1.005691,1.0232394,10055.1
Arena-Hard,RandomSearch,21,0,4e-06,0.02,2000,9876.302318906784,47.269623,30.30303,44.579227,54.85959,69.85854,45.53448,38.934307,58.333332,70.80292,3.8281693,660.5633,0.67737776,1.1992407,0.8671461,9876.2
Arena-Hard,RandomSearch,22,1,4e-06,0.01,2031,10055.20162091255,47.440273,30.80808,46.626232,54.999004,69.640915,46.001305,42.085445,58.766666,69.791664,3.2986085,665.9862,1.0332669,1.005691,1.0232394,10055.1
Arena-Hard,RandomSearch,23,1,4e-06,0.01,2031,10055.202822780608,47.440273,30.80808,46.626232,54.999004,69.640915,46.001305,42.085445,58.766666,69.791664,3.2986085,665.9862,1.0332669,1.005691,1.0232394,10055.1
Arena-Hard,RandomSearch,24,1,4e-06,0.01,2031,10055.201557493208,47.440273,30.80808,46.626232,54.999004,69.640915,46.001305,42.085445,58.766666,69.791664,3.2986085,665.9862,1.0332669,1.005691,1.0232394,10055.1
Arena-Hard,TPE,0,0,4e-06,0.01,2031,10055.20176038742,47.440273,30.80808,46.626232,54.999004,69.640915,46.001305,42.085445,58.766666,69.791664,3.2986085,665.9862,1.0332669,1.005691,1.0232394,10055.1
Arena-Hard,TPE,1,1,4e-06,0.02,2000,9876.302204704283,47.269623,30.30303,44.579227,54.85959,69.85854,45.53448,38.934307,58.333332,70.80292,3.8281693,660.5633,0.67737776,1.1992407,0.8671461,9876.2
Arena-Hard,TPE,2,2,4e-06,0.01,400,11960.519944524764,47.696247,30.30303,47.91509,54.86955,69.69532,45.497406,37.614143,56.3,72.69504,3.6663287,640.5936,1.0202352,1.3034295,1.123215,1980.3
Arena-Hard,TPE,3,1,4e-06,0.02,2000,9876.302439069746,47.269623,30.30303,44.579227,54.85959,69.85854,45.53448,38.934307,58.333332,70.80292,3.8281693,660.5633,0.67737776,1.1992407,0.8671461,9876.2
Arena-Hard,TPE,4,1,2e-06,0.02,1200,5935.202196693421,47.098976,29.292929,46.17134,54.36168,69.5321,44.329735,35.995438,52.0,70.60811,1.9495313,662.26184,-0.011061019,0.35300824,0.12132781,5935.1
Arena-Hard,TPE,5,2,4e-06,0.04,600,12957.519182300566,46.843002,30.80808,43.896893,54.471222,69.69532,45.033,39.599983,52.8,72.02797,2.8396356,660.9268,0.48277226,0.99998116,0.6708482,2977.3
Arena-Hard,TPE,6,1,4e-06,0.01,2031,10055.201422786711,47.440273,30.80808,46.626232,54.999004,69.640915,46.001305,42.085445,58.766666,69.791664,3.2986085,665.9862,1.0332669,1.005691,1.0232394,10055.1
Arena-Hard,TPE,7,1,1e-06,0.01,400,2452.4021173477176,46.245735,32.32323,43.59363,53.7144,69.58651,43.15273,33.120342,51.133335,58.55263,1.2694823,612.07324,-0.47777018,-0.8625373,-0.6176855,2452.3
Arena-Hard,TPE,8,0,2e-06,0.02,1200,5935.202056264878,47.098976,29.292929,46.17134,54.36168,69.5321,44.329735,35.995438,52.0,70.60811,1.9495313,662.26184,-0.011061019,0.35300824,0.12132781,5935.1
Arena-Hard,TPE,9,1,2e-06,0.02,1200,5935.202225542069,47.098976,29.292929,46.17134,54.36168,69.5321,44.329735,35.995438,52.0,70.60811,1.9495313,662.26184,-0.011061019,0.35300824,0.12132781,5935.1
Arena-Hard,TPE,10,3,4e-06,0.02,400,11955.419108247756,47.35495,30.80808,46.702045,54.670383,69.42329,45.070538,36.74484,54.0,69.93007,3.1017833,658.6331,0.5689868,1.0204924,0.7331706,1975.2
Arena-Hard,TPE,11,0,4e-06,0.01,2031,10055.201328134535,47.440273,30.80808,46.626232,54.999004,69.640915,46.001305,42.085445,58.766666,69.791664,3.2986085,665.9862,1.0332669,1.005691,1.0232394,10055.1
Arena-Hard,TPE,12,2,4e-06,0.01,400,11990.518909072876,47.696247,30.30303,47.91509,54.86955,69.69532,45.497406,37.614143,56.3,72.69504,3.6663287,640.5936,1.0202352,1.3034295,1.123215,1980.3
Arena-Hard,TPE,13,2,4e-06,0.01,400,11965.518834924696,47.696247,30.30303,47.91509,54.86955,69.69532,45.497406,37.614143,56.3,72.69504,3.6663287,640.5936,1.0202352,1.3034295,1.123215,1980.3
Arena-Hard,TPE,14,1,2e-06,0.01,800,3931.102065420151,46.92833,30.30303,45.109932,54.31189,69.80414,44.2878,35.805607,53.5,77.210884,2.4088514,656.6074,-0.03838493,0.697033,0.22903977,3931.0
Arena-Hard,TPE,15,2,4e-06,0.01,400,11960.521675682066,47.696247,30.30303,47.91509,54.86955,69.69532,45.497406,37.614143,56.3,72.69504,3.6663287,640.5936,1.0202352,1.3034295,1.123215,1980.3
Arena-Hard,TPE,16,0,2e-06,0.01,800,3931.1019025802616,46.92833,30.30303,45.109932,54.31189,69.80414,44.2878,35.805607,53.5,77.210884,2.4088514,656.6074,-0.03838493,0.697033,0.22903977,3931.0
Arena-Hard,TPE,17,0,2e-06,0.01,800,3931.101635074616,46.92833,30.30303,45.109932,54.31189,69.80414,44.2878,35.805607,53.5,77.210884,2.4088514,656.6074,-0.03838493,0.697033,0.22903977,3931.0
Arena-Hard,TPE,18,0,2e-06,0.01,800,3931.101745224,46.92833,30.30303,45.109932,54.31189,69.80414,44.2878,35.805607,53.5,77.210884,2.4088514,656.6074,-0.03838493,0.697033,0.22903977,3931.0
Arena-Hard,TPE,19,0,4e-06,0.01,2031,10055.20156536102,47.440273,30.80808,46.626232,54.999004,69.640915,46.001305,42.085445,58.766666,69.791664,3.2986085,665.9862,1.0332669,1.005691,1.0232394,10055.1
Arena-Hard,TPE,20,0,4e-06,0.04,2031,10078.10174832344,47.013653,31.818182,41.47081,54.620594,70.02176,45.405643,39.33646,53.866665,71.6312,2.7330265,648.3466,0.5517413,0.29147807,0.45710012,10078.0
Arena-Hard,TPE,21,0,4e-06,0.02,2000,9876.303766107558,47.269623,30.30303,44.579227,54.85959,69.85854,45.53448,38.934307,58.333332,70.80292,3.8281693,660.5633,0.67737776,1.1992407,0.8671461,9876.2
Arena-Hard,TPE,22,1,2e-06,0.01,800,3931.101762390137,46.92833,30.30303,45.109932,54.31189,69.80414,44.2878,35.805607,53.5,77.210884,2.4088514,656.6074,-0.03838493,0.697033,0.22903977,3931.0
Arena-Hard,TPE,23,0,4e-06,0.04,2031,10078.101485586163,47.013653,31.818182,41.47081,54.620594,70.02176,45.405643,39.33646,53.866665,71.6312,2.7330265,648.3466,0.5517413,0.29147807,0.45710012,10078.0
Arena-Hard,TPE,24,0,2e-06,0.04,1000,4912.001695013047,46.843002,32.32323,44.9583,54.09281,69.80414,44.127834,35.171124,52.7,71.42857,2.2035882,691.2095,0.088514656,0.57946986,0.26704383,4911.9
ELO,ASHA,0,0,1e-06,0.02,2031,10007.502300834654,46.41638,30.30303,42.380592,53.734318,69.314476,43.39939,33.012905,49.233334,64.62585,1.2986337,635.04065,-1.0832226,-1.0072632,-1.055601,10007.4
ELO,ASHA,1,0,2e-06,0.01,1200,5896.602216100693,46.92833,30.30303,45.109932,54.46126,69.58651,44.479717,36.767334,51.6,70.86331,2.5307245,671.2755,0.12366702,0.54173696,0.27569246,5896.5
ELO,ASHA,2,1,1e-06,0.04,2000,9832.502387857436,46.33106,31.818182,42.001514,53.64469,69.749725,43.244896,33.166553,49.433334,61.564625,1.3280091,677.80096,-0.7886106,-0.3691447,-0.6360776,9832.4
ELO,ASHA,3,1,2e-06,0.01,1200,5896.602683639527,46.92833,30.30303,45.109932,54.46126,69.58651,44.479717,36.767334,51.6,70.86331,2.5307245,671.2755,0.12366702,0.54173696,0.27569246,5896.5
ELO,ASHA,4,0,4e-06,0.04,1000,4962.20203576088,47.35495,29.79798,43.972706,54.560844,69.749725,45.31718,37.51047,52.8,72.60274,2.7411363,695.80383,0.30564478,0.8716157,0.5114524,4962.1
ELO,ASHA,5,1,4e-06,0.04,1000,4962.203166818619,47.35495,29.79798,43.972706,54.560844,69.749725,45.31718,37.51047,52.8,72.60274,2.7411363,695.80383,0.30564478,0.8716157,0.5114524,4962.1
ELO,ASHA,6,1,1e-06,0.04,2000,9832.502495145796,46.33106,31.818182,42.001514,53.64469,69.749725,43.244896,33.166553,49.433334,61.564625,1.3280091,677.80096,-0.7886106,-0.3691447,-0.6360776,9832.4
ELO,ASHA,7,1,4e-06,0.01,2031,10055.201460933684,47.440273,30.80808,46.626232,54.999004,69.640915,46.001305,42.085445,58.766666,69.791664,3.2986085,665.9862,1.0332669,1.005691,1.0232394,10055.1
ELO,ASHA,8,1,2e-06,0.02,1400,6924.401601648331,47.013653,29.79798,46.853676,54.31189,69.640915,44.466793,34.95381,49.233334,68.27586,1.8566298,672.6039,0.017123692,0.025533784,0.020181907,6924.3
ELO,ASHA,9,0,4e-06,0.01,2031,10055.20161924362,47.440273,30.80808,46.626232,54.999004,69.640915,46.001305,42.085445,58.766666,69.791664,3.2986085,665.9862,1.0332669,1.005691,1.0232394,10055.1
ELO,ASHA,10,0,2e-06,0.02,1400,6924.401652669907,47.013653,29.79798,46.853676,54.31189,69.640915,44.466793,34.95381,49.233334,68.27586,1.8566298,672.6039,0.017123692,0.025533784,0.020181907,6924.3
ELO,ASHA,11,1,2e-06,0.02,1400,6924.401724433899,47.013653,29.79798,46.853676,54.31189,69.640915,44.466793,34.95381,49.233334,68.27586,1.8566298,672.6039,0.017123692,0.025533784,0.020181907,6924.3
ELO,ASHA,12,1,2e-06,0.04,2031,9976.201380348204,46.41638,30.30303,46.247158,54.152557,69.80414,44.09892,35.620766,51.066666,74.82758,2.8475056,695.9365,-0.13997465,0.87852395,0.23038846,9976.1
ELO,ASHA,13,0,4e-06,0.01,2031,10055.201493835448,47.440273,30.80808,46.626232,54.999004,69.640915,46.001305,42.085445,58.766666,69.791664,3.2986085,665.9862,1.0332669,1.005691,1.0232394,10055.1
ELO,ASHA,14,1,4e-06,0.02,800,3950.6031447410583,47.525597,30.80808,44.579227,54.6903,69.91295,45.471313,39.49382,55.333332,70.50359,3.6784594,664.7318,0.8628366,0.999941,0.9126927,3950.5
ELO,ASHA,15,0,1e-06,0.02,2031,10007.502395725249,46.41638,30.30303,42.380592,53.734318,69.314476,43.39939,33.012905,49.233334,64.62585,1.2986337,635.04065,-1.0832226,-1.0072632,-1.055601,10007.4
ELO,ASHA,16,0,2e-06,0.04,2031,9976.201698398589,46.41638,30.30303,46.247158,54.152557,69.80414,44.09892,35.620766,51.066666,74.82758,2.8475056,695.9365,-0.13997465,0.87852395,0.23038846,9976.1
ELO,ASHA,17,0,2e-06,0.04,2031,9976.201343393324,46.41638,30.30303,46.247158,54.152557,69.80414,44.09892,35.620766,51.066666,74.82758,2.8475056,695.9365,-0.13997465,0.87852395,0.23038846,9976.1
ELO,ASHA,18,1,2e-06,0.04,2031,9976.20145664215,46.41638,30.30303,46.247158,54.152557,69.80414,44.09892,35.620766,51.066666,74.82758,2.8475056,695.9365,-0.13997465,0.87852395,0.23038846,9976.1
ELO,ASHA,19,0,2e-06,0.04,2031,9976.201467132569,46.41638,30.30303,46.247158,54.152557,69.80414,44.09892,35.620766,51.066666,74.82758,2.8475056,695.9365,-0.13997465,0.87852395,0.23038846,9976.1
ELO,ASHA,20,0,4e-06,0.01,2031,10055.201499080657,47.440273,30.80808,46.626232,54.999004,69.640915,46.001305,42.085445,58.766666,69.791664,3.2986085,665.9862,1.0332669,1.005691,1.0232394,10055.1
ELO,ASHA,21,0,2e-06,0.01,1200,5896.601889705658,46.92833,30.30303,45.109932,54.46126,69.58651,44.479717,36.767334,51.6,70.86331,2.5307245,671.2755,0.12366702,0.54173696,0.27569246,5896.5
ELO,ASHA,22,0,2e-06,0.01,1200,5896.601617908478,46.92833,30.30303,45.109932,54.46126,69.58651,44.479717,36.767334,51.6,70.86331,2.5307245,671.2755,0.12366702,0.54173696,0.27569246,5896.5
ELO,ASHA,23,1,2e-06,0.04,2031,9976.201844549178,46.41638,30.30303,46.247158,54.152557,69.80414,44.09892,35.620766,51.066666,74.82758,2.8475056,695.9365,-0.13997465,0.87852395,0.23038846,9976.1
ELO,ASHA,24,1,2e-06,0.02,1400,6924.401859855652,47.013653,29.79798,46.853676,54.31189,69.640915,44.466793,34.95381,49.233334,68.27586,1.8566298,672.6039,0.017123692,0.025533784,0.020181907,6924.3
ELO,BOHB,0,0,1e-06,0.02,2031,10007.502089834212,46.41638,30.30303,42.380592,53.734318,69.314476,43.39939,33.012905,49.233334,64.62585,1.2986337,635.04065,-1.0832226,-1.0072632,-1.055601,10007.4
ELO,BOHB,1,0,2e-06,0.01,1200,5896.601717567444,46.92833,30.30303,45.109932,54.46126,69.58651,44.479717,36.767334,51.6,70.86331,2.5307245,671.2755,0.12366702,0.54173696,0.27569246,5896.5
ELO,BOHB,2,1,1e-06,0.04,2000,9832.502505159377,46.33106,31.818182,42.001514,53.64469,69.749725,43.244896,33.166553,49.433334,61.564625,1.3280091,677.80096,-0.7886106,-0.3691447,-0.6360776,9832.4
ELO,BOHB,3,1,2e-06,0.01,1200,5896.602085208893,46.92833,30.30303,45.109932,54.46126,69.58651,44.479717,36.767334,51.6,70.86331,2.5307245,671.2755,0.12366702,0.54173696,0.27569246,5896.5
ELO,BOHB,4,0,4e-06,0.04,1000,4962.202429628373,47.35495,29.79798,43.972706,54.560844,69.749725,45.31718,37.51047,52.8,72.60274,2.7411363,695.80383,0.30564478,0.8716157,0.5114524,4962.1
ELO,BOHB,5,1,4e-06,0.04,1000,4962.202194786072,47.35495,29.79798,43.972706,54.560844,69.749725,45.31718,37.51047,52.8,72.60274,2.7411363,695.80383,0.30564478,0.8716157,0.5114524,4962.1
ELO,BOHB,6,1,1e-06,0.04,2000,9832.502492523192,46.33106,31.818182,42.001514,53.64469,69.749725,43.244896,33.166553,49.433334,61.564625,1.3280091,677.80096,-0.7886106,-0.3691447,-0.6360776,9832.4
ELO,BOHB,7,1,4e-06,0.01,2031,10055.201615428923,47.440273,30.80808,46.626232,54.999004,69.640915,46.001305,42.085445,58.766666,69.791664,3.2986085,665.9862,1.0332669,1.005691,1.0232394,10055.1
ELO,BOHB,8,1,2e-06,0.02,1400,6924.402495956421,47.013653,29.79798,46.853676,54.31189,69.640915,44.466793,34.95381,49.233334,68.27586,1.8566298,672.6039,0.017123692,0.025533784,0.020181907,6924.3
ELO,BOHB,9,0,4e-06,0.01,2031,10055.20204553604,47.440273,30.80808,46.626232,54.999004,69.640915,46.001305,42.085445,58.766666,69.791664,3.2986085,665.9862,1.0332669,1.005691,1.0232394,10055.1
ELO,BOHB,10,0,2e-06,0.02,1400,6924.401702022553,47.013653,29.79798,46.853676,54.31189,69.640915,44.466793,34.95381,49.233334,68.27586,1.8566298,672.6039,0.017123692,0.025533784,0.020181907,6924.3
ELO,BOHB,11,1,2e-06,0.02,1400,6924.402827835083,47.013653,29.79798,46.853676,54.31189,69.640915,44.466793,34.95381,49.233334,68.27586,1.8566298,672.6039,0.017123692,0.025533784,0.020181907,6924.3
ELO,BOHB,12,1,2e-06,0.04,2031,9976.201761579512,46.41638,30.30303,46.247158,54.152557,69.80414,44.09892,35.620766,51.066666,74.82758,2.8475056,695.9365,-0.13997465,0.87852395,0.23038846,9976.1
ELO,BOHB,13,0,4e-06,0.01,2031,10055.20184407234,47.440273,30.80808,46.626232,54.999004,69.640915,46.001305,42.085445,58.766666,69.791664,3.2986085,665.9862,1.0332669,1.005691,1.0232394,10055.1
ELO,BOHB,14,1,4e-06,0.02,800,3950.602284288407,47.525597,30.80808,44.579227,54.6903,69.91295,45.471313,39.49382,55.333332,70.50359,3.6784594,664.7318,0.8628366,0.999941,0.9126927,3950.5
ELO,BOHB,15,0,1e-06,0.02,2031,10007.502513742444,46.41638,30.30303,42.380592,53.734318,69.314476,43.39939,33.012905,49.233334,64.62585,1.2986337,635.04065,-1.0832226,-1.0072632,-1.055601,10007.4
ELO,BOHB,16,0,2e-06,0.04,2031,9976.201468563078,46.41638,30.30303,46.247158,54.152557,69.80414,44.09892,35.620766,51.066666,74.82758,2.8475056,695.9365,-0.13997465,0.87852395,0.23038846,9976.1
ELO,BOHB,17,0,2e-06,0.04,2031,9976.201397514342,46.41638,30.30303,46.247158,54.152557,69.80414,44.09892,35.620766,51.066666,74.82758,2.8475056,695.9365,-0.13997465,0.87852395,0.23038846,9976.1
ELO,BOHB,18,1,2e-06,0.04,2031,9976.202214813233,46.41638,30.30303,46.247158,54.152557,69.80414,44.09892,35.620766,51.066666,74.82758,2.8475056,695.9365,-0.13997465,0.87852395,0.23038846,9976.1
ELO,BOHB,19,0,2e-06,0.04,2031,9976.202811098095,46.41638,30.30303,46.247158,54.152557,69.80414,44.09892,35.620766,51.066666,74.82758,2.8475056,695.9365,-0.13997465,0.87852395,0.23038846,9976.1
ELO,BOHB,20,0,4e-06,0.01,2031,10055.201171970366,47.440273,30.80808,46.626232,54.999004,69.640915,46.001305,42.085445,58.766666,69.791664,3.2986085,665.9862,1.0332669,1.005691,1.0232394,10055.1
ELO,BOHB,21,0,2e-06,0.01,1200,5896.601931190491,46.92833,30.30303,45.109932,54.46126,69.58651,44.479717,36.767334,51.6,70.86331,2.5307245,671.2755,0.12366702,0.54173696,0.27569246,5896.5
ELO,BOHB,22,0,2e-06,0.01,1200,5896.602021789551,46.92833,30.30303,45.109932,54.46126,69.58651,44.479717,36.767334,51.6,70.86331,2.5307245,671.2755,0.12366702,0.54173696,0.27569246,5896.5
ELO,BOHB,23,1,2e-06,0.04,2031,9976.201237535475,46.41638,30.30303,46.247158,54.152557,69.80414,44.09892,35.620766,51.066666,74.82758,2.8475056,695.9365,-0.13997465,0.87852395,0.23038846,9976.1
ELO,BOHB,24,1,2e-06,0.02,1400,6924.401463603974,47.013653,29.79798,46.853676,54.31189,69.640915,44.466793,34.95381,49.233334,68.27586,1.8566298,672.6039,0.017123692,0.025533784,0.020181907,6924.3
ELO,BOTorch,0,1,2e-06,0.04,2031,9976.201762294768,46.41638,30.30303,46.247158,54.152557,69.80414,44.09892,35.620766,51.066666,74.82758,2.8475056,695.9365,-0.13997465,0.87852395,0.23038846,9976.1
ELO,BOTorch,1,2,4e-06,0.04,200,11002.618719196318,46.672356,32.32323,43.062927,53.973312,69.80414,43.779957,31.800179,48.333332,69.0,2.0848029,654.99835,0.5176018,0.7367179,0.5972804,992.4
ELO,BOTorch,2,1,1e-06,0.04,2000,9832.502352333067,46.33106,31.818182,42.001514,53.64469,69.749725,43.244896,33.166553,49.433334,61.564625,1.3280091,677.80096,-0.7886106,-0.3691447,-0.6360776,9832.4
ELO,BOTorch,3,0,4e-06,0.04,1000,4962.201802349091,47.35495,29.79798,43.972706,54.560844,69.749725,45.31718,37.51047,52.8,72.60274,2.7411363,695.80383,0.30564478,0.8716157,0.5114524,4962.1
ELO,BOTorch,4,0,2e-06,0.01,1200,5896.601807689667,46.92833,30.30303,45.109932,54.46126,69.58651,44.479717,36.767334,51.6,70.86331,2.5307245,671.2755,0.12366702,0.54173696,0.27569246,5896.5
ELO,BOTorch,5,0,4e-06,0.02,800,3950.601616239548,47.525597,30.80808,44.579227,54.6903,69.91295,45.471313,39.49382,55.333332,70.50359,3.6784594,664.7318,0.8628366,0.999941,0.9126927,3950.5
ELO,BOTorch,6,0,4e-06,0.01,2031,10055.201628065108,47.440273,30.80808,46.626232,54.999004,69.640915,46.001305,42.085445,58.766666,69.791664,3.2986085,665.9862,1.0332669,1.005691,1.0232394,10055.1
ELO,BOTorch,7,0,1e-06,0.04,2000,9832.502105569838,46.33106,31.818182,42.001514,53.64469,69.749725,43.244896,33.166553,49.433334,61.564625,1.3280091,677.80096,-0.7886106,-0.3691447,-0.6360776,9832.4
ELO,BOTorch,8,1,2e-06,0.04,2031,9976.201559638976,46.41638,30.30303,46.247158,54.152557,69.80414,44.09892,35.620766,51.066666,74.82758,2.8475056,695.9365,-0.13997465,0.87852395,0.23038846,9976.1
ELO,BOTorch,9,0,4e-06,0.02,800,3950.601886367798,47.525597,30.80808,44.579227,54.6903,69.91295,45.471313,39.49382,55.333332,70.50359,3.6784594,664.7318,0.8628366,0.999941,0.9126927,3950.5
ELO,BOTorch,10,0,1e-06,0.04,2000,9832.502680397032,46.33106,31.818182,42.001514,53.64469,69.749725,43.244896,33.166553,49.433334,61.564625,1.3280091,677.80096,-0.7886106,-0.3691447,-0.6360776,9832.4
ELO,BOTorch,11,1,2e-06,0.04,2031,9976.202508306502,46.41638,30.30303,46.247158,54.152557,69.80414,44.09892,35.620766,51.066666,74.82758,2.8475056,695.9365,-0.13997465,0.87852395,0.23038846,9976.1
ELO,BOTorch,12,1,1e-06,0.04,2000,9832.50210342407,46.33106,31.818182,42.001514,53.64469,69.749725,43.244896,33.166553,49.433334,61.564625,1.3280091,677.80096,-0.7886106,-0.3691447,-0.6360776,9832.4
ELO,BOTorch,13,0,2e-06,0.04,2031,9976.201288557051,46.41638,30.30303,46.247158,54.152557,69.80414,44.09892,35.620766,51.066666,74.82758,2.8475056,695.9365,-0.13997465,0.87852395,0.23038846,9976.1
ELO,BOTorch,14,0,2e-06,0.04,2031,9976.20125374794,46.41638,30.30303,46.247158,54.152557,69.80414,44.09892,35.620766,51.066666,74.82758,2.8475056,695.9365,-0.13997465,0.87852395,0.23038846,9976.1
ELO,BOTorch,15,0,4e-06,0.01,2031,10055.201200342177,47.440273,30.80808,46.626232,54.999004,69.640915,46.001305,42.085445,58.766666,69.791664,3.2986085,665.9862,1.0332669,1.005691,1.0232394,10055.1
ELO,BOTorch,16,0,2e-06,0.02,1400,6924.401750183106,47.013653,29.79798,46.853676,54.31189,69.640915,44.466793,34.95381,49.233334,68.27586,1.8566298,672.6039,0.017123692,0.025533784,0.020181907,6924.3
ELO,BOTorch,17,1,2e-06,0.02,1400,6924.401929712296,47.013653,29.79798,46.853676,54.31189,69.640915,44.466793,34.95381,49.233334,68.27586,1.8566298,672.6039,0.017123692,0.025533784,0.020181907,6924.3
ELO,BOTorch,18,0,4e-06,0.02,800,3950.601873254776,47.525597,30.80808,44.579227,54.6903,69.91295,45.471313,39.49382,55.333332,70.50359,3.6784594,664.7318,0.8628366,0.999941,0.9126927,3950.5
ELO,BOTorch,19,1,4e-06,0.04,1000,4962.202110147477,47.35495,29.79798,43.972706,54.560844,69.749725,45.31718,37.51047,52.8,72.60274,2.7411363,695.80383,0.30564478,0.8716157,0.5114524,4962.1
ELO,BOTorch,20,0,1e-06,0.04,2000,9832.502253389355,46.33106,31.818182,42.001514,53.64469,69.749725,43.244896,33.166553,49.433334,61.564625,1.3280091,677.80096,-0.7886106,-0.3691447,-0.6360776,9832.4
ELO,BOTorch,21,1,4e-06,0.04,1000,4962.201799011231,47.35495,29.79798,43.972706,54.560844,69.749725,45.31718,37.51047,52.8,72.60274,2.7411363,695.80383,0.30564478,0.8716157,0.5114524,4962.1
ELO,BOTorch,22,0,4e-06,0.02,800,3950.601590013504,47.525597,30.80808,44.579227,54.6903,69.91295,45.471313,39.49382,55.333332,70.50359,3.6784594,664.7318,0.8628366,0.999941,0.9126927,3950.5
ELO,BOTorch,23,1,2e-06,0.04,2031,9976.20197663307,46.41638,30.30303,46.247158,54.152557,69.80414,44.09892,35.620766,51.066666,74.82758,2.8475056,695.9365,-0.13997465,0.87852395,0.23038846,9976.1
ELO,BOTorch,24,1,2e-06,0.02,1400,6924.401515102387,47.013653,29.79798,46.853676,54.31189,69.640915,44.466793,34.95381,49.233334,68.27586,1.8566298,672.6039,0.017123692,0.025533784,0.020181907,6924.3
ELO,CQR,0,2,2e-06,0.04,400,11975.018412923811,46.245735,32.32323,43.214558,54.0231,69.5321,43.546093,32.515835,50.5,67.1141,1.5927795,662.0639,-0.40147078,0.14124574,-0.20411932,1964.8
ELO,CQR,1,0,2e-06,0.01,1200,5896.602110481263,46.92833,30.30303,45.109932,54.46126,69.58651,44.479717,36.767334,51.6,70.86331,2.5307245,671.2755,0.12366702,0.54173696,0.27569246,5896.5
ELO,CQR,2,1,1e-06,0.04,2000,9832.502351140974,46.33106,31.818182,42.001514,53.64469,69.749725,43.244896,33.166553,49.433334,61.564625,1.3280091,677.80096,-0.7886106,-0.3691447,-0.6360776,9832.4
ELO,CQR,3,1,2e-06,0.01,1200,5896.602172470093,46.92833,30.30303,45.109932,54.46126,69.58651,44.479717,36.767334,51.6,70.86331,2.5307245,671.2755,0.12366702,0.54173696,0.27569246,5896.5
ELO,CQR,4,0,4e-06,0.04,1000,4962.206058597565,47.35495,29.79798,43.972706,54.560844,69.749725,45.31718,37.51047,52.8,72.60274,2.7411363,695.80383,0.30564478,0.8716157,0.5114524,4962.1
ELO,CQR,5,1,4e-06,0.04,1000,4962.201850986481,47.35495,29.79798,43.972706,54.560844,69.749725,45.31718,37.51047,52.8,72.60274,2.7411363,695.80383,0.30564478,0.8716157,0.5114524,4962.1
ELO,CQR,6,1,1e-06,0.04,2000,9832.502344465254,46.33106,31.818182,42.001514,53.64469,69.749725,43.244896,33.166553,49.433334,61.564625,1.3280091,677.80096,-0.7886106,-0.3691447,-0.6360776,9832.4
ELO,CQR,7,1,4e-06,0.01,2031,10055.201715803145,47.440273,30.80808,46.626232,54.999004,69.640915,46.001305,42.085445,58.766666,69.791664,3.2986085,665.9862,1.0332669,1.005691,1.0232394,10055.1
ELO,CQR,8,1,2e-06,0.02,1400,6924.401708698273,47.013653,29.79798,46.853676,54.31189,69.640915,44.466793,34.95381,49.233334,68.27586,1.8566298,672.6039,0.017123692,0.025533784,0.020181907,6924.3
ELO,CQR,9,0,4e-06,0.01,2031,10055.201818799973,47.440273,30.80808,46.626232,54.999004,69.640915,46.001305,42.085445,58.766666,69.791664,3.2986085,665.9862,1.0332669,1.005691,1.0232394,10055.1
ELO,CQR,10,0,2e-06,0.02,1400,6924.402147865296,47.013653,29.79798,46.853676,54.31189,69.640915,44.466793,34.95381,49.233334,68.27586,1.8566298,672.6039,0.017123692,0.025533784,0.020181907,6924.3
ELO,CQR,11,1,2e-06,0.02,1400,6924.401953792572,47.013653,29.79798,46.853676,54.31189,69.640915,44.466793,34.95381,49.233334,68.27586,1.8566298,672.6039,0.017123692,0.025533784,0.020181907,6924.3
ELO,CQR,12,1,2e-06,0.04,2031,9976.20129213333,46.41638,30.30303,46.247158,54.152557,69.80414,44.09892,35.620766,51.066666,74.82758,2.8475056,695.9365,-0.13997465,0.87852395,0.23038846,9976.1
ELO,CQR,13,0,4e-06,0.01,2031,10055.201339817046,47.440273,30.80808,46.626232,54.999004,69.640915,46.001305,42.085445,58.766666,69.791664,3.2986085,665.9862,1.0332669,1.005691,1.0232394,10055.1
ELO,CQR,14,1,4e-06,0.02,800,3950.601706123352,47.525597,30.80808,44.579227,54.6903,69.91295,45.471313,39.49382,55.333332,70.50359,3.6784594,664.7318,0.8628366,0.999941,0.9126927,3950.5
ELO,CQR,15,3,2e-06,0.04,400,11975.019252634049,46.245735,32.32323,43.214558,54.0231,69.5321,43.546093,32.515835,50.5,67.1141,1.5927795,662.0639,-0.40147078,0.14124574,-0.20411932,1964.8
ELO,CQR,16,0,2e-06,0.04,2031,9976.201513147353,46.41638,30.30303,46.247158,54.152557,69.80414,44.09892,35.620766,51.066666,74.82758,2.8475056,695.9365,-0.13997465,0.87852395,0.23038846,9976.1
ELO,CQR,17,0,2e-06,0.04,2031,9976.201565122605,46.41638,30.30303,46.247158,54.152557,69.80414,44.09892,35.620766,51.066666,74.82758,2.8475056,695.9365,-0.13997465,0.87852395,0.23038846,9976.1
ELO,CQR,18,1,2e-06,0.04,2031,9976.201648807524,46.41638,30.30303,46.247158,54.152557,69.80414,44.09892,35.620766,51.066666,74.82758,2.8475056,695.9365,-0.13997465,0.87852395,0.23038846,9976.1
ELO,CQR,19,0,2e-06,0.04,2031,9976.201661443709,46.41638,30.30303,46.247158,54.152557,69.80414,44.09892,35.620766,51.066666,74.82758,2.8475056,695.9365,-0.13997465,0.87852395,0.23038846,9976.1
ELO,CQR,20,0,4e-06,0.01,2031,10055.202910518645,47.440273,30.80808,46.626232,54.999004,69.640915,46.001305,42.085445,58.766666,69.791664,3.2986085,665.9862,1.0332669,1.005691,1.0232394,10055.1
ELO,CQR,21,0,2e-06,0.01,1200,5896.60312948227,46.92833,30.30303,45.109932,54.46126,69.58651,44.479717,36.767334,51.6,70.86331,2.5307245,671.2755,0.12366702,0.54173696,0.27569246,5896.5
ELO,CQR,22,0,2e-06,0.01,1200,5896.601813411713,46.92833,30.30303,45.109932,54.46126,69.58651,44.479717,36.767334,51.6,70.86331,2.5307245,671.2755,0.12366702,0.54173696,0.27569246,5896.5
ELO,CQR,23,1,2e-06,0.04,2031,9976.201547718048,46.41638,30.30303,46.247158,54.152557,69.80414,44.09892,35.620766,51.066666,74.82758,2.8475056,695.9365,-0.13997465,0.87852395,0.23038846,9976.1
ELO,CQR,24,1,2e-06,0.02,1400,6924.401527023316,47.013653,29.79798,46.853676,54.31189,69.640915,44.466793,34.95381,49.233334,68.27586,1.8566298,672.6039,0.017123692,0.025533784,0.020181907,6924.3
ELO,RandomSearch,0,0,1e-06,0.04,2000,9832.504268503188,46.33106,31.818182,42.001514,53.64469,69.749725,43.244896,33.166553,49.433334,61.564625,1.3280091,677.80096,-0.7886106,-0.3691447,-0.6360776,9832.4
ELO,RandomSearch,1,0,4e-06,0.04,1000,4962.202419614792,47.35495,29.79798,43.972706,54.560844,69.749725,45.31718,37.51047,52.8,72.60274,2.7411363,695.80383,0.30564478,0.8716157,0.5114524,4962.1
ELO,RandomSearch,2,1,4e-06,0.01,2031,10055.201882219311,47.440273,30.80808,46.626232,54.999004,69.640915,46.001305,42.085445,58.766666,69.791664,3.2986085,665.9862,1.0332669,1.005691,1.0232394,10055.1
ELO,RandomSearch,3,1,4e-06,0.02,800,3950.601794099808,47.525597,30.80808,44.579227,54.6903,69.91295,45.471313,39.49382,55.333332,70.50359,3.6784594,664.7318,0.8628366,0.999941,0.9126927,3950.5
ELO,RandomSearch,4,1,4e-06,0.02,800,3950.602467155457,47.525597,30.80808,44.579227,54.6903,69.91295,45.471313,39.49382,55.333332,70.50359,3.6784594,664.7318,0.8628366,0.999941,0.9126927,3950.5
ELO,RandomSearch,5,1,4e-06,0.04,1000,4962.202043390274,47.35495,29.79798,43.972706,54.560844,69.749725,45.31718,37.51047,52.8,72.60274,2.7411363,695.80383,0.30564478,0.8716157,0.5114524,4962.1
ELO,RandomSearch,6,2,2e-06,0.02,400,11988.619906282423,46.75768,31.313131,44.50341,54.08285,69.967354,43.69086,31.661547,50.7,67.34694,1.6421666,657.89325,-0.09771203,0.1313229,-0.014426597,1978.4
ELO,RandomSearch,7,1,4e-06,0.04,1000,4962.202168560028,47.35495,29.79798,43.972706,54.560844,69.749725,45.31718,37.51047,52.8,72.60274,2.7411363,695.80383,0.30564478,0.8716157,0.5114524,4962.1
ELO,RandomSearch,8,0,2e-06,0.04,2031,9976.201336717604,46.41638,30.30303,46.247158,54.152557,69.80414,44.09892,35.620766,51.066666,74.82758,2.8475056,695.9365,-0.13997465,0.87852395,0.23038846,9976.1
ELO,RandomSearch,9,0,4e-06,0.01,2031,10055.201308107376,47.440273,30.80808,46.626232,54.999004,69.640915,46.001305,42.085445,58.766666,69.791664,3.2986085,665.9862,1.0332669,1.005691,1.0232394,10055.1
ELO,RandomSearch,10,1,2e-06,0.02,1400,6924.401825761795,47.013653,29.79798,46.853676,54.31189,69.640915,44.466793,34.95381,49.233334,68.27586,1.8566298,672.6039,0.017123692,0.025533784,0.020181907,6924.3
ELO,RandomSearch,11,3,4e-06,0.02,400,11985.419490909577,47.35495,30.80808,46.702045,54.670383,69.42329,45.070538,36.74484,54.0,69.93007,3.1017833,658.6331,0.5689868,1.0204924,0.7331706,1975.2
ELO,RandomSearch,12,2,2e-06,0.04,400,11975.01931772232,46.245735,32.32323,43.214558,54.0231,69.5321,43.546093,32.515835,50.5,67.1141,1.5927795,662.0639,-0.40147078,0.14124574,-0.20411932,1964.8
ELO,RandomSearch,13,0,2e-06,0.01,1200,5896.601890182496,46.92833,30.30303,45.109932,54.46126,69.58651,44.479717,36.767334,51.6,70.86331,2.5307245,671.2755,0.12366702,0.54173696,0.27569246,5896.5
ELO,RandomSearch,14,1,2e-06,0.02,1400,6924.401578998566,47.013653,29.79798,46.853676,54.31189,69.640915,44.466793,34.95381,49.233334,68.27586,1.8566298,672.6039,0.017123692,0.025533784,0.020181907,6924.3
ELO,RandomSearch,15,1,2e-06,0.02,1400,6924.402162408829,47.013653,29.79798,46.853676,54.31189,69.640915,44.466793,34.95381,49.233334,68.27586,1.8566298,672.6039,0.017123692,0.025533784,0.020181907,6924.3
ELO,RandomSearch,16,1,2e-06,0.04,2031,9976.201210355755,46.41638,30.30303,46.247158,54.152557,69.80414,44.09892,35.620766,51.066666,74.82758,2.8475056,695.9365,-0.13997465,0.87852395,0.23038846,9976.1
ELO,RandomSearch,17,1,2e-06,0.02,1400,6924.401829099656,47.013653,29.79798,46.853676,54.31189,69.640915,44.466793,34.95381,49.233334,68.27586,1.8566298,672.6039,0.017123692,0.025533784,0.020181907,6924.3
ELO,RandomSearch,18,1,1e-06,0.04,2000,9832.50307998657,46.33106,31.818182,42.001514,53.64469,69.749725,43.244896,33.166553,49.433334,61.564625,1.3280091,677.80096,-0.7886106,-0.3691447,-0.6360776,9832.4
ELO,RandomSearch,19,0,2e-06,0.04,2031,9976.201405143736,46.41638,30.30303,46.247158,54.152557,69.80414,44.09892,35.620766,51.066666,74.82758,2.8475056,695.9365,-0.13997465,0.87852395,0.23038846,9976.1
ELO,RandomSearch,20,0,2e-06,0.02,1400,6924.401653146744,47.013653,29.79798,46.853676,54.31189,69.640915,44.466793,34.95381,49.233334,68.27586,1.8566298,672.6039,0.017123692,0.025533784,0.020181907,6924.3
ELO,RandomSearch,21,0,2e-06,0.01,1200,5896.601533985138,46.92833,30.30303,45.109932,54.46126,69.58651,44.479717,36.767334,51.6,70.86331,2.5307245,671.2755,0.12366702,0.54173696,0.27569246,5896.5
ELO,RandomSearch,22,0,2e-06,0.02,1400,6924.4019759655,47.013653,29.79798,46.853676,54.31189,69.640915,44.466793,34.95381,49.233334,68.27586,1.8566298,672.6039,0.017123692,0.025533784,0.020181907,6924.3
ELO,RandomSearch,23,0,1e-06,0.01,2031,12451.501874065398,46.245735,31.818182,43.59363,53.75423,69.42329,43.17385,32.266052,49.866665,61.258278,1.3570069,652.21106,-0.8028939,-0.87378204,-0.8286714,12451.4
ELO,RandomSearch,24,1,2e-06,0.01,1200,5896.602505779267,46.92833,30.30303,45.109932,54.46126,69.58651,44.479717,36.767334,51.6,70.86331,2.5307245,671.2755,0.12366702,0.54173696,0.27569246,5896.5
ELO,TPE,0,1,4e-06,0.02,800,3950.602197980881,47.525597,30.80808,44.579227,54.6903,69.91295,45.471313,39.49382,55.333332,70.50359,3.6784594,664.7318,0.8628366,0.999941,0.9126927,3950.5
ELO,TPE,1,0,2e-06,0.02,1400,6924.401942586899,47.013653,29.79798,46.853676,54.31189,69.640915,44.466793,34.95381,49.233334,68.27586,1.8566298,672.6039,0.017123692,0.025533784,0.020181907,6924.3
ELO,TPE,2,0,2e-06,0.01,1200,5896.601784801484,46.92833,30.30303,45.109932,54.46126,69.58651,44.479717,36.767334,51.6,70.86331,2.5307245,671.2755,0.12366702,0.54173696,0.27569246,5896.5
ELO,TPE,3,0,4e-06,0.02,800,3950.6024905204777,47.525597,30.80808,44.579227,54.6903,69.91295,45.471313,39.49382,55.333332,70.50359,3.6784594,664.7318,0.8628366,0.999941,0.9126927,3950.5
ELO,TPE,4,0,2e-06,0.04,2031,9976.201630449294,46.41638,30.30303,46.247158,54.152557,69.80414,44.09892,35.620766,51.066666,74.82758,2.8475056,695.9365,-0.13997465,0.87852395,0.23038846,9976.1
ELO,TPE,5,1,2e-06,0.04,2031,9976.201643800734,46.41638,30.30303,46.247158,54.152557,69.80414,44.09892,35.620766,51.066666,74.82758,2.8475056,695.9365,-0.13997465,0.87852395,0.23038846,9976.1
ELO,TPE,6,0,1e-06,0.04,2000,9832.502218580245,46.33106,31.818182,42.001514,53.64469,69.749725,43.244896,33.166553,49.433334,61.564625,1.3280091,677.80096,-0.7886106,-0.3691447,-0.6360776,9832.4
ELO,TPE,7,0,2e-06,0.02,1400,6924.401640033722,47.013653,29.79798,46.853676,54.31189,69.640915,44.466793,34.95381,49.233334,68.27586,1.8566298,672.6039,0.017123692,0.025533784,0.020181907,6924.3
ELO,TPE,8,0,1e-06,0.04,2000,9832.502714490887,46.33106,31.818182,42.001514,53.64469,69.749725,43.244896,33.166553,49.433334,61.564625,1.3280091,677.80096,-0.7886106,-0.3691447,-0.6360776,9832.4
ELO,TPE,9,1,4e-06,0.02,800,3950.602367734909,47.525597,30.80808,44.579227,54.6903,69.91295,45.471313,39.49382,55.333332,70.50359,3.6784594,664.7318,0.8628366,0.999941,0.9126927,3950.5
ELO,TPE,10,0,4e-06,0.01,2031,10055.2016061306,47.440273,30.80808,46.626232,54.999004,69.640915,46.001305,42.085445,58.766666,69.791664,3.2986085,665.9862,1.0332669,1.005691,1.0232394,10055.1
ELO,TPE,11,0,2e-06,0.04,2031,9976.201584911343,46.41638,30.30303,46.247158,54.152557,69.80414,44.09892,35.620766,51.066666,74.82758,2.8475056,695.9365,-0.13997465,0.87852395,0.23038846,9976.1
ELO,TPE,12,1,4e-06,0.01,2031,10055.20166978836,47.440273,30.80808,46.626232,54.999004,69.640915,46.001305,42.085445,58.766666,69.791664,3.2986085,665.9862,1.0332669,1.005691,1.0232394,10055.1
ELO,TPE,13,0,2e-06,0.04,2031,9976.20122013092,46.41638,30.30303,46.247158,54.152557,69.80414,44.09892,35.620766,51.066666,74.82758,2.8475056,695.9365,-0.13997465,0.87852395,0.23038846,9976.1
ELO,TPE,14,1,2e-06,0.04,2031,9976.202567911148,46.41638,30.30303,46.247158,54.152557,69.80414,44.09892,35.620766,51.066666,74.82758,2.8475056,695.9365,-0.13997465,0.87852395,0.23038846,9976.1
ELO,TPE,15,1,4e-06,0.02,800,3950.602194643021,47.525597,30.80808,44.579227,54.6903,69.91295,45.471313,39.49382,55.333332,70.50359,3.6784594,664.7318,0.8628366,0.999941,0.9126927,3950.5
ELO,TPE,16,1,2e-06,0.02,1400,6924.401508665085,47.013653,29.79798,46.853676,54.31189,69.640915,44.466793,34.95381,49.233334,68.27586,1.8566298,672.6039,0.017123692,0.025533784,0.020181907,6924.3
ELO,TPE,17,0,1e-06,0.04,2000,9832.502524471282,46.33106,31.818182,42.001514,53.64469,69.749725,43.244896,33.166553,49.433334,61.564625,1.3280091,677.80096,-0.7886106,-0.3691447,-0.6360776,9832.4
ELO,TPE,18,0,2e-06,0.01,1200,5896.601833677292,46.92833,30.30303,45.109932,54.46126,69.58651,44.479717,36.767334,51.6,70.86331,2.5307245,671.2755,0.12366702,0.54173696,0.27569246,5896.5
ELO,TPE,19,0,2e-06,0.01,1200,5896.603211975098,46.92833,30.30303,45.109932,54.46126,69.58651,44.479717,36.767334,51.6,70.86331,2.5307245,671.2755,0.12366702,0.54173696,0.27569246,5896.5
ELO,TPE,20,0,4e-06,0.04,1000,4962.202249860764,47.35495,29.79798,43.972706,54.560844,69.749725,45.31718,37.51047,52.8,72.60274,2.7411363,695.80383,0.30564478,0.8716157,0.5114524,4962.1
ELO,TPE,21,1,2e-06,0.04,2031,9976.201952791213,46.41638,30.30303,46.247158,54.152557,69.80414,44.09892,35.620766,51.066666,74.82758,2.8475056,695.9365,-0.13997465,0.87852395,0.23038846,9976.1
ELO,TPE,22,0,1e-06,0.01,2031,12451.502020454403,46.245735,31.818182,43.59363,53.75423,69.42329,43.17385,32.266052,49.866665,61.258278,1.3570069,652.21106,-0.8028939,-0.87378204,-0.8286714,12451.4
ELO,TPE,23,0,2e-06,0.04,2031,9976.201368904112,46.41638,30.30303,46.247158,54.152557,69.80414,44.09892,35.620766,51.066666,74.82758,2.8475056,695.9365,-0.13997465,0.87852395,0.23038846,9976.1
ELO,TPE,24,1,4e-06,0.02,800,3950.6020697116855,47.525597,30.80808,44.579227,54.6903,69.91295,45.471313,39.49382,55.333332,70.50359,3.6784594,664.7318,0.8628366,0.999941,0.9126927,3950.5
IFEval,ASHA,0,3,1e-06,0.04,400,11976.720393991469,46.075085,32.32323,42.304775,53.7144,69.15125,43.197086,34.36931,48.733334,56.25,1.3088369,622.4569,-0.80121213,-1.0688471,-0.89853394,1966.5
IFEval,ASHA,1,0,2e-06,0.01,1600,7862.101932859421,46.75768,31.818182,45.792267,54.43139,69.749725,44.522556,37.58666,51.733334,70.89041,3.3189597,643.52435,0.42157233,0.6163181,0.49238896,7862.0
IFEval,ASHA,2,3,4e-06,0.02,400,11985.421383953091,47.35495,30.80808,46.702045,54.670383,69.42329,45.070538,36.74484,54.0,69.93007,3.1017833,658.6331,0.5689868,1.0204924,0.7331706,1975.2
IFEval,ASHA,3,0,4e-06,0.01,2031,10055.201530075072,47.440273,30.80808,46.626232,54.999004,69.640915,46.001305,42.085445,58.766666,69.791664,3.2986085,665.9862,1.0332669,1.005691,1.0232394,10055.1
IFEval,ASHA,4,0,4e-06,0.04,1200,5954.601689195633,46.92833,29.292929,42.759666,54.550888,69.47769,45.377975,39.932213,52.8,73.64865,2.8606658,634.3328,0.026709937,0.5930065,0.23263595,5954.5
IFEval,ASHA,5,0,4e-06,0.02,600,2963.0017846584324,47.440273,27.777779,45.716454,54.63055,69.42329,45.301453,41.90808,55.266666,79.13669,3.3298798,644.28986,0.36426777,1.39163,0.737854,2962.9
IFEval,ASHA,6,0,4e-06,0.02,600,2963.002180910111,47.440273,27.777779,45.716454,54.63055,69.42329,45.301453,41.90808,55.266666,79.13669,3.3298798,644.28986,0.36426777,1.39163,0.737854,2962.9
IFEval,ASHA,7,1,4e-06,0.01,2031,10055.20163259506,47.440273,30.80808,46.626232,54.999004,69.640915,46.001305,42.085445,58.766666,69.791664,3.2986085,665.9862,1.0332669,1.005691,1.0232394,10055.1
IFEval,ASHA,8,1,2e-06,0.02,2031,10045.302238082884,46.672356,29.292929,46.01971,54.282017,69.80414,44.421608,37.07956,51.766666,71.37931,1.9203776,649.86743,-0.0785244,-0.09376349,-0.08406589,10045.2
IFEval,ASHA,9,0,4e-06,0.01,2031,10055.201220846177,47.440273,30.80808,46.626232,54.999004,69.640915,46.001305,42.085445,58.766666,69.791664,3.2986085,665.9862,1.0332669,1.005691,1.0232394,10055.1
IFEval,ASHA,10,0,2e-06,0.02,2031,10045.30191669464,46.672356,29.292929,46.01971,54.282017,69.80414,44.421608,37.07956,51.766666,71.37931,1.9203776,649.86743,-0.0785244,-0.09376349,-0.08406589,10045.2
IFEval,ASHA,11,0,2e-06,0.01,1600,7862.10206398964,46.75768,31.818182,45.792267,54.43139,69.749725,44.522556,37.58666,51.733334,70.89041,3.3189597,643.52435,0.42157233,0.6163181,0.49238896,7862.0
IFEval,ASHA,12,0,4e-06,0.02,600,2963.0017541408542,47.440273,27.777779,45.716454,54.63055,69.42329,45.301453,41.90808,55.266666,79.13669,3.3298798,644.28986,0.36426777,1.39163,0.737854,2962.9
IFEval,ASHA,13,0,4e-06,0.01,2031,10055.201648092268,47.440273,30.80808,46.626232,54.999004,69.640915,46.001305,42.085445,58.766666,69.791664,3.2986085,665.9862,1.0332669,1.005691,1.0232394,10055.1
IFEval,ASHA,14,1,4e-06,0.02,600,2963.002580738068,47.440273,27.777779,45.716454,54.63055,69.42329,45.301453,41.90808,55.266666,79.13669,3.3298798,644.28986,0.36426777,1.39163,0.737854,2962.9
IFEval,ASHA,15,0,1e-06,0.02,1000,4927.403746461869,46.33106,31.818182,42.380592,53.82394,69.5321,43.282692,33.836,50.933334,65.789474,1.0549306,602.55835,-0.88561004,-1.0303704,-0.9382501,4927.3
IFEval,ASHA,16,1,2e-06,0.02,2031,10045.302870130536,46.672356,29.292929,46.01971,54.282017,69.80414,44.421608,37.07956,51.766666,71.37931,1.9203776,649.86743,-0.0785244,-0.09376349,-0.08406589,10045.2
IFEval,ASHA,17,1,4e-06,0.02,600,2963.001919126511,47.440273,27.777779,45.716454,54.63055,69.42329,45.301453,41.90808,55.266666,79.13669,3.3298798,644.28986,0.36426777,1.39163,0.737854,2962.9
IFEval,ASHA,18,0,4e-06,0.01,2031,10055.201460933684,47.440273,30.80808,46.626232,54.999004,69.640915,46.001305,42.085445,58.766666,69.791664,3.2986085,665.9862,1.0332669,1.005691,1.0232394,10055.1
IFEval,ASHA,19,0,2e-06,0.04,2031,9976.201448774336,46.41638,30.30303,46.247158,54.152557,69.80414,44.09892,35.620766,51.066666,74.82758,2.8475056,695.9365,-0.13997465,0.87852395,0.23038846,9976.1
IFEval,ASHA,20,0,4e-06,0.01,2031,10055.201545095442,47.440273,30.80808,46.626232,54.999004,69.640915,46.001305,42.085445,58.766666,69.791664,3.2986085,665.9862,1.0332669,1.005691,1.0232394,10055.1
IFEval,ASHA,21,0,2e-06,0.01,1600,7862.10197339058,46.75768,31.818182,45.792267,54.43139,69.749725,44.522556,37.58666,51.733334,70.89041,3.3189597,643.52435,0.42157233,0.6163181,0.49238896,7862.0
IFEval,ASHA,22,0,2e-06,0.01,1600,7862.102534627915,46.75768,31.818182,45.792267,54.43139,69.749725,44.522556,37.58666,51.733334,70.89041,3.3189597,643.52435,0.42157233,0.6163181,0.49238896,7862.0
IFEval,ASHA,23,0,4e-06,0.01,2031,10055.20155200958,47.440273,30.80808,46.626232,54.999004,69.640915,46.001305,42.085445,58.766666,69.791664,3.2986085,665.9862,1.0332669,1.005691,1.0232394,10055.1
IFEval,ASHA,24,0,4e-06,0.01,2031,10055.201612329482,47.440273,30.80808,46.626232,54.999004,69.640915,46.001305,42.085445,58.766666,69.791664,3.2986085,665.9862,1.0332669,1.005691,1.0232394,10055.1
IFEval,BOHB,0,3,1e-06,0.04,400,11976.720429992674,46.075085,32.32323,42.304775,53.7144,69.15125,43.197086,34.36931,48.733334,56.25,1.3088369,622.4569,-0.80121213,-1.0688471,-0.89853394,1966.5
IFEval,BOHB,1,0,2e-06,0.01,1600,7862.102005815506,46.75768,31.818182,45.792267,54.43139,69.749725,44.522556,37.58666,51.733334,70.89041,3.3189597,643.52435,0.42157233,0.6163181,0.49238896,7862.0
IFEval,BOHB,2,3,4e-06,0.02,400,11985.419777965544,47.35495,30.80808,46.702045,54.670383,69.42329,45.070538,36.74484,54.0,69.93007,3.1017833,658.6331,0.5689868,1.0204924,0.7331706,1975.2
IFEval,BOHB,3,0,4e-06,0.01,2031,10055.20240793228,47.440273,30.80808,46.626232,54.999004,69.640915,46.001305,42.085445,58.766666,69.791664,3.2986085,665.9862,1.0332669,1.005691,1.0232394,10055.1
IFEval,BOHB,4,0,4e-06,0.04,1200,5954.602669095993,46.92833,29.292929,42.759666,54.550888,69.47769,45.377975,39.932213,52.8,73.64865,2.8606658,634.3328,0.026709937,0.5930065,0.23263595,5954.5
IFEval,BOHB,5,0,4e-06,0.02,600,2963.0018990993503,47.440273,27.777779,45.716454,54.63055,69.42329,45.301453,41.90808,55.266666,79.13669,3.3298798,644.28986,0.36426777,1.39163,0.737854,2962.9
IFEval,BOHB,6,0,4e-06,0.02,600,2963.0060680866245,47.440273,27.777779,45.716454,54.63055,69.42329,45.301453,41.90808,55.266666,79.13669,3.3298798,644.28986,0.36426777,1.39163,0.737854,2962.9
IFEval,BOHB,7,1,4e-06,0.01,2031,10055.201410865782,47.440273,30.80808,46.626232,54.999004,69.640915,46.001305,42.085445,58.766666,69.791664,3.2986085,665.9862,1.0332669,1.005691,1.0232394,10055.1
IFEval,BOHB,8,1,2e-06,0.02,2031,10045.302279806136,46.672356,29.292929,46.01971,54.282017,69.80414,44.421608,37.07956,51.766666,71.37931,1.9203776,649.86743,-0.0785244,-0.09376349,-0.08406589,10045.2
IFEval,BOHB,9,0,4e-06,0.01,2031,10055.20166454315,47.440273,30.80808,46.626232,54.999004,69.640915,46.001305,42.085445,58.766666,69.791664,3.2986085,665.9862,1.0332669,1.005691,1.0232394,10055.1
IFEval,BOHB,10,0,2e-06,0.02,2031,10045.303331470488,46.672356,29.292929,46.01971,54.282017,69.80414,44.421608,37.07956,51.766666,71.37931,1.9203776,649.86743,-0.0785244,-0.09376349,-0.08406589,10045.2
IFEval,BOHB,11,0,2e-06,0.01,1600,7862.10188946724,46.75768,31.818182,45.792267,54.43139,69.749725,44.522556,37.58666,51.733334,70.89041,3.3189597,643.52435,0.42157233,0.6163181,0.49238896,7862.0
IFEval,BOHB,12,0,4e-06,0.02,600,2963.003272390366,47.440273,27.777779,45.716454,54.63055,69.42329,45.301453,41.90808,55.266666,79.13669,3.3298798,644.28986,0.36426777,1.39163,0.737854,2962.9
IFEval,BOHB,13,0,4e-06,0.01,2031,10055.201183891297,47.440273,30.80808,46.626232,54.999004,69.640915,46.001305,42.085445,58.766666,69.791664,3.2986085,665.9862,1.0332669,1.005691,1.0232394,10055.1
IFEval,BOHB,14,1,4e-06,0.02,600,2963.0024927616123,47.440273,27.777779,45.716454,54.63055,69.42329,45.301453,41.90808,55.266666,79.13669,3.3298798,644.28986,0.36426777,1.39163,0.737854,2962.9
IFEval,BOHB,15,0,1e-06,0.02,1000,4927.402115440369,46.33106,31.818182,42.380592,53.82394,69.5321,43.282692,33.836,50.933334,65.789474,1.0549306,602.55835,-0.88561004,-1.0303704,-0.9382501,4927.3
IFEval,BOHB,16,1,2e-06,0.02,2031,10045.30221042633,46.672356,29.292929,46.01971,54.282017,69.80414,44.421608,37.07956,51.766666,71.37931,1.9203776,649.86743,-0.0785244,-0.09376349,-0.08406589,10045.2
IFEval,BOHB,17,1,4e-06,0.02,600,2963.0023046493534,47.440273,27.777779,45.716454,54.63055,69.42329,45.301453,41.90808,55.266666,79.13669,3.3298798,644.28986,0.36426777,1.39163,0.737854,2962.9
IFEval,BOHB,18,0,4e-06,0.01,2031,10055.201637363432,47.440273,30.80808,46.626232,54.999004,69.640915,46.001305,42.085445,58.766666,69.791664,3.2986085,665.9862,1.0332669,1.005691,1.0232394,10055.1
IFEval,BOHB,19,0,2e-06,0.04,2031,9976.20432577133,46.41638,30.30303,46.247158,54.152557,69.80414,44.09892,35.620766,51.066666,74.82758,2.8475056,695.9365,-0.13997465,0.87852395,0.23038846,9976.1
IFEval,BOHB,20,0,4e-06,0.01,2031,10055.201623296736,47.440273,30.80808,46.626232,54.999004,69.640915,46.001305,42.085445,58.766666,69.791664,3.2986085,665.9862,1.0332669,1.005691,1.0232394,10055.1
IFEval,BOHB,21,0,2e-06,0.01,1600,7862.102076387406,46.75768,31.818182,45.792267,54.43139,69.749725,44.522556,37.58666,51.733334,70.89041,3.3189597,643.52435,0.42157233,0.6163181,0.49238896,7862.0
IFEval,BOHB,22,0,2e-06,0.01,1600,7862.102116918564,46.75768,31.818182,45.792267,54.43139,69.749725,44.522556,37.58666,51.733334,70.89041,3.3189597,643.52435,0.42157233,0.6163181,0.49238896,7862.0
IFEval,BOHB,23,0,4e-06,0.01,2031,10055.201237058638,47.440273,30.80808,46.626232,54.999004,69.640915,46.001305,42.085445,58.766666,69.791664,3.2986085,665.9862,1.0332669,1.005691,1.0232394,10055.1
IFEval,BOHB,24,0,4e-06,0.01,2031,10055.201556062697,47.440273,30.80808,46.626232,54.999004,69.640915,46.001305,42.085445,58.766666,69.791664,3.2986085,665.9862,1.0332669,1.005691,1.0232394,10055.1
IFEval,BOTorch,0,2,4e-06,0.04,400,11965.019046640396,47.013653,31.818182,44.9583,54.540928,69.967354,44.61561,38.053753,51.166668,74.64789,3.0954084,637.3377,0.80886555,0.6000616,0.73293686,1984.8
IFEval,BOTorch,1,0,4e-06,0.04,1200,5954.602113580704,46.92833,29.292929,42.759666,54.550888,69.47769,45.377975,39.932213,52.8,73.64865,2.8606658,634.3328,0.026709937,0.5930065,0.23263595,5954.5
IFEval,BOTorch,2,2,4e-06,0.01,600,12950.722186422348,47.269623,30.30303,47.83927,54.939255,69.47769,45.800694,41.695755,55.4,72.69504,3.0878077,643.8753,1.0317229,1.0384305,1.034162,2970.5
IFEval,BOTorch,3,0,4e-06,0.01,2031,10055.201279735564,47.440273,30.80808,46.626232,54.999004,69.640915,46.001305,42.085445,58.766666,69.791664,3.2986085,665.9862,1.0332669,1.005691,1.0232394,10055.1
IFEval,BOTorch,4,0,4e-06,0.01,2031,10055.201570129391,47.440273,30.80808,46.626232,54.999004,69.640915,46.001305,42.085445,58.766666,69.791664,3.2986085,665.9862,1.0332669,1.005691,1.0232394,10055.1
IFEval,BOTorch,5,2,4e-06,0.01,400,11960.519572353362,47.696247,30.30303,47.91509,54.86955,69.69532,45.497406,37.614143,56.3,72.69504,3.6663287,640.5936,1.0202352,1.3034295,1.123215,1980.3
IFEval,BOTorch,6,0,4e-06,0.01,2031,10055.201626873017,47.440273,30.80808,46.626232,54.999004,69.640915,46.001305,42.085445,58.766666,69.791664,3.2986085,665.9862,1.0332669,1.005691,1.0232394,10055.1
IFEval,BOTorch,7,2,4e-06,0.01,600,12955.72558364868,47.269623,30.30303,47.83927,54.939255,69.47769,45.800694,41.695755,55.4,72.69504,3.0878077,643.8753,1.0317229,1.0384305,1.034162,2970.5
IFEval,BOTorch,8,2,4e-06,0.01,600,12980.7648542881,47.269623,30.30303,47.83927,54.939255,69.47769,45.800694,41.695755,55.4,72.69504,3.0878077,643.8753,1.0317229,1.0384305,1.034162,2970.5
IFEval,BOTorch,9,1,4e-06,0.04,1200,5954.601989364624,46.92833,29.292929,42.759666,54.550888,69.47769,45.377975,39.932213,52.8,73.64865,2.8606658,634.3328,0.026709937,0.5930065,0.23263595,5954.5
IFEval,BOTorch,10,2,4e-06,0.01,600,12950.724707221983,47.269623,30.30303,47.83927,54.939255,69.47769,45.800694,41.695755,55.4,72.69504,3.0878077,643.8753,1.0317229,1.0384305,1.034162,2970.5
IFEval,BOTorch,11,2,4e-06,0.01,600,12950.722522115706,47.269623,30.30303,47.83927,54.939255,69.47769,45.800694,41.695755,55.4,72.69504,3.0878077,643.8753,1.0317229,1.0384305,1.034162,2970.5
IFEval,BOTorch,12,2,4e-06,0.02,600,12943.129559850691,47.440273,27.777779,45.716454,54.63055,69.42329,45.301453,41.90808,55.266666,79.13669,3.3298798,644.28986,0.36426777,1.39163,0.737854,2962.9
IFEval,BOTorch,13,3,4e-06,0.02,600,12973.119423007964,47.440273,27.777779,45.716454,54.63055,69.42329,45.301453,41.90808,55.266666,79.13669,3.3298798,644.28986,0.36426777,1.39163,0.737854,2962.9
IFEval,BOTorch,14,1,4e-06,0.01,2031,10055.20182714462,47.440273,30.80808,46.626232,54.999004,69.640915,46.001305,42.085445,58.766666,69.791664,3.2986085,665.9862,1.0332669,1.005691,1.0232394,10055.1
IFEval,BOTorch,15,1,4e-06,0.01,2031,10055.201929903027,47.440273,30.80808,46.626232,54.999004,69.640915,46.001305,42.085445,58.766666,69.791664,3.2986085,665.9862,1.0332669,1.005691,1.0232394,10055.1
IFEval,BOTorch,16,2,4e-06,0.01,600,12950.723224020005,47.269623,30.30303,47.83927,54.939255,69.47769,45.800694,41.695755,55.4,72.69504,3.0878077,643.8753,1.0317229,1.0384305,1.034162,2970.5
IFEval,BOTorch,17,0,4e-06,0.01,2031,10055.202582931515,47.440273,30.80808,46.626232,54.999004,69.640915,46.001305,42.085445,58.766666,69.791664,3.2986085,665.9862,1.0332669,1.005691,1.0232394,10055.1
IFEval,BOTorch,18,2,4e-06,0.01,400,11960.522338962552,47.696247,30.30303,47.91509,54.86955,69.69532,45.497406,37.614143,56.3,72.69504,3.6663287,640.5936,1.0202352,1.3034295,1.123215,1980.3
IFEval,BOTorch,19,1,4e-06,0.02,600,2963.002276515961,47.440273,27.777779,45.716454,54.63055,69.42329,45.301453,41.90808,55.266666,79.13669,3.3298798,644.28986,0.36426777,1.39163,0.737854,2962.9
IFEval,BOTorch,20,2,4e-06,0.04,600,12957.522363996504,46.843002,30.80808,43.896893,54.471222,69.69532,45.033,39.599983,52.8,72.02797,2.8396356,660.9268,0.48277226,0.99998116,0.6708482,2977.3
IFEval,BOTorch,21,1,4e-06,0.02,600,2963.002127742768,47.440273,27.777779,45.716454,54.63055,69.42329,45.301453,41.90808,55.266666,79.13669,3.3298798,644.28986,0.36426777,1.39163,0.737854,2962.9
IFEval,BOTorch,22,2,4e-06,0.02,600,12943.120709991454,47.440273,27.777779,45.716454,54.63055,69.42329,45.301453,41.90808,55.266666,79.13669,3.3298798,644.28986,0.36426777,1.39163,0.737854,2962.9
IFEval,BOTorch,23,1,4e-06,0.01,2031,10055.20163617134,47.440273,30.80808,46.626232,54.999004,69.640915,46.001305,42.085445,58.766666,69.791664,3.2986085,665.9862,1.0332669,1.005691,1.0232394,10055.1
IFEval,BOTorch,24,0,4e-06,0.04,1200,5954.602646923066,46.92833,29.292929,42.759666,54.550888,69.47769,45.377975,39.932213,52.8,73.64865,2.8606658,634.3328,0.026709937,0.5930065,0.23263595,5954.5
IFEval,CQR,0,2,2e-06,0.04,600,12957.483567810055,46.587032,30.80808,43.59363,54.132645,69.749725,43.989105,35.056206,48.966667,67.68707,2.133163,646.8253,-0.044680223,0.010571788,-0.024588583,2947.2
IFEval,CQR,1,0,2e-06,0.01,1600,7862.101908063889,46.75768,31.818182,45.792267,54.43139,69.749725,44.522556,37.58666,51.733334,70.89041,3.3189597,643.52435,0.42157233,0.6163181,0.49238896,7862.0
IFEval,CQR,2,2,4e-06,0.01,600,12955.719703292843,47.269623,30.30303,47.83927,54.939255,69.47769,45.800694,41.695755,55.4,72.69504,3.0878077,643.8753,1.0317229,1.0384305,1.034162,2970.5
IFEval,CQR,3,0,4e-06,0.01,2031,10055.201554393769,47.440273,30.80808,46.626232,54.999004,69.640915,46.001305,42.085445,58.766666,69.791664,3.2986085,665.9862,1.0332669,1.005691,1.0232394,10055.1
IFEval,CQR,4,0,4e-06,0.04,1200,5954.602030134201,46.92833,29.292929,42.759666,54.550888,69.47769,45.377975,39.932213,52.8,73.64865,2.8606658,634.3328,0.026709937,0.5930065,0.23263595,5954.5
IFEval,CQR,5,0,4e-06,0.02,600,2963.00153503418,47.440273,27.777779,45.716454,54.63055,69.42329,45.301453,41.90808,55.266666,79.13669,3.3298798,644.28986,0.36426777,1.39163,0.737854,2962.9
IFEval,CQR,6,0,4e-06,0.02,600,2963.002104854584,47.440273,27.777779,45.716454,54.63055,69.42329,45.301453,41.90808,55.266666,79.13669,3.3298798,644.28986,0.36426777,1.39163,0.737854,2962.9
IFEval,CQR,7,1,4e-06,0.01,2031,10055.203795051571,47.440273,30.80808,46.626232,54.999004,69.640915,46.001305,42.085445,58.766666,69.791664,3.2986085,665.9862,1.0332669,1.005691,1.0232394,10055.1
IFEval,CQR,8,2,4e-06,0.01,400,11990.569366788864,47.696247,30.30303,47.91509,54.86955,69.69532,45.497406,37.614143,56.3,72.69504,3.6663287,640.5936,1.0202352,1.3034295,1.123215,1980.3
IFEval,CQR,9,0,4e-06,0.01,2031,10055.201828575133,47.440273,30.80808,46.626232,54.999004,69.640915,46.001305,42.085445,58.766666,69.791664,3.2986085,665.9862,1.0332669,1.005691,1.0232394,10055.1
IFEval,CQR,10,0,2e-06,0.02,2031,10045.302804565428,46.672356,29.292929,46.01971,54.282017,69.80414,44.421608,37.07956,51.766666,71.37931,1.9203776,649.86743,-0.0785244,-0.09376349,-0.08406589,10045.2
IFEval,CQR,11,3,4e-06,0.01,400,12030.520063495636,47.696247,30.30303,47.91509,54.86955,69.69532,45.497406,37.614143,56.3,72.69504,3.6663287,640.5936,1.0202352,1.3034295,1.123215,1980.3
IFEval,CQR,12,0,4e-06,0.02,600,2963.0019138813022,47.440273,27.777779,45.716454,54.63055,69.42329,45.301453,41.90808,55.266666,79.13669,3.3298798,644.28986,0.36426777,1.39163,0.737854,2962.9
IFEval,CQR,13,0,4e-06,0.01,2031,10055.201599693297,47.440273,30.80808,46.626232,54.999004,69.640915,46.001305,42.085445,58.766666,69.791664,3.2986085,665.9862,1.0332669,1.005691,1.0232394,10055.1
IFEval,CQR,14,1,4e-06,0.02,600,2963.0015047550205,47.440273,27.777779,45.716454,54.63055,69.42329,45.301453,41.90808,55.266666,79.13669,3.3298798,644.28986,0.36426777,1.39163,0.737854,2962.9
IFEval,CQR,15,0,1e-06,0.02,1000,4927.401970005036,46.33106,31.818182,42.380592,53.82394,69.5321,43.282692,33.836,50.933334,65.789474,1.0549306,602.55835,-0.88561004,-1.0303704,-0.9382501,4927.3
IFEval,CQR,16,1,2e-06,0.02,2031,10045.30258283615,46.672356,29.292929,46.01971,54.282017,69.80414,44.421608,37.07956,51.766666,71.37931,1.9203776,649.86743,-0.0785244,-0.09376349,-0.08406589,10045.2
IFEval,CQR,17,1,4e-06,0.02,600,2963.002044534684,47.440273,27.777779,45.716454,54.63055,69.42329,45.301453,41.90808,55.266666,79.13669,3.3298798,644.28986,0.36426777,1.39163,0.737854,2962.9
IFEval,CQR,18,0,4e-06,0.01,2031,10055.201955175398,47.440273,30.80808,46.626232,54.999004,69.640915,46.001305,42.085445,58.766666,69.791664,3.2986085,665.9862,1.0332669,1.005691,1.0232394,10055.1
IFEval,CQR,19,3,4e-06,0.04,600,12957.51919326782,46.843002,30.80808,43.896893,54.471222,69.69532,45.033,39.599983,52.8,72.02797,2.8396356,660.9268,0.48277226,0.99998116,0.6708482,2977.3
IFEval,CQR,20,0,4e-06,0.01,2031,10055.20122513771,47.440273,30.80808,46.626232,54.999004,69.640915,46.001305,42.085445,58.766666,69.791664,3.2986085,665.9862,1.0332669,1.005691,1.0232394,10055.1
IFEval,CQR,21,0,2e-06,0.01,1600,7862.1020680427555,46.75768,31.818182,45.792267,54.43139,69.749725,44.522556,37.58666,51.733334,70.89041,3.3189597,643.52435,0.42157233,0.6163181,0.49238896,7862.0
IFEval,CQR,22,0,2e-06,0.01,1600,7862.10516986847,46.75768,31.818182,45.792267,54.43139,69.749725,44.522556,37.58666,51.733334,70.89041,3.3189597,643.52435,0.42157233,0.6163181,0.49238896,7862.0
IFEval,CQR,23,0,4e-06,0.01,2031,10055.201490974425,47.440273,30.80808,46.626232,54.999004,69.640915,46.001305,42.085445,58.766666,69.791664,3.2986085,665.9862,1.0332669,1.005691,1.0232394,10055.1
IFEval,CQR,24,0,4e-06,0.01,2031,10055.20127711296,47.440273,30.80808,46.626232,54.999004,69.640915,46.001305,42.085445,58.766666,69.791664,3.2986085,665.9862,1.0332669,1.005691,1.0232394,10055.1
IFEval,RandomSearch,0,0,4e-06,0.02,600,2963.0018476009373,47.440273,27.777779,45.716454,54.63055,69.42329,45.301453,41.90808,55.266666,79.13669,3.3298798,644.28986,0.36426777,1.39163,0.737854,2962.9
IFEval,RandomSearch,1,0,2e-06,0.04,2031,9976.20470175743,46.41638,30.30303,46.247158,54.152557,69.80414,44.09892,35.620766,51.066666,74.82758,2.8475056,695.9365,-0.13997465,0.87852395,0.23038846,9976.1
IFEval,RandomSearch,2,2,4e-06,0.01,400,11990.527521467207,47.696247,30.30303,47.91509,54.86955,69.69532,45.497406,37.614143,56.3,72.69504,3.6663287,640.5936,1.0202352,1.3034295,1.123215,1980.3
IFEval,RandomSearch,3,0,2e-06,0.02,2031,10045.30217180252,46.672356,29.292929,46.01971,54.282017,69.80414,44.421608,37.07956,51.766666,71.37931,1.9203776,649.86743,-0.0785244,-0.09376349,-0.08406589,10045.2
IFEval,RandomSearch,4,0,1e-06,0.01,2000,12261.403122520444,46.33106,33.333332,43.59363,53.863773,69.640915,43.1719,33.53624,49.866665,62.0,1.0593828,643.6154,-0.4449964,-0.79084617,-0.57075995,12261.3
IFEval,RandomSearch,5,2,4e-06,0.02,600,12973.1351729393,47.440273,27.777779,45.716454,54.63055,69.42329,45.301453,41.90808,55.266666,79.13669,3.3298798,644.28986,0.36426777,1.39163,0.737854,2962.9
IFEval,RandomSearch,6,1,4e-06,0.04,1200,5954.6034532547,46.92833,29.292929,42.759666,54.550888,69.47769,45.377975,39.932213,52.8,73.64865,2.8606658,634.3328,0.026709937,0.5930065,0.23263595,5954.5
IFEval,RandomSearch,7,0,4e-06,0.01,2031,10055.201338386534,47.440273,30.80808,46.626232,54.999004,69.640915,46.001305,42.085445,58.766666,69.791664,3.2986085,665.9862,1.0332669,1.005691,1.0232394,10055.1
IFEval,RandomSearch,8,1,4e-06,0.04,1200,5954.602512931824,46.92833,29.292929,42.759666,54.550888,69.47769,45.377975,39.932213,52.8,73.64865,2.8606658,634.3328,0.026709937,0.5930065,0.23263595,5954.5
IFEval,RandomSearch,9,0,4e-06,0.01,2031,10055.217349386214,47.440273,30.80808,46.626232,54.999004,69.640915,46.001305,42.085445,58.766666,69.791664,3.2986085,665.9862,1.0332669,1.005691,1.0232394,10055.1
IFEval,RandomSearch,10,3,4e-06,0.02,400,11985.431615209578,47.35495,30.80808,46.702045,54.670383,69.42329,45.070538,36.74484,54.0,69.93007,3.1017833,658.6331,0.5689868,1.0204924,0.7331706,1975.2
IFEval,RandomSearch,11,2,4e-06,0.04,600,12987.523329114912,46.843002,30.80808,43.896893,54.471222,69.69532,45.033,39.599983,52.8,72.02797,2.8396356,660.9268,0.48277226,0.99998116,0.6708482,2977.3
IFEval,RandomSearch,12,0,1e-06,0.01,2000,12261.401585197447,46.33106,33.333332,43.59363,53.863773,69.640915,43.1719,33.53624,49.866665,62.0,1.0593828,643.6154,-0.4449964,-0.79084617,-0.57075995,12261.3
IFEval,RandomSearch,13,2,4e-06,0.02,600,12943.12815914154,47.440273,27.777779,45.716454,54.63055,69.42329,45.301453,41.90808,55.266666,79.13669,3.3298798,644.28986,0.36426777,1.39163,0.737854,2962.9
IFEval,RandomSearch,14,1,4e-06,0.01,2031,10055.20167789459,47.440273,30.80808,46.626232,54.999004,69.640915,46.001305,42.085445,58.766666,69.791664,3.2986085,665.9862,1.0332669,1.005691,1.0232394,10055.1
IFEval,RandomSearch,15,2,4e-06,0.04,400,11965.022213077544,47.013653,31.818182,44.9583,54.540928,69.967354,44.61561,38.053753,51.166668,74.64789,3.0954084,637.3377,0.80886555,0.6000616,0.73293686,1984.8
IFEval,RandomSearch,16,1,4e-06,0.01,2031,10055.201912260054,47.440273,30.80808,46.626232,54.999004,69.640915,46.001305,42.085445,58.766666,69.791664,3.2986085,665.9862,1.0332669,1.005691,1.0232394,10055.1
IFEval,RandomSearch,17,3,4e-06,0.04,400,11970.035865163802,47.013653,31.818182,44.9583,54.540928,69.967354,44.61561,38.053753,51.166668,74.64789,3.0954084,637.3377,0.80886555,0.6000616,0.73293686,1984.8
IFEval,RandomSearch,18,0,2e-06,0.01,1600,7862.102094507218,46.75768,31.818182,45.792267,54.43139,69.749725,44.522556,37.58666,51.733334,70.89041,3.3189597,643.52435,0.42157233,0.6163181,0.49238896,7862.0
IFEval,RandomSearch,19,0,4e-06,0.01,2031,10055.201726293562,47.440273,30.80808,46.626232,54.999004,69.640915,46.001305,42.085445,58.766666,69.791664,3.2986085,665.9862,1.0332669,1.005691,1.0232394,10055.1
IFEval,RandomSearch,20,1,4e-06,0.04,1200,5954.602785205841,46.92833,29.292929,42.759666,54.550888,69.47769,45.377975,39.932213,52.8,73.64865,2.8606658,634.3328,0.026709937,0.5930065,0.23263595,5954.5
IFEval,RandomSearch,21,0,4e-06,0.04,1200,5954.601880645752,46.92833,29.292929,42.759666,54.550888,69.47769,45.377975,39.932213,52.8,73.64865,2.8606658,634.3328,0.026709937,0.5930065,0.23263595,5954.5
IFEval,RandomSearch,22,0,4e-06,0.02,600,2963.001763439179,47.440273,27.777779,45.716454,54.63055,69.42329,45.301453,41.90808,55.266666,79.13669,3.3298798,644.28986,0.36426777,1.39163,0.737854,2962.9
IFEval,RandomSearch,23,1,2e-06,0.01,1600,7862.10185751915,46.75768,31.818182,45.792267,54.43139,69.749725,44.522556,37.58666,51.733334,70.89041,3.3189597,643.52435,0.42157233,0.6163181,0.49238896,7862.0
IFEval,RandomSearch,24,0,4e-06,0.04,1200,5954.601543045044,46.92833,29.292929,42.759666,54.550888,69.47769,45.377975,39.932213,52.8,73.64865,2.8606658,634.3328,0.026709937,0.5930065,0.23263595,5954.5
IFEval,TPE,0,0,4e-06,0.01,2031,10055.2014380455,47.440273,30.80808,46.626232,54.999004,69.640915,46.001305,42.085445,58.766666,69.791664,3.2986085,665.9862,1.0332669,1.005691,1.0232394,10055.1
IFEval,TPE,1,1,4e-06,0.02,600,2963.0022059440616,47.440273,27.777779,45.716454,54.63055,69.42329,45.301453,41.90808,55.266666,79.13669,3.3298798,644.28986,0.36426777,1.39163,0.737854,2962.9
IFEval,TPE,2,0,4e-06,0.01,2031,10055.20119652748,47.440273,30.80808,46.626232,54.999004,69.640915,46.001305,42.085445,58.766666,69.791664,3.2986085,665.9862,1.0332669,1.005691,1.0232394,10055.1
IFEval,TPE,3,1,2e-06,0.01,1600,7862.101932382584,46.75768,31.818182,45.792267,54.43139,69.749725,44.522556,37.58666,51.733334,70.89041,3.3189597,643.52435,0.42157233,0.6163181,0.49238896,7862.0
IFEval,TPE,4,2,4e-06,0.02,400,11985.439160203932,47.35495,30.80808,46.702045,54.670383,69.42329,45.070538,36.74484,54.0,69.93007,3.1017833,658.6331,0.5689868,1.0204924,0.7331706,1975.2
IFEval,TPE,5,3,4e-06,0.01,400,12030.52167329788,47.696247,30.30303,47.91509,54.86955,69.69532,45.497406,37.614143,56.3,72.69504,3.6663287,640.5936,1.0202352,1.3034295,1.123215,1980.3
IFEval,TPE,6,1,4e-06,0.04,1200,5954.60190615654,46.92833,29.292929,42.759666,54.550888,69.47769,45.377975,39.932213,52.8,73.64865,2.8606658,634.3328,0.026709937,0.5930065,0.23263595,5954.5
IFEval,TPE,7,3,4e-06,0.01,400,11990.544095134734,47.696247,30.30303,47.91509,54.86955,69.69532,45.497406,37.614143,56.3,72.69504,3.6663287,640.5936,1.0202352,1.3034295,1.123215,1980.3
IFEval,TPE,8,1,4e-06,0.01,2031,10055.201464509964,47.440273,30.80808,46.626232,54.999004,69.640915,46.001305,42.085445,58.766666,69.791664,3.2986085,665.9862,1.0332669,1.005691,1.0232394,10055.1
IFEval,TPE,9,1,4e-06,0.01,2031,10055.20177373886,47.440273,30.80808,46.626232,54.999004,69.640915,46.001305,42.085445,58.766666,69.791664,3.2986085,665.9862,1.0332669,1.005691,1.0232394,10055.1
IFEval,TPE,10,0,2e-06,0.04,2031,9976.201976394652,46.41638,30.30303,46.247158,54.152557,69.80414,44.09892,35.620766,51.066666,74.82758,2.8475056,695.9365,-0.13997465,0.87852395,0.23038846,9976.1
IFEval,TPE,11,3,4e-06,0.01,600,12980.719543790816,47.269623,30.30303,47.83927,54.939255,69.47769,45.800694,41.695755,55.4,72.69504,3.0878077,643.8753,1.0317229,1.0384305,1.034162,2970.5
IFEval,TPE,12,1,4e-06,0.01,2031,10055.201613044735,47.440273,30.80808,46.626232,54.999004,69.640915,46.001305,42.085445,58.766666,69.791664,3.2986085,665.9862,1.0332669,1.005691,1.0232394,10055.1
IFEval,TPE,13,0,2e-06,0.02,2031,10045.30217823982,46.672356,29.292929,46.01971,54.282017,69.80414,44.421608,37.07956,51.766666,71.37931,1.9203776,649.86743,-0.0785244,-0.09376349,-0.08406589,10045.2
IFEval,TPE,14,0,2e-06,0.01,1600,7862.101865386963,46.75768,31.818182,45.792267,54.43139,69.749725,44.522556,37.58666,51.733334,70.89041,3.3189597,643.52435,0.42157233,0.6163181,0.49238896,7862.0
IFEval,TPE,15,0,4e-06,0.02,600,2963.0017534255985,47.440273,27.777779,45.716454,54.63055,69.42329,45.301453,41.90808,55.266666,79.13669,3.3298798,644.28986,0.36426777,1.39163,0.737854,2962.9
IFEval,TPE,16,0,4e-06,0.04,1200,5954.602398729325,46.92833,29.292929,42.759666,54.550888,69.47769,45.377975,39.932213,52.8,73.64865,2.8606658,634.3328,0.026709937,0.5930065,0.23263595,5954.5
IFEval,TPE,17,0,4e-06,0.04,1200,5954.605697727204,46.92833,29.292929,42.759666,54.550888,69.47769,45.377975,39.932213,52.8,73.64865,2.8606658,634.3328,0.026709937,0.5930065,0.23263595,5954.5
IFEval,TPE,18,0,4e-06,0.04,1200,5954.601862049103,46.92833,29.292929,42.759666,54.550888,69.47769,45.377975,39.932213,52.8,73.64865,2.8606658,634.3328,0.026709937,0.5930065,0.23263595,5954.5
IFEval,TPE,19,2,4e-06,0.01,600,12950.718774890898,47.269623,30.30303,47.83927,54.939255,69.47769,45.800694,41.695755,55.4,72.69504,3.0878077,643.8753,1.0317229,1.0384305,1.034162,2970.5
IFEval,TPE,20,1,4e-06,0.02,600,2963.001946306229,47.440273,27.777779,45.716454,54.63055,69.42329,45.301453,41.90808,55.266666,79.13669,3.3298798,644.28986,0.36426777,1.39163,0.737854,2962.9
IFEval,TPE,21,1,4e-06,0.02,600,2963.0020054340366,47.440273,27.777779,45.716454,54.63055,69.42329,45.301453,41.90808,55.266666,79.13669,3.3298798,644.28986,0.36426777,1.39163,0.737854,2962.9
IFEval,TPE,22,0,4e-06,0.04,1200,5954.602321481705,46.92833,29.292929,42.759666,54.550888,69.47769,45.377975,39.932213,52.8,73.64865,2.8606658,634.3328,0.026709937,0.5930065,0.23263595,5954.5
IFEval,TPE,23,0,4e-06,0.04,1200,5954.603279209137,46.92833,29.292929,42.759666,54.550888,69.47769,45.377975,39.932213,52.8,73.64865,2.8606658,634.3328,0.026709937,0.5930065,0.23263595,5954.5
IFEval,TPE,24,1,4e-06,0.02,600,2963.001597976685,47.440273,27.777779,45.716454,54.63055,69.42329,45.301453,41.90808,55.266666,79.13669,3.3298798,644.28986,0.36426777,1.39163,0.737854,2962.9
MT-Bench,ASHA,0,2,2e-06,0.04,600,12957.420108652112,46.587032,30.80808,43.59363,54.132645,69.749725,43.989105,35.056206,48.966667,67.68707,2.133163,646.8253,-0.044680223,0.010571788,-0.024588583,2947.2
MT-Bench,ASHA,1,0,2e-06,0.01,800,3931.101838207245,46.92833,30.30303,45.109932,54.31189,69.80414,44.2878,35.805607,53.5,77.210884,2.4088514,656.6074,-0.03838493,0.697033,0.22903977,3931.0
MT-Bench,ASHA,2,2,4e-06,0.01,400,11965.51864657402,47.696247,30.30303,47.91509,54.86955,69.69532,45.497406,37.614143,56.3,72.69504,3.6663287,640.5936,1.0202352,1.3034295,1.123215,1980.3
MT-Bench,ASHA,3,1,2e-06,0.01,800,3931.1022027492527,46.92833,30.30303,45.109932,54.31189,69.80414,44.2878,35.805607,53.5,77.210884,2.4088514,656.6074,-0.03838493,0.697033,0.22903977,3931.0
MT-Bench,ASHA,4,3,4e-06,0.02,600,13043.120694732665,47.440273,27.777779,45.716454,54.63055,69.42329,45.301453,41.90808,55.266666,79.13669,3.3298798,644.28986,0.36426777,1.39163,0.737854,2962.9
MT-Bench,ASHA,5,0,4e-06,0.02,600,2963.0015808105472,47.440273,27.777779,45.716454,54.63055,69.42329,45.301453,41.90808,55.266666,79.13669,3.3298798,644.28986,0.36426777,1.39163,0.737854,2962.9
MT-Bench,ASHA,6,0,4e-06,0.02,600,2963.005050516129,47.440273,27.777779,45.716454,54.63055,69.42329,45.301453,41.90808,55.266666,79.13669,3.3298798,644.28986,0.36426777,1.39163,0.737854,2962.9
MT-Bench,ASHA,7,1,4e-06,0.01,400,1980.402034378052,47.696247,30.30303,47.91509,54.86955,69.69532,45.497406,37.614143,56.3,72.69504,3.6663287,640.5936,1.0202352,1.3034295,1.123215,1980.3
MT-Bench,ASHA,8,2,4e-06,0.01,400,11990.527085399626,47.696247,30.30303,47.91509,54.86955,69.69532,45.497406,37.614143,56.3,72.69504,3.6663287,640.5936,1.0202352,1.3034295,1.123215,1980.3
MT-Bench,ASHA,9,1,4e-06,0.02,600,2963.00196466446,47.440273,27.777779,45.716454,54.63055,69.42329,45.301453,41.90808,55.266666,79.13669,3.3298798,644.28986,0.36426777,1.39163,0.737854,2962.9
MT-Bench,ASHA,10,0,2e-06,0.02,2031,10045.301756238936,46.672356,29.292929,46.01971,54.282017,69.80414,44.421608,37.07956,51.766666,71.37931,1.9203776,649.86743,-0.0785244,-0.09376349,-0.08406589,10045.2
MT-Bench,ASHA,11,0,2e-06,0.01,800,3931.101590251923,46.92833,30.30303,45.109932,54.31189,69.80414,44.2878,35.805607,53.5,77.210884,2.4088514,656.6074,-0.03838493,0.697033,0.22903977,3931.0
MT-Bench,ASHA,12,0,4e-06,0.02,600,2963.001486873627,47.440273,27.777779,45.716454,54.63055,69.42329,45.301453,41.90808,55.266666,79.13669,3.3298798,644.28986,0.36426777,1.39163,0.737854,2962.9
MT-Bench,ASHA,13,2,4e-06,0.04,400,12045.02049384117,47.013653,31.818182,44.9583,54.540928,69.967354,44.61561,38.053753,51.166668,74.64789,3.0954084,637.3377,0.80886555,0.6000616,0.73293686,1984.8
MT-Bench,ASHA,14,1,4e-06,0.02,600,2963.002224302292,47.440273,27.777779,45.716454,54.63055,69.42329,45.301453,41.90808,55.266666,79.13669,3.3298798,644.28986,0.36426777,1.39163,0.737854,2962.9
MT-Bench,ASHA,15,3,2e-06,0.04,400,11975.020246124266,46.245735,32.32323,43.214558,54.0231,69.5321,43.546093,32.515835,50.5,67.1141,1.5927795,662.0639,-0.40147078,0.14124574,-0.20411932,1964.8
MT-Bench,ASHA,16,0,2e-06,0.04,2031,9976.20151696205,46.41638,30.30303,46.247158,54.152557,69.80414,44.09892,35.620766,51.066666,74.82758,2.8475056,695.9365,-0.13997465,0.87852395,0.23038846,9976.1
MT-Bench,ASHA,17,1,4e-06,0.02,600,2963.001803255081,47.440273,27.777779,45.716454,54.63055,69.42329,45.301453,41.90808,55.266666,79.13669,3.3298798,644.28986,0.36426777,1.39163,0.737854,2962.9
MT-Bench,ASHA,18,1,2e-06,0.04,2031,9976.201711750027,46.41638,30.30303,46.247158,54.152557,69.80414,44.09892,35.620766,51.066666,74.82758,2.8475056,695.9365,-0.13997465,0.87852395,0.23038846,9976.1
MT-Bench,ASHA,19,0,2e-06,0.04,2031,9976.201523399352,46.41638,30.30303,46.247158,54.152557,69.80414,44.09892,35.620766,51.066666,74.82758,2.8475056,695.9365,-0.13997465,0.87852395,0.23038846,9976.1
MT-Bench,ASHA,20,1,4e-06,0.02,600,2963.0019806385044,47.440273,27.777779,45.716454,54.63055,69.42329,45.301453,41.90808,55.266666,79.13669,3.3298798,644.28986,0.36426777,1.39163,0.737854,2962.9
MT-Bench,ASHA,21,0,2e-06,0.01,800,3931.1020051002506,46.92833,30.30303,45.109932,54.31189,69.80414,44.2878,35.805607,53.5,77.210884,2.4088514,656.6074,-0.03838493,0.697033,0.22903977,3931.0
MT-Bench,ASHA,22,0,2e-06,0.01,800,3931.101873970032,46.92833,30.30303,45.109932,54.31189,69.80414,44.2878,35.805607,53.5,77.210884,2.4088514,656.6074,-0.03838493,0.697033,0.22903977,3931.0
MT-Bench,ASHA,23,1,2e-06,0.04,2031,9976.201610183714,46.41638,30.30303,46.247158,54.152557,69.80414,44.09892,35.620766,51.066666,74.82758,2.8475056,695.9365,-0.13997465,0.87852395,0.23038846,9976.1
MT-Bench,ASHA,24,0,4e-06,0.01,400,1980.4017032146453,47.696247,30.30303,47.91509,54.86955,69.69532,45.497406,37.614143,56.3,72.69504,3.6663287,640.5936,1.0202352,1.3034295,1.123215,1980.3
MT-Bench,BOHB,0,2,2e-06,0.04,600,12957.420056438445,46.587032,30.80808,43.59363,54.132645,69.749725,43.989105,35.056206,48.966667,67.68707,2.133163,646.8253,-0.044680223,0.010571788,-0.024588583,2947.2
MT-Bench,BOHB,1,0,2e-06,0.01,800,3931.101920461655,46.92833,30.30303,45.109932,54.31189,69.80414,44.2878,35.805607,53.5,77.210884,2.4088514,656.6074,-0.03838493,0.697033,0.22903977,3931.0
MT-Bench,BOHB,2,2,4e-06,0.01,400,11965.519217824934,47.696247,30.30303,47.91509,54.86955,69.69532,45.497406,37.614143,56.3,72.69504,3.6663287,640.5936,1.0202352,1.3034295,1.123215,1980.3
MT-Bench,BOHB,3,1,2e-06,0.01,800,3931.1020561218265,46.92833,30.30303,45.109932,54.31189,69.80414,44.2878,35.805607,53.5,77.210884,2.4088514,656.6074,-0.03838493,0.697033,0.22903977,3931.0
MT-Bench,BOHB,4,3,4e-06,0.02,600,13043.119286870957,47.440273,27.777779,45.716454,54.63055,69.42329,45.301453,41.90808,55.266666,79.13669,3.3298798,644.28986,0.36426777,1.39163,0.737854,2962.9
MT-Bench,BOHB,5,0,4e-06,0.02,600,2963.001499271393,47.440273,27.777779,45.716454,54.63055,69.42329,45.301453,41.90808,55.266666,79.13669,3.3298798,644.28986,0.36426777,1.39163,0.737854,2962.9
MT-Bench,BOHB,6,0,4e-06,0.02,600,2963.001551485062,47.440273,27.777779,45.716454,54.63055,69.42329,45.301453,41.90808,55.266666,79.13669,3.3298798,644.28986,0.36426777,1.39163,0.737854,2962.9
MT-Bench,BOHB,7,1,4e-06,0.01,400,1980.4020439147948,47.696247,30.30303,47.91509,54.86955,69.69532,45.497406,37.614143,56.3,72.69504,3.6663287,640.5936,1.0202352,1.3034295,1.123215,1980.3
MT-Bench,BOHB,8,2,4e-06,0.01,400,11990.519063568114,47.696247,30.30303,47.91509,54.86955,69.69532,45.497406,37.614143,56.3,72.69504,3.6663287,640.5936,1.0202352,1.3034295,1.123215,1980.3
MT-Bench,BOHB,9,1,4e-06,0.02,600,2963.0018168449405,47.440273,27.777779,45.716454,54.63055,69.42329,45.301453,41.90808,55.266666,79.13669,3.3298798,644.28986,0.36426777,1.39163,0.737854,2962.9
MT-Bench,BOHB,10,0,2e-06,0.02,2031,10045.302207565306,46.672356,29.292929,46.01971,54.282017,69.80414,44.421608,37.07956,51.766666,71.37931,1.9203776,649.86743,-0.0785244,-0.09376349,-0.08406589,10045.2
MT-Bench,BOHB,11,0,2e-06,0.01,800,3931.1017206668857,46.92833,30.30303,45.109932,54.31189,69.80414,44.2878,35.805607,53.5,77.210884,2.4088514,656.6074,-0.03838493,0.697033,0.22903977,3931.0
MT-Bench,BOHB,12,0,4e-06,0.02,600,2963.0018740653995,47.440273,27.777779,45.716454,54.63055,69.42329,45.301453,41.90808,55.266666,79.13669,3.3298798,644.28986,0.36426777,1.39163,0.737854,2962.9
MT-Bench,BOHB,13,2,4e-06,0.04,400,12045.020145511626,47.013653,31.818182,44.9583,54.540928,69.967354,44.61561,38.053753,51.166668,74.64789,3.0954084,637.3377,0.80886555,0.6000616,0.73293686,1984.8
MT-Bench,BOHB,14,1,4e-06,0.02,600,2963.001836395264,47.440273,27.777779,45.716454,54.63055,69.42329,45.301453,41.90808,55.266666,79.13669,3.3298798,644.28986,0.36426777,1.39163,0.737854,2962.9
MT-Bench,BOHB,15,3,2e-06,0.04,400,11975.020201301571,46.245735,32.32323,43.214558,54.0231,69.5321,43.546093,32.515835,50.5,67.1141,1.5927795,662.0639,-0.40147078,0.14124574,-0.20411932,1964.8
MT-Bench,BOHB,16,0,2e-06,0.04,2031,9976.201923704146,46.41638,30.30303,46.247158,54.152557,69.80414,44.09892,35.620766,51.066666,74.82758,2.8475056,695.9365,-0.13997465,0.87852395,0.23038846,9976.1
MT-Bench,BOHB,17,1,4e-06,0.02,600,2963.0062097072605,47.440273,27.777779,45.716454,54.63055,69.42329,45.301453,41.90808,55.266666,79.13669,3.3298798,644.28986,0.36426777,1.39163,0.737854,2962.9
MT-Bench,BOHB,18,1,2e-06,0.04,2031,9976.201691961289,46.41638,30.30303,46.247158,54.152557,69.80414,44.09892,35.620766,51.066666,74.82758,2.8475056,695.9365,-0.13997465,0.87852395,0.23038846,9976.1
MT-Bench,BOHB,19,0,2e-06,0.04,2031,9976.201552248,46.41638,30.30303,46.247158,54.152557,69.80414,44.09892,35.620766,51.066666,74.82758,2.8475056,695.9365,-0.13997465,0.87852395,0.23038846,9976.1
MT-Bench,BOHB,20,1,4e-06,0.02,600,2963.002088165284,47.440273,27.777779,45.716454,54.63055,69.42329,45.301453,41.90808,55.266666,79.13669,3.3298798,644.28986,0.36426777,1.39163,0.737854,2962.9
MT-Bench,BOHB,21,0,2e-06,0.01,800,3931.102255678177,46.92833,30.30303,45.109932,54.31189,69.80414,44.2878,35.805607,53.5,77.210884,2.4088514,656.6074,-0.03838493,0.697033,0.22903977,3931.0
MT-Bench,BOHB,22,0,2e-06,0.01,800,3931.1021376609806,46.92833,30.30303,45.109932,54.31189,69.80414,44.2878,35.805607,53.5,77.210884,2.4088514,656.6074,-0.03838493,0.697033,0.22903977,3931.0
MT-Bench,BOHB,23,1,2e-06,0.04,2031,9976.201877450942,46.41638,30.30303,46.247158,54.152557,69.80414,44.09892,35.620766,51.066666,74.82758,2.8475056,695.9365,-0.13997465,0.87852395,0.23038846,9976.1
MT-Bench,BOHB,24,0,4e-06,0.01,400,1980.4018221855165,47.696247,30.30303,47.91509,54.86955,69.69532,45.497406,37.614143,56.3,72.69504,3.6663287,640.5936,1.0202352,1.3034295,1.123215,1980.3
MT-Bench,BOTorch,0,2,4e-06,0.01,400,11965.518531894682,47.696247,30.30303,47.91509,54.86955,69.69532,45.497406,37.614143,56.3,72.69504,3.6663287,640.5936,1.0202352,1.3034295,1.123215,1980.3
MT-Bench,BOTorch,1,0,4e-06,0.02,600,2963.0021115303043,47.440273,27.777779,45.716454,54.63055,69.42329,45.301453,41.90808,55.266666,79.13669,3.3298798,644.28986,0.36426777,1.39163,0.737854,2962.9
MT-Bench,BOTorch,2,1,4e-06,0.04,2000,9924.303985929488,46.843002,30.80808,41.091736,54.670383,70.18498,45.25195,38.10872,52.8,76.333336,3.4414222,648.4644,0.3642994,0.7979434,0.5219881,9924.2
MT-Bench,BOTorch,3,1,4e-06,0.04,2000,9924.302172279356,46.843002,30.80808,41.091736,54.670383,70.18498,45.25195,38.10872,52.8,76.333336,3.4414222,648.4644,0.3642994,0.7979434,0.5219881,9924.2
MT-Bench,BOTorch,4,0,4e-06,0.01,400,1980.4034124374389,47.696247,30.30303,47.91509,54.86955,69.69532,45.497406,37.614143,56.3,72.69504,3.6663287,640.5936,1.0202352,1.3034295,1.123215,1980.3
MT-Bench,BOTorch,5,0,4e-06,0.02,600,2963.001544809342,47.440273,27.777779,45.716454,54.63055,69.42329,45.301453,41.90808,55.266666,79.13669,3.3298798,644.28986,0.36426777,1.39163,0.737854,2962.9
MT-Bench,BOTorch,6,1,4e-06,0.04,2000,9924.301873779295,46.843002,30.80808,41.091736,54.670383,70.18498,45.25195,38.10872,52.8,76.333336,3.4414222,648.4644,0.3642994,0.7979434,0.5219881,9924.2
MT-Bench,BOTorch,7,1,2e-06,0.01,800,3931.101774787903,46.92833,30.30303,45.109932,54.31189,69.80414,44.2878,35.805607,53.5,77.210884,2.4088514,656.6074,-0.03838493,0.697033,0.22903977,3931.0
MT-Bench,BOTorch,8,1,2e-06,0.01,800,3931.102104520798,46.92833,30.30303,45.109932,54.31189,69.80414,44.2878,35.805607,53.5,77.210884,2.4088514,656.6074,-0.03838493,0.697033,0.22903977,3931.0
MT-Bench,BOTorch,9,1,2e-06,0.01,800,3931.102990484238,46.92833,30.30303,45.109932,54.31189,69.80414,44.2878,35.805607,53.5,77.210884,2.4088514,656.6074,-0.03838493,0.697033,0.22903977,3931.0
MT-Bench,BOTorch,10,1,4e-06,0.04,2000,9924.302581405638,46.843002,30.80808,41.091736,54.670383,70.18498,45.25195,38.10872,52.8,76.333336,3.4414222,648.4644,0.3642994,0.7979434,0.5219881,9924.2
MT-Bench,BOTorch,11,0,1e-06,0.02,1000,4927.401429748536,46.33106,31.818182,42.380592,53.82394,69.5321,43.282692,33.836,50.933334,65.789474,1.0549306,602.55835,-0.88561004,-1.0303704,-0.9382501,4927.3
MT-Bench,BOTorch,12,0,4e-06,0.01,400,1980.401776409149,47.696247,30.30303,47.91509,54.86955,69.69532,45.497406,37.614143,56.3,72.69504,3.6663287,640.5936,1.0202352,1.3034295,1.123215,1980.3
MT-Bench,BOTorch,13,0,4e-06,0.04,2000,9924.302116012572,46.843002,30.80808,41.091736,54.670383,70.18498,45.25195,38.10872,52.8,76.333336,3.4414222,648.4644,0.3642994,0.7979434,0.5219881,9924.2
MT-Bench,BOTorch,14,1,4e-06,0.04,2000,9924.302212333678,46.843002,30.80808,41.091736,54.670383,70.18498,45.25195,38.10872,52.8,76.333336,3.4414222,648.4644,0.3642994,0.7979434,0.5219881,9924.2
MT-Bench,BOTorch,15,1,4e-06,0.02,600,2963.002204275132,47.440273,27.777779,45.716454,54.63055,69.42329,45.301453,41.90808,55.266666,79.13669,3.3298798,644.28986,0.36426777,1.39163,0.737854,2962.9
MT-Bench,BOTorch,16,1,1e-06,0.04,1000,4916.301907157898,46.41638,33.838383,42.07733,53.843857,69.20566,43.435894,32.954227,49.433334,65.17242,1.470491,589.82263,-0.8979776,-1.2068853,-1.0103077,4916.2
MT-Bench,BOTorch,17,0,4e-06,0.01,400,1980.402200078964,47.696247,30.30303,47.91509,54.86955,69.69532,45.497406,37.614143,56.3,72.69504,3.6663287,640.5936,1.0202352,1.3034295,1.123215,1980.3
MT-Bench,BOTorch,18,1,4e-06,0.04,2000,9924.301993465422,46.843002,30.80808,41.091736,54.670383,70.18498,45.25195,38.10872,52.8,76.333336,3.4414222,648.4644,0.3642994,0.7979434,0.5219881,9924.2
MT-Bench,BOTorch,19,0,2e-06,0.01,800,3931.102255916596,46.92833,30.30303,45.109932,54.31189,69.80414,44.2878,35.805607,53.5,77.210884,2.4088514,656.6074,-0.03838493,0.697033,0.22903977,3931.0
MT-Bench,BOTorch,20,1,4e-06,0.02,600,2963.00219449997,47.440273,27.777779,45.716454,54.63055,69.42329,45.301453,41.90808,55.266666,79.13669,3.3298798,644.28986,0.36426777,1.39163,0.737854,2962.9
MT-Bench,BOTorch,21,0,4e-06,0.04,2000,9924.305318927763,46.843002,30.80808,41.091736,54.670383,70.18498,45.25195,38.10872,52.8,76.333336,3.4414222,648.4644,0.3642994,0.7979434,0.5219881,9924.2
MT-Bench,BOTorch,22,1,2e-06,0.01,800,3931.1019922256473,46.92833,30.30303,45.109932,54.31189,69.80414,44.2878,35.805607,53.5,77.210884,2.4088514,656.6074,-0.03838493,0.697033,0.22903977,3931.0
MT-Bench,BOTorch,23,1,4e-06,0.01,400,1980.4025975227355,47.696247,30.30303,47.91509,54.86955,69.69532,45.497406,37.614143,56.3,72.69504,3.6663287,640.5936,1.0202352,1.3034295,1.123215,1980.3
MT-Bench,BOTorch,24,0,2e-06,0.04,2031,9976.201201772688,46.41638,30.30303,46.247158,54.152557,69.80414,44.09892,35.620766,51.066666,74.82758,2.8475056,695.9365,-0.13997465,0.87852395,0.23038846,9976.1
MT-Bench,CQR,0,2,2e-06,0.04,600,12957.420550918578,46.587032,30.80808,43.59363,54.132645,69.749725,43.989105,35.056206,48.966667,67.68707,2.133163,646.8253,-0.044680223,0.010571788,-0.024588583,2947.2
MT-Bench,CQR,1,0,2e-06,0.01,800,3931.1029761791233,46.92833,30.30303,45.109932,54.31189,69.80414,44.2878,35.805607,53.5,77.210884,2.4088514,656.6074,-0.03838493,0.697033,0.22903977,3931.0
MT-Bench,CQR,2,2,4e-06,0.01,400,11965.518538093564,47.696247,30.30303,47.91509,54.86955,69.69532,45.497406,37.614143,56.3,72.69504,3.6663287,640.5936,1.0202352,1.3034295,1.123215,1980.3
MT-Bench,CQR,3,1,2e-06,0.01,800,3931.10188612938,46.92833,30.30303,45.109932,54.31189,69.80414,44.2878,35.805607,53.5,77.210884,2.4088514,656.6074,-0.03838493,0.697033,0.22903977,3931.0
MT-Bench,CQR,4,0,4e-06,0.04,2000,9924.30213294029,46.843002,30.80808,41.091736,54.670383,70.18498,45.25195,38.10872,52.8,76.333336,3.4414222,648.4644,0.3642994,0.7979434,0.5219881,9924.2
MT-Bench,CQR,5,0,4e-06,0.02,600,2963.0022610187534,47.440273,27.777779,45.716454,54.63055,69.42329,45.301453,41.90808,55.266666,79.13669,3.3298798,644.28986,0.36426777,1.39163,0.737854,2962.9
MT-Bench,CQR,6,0,4e-06,0.02,600,2963.001882886887,47.440273,27.777779,45.716454,54.63055,69.42329,45.301453,41.90808,55.266666,79.13669,3.3298798,644.28986,0.36426777,1.39163,0.737854,2962.9
MT-Bench,CQR,7,1,4e-06,0.01,400,1980.4019731044768,47.696247,30.30303,47.91509,54.86955,69.69532,45.497406,37.614143,56.3,72.69504,3.6663287,640.5936,1.0202352,1.3034295,1.123215,1980.3
MT-Bench,CQR,8,2,4e-06,0.01,400,11990.519646978377,47.696247,30.30303,47.91509,54.86955,69.69532,45.497406,37.614143,56.3,72.69504,3.6663287,640.5936,1.0202352,1.3034295,1.123215,1980.3
MT-Bench,CQR,9,1,4e-06,0.02,600,2963.001844978333,47.440273,27.777779,45.716454,54.63055,69.42329,45.301453,41.90808,55.266666,79.13669,3.3298798,644.28986,0.36426777,1.39163,0.737854,2962.9
MT-Bench,CQR,10,0,2e-06,0.02,2031,10045.30183587074,46.672356,29.292929,46.01971,54.282017,69.80414,44.421608,37.07956,51.766666,71.37931,1.9203776,649.86743,-0.0785244,-0.09376349,-0.08406589,10045.2
MT-Bench,CQR,11,0,2e-06,0.01,800,3931.101573085785,46.92833,30.30303,45.109932,54.31189,69.80414,44.2878,35.805607,53.5,77.210884,2.4088514,656.6074,-0.03838493,0.697033,0.22903977,3931.0
MT-Bench,CQR,12,0,4e-06,0.02,600,2963.002043819428,47.440273,27.777779,45.716454,54.63055,69.42329,45.301453,41.90808,55.266666,79.13669,3.3298798,644.28986,0.36426777,1.39163,0.737854,2962.9
MT-Bench,CQR,13,2,4e-06,0.04,400,12045.02017316818,47.013653,31.818182,44.9583,54.540928,69.967354,44.61561,38.053753,51.166668,74.64789,3.0954084,637.3377,0.80886555,0.6000616,0.73293686,1984.8
MT-Bench,CQR,14,1,4e-06,0.02,600,2963.001835918427,47.440273,27.777779,45.716454,54.63055,69.42329,45.301453,41.90808,55.266666,79.13669,3.3298798,644.28986,0.36426777,1.39163,0.737854,2962.9
MT-Bench,CQR,15,3,2e-06,0.04,400,11975.019248580931,46.245735,32.32323,43.214558,54.0231,69.5321,43.546093,32.515835,50.5,67.1141,1.5927795,662.0639,-0.40147078,0.14124574,-0.20411932,1964.8
MT-Bench,CQR,16,0,2e-06,0.04,2031,9976.201378202437,46.41638,30.30303,46.247158,54.152557,69.80414,44.09892,35.620766,51.066666,74.82758,2.8475056,695.9365,-0.13997465,0.87852395,0.23038846,9976.1
MT-Bench,CQR,17,1,4e-06,0.02,600,2963.002329683304,47.440273,27.777779,45.716454,54.63055,69.42329,45.301453,41.90808,55.266666,79.13669,3.3298798,644.28986,0.36426777,1.39163,0.737854,2962.9
MT-Bench,CQR,18,1,2e-06,0.04,2031,9976.20176348686,46.41638,30.30303,46.247158,54.152557,69.80414,44.09892,35.620766,51.066666,74.82758,2.8475056,695.9365,-0.13997465,0.87852395,0.23038846,9976.1
MT-Bench,CQR,19,0,2e-06,0.04,2031,9976.201603984831,46.41638,30.30303,46.247158,54.152557,69.80414,44.09892,35.620766,51.066666,74.82758,2.8475056,695.9365,-0.13997465,0.87852395,0.23038846,9976.1
MT-Bench,CQR,20,1,4e-06,0.02,600,2963.0019198417667,47.440273,27.777779,45.716454,54.63055,69.42329,45.301453,41.90808,55.266666,79.13669,3.3298798,644.28986,0.36426777,1.39163,0.737854,2962.9
MT-Bench,CQR,21,0,2e-06,0.01,800,3931.10215959549,46.92833,30.30303,45.109932,54.31189,69.80414,44.2878,35.805607,53.5,77.210884,2.4088514,656.6074,-0.03838493,0.697033,0.22903977,3931.0
MT-Bench,CQR,22,0,2e-06,0.01,800,3931.101989364624,46.92833,30.30303,45.109932,54.31189,69.80414,44.2878,35.805607,53.5,77.210884,2.4088514,656.6074,-0.03838493,0.697033,0.22903977,3931.0
MT-Bench,CQR,23,1,2e-06,0.04,2031,9976.201300001145,46.41638,30.30303,46.247158,54.152557,69.80414,44.09892,35.620766,51.066666,74.82758,2.8475056,695.9365,-0.13997465,0.87852395,0.23038846,9976.1
MT-Bench,CQR,24,0,4e-06,0.01,400,1980.4020758628844,47.696247,30.30303,47.91509,54.86955,69.69532,45.497406,37.614143,56.3,72.69504,3.6663287,640.5936,1.0202352,1.3034295,1.123215,1980.3
MT-Bench,RandomSearch,0,1,2e-06,0.04,2031,9976.201323366164,46.41638,30.30303,46.247158,54.152557,69.80414,44.09892,35.620766,51.066666,74.82758,2.8475056,695.9365,-0.13997465,0.87852395,0.23038846,9976.1
MT-Bench,RandomSearch,1,1,4e-06,0.02,600,2963.0019320011143,47.440273,27.777779,45.716454,54.63055,69.42329,45.301453,41.90808,55.266666,79.13669,3.3298798,644.28986,0.36426777,1.39163,0.737854,2962.9
MT-Bench,RandomSearch,2,2,2e-06,0.04,400,11975.019763088225,46.245735,32.32323,43.214558,54.0231,69.5321,43.546093,32.515835,50.5,67.1141,1.5927795,662.0639,-0.40147078,0.14124574,-0.20411932,1964.8
MT-Bench,RandomSearch,3,0,4e-06,0.01,400,1980.4018977642056,47.696247,30.30303,47.91509,54.86955,69.69532,45.497406,37.614143,56.3,72.69504,3.6663287,640.5936,1.0202352,1.3034295,1.123215,1980.3
MT-Bench,RandomSearch,4,0,4e-06,0.02,600,2963.00157532692,47.440273,27.777779,45.716454,54.63055,69.42329,45.301453,41.90808,55.266666,79.13669,3.3298798,644.28986,0.36426777,1.39163,0.737854,2962.9
MT-Bench,RandomSearch,5,1,4e-06,0.01,400,1980.4016474246976,47.696247,30.30303,47.91509,54.86955,69.69532,45.497406,37.614143,56.3,72.69504,3.6663287,640.5936,1.0202352,1.3034295,1.123215,1980.3
MT-Bench,RandomSearch,6,0,2e-06,0.01,800,3931.101790761948,46.92833,30.30303,45.109932,54.31189,69.80414,44.2878,35.805607,53.5,77.210884,2.4088514,656.6074,-0.03838493,0.697033,0.22903977,3931.0
MT-Bench,RandomSearch,7,2,4e-06,0.04,400,12035.02163968086,47.013653,31.818182,44.9583,54.540928,69.967354,44.61561,38.053753,51.166668,74.64789,3.0954084,637.3377,0.80886555,0.6000616,0.73293686,1984.8
MT-Bench,RandomSearch,8,1,4e-06,0.04,2000,9924.302152967452,46.843002,30.80808,41.091736,54.670383,70.18498,45.25195,38.10872,52.8,76.333336,3.4414222,648.4644,0.3642994,0.7979434,0.5219881,9924.2
MT-Bench,RandomSearch,9,0,2e-06,0.04,2031,9976.20157895088,46.41638,30.30303,46.247158,54.152557,69.80414,44.09892,35.620766,51.066666,74.82758,2.8475056,695.9365,-0.13997465,0.87852395,0.23038846,9976.1
MT-Bench,RandomSearch,10,0,4e-06,0.04,2000,9924.302419281004,46.843002,30.80808,41.091736,54.670383,70.18498,45.25195,38.10872,52.8,76.333336,3.4414222,648.4644,0.3642994,0.7979434,0.5219881,9924.2
MT-Bench,RandomSearch,11,1,4e-06,0.02,600,2963.001991605759,47.440273,27.777779,45.716454,54.63055,69.42329,45.301453,41.90808,55.266666,79.13669,3.3298798,644.28986,0.36426777,1.39163,0.737854,2962.9
MT-Bench,RandomSearch,12,0,4e-06,0.02,600,2963.0017057418827,47.440273,27.777779,45.716454,54.63055,69.42329,45.301453,41.90808,55.266666,79.13669,3.3298798,644.28986,0.36426777,1.39163,0.737854,2962.9
MT-Bench,RandomSearch,13,0,2e-06,0.04,2031,9976.201611137389,46.41638,30.30303,46.247158,54.152557,69.80414,44.09892,35.620766,51.066666,74.82758,2.8475056,695.9365,-0.13997465,0.87852395,0.23038846,9976.1
MT-Bench,RandomSearch,14,2,4e-06,0.02,600,12943.119281387328,47.440273,27.777779,45.716454,54.63055,69.42329,45.301453,41.90808,55.266666,79.13669,3.3298798,644.28986,0.36426777,1.39163,0.737854,2962.9
MT-Bench,RandomSearch,15,0,2e-06,0.04,2031,9976.201623773572,46.41638,30.30303,46.247158,54.152557,69.80414,44.09892,35.620766,51.066666,74.82758,2.8475056,695.9365,-0.13997465,0.87852395,0.23038846,9976.1
MT-Bench,RandomSearch,16,0,4e-06,0.04,2000,9924.302088832854,46.843002,30.80808,41.091736,54.670383,70.18498,45.25195,38.10872,52.8,76.333336,3.4414222,648.4644,0.3642994,0.7979434,0.5219881,9924.2
MT-Bench,RandomSearch,17,1,2e-06,0.01,800,3931.102108097077,46.92833,30.30303,45.109932,54.31189,69.80414,44.2878,35.805607,53.5,77.210884,2.4088514,656.6074,-0.03838493,0.697033,0.22903977,3931.0
MT-Bench,RandomSearch,18,0,4e-06,0.04,2000,9924.301977491376,46.843002,30.80808,41.091736,54.670383,70.18498,45.25195,38.10872,52.8,76.333336,3.4414222,648.4644,0.3642994,0.7979434,0.5219881,9924.2
MT-Bench,RandomSearch,19,1,2e-06,0.02,2031,10045.30191979408,46.672356,29.292929,46.01971,54.282017,69.80414,44.421608,37.07956,51.766666,71.37931,1.9203776,649.86743,-0.0785244,-0.09376349,-0.08406589,10045.2
MT-Bench,RandomSearch,20,0,2e-06,0.04,2031,9976.201513862608,46.41638,30.30303,46.247158,54.152557,69.80414,44.09892,35.620766,51.066666,74.82758,2.8475056,695.9365,-0.13997465,0.87852395,0.23038846,9976.1
MT-Bench,RandomSearch,21,1,2e-06,0.01,800,3931.101972198487,46.92833,30.30303,45.109932,54.31189,69.80414,44.2878,35.805607,53.5,77.210884,2.4088514,656.6074,-0.03838493,0.697033,0.22903977,3931.0
MT-Bench,RandomSearch,22,1,2e-06,0.02,2031,10045.302573776244,46.672356,29.292929,46.01971,54.282017,69.80414,44.421608,37.07956,51.766666,71.37931,1.9203776,649.86743,-0.0785244,-0.09376349,-0.08406589,10045.2
MT-Bench,RandomSearch,23,0,2e-06,0.02,2031,10045.30213484764,46.672356,29.292929,46.01971,54.282017,69.80414,44.421608,37.07956,51.766666,71.37931,1.9203776,649.86743,-0.0785244,-0.09376349,-0.08406589,10045.2
MT-Bench,RandomSearch,24,0,2e-06,0.02,2031,10045.302381610869,46.672356,29.292929,46.01971,54.282017,69.80414,44.421608,37.07956,51.766666,71.37931,1.9203776,649.86743,-0.0785244,-0.09376349,-0.08406589,10045.2
MT-Bench,TPE,0,1,2e-06,0.01,800,3931.101646995545,46.92833,30.30303,45.109932,54.31189,69.80414,44.2878,35.805607,53.5,77.210884,2.4088514,656.6074,-0.03838493,0.697033,0.22903977,3931.0
MT-Bench,TPE,1,1,4e-06,0.04,2000,9924.302169418334,46.843002,30.80808,41.091736,54.670383,70.18498,45.25195,38.10872,52.8,76.333336,3.4414222,648.4644,0.3642994,0.7979434,0.5219881,9924.2
MT-Bench,TPE,2,0,2e-06,0.01,800,3931.1020442008976,46.92833,30.30303,45.109932,54.31189,69.80414,44.2878,35.805607,53.5,77.210884,2.4088514,656.6074,-0.03838493,0.697033,0.22903977,3931.0
MT-Bench,TPE,3,0,2e-06,0.02,2031,10045.302182292937,46.672356,29.292929,46.01971,54.282017,69.80414,44.421608,37.07956,51.766666,71.37931,1.9203776,649.86743,-0.0785244,-0.09376349,-0.08406589,10045.2
MT-Bench,TPE,4,0,2e-06,0.04,2031,9976.201383447646,46.41638,30.30303,46.247158,54.152557,69.80414,44.09892,35.620766,51.066666,74.82758,2.8475056,695.9365,-0.13997465,0.87852395,0.23038846,9976.1
MT-Bench,TPE,5,1,4e-06,0.02,600,2963.0016315937046,47.440273,27.777779,45.716454,54.63055,69.42329,45.301453,41.90808,55.266666,79.13669,3.3298798,644.28986,0.36426777,1.39163,0.737854,2962.9
MT-Bench,TPE,6,0,2e-06,0.01,800,3931.1026581287383,46.92833,30.30303,45.109932,54.31189,69.80414,44.2878,35.805607,53.5,77.210884,2.4088514,656.6074,-0.03838493,0.697033,0.22903977,3931.0
MT-Bench,TPE,7,1,4e-06,0.01,400,1980.401891326904,47.696247,30.30303,47.91509,54.86955,69.69532,45.497406,37.614143,56.3,72.69504,3.6663287,640.5936,1.0202352,1.3034295,1.123215,1980.3
MT-Bench,TPE,8,1,4e-06,0.04,2000,9924.30622229576,46.843002,30.80808,41.091736,54.670383,70.18498,45.25195,38.10872,52.8,76.333336,3.4414222,648.4644,0.3642994,0.7979434,0.5219881,9924.2
MT-Bench,TPE,9,2,4e-06,0.02,400,11985.418549394606,47.35495,30.80808,46.702045,54.670383,69.42329,45.070538,36.74484,54.0,69.93007,3.1017833,658.6331,0.5689868,1.0204924,0.7331706,1975.2
MT-Bench,TPE,10,1,4e-06,0.01,400,1980.402088499069,47.696247,30.30303,47.91509,54.86955,69.69532,45.497406,37.614143,56.3,72.69504,3.6663287,640.5936,1.0202352,1.3034295,1.123215,1980.3
MT-Bench,TPE,11,0,1e-06,0.02,1000,4927.401999330521,46.33106,31.818182,42.380592,53.82394,69.5321,43.282692,33.836,50.933334,65.789474,1.0549306,602.55835,-0.88561004,-1.0303704,-0.9382501,4927.3
MT-Bench,TPE,12,1,4e-06,0.02,600,2963.0021980762485,47.440273,27.777779,45.716454,54.63055,69.42329,45.301453,41.90808,55.266666,79.13669,3.3298798,644.28986,0.36426777,1.39163,0.737854,2962.9
MT-Bench,TPE,13,2,4e-06,0.02,600,12948.119048690794,47.440273,27.777779,45.716454,54.63055,69.42329,45.301453,41.90808,55.266666,79.13669,3.3298798,644.28986,0.36426777,1.39163,0.737854,2962.9
MT-Bench,TPE,14,1,2e-06,0.01,800,3931.102300262452,46.92833,30.30303,45.109932,54.31189,69.80414,44.2878,35.805607,53.5,77.210884,2.4088514,656.6074,-0.03838493,0.697033,0.22903977,3931.0
MT-Bench,TPE,15,0,2e-06,0.01,800,3931.102380371094,46.92833,30.30303,45.109932,54.31189,69.80414,44.2878,35.805607,53.5,77.210884,2.4088514,656.6074,-0.03838493,0.697033,0.22903977,3931.0
MT-Bench,TPE,16,1,2e-06,0.04,2031,9976.201264238356,46.41638,30.30303,46.247158,54.152557,69.80414,44.09892,35.620766,51.066666,74.82758,2.8475056,695.9365,-0.13997465,0.87852395,0.23038846,9976.1
MT-Bench,TPE,17,3,4e-06,0.04,400,12035.0194316864,47.013653,31.818182,44.9583,54.540928,69.967354,44.61561,38.053753,51.166668,74.64789,3.0954084,637.3377,0.80886555,0.6000616,0.73293686,1984.8
MT-Bench,TPE,18,1,4e-06,0.02,600,2963.002228355408,47.440273,27.777779,45.716454,54.63055,69.42329,45.301453,41.90808,55.266666,79.13669,3.3298798,644.28986,0.36426777,1.39163,0.737854,2962.9
MT-Bench,TPE,19,1,2e-06,0.04,2031,9976.202940082549,46.41638,30.30303,46.247158,54.152557,69.80414,44.09892,35.620766,51.066666,74.82758,2.8475056,695.9365,-0.13997465,0.87852395,0.23038846,9976.1
MT-Bench,TPE,20,3,4e-06,0.02,400,11960.419185495375,47.35495,30.80808,46.702045,54.670383,69.42329,45.070538,36.74484,54.0,69.93007,3.1017833,658.6331,0.5689868,1.0204924,0.7331706,1975.2
MT-Bench,TPE,21,0,4e-06,0.01,400,1980.4020112514493,47.696247,30.30303,47.91509,54.86955,69.69532,45.497406,37.614143,56.3,72.69504,3.6663287,640.5936,1.0202352,1.3034295,1.123215,1980.3
MT-Bench,TPE,22,0,2e-06,0.02,2031,10045.30208454132,46.672356,29.292929,46.01971,54.282017,69.80414,44.421608,37.07956,51.766666,71.37931,1.9203776,649.86743,-0.0785244,-0.09376349,-0.08406589,10045.2
MT-Bench,TPE,23,1,4e-06,0.01,400,1980.401906108856,47.696247,30.30303,47.91509,54.86955,69.69532,45.497406,37.614143,56.3,72.69504,3.6663287,640.5936,1.0202352,1.3034295,1.123215,1980.3
MT-Bench,TPE,24,0,4e-06,0.02,600,2963.00161895752,47.440273,27.777779,45.716454,54.63055,69.42329,45.301453,41.90808,55.266666,79.13669,3.3298798,644.28986,0.36426777,1.39163,0.737854,2962.9
Z-All,ASHA,0,2,2e-06,0.04,200,10992.64225540161,46.160408,32.82828,41.698257,53.744274,69.69532,43.10437,33.591206,49.766666,61.92053,1.6463718,597.6451,0.15832527,-0.24591205,0.011329884,982.4
Z-All,ASHA,1,0,2e-06,0.01,1400,6879.401458358765,47.013653,33.333332,46.702045,54.381596,69.80414,44.38801,36.606205,51.5,76.59574,2.8577712,666.8164,0.63632333,0.85740006,0.7167149,6879.3
Z-All,ASHA,2,2,4e-06,0.01,400,11965.520796632763,47.696247,30.30303,47.91509,54.86955,69.69532,45.497406,37.614143,56.3,72.69504,3.6663287,640.5936,1.0202352,1.3034295,1.123215,1980.3
Z-All,ASHA,3,0,4e-06,0.01,1200,5941.10194978714,47.61092,31.313131,47.990902,55.108543,69.80414,45.8072,39.4726,55.833332,69.202896,3.7333946,637.97437,1.4598883,0.9153403,1.2618709,5941.0
Z-All,ASHA,4,3,4e-06,0.02,600,13043.125643348692,47.440273,27.777779,45.716454,54.63055,69.42329,45.301453,41.90808,55.266666,79.13669,3.3298798,644.28986,0.36426777,1.39163,0.737854,2962.9
Z-All,ASHA,5,0,4e-06,0.02,800,3950.6018653869633,47.525597,30.80808,44.579227,54.6903,69.91295,45.471313,39.49382,55.333332,70.50359,3.6784594,664.7318,0.8628366,0.999941,0.9126927,3950.5
Z-All,ASHA,6,0,4e-06,0.02,800,3950.601795291901,47.525597,30.80808,44.579227,54.6903,69.91295,45.471313,39.49382,55.333332,70.50359,3.6784594,664.7318,0.8628366,0.999941,0.9126927,3950.5
Z-All,ASHA,7,1,4e-06,0.01,1200,5941.102103805542,47.61092,31.313131,47.990902,55.108543,69.80414,45.8072,39.4726,55.833332,69.202896,3.7333946,637.97437,1.4598883,0.9153403,1.2618709,5941.0
Z-All,ASHA,8,2,4e-06,0.01,400,11990.526486968993,47.696247,30.30303,47.91509,54.86955,69.69532,45.497406,37.614143,56.3,72.69504,3.6663287,640.5936,1.0202352,1.3034295,1.123215,1980.3
Z-All,ASHA,9,0,4e-06,0.01,1200,5941.101846551896,47.61092,31.313131,47.990902,55.108543,69.80414,45.8072,39.4726,55.833332,69.202896,3.7333946,637.97437,1.4598883,0.9153403,1.2618709,5941.0
Z-All,ASHA,10,0,2e-06,0.02,800,3956.902130222321,46.843002,31.818182,45.943897,54.2621,69.85854,44.291916,37.04083,49.933334,70.20548,1.937317,666.7955,0.3890408,0.11581399,0.2896856,3956.8
Z-All,ASHA,11,3,4e-06,0.01,400,12030.522265052794,47.696247,30.30303,47.91509,54.86955,69.69532,45.497406,37.614143,56.3,72.69504,3.6663287,640.5936,1.0202352,1.3034295,1.123215,1980.3
Z-All,ASHA,12,0,4e-06,0.02,800,3950.602422571183,47.525597,30.80808,44.579227,54.6903,69.91295,45.471313,39.49382,55.333332,70.50359,3.6784594,664.7318,0.8628366,0.999941,0.9126927,3950.5
Z-All,ASHA,13,0,4e-06,0.01,1200,5941.103218650818,47.61092,31.313131,47.990902,55.108543,69.80414,45.8072,39.4726,55.833332,69.202896,3.7333946,637.97437,1.4598883,0.9153403,1.2618709,5941.0
Z-All,ASHA,14,1,4e-06,0.02,800,3950.602477169037,47.525597,30.80808,44.579227,54.6903,69.91295,45.471313,39.49382,55.333332,70.50359,3.6784594,664.7318,0.8628366,0.999941,0.9126927,3950.5
Z-All,ASHA,15,3,2e-06,0.04,200,10992.6190410614,46.160408,32.82828,41.698257,53.744274,69.69532,43.10437,33.591206,49.766666,61.92053,1.6463718,597.6451,0.15832527,-0.24591205,0.011329884,982.4
Z-All,ASHA,16,1,2e-06,0.02,800,3956.902336215973,46.843002,31.818182,45.943897,54.2621,69.85854,44.291916,37.04083,49.933334,70.20548,1.937317,666.7955,0.3890408,0.11581399,0.2896856,3956.8
Z-All,ASHA,17,3,4e-06,0.01,400,12010.524113988877,47.696247,30.30303,47.91509,54.86955,69.69532,45.497406,37.614143,56.3,72.69504,3.6663287,640.5936,1.0202352,1.3034295,1.123215,1980.3
Z-All,ASHA,18,0,4e-06,0.01,1200,5941.102403259278,47.61092,31.313131,47.990902,55.108543,69.80414,45.8072,39.4726,55.833332,69.202896,3.7333946,637.97437,1.4598883,0.9153403,1.2618709,5941.0
Z-All,ASHA,19,3,4e-06,0.04,400,11965.02459988594,47.013653,31.818182,44.9583,54.540928,69.967354,44.61561,38.053753,51.166668,74.64789,3.0954084,637.3377,0.80886555,0.6000616,0.73293686,1984.8
Z-All,ASHA,20,0,4e-06,0.01,1200,5941.101930713654,47.61092,31.313131,47.990902,55.108543,69.80414,45.8072,39.4726,55.833332,69.202896,3.7333946,637.97437,1.4598883,0.9153403,1.2618709,5941.0
Z-All,ASHA,21,0,2e-06,0.01,1400,6879.401879405976,47.013653,33.333332,46.702045,54.381596,69.80414,44.38801,36.606205,51.5,76.59574,2.8577712,666.8164,0.63632333,0.85740006,0.7167149,6879.3
Z-All,ASHA,22,0,2e-06,0.01,1400,6879.402050113678,47.013653,33.333332,46.702045,54.381596,69.80414,44.38801,36.606205,51.5,76.59574,2.8577712,666.8164,0.63632333,0.85740006,0.7167149,6879.3
Z-All,ASHA,23,0,4e-06,0.01,1200,5941.10173330307,47.61092,31.313131,47.990902,55.108543,69.80414,45.8072,39.4726,55.833332,69.202896,3.7333946,637.97437,1.4598883,0.9153403,1.2618709,5941.0
Z-All,ASHA,24,0,4e-06,0.01,1200,5941.101795053482,47.61092,31.313131,47.990902,55.108543,69.80414,45.8072,39.4726,55.833332,69.202896,3.7333946,637.97437,1.4598883,0.9153403,1.2618709,5941.0
Z-All,BOHB,0,2,2e-06,0.04,200,10992.620074367522,46.160408,32.82828,41.698257,53.744274,69.69532,43.10437,33.591206,49.766666,61.92053,1.6463718,597.6451,0.15832527,-0.24591205,0.011329884,982.4
Z-All,BOHB,1,0,2e-06,0.01,1400,6879.402807807923,47.013653,33.333332,46.702045,54.381596,69.80414,44.38801,36.606205,51.5,76.59574,2.8577712,666.8164,0.63632333,0.85740006,0.7167149,6879.3
Z-All,BOHB,2,2,4e-06,0.01,400,11965.519636011122,47.696247,30.30303,47.91509,54.86955,69.69532,45.497406,37.614143,56.3,72.69504,3.6663287,640.5936,1.0202352,1.3034295,1.123215,1980.3
Z-All,BOHB,3,0,4e-06,0.01,1200,5941.1021545887,47.61092,31.313131,47.990902,55.108543,69.80414,45.8072,39.4726,55.833332,69.202896,3.7333946,637.97437,1.4598883,0.9153403,1.2618709,5941.0
Z-All,BOHB,4,3,4e-06,0.02,600,13043.131428098675,47.440273,27.777779,45.716454,54.63055,69.42329,45.301453,41.90808,55.266666,79.13669,3.3298798,644.28986,0.36426777,1.39163,0.737854,2962.9
Z-All,BOHB,5,0,4e-06,0.02,800,3950.601986265183,47.525597,30.80808,44.579227,54.6903,69.91295,45.471313,39.49382,55.333332,70.50359,3.6784594,664.7318,0.8628366,0.999941,0.9126927,3950.5
Z-All,BOHB,6,0,4e-06,0.02,800,3950.601589775086,47.525597,30.80808,44.579227,54.6903,69.91295,45.471313,39.49382,55.333332,70.50359,3.6784594,664.7318,0.8628366,0.999941,0.9126927,3950.5
Z-All,BOHB,7,1,4e-06,0.01,1200,5941.102498626709,47.61092,31.313131,47.990902,55.108543,69.80414,45.8072,39.4726,55.833332,69.202896,3.7333946,637.97437,1.4598883,0.9153403,1.2618709,5941.0
Z-All,BOHB,8,2,4e-06,0.01,400,11990.519897317885,47.696247,30.30303,47.91509,54.86955,69.69532,45.497406,37.614143,56.3,72.69504,3.6663287,640.5936,1.0202352,1.3034295,1.123215,1980.3
Z-All,BOHB,9,0,4e-06,0.01,1200,5941.101791715622,47.61092,31.313131,47.990902,55.108543,69.80414,45.8072,39.4726,55.833332,69.202896,3.7333946,637.97437,1.4598883,0.9153403,1.2618709,5941.0
Z-All,BOHB,10,0,2e-06,0.02,800,3956.901749229432,46.843002,31.818182,45.943897,54.2621,69.85854,44.291916,37.04083,49.933334,70.20548,1.937317,666.7955,0.3890408,0.11581399,0.2896856,3956.8
Z-All,BOHB,11,3,4e-06,0.01,400,12030.520067310332,47.696247,30.30303,47.91509,54.86955,69.69532,45.497406,37.614143,56.3,72.69504,3.6663287,640.5936,1.0202352,1.3034295,1.123215,1980.3
Z-All,BOHB,12,0,4e-06,0.02,800,3950.602564430237,47.525597,30.80808,44.579227,54.6903,69.91295,45.471313,39.49382,55.333332,70.50359,3.6784594,664.7318,0.8628366,0.999941,0.9126927,3950.5
Z-All,BOHB,13,0,4e-06,0.01,1200,5941.102065420151,47.61092,31.313131,47.990902,55.108543,69.80414,45.8072,39.4726,55.833332,69.202896,3.7333946,637.97437,1.4598883,0.9153403,1.2618709,5941.0
Z-All,BOHB,14,1,4e-06,0.02,800,3950.601765966416,47.525597,30.80808,44.579227,54.6903,69.91295,45.471313,39.49382,55.333332,70.50359,3.6784594,664.7318,0.8628366,0.999941,0.9126927,3950.5
Z-All,BOHB,15,3,2e-06,0.04,200,10992.62263689041,46.160408,32.82828,41.698257,53.744274,69.69532,43.10437,33.591206,49.766666,61.92053,1.6463718,597.6451,0.15832527,-0.24591205,0.011329884,982.4
Z-All,BOHB,16,1,2e-06,0.02,800,3956.9023848533634,46.843002,31.818182,45.943897,54.2621,69.85854,44.291916,37.04083,49.933334,70.20548,1.937317,666.7955,0.3890408,0.11581399,0.2896856,3956.8
Z-All,BOHB,17,3,4e-06,0.01,400,12010.520890808104,47.696247,30.30303,47.91509,54.86955,69.69532,45.497406,37.614143,56.3,72.69504,3.6663287,640.5936,1.0202352,1.3034295,1.123215,1980.3
Z-All,BOHB,18,0,4e-06,0.01,1200,5941.10210595131,47.61092,31.313131,47.990902,55.108543,69.80414,45.8072,39.4726,55.833332,69.202896,3.7333946,637.97437,1.4598883,0.9153403,1.2618709,5941.0
Z-All,BOHB,19,3,4e-06,0.04,400,11965.02061972618,47.013653,31.818182,44.9583,54.540928,69.967354,44.61561,38.053753,51.166668,74.64789,3.0954084,637.3377,0.80886555,0.6000616,0.73293686,1984.8
Z-All,BOHB,20,0,4e-06,0.01,1200,5941.101890420914,47.61092,31.313131,47.990902,55.108543,69.80414,45.8072,39.4726,55.833332,69.202896,3.7333946,637.97437,1.4598883,0.9153403,1.2618709,5941.0
Z-All,BOHB,21,0,2e-06,0.01,1400,6879.407325839997,47.013653,33.333332,46.702045,54.381596,69.80414,44.38801,36.606205,51.5,76.59574,2.8577712,666.8164,0.63632333,0.85740006,0.7167149,6879.3
Z-All,BOHB,22,0,2e-06,0.01,1400,6879.401789045334,47.013653,33.333332,46.702045,54.381596,69.80414,44.38801,36.606205,51.5,76.59574,2.8577712,666.8164,0.63632333,0.85740006,0.7167149,6879.3
Z-All,BOHB,23,0,4e-06,0.01,1200,5941.102078294754,47.61092,31.313131,47.990902,55.108543,69.80414,45.8072,39.4726,55.833332,69.202896,3.7333946,637.97437,1.4598883,0.9153403,1.2618709,5941.0
Z-All,BOHB,24,0,4e-06,0.01,1200,5941.101650333405,47.61092,31.313131,47.990902,55.108543,69.80414,45.8072,39.4726,55.833332,69.202896,3.7333946,637.97437,1.4598883,0.9153403,1.2618709,5941.0
Z-All,BOTorch,0,0,4e-06,0.02,800,3950.601866102219,47.525597,30.80808,44.579227,54.6903,69.91295,45.471313,39.49382,55.333332,70.50359,3.6784594,664.7318,0.8628366,0.999941,0.9126927,3950.5
Z-All,BOTorch,1,2,4e-06,0.02,600,12948.119050359724,47.440273,27.777779,45.716454,54.63055,69.42329,45.301453,41.90808,55.266666,79.13669,3.3298798,644.28986,0.36426777,1.39163,0.737854,2962.9
Z-All,BOTorch,2,2,4e-06,0.02,400,12025.43132314682,47.35495,30.80808,46.702045,54.670383,69.42329,45.070538,36.74484,54.0,69.93007,3.1017833,658.6331,0.5689868,1.0204924,0.7331706,1975.2
Z-All,BOTorch,3,1,2e-06,0.04,1000,4912.00166258812,46.843002,32.32323,44.9583,54.09281,69.80414,44.127834,35.171124,52.7,71.42857,2.2035882,691.2095,0.088514656,0.57946986,0.26704383,4911.9
Z-All,BOTorch,4,0,4e-06,0.01,1200,5941.101879930497,47.61092,31.313131,47.990902,55.108543,69.80414,45.8072,39.4726,55.833332,69.202896,3.7333946,637.97437,1.4598883,0.9153403,1.2618709,5941.0
Z-All,BOTorch,5,1,2e-06,0.01,1400,6879.40161190033,47.013653,33.333332,46.702045,54.381596,69.80414,44.38801,36.606205,51.5,76.59574,2.8577712,666.8164,0.63632333,0.85740006,0.7167149,6879.3
Z-All,BOTorch,6,3,4e-06,0.01,400,12010.518431043623,47.696247,30.30303,47.91509,54.86955,69.69532,45.497406,37.614143,56.3,72.69504,3.6663287,640.5936,1.0202352,1.3034295,1.123215,1980.3
Z-All,BOTorch,7,2,4e-06,0.02,400,11955.420580005644,47.35495,30.80808,46.702045,54.670383,69.42329,45.070538,36.74484,54.0,69.93007,3.1017833,658.6331,0.5689868,1.0204924,0.7331706,1975.2
Z-All,BOTorch,8,0,4e-06,0.04,400,1984.902211999893,47.013653,31.818182,44.9583,54.540928,69.967354,44.61561,38.053753,51.166668,74.64789,3.0954084,637.3377,0.80886555,0.6000616,0.73293686,1984.8
Z-All,BOTorch,9,3,4e-06,0.02,400,12055.42744860649,47.35495,30.80808,46.702045,54.670383,69.42329,45.070538,36.74484,54.0,69.93007,3.1017833,658.6331,0.5689868,1.0204924,0.7331706,1975.2
Z-All,BOTorch,10,3,4e-06,0.02,400,12025.479393100735,47.35495,30.80808,46.702045,54.670383,69.42329,45.070538,36.74484,54.0,69.93007,3.1017833,658.6331,0.5689868,1.0204924,0.7331706,1975.2
Z-All,BOTorch,11,1,4e-06,0.02,800,3950.602031803132,47.525597,30.80808,44.579227,54.6903,69.91295,45.471313,39.49382,55.333332,70.50359,3.6784594,664.7318,0.8628366,0.999941,0.9126927,3950.5
Z-All,BOTorch,12,1,2e-06,0.04,1000,4912.001552438736,46.843002,32.32323,44.9583,54.09281,69.80414,44.127834,35.171124,52.7,71.42857,2.2035882,691.2095,0.088514656,0.57946986,0.26704383,4911.9
Z-All,BOTorch,13,0,4e-06,0.02,800,3950.601940488816,47.525597,30.80808,44.579227,54.6903,69.91295,45.471313,39.49382,55.333332,70.50359,3.6784594,664.7318,0.8628366,0.999941,0.9126927,3950.5
Z-All,BOTorch,14,0,4e-06,0.01,1200,5941.101821517945,47.61092,31.313131,47.990902,55.108543,69.80414,45.8072,39.4726,55.833332,69.202896,3.7333946,637.97437,1.4598883,0.9153403,1.2618709,5941.0
Z-All,BOTorch,15,2,4e-06,0.04,400,11965.019261455534,47.013653,31.818182,44.9583,54.540928,69.967354,44.61561,38.053753,51.166668,74.64789,3.0954084,637.3377,0.80886555,0.6000616,0.73293686,1984.8
Z-All,BOTorch,16,2,4e-06,0.01,400,11990.520053958891,47.696247,30.30303,47.91509,54.86955,69.69532,45.497406,37.614143,56.3,72.69504,3.6663287,640.5936,1.0202352,1.3034295,1.123215,1980.3
Z-All,BOTorch,17,1,4e-06,0.02,800,3950.601671791077,47.525597,30.80808,44.579227,54.6903,69.91295,45.471313,39.49382,55.333332,70.50359,3.6784594,664.7318,0.8628366,0.999941,0.9126927,3950.5
Z-All,BOTorch,18,1,4e-06,0.01,1200,5941.102367734909,47.61092,31.313131,47.990902,55.108543,69.80414,45.8072,39.4726,55.833332,69.202896,3.7333946,637.97437,1.4598883,0.9153403,1.2618709,5941.0
Z-All,BOTorch,19,1,4e-06,0.01,1200,5941.101672506333,47.61092,31.313131,47.990902,55.108543,69.80414,45.8072,39.4726,55.833332,69.202896,3.7333946,637.97437,1.4598883,0.9153403,1.2618709,5941.0
Z-All,BOTorch,20,0,4e-06,0.01,1200,5941.101976966858,47.61092,31.313131,47.990902,55.108543,69.80414,45.8072,39.4726,55.833332,69.202896,3.7333946,637.97437,1.4598883,0.9153403,1.2618709,5941.0
Z-All,BOTorch,21,3,4e-06,0.01,400,12030.51983270645,47.696247,30.30303,47.91509,54.86955,69.69532,45.497406,37.614143,56.3,72.69504,3.6663287,640.5936,1.0202352,1.3034295,1.123215,1980.3
Z-All,BOTorch,22,1,2e-06,0.02,800,3956.902094459534,46.843002,31.818182,45.943897,54.2621,69.85854,44.291916,37.04083,49.933334,70.20548,1.937317,666.7955,0.3890408,0.11581399,0.2896856,3956.8
Z-All,BOTorch,23,1,4e-06,0.04,400,1984.9017573356628,47.013653,31.818182,44.9583,54.540928,69.967354,44.61561,38.053753,51.166668,74.64789,3.0954084,637.3377,0.80886555,0.6000616,0.73293686,1984.8
Z-All,BOTorch,24,0,1e-06,0.01,200,1226.2020808219909,45.81911,32.82828,43.59363,53.49532,69.042435,43.180775,33.420105,50.766666,55.743244,1.2694823,607.5947,-0.23753114,-0.36858687,-0.28518778,1226.1
Z-All,CQR,0,2,2e-06,0.04,200,10992.620223379134,46.160408,32.82828,41.698257,53.744274,69.69532,43.10437,33.591206,49.766666,61.92053,1.6463718,597.6451,0.15832527,-0.24591205,0.011329884,982.4
Z-All,CQR,1,0,2e-06,0.01,1400,6879.401737308503,47.013653,33.333332,46.702045,54.381596,69.80414,44.38801,36.606205,51.5,76.59574,2.8577712,666.8164,0.63632333,0.85740006,0.7167149,6879.3
Z-All,CQR,2,2,4e-06,0.01,400,11965.5196126461,47.696247,30.30303,47.91509,54.86955,69.69532,45.497406,37.614143,56.3,72.69504,3.6663287,640.5936,1.0202352,1.3034295,1.123215,1980.3
Z-All,CQR,3,0,4e-06,0.01,1200,5941.10229549408,47.61092,31.313131,47.990902,55.108543,69.80414,45.8072,39.4726,55.833332,69.202896,3.7333946,637.97437,1.4598883,0.9153403,1.2618709,5941.0
Z-All,CQR,4,3,4e-06,0.02,400,12055.420660829544,47.35495,30.80808,46.702045,54.670383,69.42329,45.070538,36.74484,54.0,69.93007,3.1017833,658.6331,0.5689868,1.0204924,0.7331706,1975.2
Z-All,CQR,5,0,4e-06,0.02,800,3950.6019800663,47.525597,30.80808,44.579227,54.6903,69.91295,45.471313,39.49382,55.333332,70.50359,3.6784594,664.7318,0.8628366,0.999941,0.9126927,3950.5
Z-All,CQR,6,0,4e-06,0.02,800,3950.601651763917,47.525597,30.80808,44.579227,54.6903,69.91295,45.471313,39.49382,55.333332,70.50359,3.6784594,664.7318,0.8628366,0.999941,0.9126927,3950.5
Z-All,CQR,7,1,4e-06,0.01,1200,5941.102111911774,47.61092,31.313131,47.990902,55.108543,69.80414,45.8072,39.4726,55.833332,69.202896,3.7333946,637.97437,1.4598883,0.9153403,1.2618709,5941.0
Z-All,CQR,8,2,4e-06,0.01,400,11990.523854351042,47.696247,30.30303,47.91509,54.86955,69.69532,45.497406,37.614143,56.3,72.69504,3.6663287,640.5936,1.0202352,1.3034295,1.123215,1980.3
Z-All,CQR,9,0,4e-06,0.01,1200,5941.101912593842,47.61092,31.313131,47.990902,55.108543,69.80414,45.8072,39.4726,55.833332,69.202896,3.7333946,637.97437,1.4598883,0.9153403,1.2618709,5941.0
Z-All,CQR,10,0,2e-06,0.02,800,3956.901686286927,46.843002,31.818182,45.943897,54.2621,69.85854,44.291916,37.04083,49.933334,70.20548,1.937317,666.7955,0.3890408,0.11581399,0.2896856,3956.8
Z-All,CQR,11,3,4e-06,0.01,400,12030.52012453079,47.696247,30.30303,47.91509,54.86955,69.69532,45.497406,37.614143,56.3,72.69504,3.6663287,640.5936,1.0202352,1.3034295,1.123215,1980.3
Z-All,CQR,12,0,4e-06,0.02,800,3950.6038099288944,47.525597,30.80808,44.579227,54.6903,69.91295,45.471313,39.49382,55.333332,70.50359,3.6784594,664.7318,0.8628366,0.999941,0.9126927,3950.5
Z-All,CQR,13,0,4e-06,0.01,1200,5941.101657724381,47.61092,31.313131,47.990902,55.108543,69.80414,45.8072,39.4726,55.833332,69.202896,3.7333946,637.97437,1.4598883,0.9153403,1.2618709,5941.0
Z-All,CQR,14,1,4e-06,0.02,800,3950.603378152848,47.525597,30.80808,44.579227,54.6903,69.91295,45.471313,39.49382,55.333332,70.50359,3.6784594,664.7318,0.8628366,0.999941,0.9126927,3950.5
Z-All,CQR,15,3,2e-06,0.04,200,10992.619036293028,46.160408,32.82828,41.698257,53.744274,69.69532,43.10437,33.591206,49.766666,61.92053,1.6463718,597.6451,0.15832527,-0.24591205,0.011329884,982.4
Z-All,CQR,16,1,2e-06,0.02,800,3956.902525758744,46.843002,31.818182,45.943897,54.2621,69.85854,44.291916,37.04083,49.933334,70.20548,1.937317,666.7955,0.3890408,0.11581399,0.2896856,3956.8
Z-All,CQR,17,3,4e-06,0.01,400,12010.519605016709,47.696247,30.30303,47.91509,54.86955,69.69532,45.497406,37.614143,56.3,72.69504,3.6663287,640.5936,1.0202352,1.3034295,1.123215,1980.3
Z-All,CQR,18,0,4e-06,0.01,1200,5941.101890182496,47.61092,31.313131,47.990902,55.108543,69.80414,45.8072,39.4726,55.833332,69.202896,3.7333946,637.97437,1.4598883,0.9153403,1.2618709,5941.0
Z-All,CQR,19,3,4e-06,0.04,400,11965.023107862473,47.013653,31.818182,44.9583,54.540928,69.967354,44.61561,38.053753,51.166668,74.64789,3.0954084,637.3377,0.80886555,0.6000616,0.73293686,1984.8
Z-All,CQR,20,0,4e-06,0.01,1200,5941.102169370652,47.61092,31.313131,47.990902,55.108543,69.80414,45.8072,39.4726,55.833332,69.202896,3.7333946,637.97437,1.4598883,0.9153403,1.2618709,5941.0
Z-All,CQR,21,0,2e-06,0.01,1400,6879.401930427552,47.013653,33.333332,46.702045,54.381596,69.80414,44.38801,36.606205,51.5,76.59574,2.8577712,666.8164,0.63632333,0.85740006,0.7167149,6879.3
Z-All,CQR,22,0,2e-06,0.01,1400,6879.401663398743,47.013653,33.333332,46.702045,54.381596,69.80414,44.38801,36.606205,51.5,76.59574,2.8577712,666.8164,0.63632333,0.85740006,0.7167149,6879.3
Z-All,CQR,23,0,4e-06,0.01,1200,5941.101568794251,47.61092,31.313131,47.990902,55.108543,69.80414,45.8072,39.4726,55.833332,69.202896,3.7333946,637.97437,1.4598883,0.9153403,1.2618709,5941.0
Z-All,CQR,24,0,4e-06,0.01,1200,5941.10212931633,47.61092,31.313131,47.990902,55.108543,69.80414,45.8072,39.4726,55.833332,69.202896,3.7333946,637.97437,1.4598883,0.9153403,1.2618709,5941.0
Z-All,RandomSearch,0,1,2e-06,0.01,1400,6879.40146598816,47.013653,33.333332,46.702045,54.381596,69.80414,44.38801,36.606205,51.5,76.59574,2.8577712,666.8164,0.63632333,0.85740006,0.7167149,6879.3
Z-All,RandomSearch,1,0,4e-06,0.01,1200,5941.101937627793,47.61092,31.313131,47.990902,55.108543,69.80414,45.8072,39.4726,55.833332,69.202896,3.7333946,637.97437,1.4598883,0.9153403,1.2618709,5941.0
Z-All,RandomSearch,2,0,4e-06,0.01,1200,5941.101966714859,47.61092,31.313131,47.990902,55.108543,69.80414,45.8072,39.4726,55.833332,69.202896,3.7333946,637.97437,1.4598883,0.9153403,1.2618709,5941.0
Z-All,RandomSearch,3,2,4e-06,0.04,400,11965.019180393218,47.013653,31.818182,44.9583,54.540928,69.967354,44.61561,38.053753,51.166668,74.64789,3.0954084,637.3377,0.80886555,0.6000616,0.73293686,1984.8
Z-All,RandomSearch,4,0,4e-06,0.04,400,1984.9020935058595,47.013653,31.818182,44.9583,54.540928,69.967354,44.61561,38.053753,51.166668,74.64789,3.0954084,637.3377,0.80886555,0.6000616,0.73293686,1984.8
Z-All,RandomSearch,5,2,4e-06,0.04,400,12035.02065143585,47.013653,31.818182,44.9583,54.540928,69.967354,44.61561,38.053753,51.166668,74.64789,3.0954084,637.3377,0.80886555,0.6000616,0.73293686,1984.8
Z-All,RandomSearch,6,2,2e-06,0.01,400,11950.718736743926,46.672356,32.82828,45.337376,54.152557,69.58651,43.600018,32.16488,49.1,70.62937,2.0617845,624.9962,0.03940407,-0.23802409,-0.0614789,1965.5
Z-All,RandomSearch,7,1,4e-06,0.02,800,3950.601941680909,47.525597,30.80808,44.579227,54.6903,69.91295,45.471313,39.49382,55.333332,70.50359,3.6784594,664.7318,0.8628366,0.999941,0.9126927,3950.5
Z-All,RandomSearch,8,3,4e-06,0.04,400,12035.023917055129,47.013653,31.818182,44.9583,54.540928,69.967354,44.61561,38.053753,51.166668,74.64789,3.0954084,637.3377,0.80886555,0.6000616,0.73293686,1984.8
Z-All,RandomSearch,9,0,2e-06,0.01,1400,6879.4014388084415,47.013653,33.333332,46.702045,54.381596,69.80414,44.38801,36.606205,51.5,76.59574,2.8577712,666.8164,0.63632333,0.85740006,0.7167149,6879.3
Z-All,RandomSearch,10,3,4e-06,0.01,400,12060.521313524245,47.696247,30.30303,47.91509,54.86955,69.69532,45.497406,37.614143,56.3,72.69504,3.6663287,640.5936,1.0202352,1.3034295,1.123215,1980.3
Z-All,RandomSearch,11,0,4e-06,0.01,1200,5941.102015590668,47.61092,31.313131,47.990902,55.108543,69.80414,45.8072,39.4726,55.833332,69.202896,3.7333946,637.97437,1.4598883,0.9153403,1.2618709,5941.0
Z-All,RandomSearch,12,1,4e-06,0.02,800,3950.6017576217655,47.525597,30.80808,44.579227,54.6903,69.91295,45.471313,39.49382,55.333332,70.50359,3.6784594,664.7318,0.8628366,0.999941,0.9126927,3950.5
Z-All,RandomSearch,13,1,4e-06,0.04,400,1984.9017892837524,47.013653,31.818182,44.9583,54.540928,69.967354,44.61561,38.053753,51.166668,74.64789,3.0954084,637.3377,0.80886555,0.6000616,0.73293686,1984.8
Z-All,RandomSearch,14,1,4e-06,0.04,400,1984.9024535179135,47.013653,31.818182,44.9583,54.540928,69.967354,44.61561,38.053753,51.166668,74.64789,3.0954084,637.3377,0.80886555,0.6000616,0.73293686,1984.8
Z-All,RandomSearch,15,2,4e-06,0.02,600,12943.11981282234,47.440273,27.777779,45.716454,54.63055,69.42329,45.301453,41.90808,55.266666,79.13669,3.3298798,644.28986,0.36426777,1.39163,0.737854,2962.9
Z-All,RandomSearch,16,1,2e-06,0.01,1400,6879.401746606827,47.013653,33.333332,46.702045,54.381596,69.80414,44.38801,36.606205,51.5,76.59574,2.8577712,666.8164,0.63632333,0.85740006,0.7167149,6879.3
Z-All,RandomSearch,17,2,4e-06,0.02,400,11955.420482492444,47.35495,30.80808,46.702045,54.670383,69.42329,45.070538,36.74484,54.0,69.93007,3.1017833,658.6331,0.5689868,1.0204924,0.7331706,1975.2
Z-All,RandomSearch,18,0,1e-06,0.01,200,1226.202026939392,45.81911,32.82828,43.59363,53.49532,69.042435,43.180775,33.420105,50.766666,55.743244,1.2694823,607.5947,-0.23753114,-0.36858687,-0.28518778,1226.1
Z-All,RandomSearch,19,2,2e-06,0.01,400,11975.720413780213,46.672356,32.82828,45.337376,54.152557,69.58651,43.600018,32.16488,49.1,70.62937,2.0617845,624.9962,0.03940407,-0.23802409,-0.0614789,1965.5
Z-All,RandomSearch,20,0,2e-06,0.01,1400,6879.402121639252,47.013653,33.333332,46.702045,54.381596,69.80414,44.38801,36.606205,51.5,76.59574,2.8577712,666.8164,0.63632333,0.85740006,0.7167149,6879.3
Z-All,RandomSearch,21,0,4e-06,0.01,1200,5941.101924276352,47.61092,31.313131,47.990902,55.108543,69.80414,45.8072,39.4726,55.833332,69.202896,3.7333946,637.97437,1.4598883,0.9153403,1.2618709,5941.0
Z-All,RandomSearch,22,1,2e-06,0.02,800,3956.9017904758457,46.843002,31.818182,45.943897,54.2621,69.85854,44.291916,37.04083,49.933334,70.20548,1.937317,666.7955,0.3890408,0.11581399,0.2896856,3956.8
Z-All,RandomSearch,23,1,4e-06,0.02,800,3950.602509832383,47.525597,30.80808,44.579227,54.6903,69.91295,45.471313,39.49382,55.333332,70.50359,3.6784594,664.7318,0.8628366,0.999941,0.9126927,3950.5
Z-All,RandomSearch,24,2,4e-06,0.02,600,12943.119286870957,47.440273,27.777779,45.716454,54.63055,69.42329,45.301453,41.90808,55.266666,79.13669,3.3298798,644.28986,0.36426777,1.39163,0.737854,2962.9
Z-All,TPE,0,0,4e-06,0.02,800,3950.601846313477,47.525597,30.80808,44.579227,54.6903,69.91295,45.471313,39.49382,55.333332,70.50359,3.6784594,664.7318,0.8628366,0.999941,0.9126927,3950.5
Z-All,TPE,1,2,4e-06,0.02,600,12943.125125741955,47.440273,27.777779,45.716454,54.63055,69.42329,45.301453,41.90808,55.266666,79.13669,3.3298798,644.28986,0.36426777,1.39163,0.737854,2962.9
Z-All,TPE,2,0,4e-06,0.02,800,3950.602992630005,47.525597,30.80808,44.579227,54.6903,69.91295,45.471313,39.49382,55.333332,70.50359,3.6784594,664.7318,0.8628366,0.999941,0.9126927,3950.5
Z-All,TPE,3,3,4e-06,0.04,400,12035.020835256577,47.013653,31.818182,44.9583,54.540928,69.967354,44.61561,38.053753,51.166668,74.64789,3.0954084,637.3377,0.80886555,0.6000616,0.73293686,1984.8
Z-All,TPE,4,1,4e-06,0.01,1200,5941.102436161042,47.61092,31.313131,47.990902,55.108543,69.80414,45.8072,39.4726,55.833332,69.202896,3.7333946,637.97437,1.4598883,0.9153403,1.2618709,5941.0
Z-All,TPE,5,2,4e-06,0.01,400,11965.51930437088,47.696247,30.30303,47.91509,54.86955,69.69532,45.497406,37.614143,56.3,72.69504,3.6663287,640.5936,1.0202352,1.3034295,1.123215,1980.3
Z-All,TPE,6,2,4e-06,0.04,400,11965.019833183287,47.013653,31.818182,44.9583,54.540928,69.967354,44.61561,38.053753,51.166668,74.64789,3.0954084,637.3377,0.80886555,0.6000616,0.73293686,1984.8
Z-All,TPE,7,3,4e-06,0.04,400,11995.028393125533,47.013653,31.818182,44.9583,54.540928,69.967354,44.61561,38.053753,51.166668,74.64789,3.0954084,637.3377,0.80886555,0.6000616,0.73293686,1984.8
Z-All,TPE,8,1,4e-06,0.01,1200,5941.101593589783,47.61092,31.313131,47.990902,55.108543,69.80414,45.8072,39.4726,55.833332,69.202896,3.7333946,637.97437,1.4598883,0.9153403,1.2618709,5941.0
Z-All,TPE,9,3,4e-06,0.01,400,11965.519630527497,47.696247,30.30303,47.91509,54.86955,69.69532,45.497406,37.614143,56.3,72.69504,3.6663287,640.5936,1.0202352,1.3034295,1.123215,1980.3
Z-All,TPE,10,2,4e-06,0.02,600,12943.120026683806,47.440273,27.777779,45.716454,54.63055,69.42329,45.301453,41.90808,55.266666,79.13669,3.3298798,644.28986,0.36426777,1.39163,0.737854,2962.9
Z-All,TPE,11,2,4e-06,0.02,400,12025.41954050064,47.35495,30.80808,46.702045,54.670383,69.42329,45.070538,36.74484,54.0,69.93007,3.1017833,658.6331,0.5689868,1.0204924,0.7331706,1975.2
Z-All,TPE,12,0,4e-06,0.02,800,3950.601833677292,47.525597,30.80808,44.579227,54.6903,69.91295,45.471313,39.49382,55.333332,70.50359,3.6784594,664.7318,0.8628366,0.999941,0.9126927,3950.5
Z-All,TPE,13,1,4e-06,0.01,1200,5941.1032315254215,47.61092,31.313131,47.990902,55.108543,69.80414,45.8072,39.4726,55.833332,69.202896,3.7333946,637.97437,1.4598883,0.9153403,1.2618709,5941.0
Z-All,TPE,14,1,2e-06,0.01,1400,6879.401764488221,47.013653,33.333332,46.702045,54.381596,69.80414,44.38801,36.606205,51.5,76.59574,2.8577712,666.8164,0.63632333,0.85740006,0.7167149,6879.3
Z-All,TPE,15,1,4e-06,0.01,1200,5941.105484819413,47.61092,31.313131,47.990902,55.108543,69.80414,45.8072,39.4726,55.833332,69.202896,3.7333946,637.97437,1.4598883,0.9153403,1.2618709,5941.0
Z-All,TPE,16,0,4e-06,0.01,1200,5941.10179886818,47.61092,31.313131,47.990902,55.108543,69.80414,45.8072,39.4726,55.833332,69.202896,3.7333946,637.97437,1.4598883,0.9153403,1.2618709,5941.0
Z-All,TPE,17,0,4e-06,0.01,1200,5941.101799106598,47.61092,31.313131,47.990902,55.108543,69.80414,45.8072,39.4726,55.833332,69.202896,3.7333946,637.97437,1.4598883,0.9153403,1.2618709,5941.0
Z-All,TPE,18,2,4e-06,0.01,400,12030.519322252272,47.696247,30.30303,47.91509,54.86955,69.69532,45.497406,37.614143,56.3,72.69504,3.6663287,640.5936,1.0202352,1.3034295,1.123215,1980.3
Z-All,TPE,19,0,2e-06,0.04,1000,4912.001892185212,46.843002,32.32323,44.9583,54.09281,69.80414,44.127834,35.171124,52.7,71.42857,2.2035882,691.2095,0.088514656,0.57946986,0.26704383,4911.9
Z-All,TPE,20,0,2e-06,0.04,1000,4912.001366710663,46.843002,32.32323,44.9583,54.09281,69.80414,44.127834,35.171124,52.7,71.42857,2.2035882,691.2095,0.088514656,0.57946986,0.26704383,4911.9
Z-All,TPE,21,1,4e-06,0.01,1200,5941.102082586289,47.61092,31.313131,47.990902,55.108543,69.80414,45.8072,39.4726,55.833332,69.202896,3.7333946,637.97437,1.4598883,0.9153403,1.2618709,5941.0
Z-All,TPE,22,0,4e-06,0.02,800,3950.6021581649775,47.525597,30.80808,44.579227,54.6903,69.91295,45.471313,39.49382,55.333332,70.50359,3.6784594,664.7318,0.8628366,0.999941,0.9126927,3950.5
Z-All,TPE,23,3,4e-06,0.01,400,12030.520469760892,47.696247,30.30303,47.91509,54.86955,69.69532,45.497406,37.614143,56.3,72.69504,3.6663287,640.5936,1.0202352,1.3034295,1.123215,1980.3
Z-All,TPE,24,0,4e-06,0.01,1200,5941.10193977356,47.61092,31.313131,47.990902,55.108543,69.80414,45.8072,39.4726,55.833332,69.202896,3.7333946,637.97437,1.4598883,0.9153403,1.2618709,5941.0
