search_objective,optimizer,seed,trial_id,lr,beta,dpo_step,st_tuner_time,ARC-C,GPQA,GSM8K,HellaSwag,PIQA,TruthfulQA,IFEval,Arena-Hard,MT-Bench,ELO,Z-Static,Z-Dynamic,Z-All,elapsed_time_sec
Arena-Hard,ASHA,0,4,1e-06,0.01,400,89322.98833809092,72.35495,36.868687,92.191055,82.20474,78.726875,66.98725,77.646034,76.433334,88.3871,1276.745,0.17587416,1.6686784,0.62371546,13541.9
Arena-Hard,ASHA,1,1,1e-06,0.02,200,6797.102069234848,69.88055,36.363636,88.77938,81.99562,80.4679,59.353775,80.41624,73.4,77.597404,1217.1661,-0.38496372,-0.3562789,-0.37635827,6797.0
Arena-Hard,ASHA,2,0,1e-06,0.02,200,6797.102136230469,69.88055,36.363636,88.77938,81.99562,80.4679,59.353775,80.41624,73.4,77.597404,1217.1661,-0.38496372,-0.3562789,-0.37635827,6797.0
Arena-Hard,ASHA,3,2,1e-06,0.01,400,82187.80274329186,72.35495,36.868687,92.191055,82.20474,78.726875,66.98725,77.646034,76.433334,88.3871,1276.745,0.17587416,1.6686784,0.62371546,13541.9
Arena-Hard,ASHA,4,2,1e-06,0.01,400,82047.8047982216,72.35495,36.868687,92.191055,82.20474,78.726875,66.98725,77.646034,76.433334,88.3871,1276.745,0.17587416,1.6686784,0.62371546,13541.9
Arena-Hard,ASHA,5,3,1e-06,0.01,400,82232.80521998406,72.35495,36.868687,92.191055,82.20474,78.726875,66.98725,77.646034,76.433334,88.3871,1276.745,0.17587416,1.6686784,0.62371546,13541.9
Arena-Hard,ASHA,6,6,1e-06,0.01,400,150788.80300341034,72.35495,36.868687,92.191055,82.20474,78.726875,66.98725,77.646034,76.433334,88.3871,1276.745,0.17587416,1.6686784,0.62371546,13541.9
Arena-Hard,ASHA,7,10,1e-06,0.01,400,239864.94286404207,72.35495,36.868687,92.191055,82.20474,78.726875,66.98725,77.646034,76.433334,88.3871,1276.745,0.17587416,1.6686784,0.62371546,13541.9
Arena-Hard,ASHA,8,3,1e-06,0.01,400,82567.80722961426,72.35495,36.868687,92.191055,82.20474,78.726875,66.98725,77.646034,76.433334,88.3871,1276.745,0.17587416,1.6686784,0.62371546,13541.9
Arena-Hard,ASHA,9,5,1e-06,0.01,400,150923.60900435445,72.35495,36.868687,92.191055,82.20474,78.726875,66.98725,77.646034,76.433334,88.3871,1276.745,0.17587416,1.6686784,0.62371546,13541.9
Arena-Hard,ASHA,10,1,1e-06,0.01,400,13542.00266561508,72.35495,36.868687,92.191055,82.20474,78.726875,66.98725,77.646034,76.433334,88.3871,1276.745,0.17587416,1.6686784,0.62371546,13541.9
Arena-Hard,ASHA,11,2,1e-06,0.02,200,75302.90226016045,69.88055,36.363636,88.77938,81.99562,80.4679,59.353775,80.41624,73.4,77.597404,1217.1661,-0.38496372,-0.3562789,-0.37635827,6797.0
Arena-Hard,ASHA,12,2,1e-06,0.01,400,82232.79932603837,72.35495,36.868687,92.191055,82.20474,78.726875,66.98725,77.646034,76.433334,88.3871,1276.745,0.17587416,1.6686784,0.62371546,13541.9
Arena-Hard,ASHA,13,6,1e-06,0.01,400,219319.40609631536,72.35495,36.868687,92.191055,82.20474,78.726875,66.98725,77.646034,76.433334,88.3871,1276.745,0.17587416,1.6686784,0.62371546,13541.9
Arena-Hard,ASHA,14,0,1e-06,0.01,400,13542.002114152909,72.35495,36.868687,92.191055,82.20474,78.726875,66.98725,77.646034,76.433334,88.3871,1276.745,0.17587416,1.6686784,0.62371546,13541.9
Arena-Hard,ASHA,15,2,1e-06,0.01,400,82567.80394611359,72.35495,36.868687,92.191055,82.20474,78.726875,66.98725,77.646034,76.433334,88.3871,1276.745,0.17587416,1.6686784,0.62371546,13541.9
Arena-Hard,ASHA,16,11,1e-06,0.01,400,253380.1998828487,72.35495,36.868687,92.191055,82.20474,78.726875,66.98725,77.646034,76.433334,88.3871,1276.745,0.17587416,1.6686784,0.62371546,13541.9
Arena-Hard,ASHA,17,4,1e-06,0.01,400,89022.98651466562,72.35495,36.868687,92.191055,82.20474,78.726875,66.98725,77.646034,76.433334,88.3871,1276.745,0.17587416,1.6686784,0.62371546,13541.9
Arena-Hard,ASHA,18,4,1e-06,0.01,400,150838.60892329214,72.35495,36.868687,92.191055,82.20474,78.726875,66.98725,77.646034,76.433334,88.3871,1276.745,0.17587416,1.6686784,0.62371546,13541.9
Arena-Hard,ASHA,19,2,1e-06,0.01,400,82262.80313501359,72.35495,36.868687,92.191055,82.20474,78.726875,66.98725,77.646034,76.433334,88.3871,1276.745,0.17587416,1.6686784,0.62371546,13541.9
Arena-Hard,ASHA,20,1,4e-06,0.02,200,6764.002177810669,72.61092,37.373737,91.43291,82.13503,78.23721,68.20614,78.7239,72.9,83.552635,1262.8114,0.4888241,0.6733288,0.5441755,6763.9
Arena-Hard,ASHA,21,1,1e-06,0.01,400,13542.00240049362,72.35495,36.868687,92.191055,82.20474,78.726875,66.98725,77.646034,76.433334,88.3871,1276.745,0.17587416,1.6686784,0.62371546,13541.9
Arena-Hard,ASHA,22,1,1e-06,0.01,400,13542.002357816697,72.35495,36.868687,92.191055,82.20474,78.726875,66.98725,77.646034,76.433334,88.3871,1276.745,0.17587416,1.6686784,0.62371546,13541.9
Arena-Hard,ASHA,23,2,1e-06,0.02,200,75442.90010652543,69.88055,36.363636,88.77938,81.99562,80.4679,59.353775,80.41624,73.4,77.597404,1217.1661,-0.38496372,-0.3562789,-0.37635827,6797.0
Arena-Hard,ASHA,24,7,4e-06,0.02,200,212726.4136372566,72.61092,37.373737,91.43291,82.13503,78.23721,68.20614,78.7239,72.9,83.552635,1262.8114,0.4888241,0.6733288,0.5441755,6763.9
Arena-Hard,BOHB,0,4,1e-06,0.01,400,89322.983373024,72.35495,36.868687,92.191055,82.20474,78.726875,66.98725,77.646034,76.433334,88.3871,1276.745,0.17587416,1.6686784,0.62371546,13541.9
Arena-Hard,BOHB,1,1,1e-06,0.02,200,6797.101955747605,69.88055,36.363636,88.77938,81.99562,80.4679,59.353775,80.41624,73.4,77.597404,1217.1661,-0.38496372,-0.3562789,-0.37635827,6797.0
Arena-Hard,BOHB,2,13,1e-06,0.01,400,240240.39279638667,72.35495,36.868687,92.191055,82.20474,78.726875,66.98725,77.646034,76.433334,88.3871,1276.745,0.17587416,1.6686784,0.62371546,13541.9
Arena-Hard,BOHB,3,2,1e-06,0.01,400,82187.80228886605,72.35495,36.868687,92.191055,82.20474,78.726875,66.98725,77.646034,76.433334,88.3871,1276.745,0.17587416,1.6686784,0.62371546,13541.9
Arena-Hard,BOHB,4,2,1e-06,0.01,400,82047.80129966736,72.35495,36.868687,92.191055,82.20474,78.726875,66.98725,77.646034,76.433334,88.3871,1276.745,0.17587416,1.6686784,0.62371546,13541.9
Arena-Hard,BOHB,5,3,1e-06,0.01,400,82232.80503878594,72.35495,36.868687,92.191055,82.20474,78.726875,66.98725,77.646034,76.433334,88.3871,1276.745,0.17587416,1.6686784,0.62371546,13541.9
Arena-Hard,BOHB,6,14,1e-06,0.01,400,246555.56090699756,72.35495,36.868687,92.191055,82.20474,78.726875,66.98725,77.646034,76.433334,88.3871,1276.745,0.17587416,1.6686784,0.62371546,13541.9
Arena-Hard,BOHB,7,6,1e-06,0.01,400,157663.7811177749,72.35495,36.868687,92.191055,82.20474,78.726875,66.98725,77.646034,76.433334,88.3871,1276.745,0.17587416,1.6686784,0.62371546,13541.9
Arena-Hard,BOHB,8,3,1e-06,0.01,400,82567.80460939408,72.35495,36.868687,92.191055,82.20474,78.726875,66.98725,77.646034,76.433334,88.3871,1276.745,0.17587416,1.6686784,0.62371546,13541.9
Arena-Hard,BOHB,9,5,1e-06,0.01,400,150923.60001382825,72.35495,36.868687,92.191055,82.20474,78.726875,66.98725,77.646034,76.433334,88.3871,1276.745,0.17587416,1.6686784,0.62371546,13541.9
Arena-Hard,BOHB,10,1,1e-06,0.01,400,13542.00245604515,72.35495,36.868687,92.191055,82.20474,78.726875,66.98725,77.646034,76.433334,88.3871,1276.745,0.17587416,1.6686784,0.62371546,13541.9
Arena-Hard,BOHB,11,2,1e-06,0.02,200,75302.90082178116,69.88055,36.363636,88.77938,81.99562,80.4679,59.353775,80.41624,73.4,77.597404,1217.1661,-0.38496372,-0.3562789,-0.37635827,6797.0
Arena-Hard,BOHB,12,2,1e-06,0.01,400,82232.80240926743,72.35495,36.868687,92.191055,82.20474,78.726875,66.98725,77.646034,76.433334,88.3871,1276.745,0.17587416,1.6686784,0.62371546,13541.9
Arena-Hard,BOHB,13,3,1e-06,0.02,200,75442.89985046387,69.88055,36.363636,88.77938,81.99562,80.4679,59.353775,80.41624,73.4,77.597404,1217.1661,-0.38496372,-0.3562789,-0.37635827,6797.0
Arena-Hard,BOHB,14,0,1e-06,0.01,400,13542.0024477005,72.35495,36.868687,92.191055,82.20474,78.726875,66.98725,77.646034,76.433334,88.3871,1276.745,0.17587416,1.6686784,0.62371546,13541.9
Arena-Hard,BOHB,15,2,1e-06,0.01,400,82567.80693421364,72.35495,36.868687,92.191055,82.20474,78.726875,66.98725,77.646034,76.433334,88.3871,1276.745,0.17587416,1.6686784,0.62371546,13541.9
Arena-Hard,BOHB,16,7,1e-06,0.01,400,164534.07409248926,72.35495,36.868687,92.191055,82.20474,78.726875,66.98725,77.646034,76.433334,88.3871,1276.745,0.17587416,1.6686784,0.62371546,13541.9
Arena-Hard,BOHB,17,4,1e-06,0.01,400,89022.98232016756,72.35495,36.868687,92.191055,82.20474,78.726875,66.98725,77.646034,76.433334,88.3871,1276.745,0.17587416,1.6686784,0.62371546,13541.9
Arena-Hard,BOHB,18,4,1e-06,0.01,400,150838.60580787656,72.35495,36.868687,92.191055,82.20474,78.726875,66.98725,77.646034,76.433334,88.3871,1276.745,0.17587416,1.6686784,0.62371546,13541.9
Arena-Hard,BOHB,19,2,1e-06,0.01,400,82262.80016980172,72.35495,36.868687,92.191055,82.20474,78.726875,66.98725,77.646034,76.433334,88.3871,1276.745,0.17587416,1.6686784,0.62371546,13541.9
Arena-Hard,BOHB,20,1,4e-06,0.02,200,6764.002352571488,72.61092,37.373737,91.43291,82.13503,78.23721,68.20614,78.7239,72.9,83.552635,1262.8114,0.4888241,0.6733288,0.5441755,6763.9
Arena-Hard,BOHB,21,1,1e-06,0.01,400,13542.002650833128,72.35495,36.868687,92.191055,82.20474,78.726875,66.98725,77.646034,76.433334,88.3871,1276.745,0.17587416,1.6686784,0.62371546,13541.9
Arena-Hard,BOHB,22,1,1e-06,0.01,400,13542.002240753172,72.35495,36.868687,92.191055,82.20474,78.726875,66.98725,77.646034,76.433334,88.3871,1276.745,0.17587416,1.6686784,0.62371546,13541.9
Arena-Hard,BOHB,23,2,1e-06,0.02,200,75442.90589771271,69.88055,36.363636,88.77938,81.99562,80.4679,59.353775,80.41624,73.4,77.597404,1217.1661,-0.38496372,-0.3562789,-0.37635827,6797.0
Arena-Hard,BOHB,24,10,1e-06,0.01,400,246565.0360680636,72.35495,36.868687,92.191055,82.20474,78.726875,66.98725,77.646034,76.433334,88.3871,1276.745,0.17587416,1.6686784,0.62371546,13541.9
Arena-Hard,BOTorch,0,3,4e-06,0.02,200,75714.80198774338,72.61092,37.373737,91.43291,82.13503,78.23721,68.20614,78.7239,72.9,83.552635,1262.8114,0.4888241,0.6733288,0.5441755,6763.9
Arena-Hard,BOTorch,1,0,1e-06,0.02,200,6797.102358436585,69.88055,36.363636,88.77938,81.99562,80.4679,59.353775,80.41624,73.4,77.597404,1217.1661,-0.38496372,-0.3562789,-0.37635827,6797.0
Arena-Hard,BOTorch,2,1,4e-06,0.02,200,6764.001911497116,72.61092,37.373737,91.43291,82.13503,78.23721,68.20614,78.7239,72.9,83.552635,1262.8114,0.4888241,0.6733288,0.5441755,6763.9
Arena-Hard,BOTorch,3,0,1e-06,0.01,400,13542.002148246764,72.35495,36.868687,92.191055,82.20474,78.726875,66.98725,77.646034,76.433334,88.3871,1276.745,0.17587416,1.6686784,0.62371546,13541.9
Arena-Hard,BOTorch,4,0,1e-06,0.02,200,6797.10203871727,69.88055,36.363636,88.77938,81.99562,80.4679,59.353775,80.41624,73.4,77.597404,1217.1661,-0.38496372,-0.3562789,-0.37635827,6797.0
Arena-Hard,BOTorch,5,2,1e-06,0.01,400,82187.80132279397,72.35495,36.868687,92.191055,82.20474,78.726875,66.98725,77.646034,76.433334,88.3871,1276.745,0.17587416,1.6686784,0.62371546,13541.9
Arena-Hard,BOTorch,6,0,1e-06,0.02,200,6797.101872301102,69.88055,36.363636,88.77938,81.99562,80.4679,59.353775,80.41624,73.4,77.597404,1217.1661,-0.38496372,-0.3562789,-0.37635827,6797.0
Arena-Hard,BOTorch,7,1,1e-06,0.02,200,6797.101763105393,69.88055,36.363636,88.77938,81.99562,80.4679,59.353775,80.41624,73.4,77.597404,1217.1661,-0.38496372,-0.3562789,-0.37635827,6797.0
Arena-Hard,BOTorch,8,0,4e-06,0.02,200,6764.001706933976,72.61092,37.373737,91.43291,82.13503,78.23721,68.20614,78.7239,72.9,83.552635,1262.8114,0.4888241,0.6733288,0.5441755,6763.9
Arena-Hard,BOTorch,9,4,1e-06,0.01,400,150983.72190079687,72.35495,36.868687,92.191055,82.20474,78.726875,66.98725,77.646034,76.433334,88.3871,1276.745,0.17587416,1.6686784,0.62371546,13541.9
Arena-Hard,BOTorch,10,1,1e-06,0.01,400,13542.002216434475,72.35495,36.868687,92.191055,82.20474,78.726875,66.98725,77.646034,76.433334,88.3871,1276.745,0.17587416,1.6686784,0.62371546,13541.9
Arena-Hard,BOTorch,11,0,4e-06,0.02,200,6764.002070760727,72.61092,37.373737,91.43291,82.13503,78.23721,68.20614,78.7239,72.9,83.552635,1262.8114,0.4888241,0.6733288,0.5441755,6763.9
Arena-Hard,BOTorch,12,0,1e-06,0.01,400,13542.002503967284,72.35495,36.868687,92.191055,82.20474,78.726875,66.98725,77.646034,76.433334,88.3871,1276.745,0.17587416,1.6686784,0.62371546,13541.9
Arena-Hard,BOTorch,13,3,1e-06,0.01,400,82117.80160341263,72.35495,36.868687,92.191055,82.20474,78.726875,66.98725,77.646034,76.433334,88.3871,1276.745,0.17587416,1.6686784,0.62371546,13541.9
Arena-Hard,BOTorch,14,0,1e-06,0.01,400,13542.002521848675,72.35495,36.868687,92.191055,82.20474,78.726875,66.98725,77.646034,76.433334,88.3871,1276.745,0.17587416,1.6686784,0.62371546,13541.9
Arena-Hard,BOTorch,15,2,1e-06,0.01,400,82187.81444702149,72.35495,36.868687,92.191055,82.20474,78.726875,66.98725,77.646034,76.433334,88.3871,1276.745,0.17587416,1.6686784,0.62371546,13541.9
Arena-Hard,BOTorch,16,1,2e-06,0.04,200,6767.002500629425,71.331055,36.868687,89.9166,82.03545,79.86942,62.660313,78.98243,67.2,84.31373,1232.137,-0.04909091,0.07977781,-0.010430298,6766.9
Arena-Hard,BOTorch,17,3,1e-06,0.01,400,82567.8085723877,72.35495,36.868687,92.191055,82.20474,78.726875,66.98725,77.646034,76.433334,88.3871,1276.745,0.17587416,1.6686784,0.62371546,13541.9
Arena-Hard,BOTorch,18,3,1e-06,0.01,400,82187.80114922524,72.35495,36.868687,92.191055,82.20474,78.726875,66.98725,77.646034,76.433334,88.3871,1276.745,0.17587416,1.6686784,0.62371546,13541.9
Arena-Hard,BOTorch,19,1,4e-06,0.02,200,6764.00207529068,72.61092,37.373737,91.43291,82.13503,78.23721,68.20614,78.7239,72.9,83.552635,1262.8114,0.4888241,0.6733288,0.5441755,6763.9
Arena-Hard,BOTorch,20,3,2e-06,0.02,400,82442.41338834763,72.69624,33.838383,90.14405,82.244576,78.67247,67.5726,77.809654,66.6375,83.870964,1242.2186,-0.15611966,-0.050235413,-0.124354385,13491.5
Arena-Hard,BOTorch,21,2,1e-06,0.04,200,75326.40041599274,69.62457,36.868687,88.855194,81.58733,80.4679,58.470642,79.21099,67.6,77.09677,1188.1171,-0.72517455,-1.0548679,-0.82408255,6750.5
Arena-Hard,BOTorch,22,1,1e-06,0.02,200,6797.102207040787,69.88055,36.363636,88.77938,81.99562,80.4679,59.353775,80.41624,73.4,77.597404,1217.1661,-0.38496372,-0.3562789,-0.37635827,6797.0
Arena-Hard,BOTorch,23,0,1e-06,0.02,200,6797.101929521561,69.88055,36.363636,88.77938,81.99562,80.4679,59.353775,80.41624,73.4,77.597404,1217.1661,-0.38496372,-0.3562789,-0.37635827,6797.0
Arena-Hard,BOTorch,24,2,4e-06,0.02,200,75409.80838141442,72.61092,37.373737,91.43291,82.13503,78.23721,68.20614,78.7239,72.9,83.552635,1262.8114,0.4888241,0.6733288,0.5441755,6763.9
Arena-Hard,CQR,0,4,1e-06,0.01,400,151123.6106565952,72.35495,36.868687,92.191055,82.20474,78.726875,66.98725,77.646034,76.433334,88.3871,1276.745,0.17587416,1.6686784,0.62371546,13541.9
Arena-Hard,CQR,1,1,1e-06,0.02,200,6797.102507686615,69.88055,36.363636,88.77938,81.99562,80.4679,59.353775,80.41624,73.4,77.597404,1217.1661,-0.38496372,-0.3562789,-0.37635827,6797.0
Arena-Hard,CQR,2,5,1e-06,0.01,400,151258.61156735418,72.35495,36.868687,92.191055,82.20474,78.726875,66.98725,77.646034,76.433334,88.3871,1276.745,0.17587416,1.6686784,0.62371546,13541.9
Arena-Hard,CQR,3,2,1e-06,0.01,400,82187.80507049561,72.35495,36.868687,92.191055,82.20474,78.726875,66.98725,77.646034,76.433334,88.3871,1276.745,0.17587416,1.6686784,0.62371546,13541.9
Arena-Hard,CQR,4,2,1e-06,0.01,400,82047.79537067414,72.35495,36.868687,92.191055,82.20474,78.726875,66.98725,77.646034,76.433334,88.3871,1276.745,0.17587416,1.6686784,0.62371546,13541.9
Arena-Hard,CQR,5,3,1e-06,0.01,400,82232.7991403103,72.35495,36.868687,92.191055,82.20474,78.726875,66.98725,77.646034,76.433334,88.3871,1276.745,0.17587416,1.6686784,0.62371546,13541.9
Arena-Hard,CQR,6,0,4e-06,0.02,200,6764.002216911316,72.61092,37.373737,91.43291,82.13503,78.23721,68.20614,78.7239,72.9,83.552635,1262.8114,0.4888241,0.6733288,0.5441755,6763.9
Arena-Hard,CQR,7,0,1e-06,0.02,200,6797.101958131791,69.88055,36.363636,88.77938,81.99562,80.4679,59.353775,80.41624,73.4,77.597404,1217.1661,-0.38496372,-0.3562789,-0.37635827,6797.0
Arena-Hard,CQR,8,3,1e-06,0.01,400,82567.80238852501,72.35495,36.868687,92.191055,82.20474,78.726875,66.98725,77.646034,76.433334,88.3871,1276.745,0.17587416,1.6686784,0.62371546,13541.9
Arena-Hard,CQR,9,5,1e-06,0.01,400,150923.60866150854,72.35495,36.868687,92.191055,82.20474,78.726875,66.98725,77.646034,76.433334,88.3871,1276.745,0.17587416,1.6686784,0.62371546,13541.9
Arena-Hard,CQR,10,1,1e-06,0.01,400,13542.002408361432,72.35495,36.868687,92.191055,82.20474,78.726875,66.98725,77.646034,76.433334,88.3871,1276.745,0.17587416,1.6686784,0.62371546,13541.9
Arena-Hard,CQR,11,7,1e-06,0.01,400,220164.8983534336,72.35495,36.868687,92.191055,82.20474,78.726875,66.98725,77.646034,76.433334,88.3871,1276.745,0.17587416,1.6686784,0.62371546,13541.9
Arena-Hard,CQR,12,2,1e-06,0.01,400,82232.81732306481,72.35495,36.868687,92.191055,82.20474,78.726875,66.98725,77.646034,76.433334,88.3871,1276.745,0.17587416,1.6686784,0.62371546,13541.9
Arena-Hard,CQR,13,3,1e-06,0.02,200,75442.89697132111,69.88055,36.363636,88.77938,81.99562,80.4679,59.353775,80.41624,73.4,77.597404,1217.1661,-0.38496372,-0.3562789,-0.37635827,6797.0
Arena-Hard,CQR,14,0,1e-06,0.01,400,13542.002249813078,72.35495,36.868687,92.191055,82.20474,78.726875,66.98725,77.646034,76.433334,88.3871,1276.745,0.17587416,1.6686784,0.62371546,13541.9
Arena-Hard,CQR,15,2,1e-06,0.01,400,82567.81217989922,72.35495,36.868687,92.191055,82.20474,78.726875,66.98725,77.646034,76.433334,88.3871,1276.745,0.17587416,1.6686784,0.62371546,13541.9
Arena-Hard,CQR,16,5,1e-06,0.04,200,144422.2104199886,69.62457,36.868687,88.855194,81.58733,80.4679,58.470642,79.21099,67.6,77.09677,1188.1171,-0.72517455,-1.0548679,-0.82408255,6750.5
Arena-Hard,CQR,17,4,1e-06,0.01,400,150908.6023443699,72.35495,36.868687,92.191055,82.20474,78.726875,66.98725,77.646034,76.433334,88.3871,1276.745,0.17587416,1.6686784,0.62371546,13541.9
Arena-Hard,CQR,18,4,1e-06,0.01,400,150838.60675129888,72.35495,36.868687,92.191055,82.20474,78.726875,66.98725,77.646034,76.433334,88.3871,1276.745,0.17587416,1.6686784,0.62371546,13541.9
Arena-Hard,CQR,19,2,1e-06,0.01,400,82262.80222377778,72.35495,36.868687,92.191055,82.20474,78.726875,66.98725,77.646034,76.433334,88.3871,1276.745,0.17587416,1.6686784,0.62371546,13541.9
Arena-Hard,CQR,20,1,4e-06,0.02,200,6764.002186632157,72.61092,37.373737,91.43291,82.13503,78.23721,68.20614,78.7239,72.9,83.552635,1262.8114,0.4888241,0.6733288,0.5441755,6763.9
Arena-Hard,CQR,21,1,1e-06,0.01,400,13542.002207851408,72.35495,36.868687,92.191055,82.20474,78.726875,66.98725,77.646034,76.433334,88.3871,1276.745,0.17587416,1.6686784,0.62371546,13541.9
Arena-Hard,CQR,22,1,1e-06,0.01,400,13542.002484178542,72.35495,36.868687,92.191055,82.20474,78.726875,66.98725,77.646034,76.433334,88.3871,1276.745,0.17587416,1.6686784,0.62371546,13541.9
Arena-Hard,CQR,23,2,1e-06,0.02,200,75442.90120515824,69.88055,36.363636,88.77938,81.99562,80.4679,59.353775,80.41624,73.4,77.597404,1217.1661,-0.38496372,-0.3562789,-0.37635827,6797.0
Arena-Hard,CQR,24,6,1e-06,0.02,200,212719.7726632118,69.88055,36.363636,88.77938,81.99562,80.4679,59.353775,80.41624,73.4,77.597404,1217.1661,-0.38496372,-0.3562789,-0.37635827,6797.0
Arena-Hard,RandomSearch,0,0,1e-06,0.01,400,13542.00219259262,72.35495,36.868687,92.191055,82.20474,78.726875,66.98725,77.646034,76.433334,88.3871,1276.745,0.17587416,1.6686784,0.62371546,13541.9
Arena-Hard,RandomSearch,1,7,1e-06,0.01,400,219524.4044466972,72.35495,36.868687,92.191055,82.20474,78.726875,66.98725,77.646034,76.433334,88.3871,1276.745,0.17587416,1.6686784,0.62371546,13541.9
Arena-Hard,RandomSearch,2,3,1e-06,0.01,400,82232.80815896988,72.35495,36.868687,92.191055,82.20474,78.726875,66.98725,77.646034,76.433334,88.3871,1276.745,0.17587416,1.6686784,0.62371546,13541.9
Arena-Hard,RandomSearch,3,3,1e-06,0.02,200,75352.89814648629,69.88055,36.363636,88.77938,81.99562,80.4679,59.353775,80.41624,73.4,77.597404,1217.1661,-0.38496372,-0.3562789,-0.37635827,6797.0
Arena-Hard,RandomSearch,4,7,1e-06,0.02,200,212899.50822982783,69.88055,36.363636,88.77938,81.99562,80.4679,59.353775,80.41624,73.4,77.597404,1217.1661,-0.38496372,-0.3562789,-0.37635827,6797.0
Arena-Hard,RandomSearch,5,7,1e-06,0.02,200,212879.57814607615,69.88055,36.363636,88.77938,81.99562,80.4679,59.353775,80.41624,73.4,77.597404,1217.1661,-0.38496372,-0.3562789,-0.37635827,6797.0
Arena-Hard,RandomSearch,6,5,1e-06,0.01,400,151213.62613234518,72.35495,36.868687,92.191055,82.20474,78.726875,66.98725,77.646034,76.433334,88.3871,1276.745,0.17587416,1.6686784,0.62371546,13541.9
Arena-Hard,RandomSearch,7,1,1e-06,0.01,400,13542.00299797058,72.35495,36.868687,92.191055,82.20474,78.726875,66.98725,77.646034,76.433334,88.3871,1276.745,0.17587416,1.6686784,0.62371546,13541.9
Arena-Hard,RandomSearch,8,3,1e-06,0.01,400,82187.81116352082,72.35495,36.868687,92.191055,82.20474,78.726875,66.98725,77.646034,76.433334,88.3871,1276.745,0.17587416,1.6686784,0.62371546,13541.9
Arena-Hard,RandomSearch,9,1,1e-06,0.02,200,6797.102740859986,69.88055,36.363636,88.77938,81.99562,80.4679,59.353775,80.41624,73.4,77.597404,1217.1661,-0.38496372,-0.3562789,-0.37635827,6797.0
Arena-Hard,RandomSearch,10,0,1e-06,0.01,400,13542.0022796154,72.35495,36.868687,92.191055,82.20474,78.726875,66.98725,77.646034,76.433334,88.3871,1276.745,0.17587416,1.6686784,0.62371546,13541.9
Arena-Hard,RandomSearch,11,7,1e-06,0.01,400,220024.47463426588,72.35495,36.868687,92.191055,82.20474,78.726875,66.98725,77.646034,76.433334,88.3871,1276.745,0.17587416,1.6686784,0.62371546,13541.9
Arena-Hard,RandomSearch,12,5,4e-06,0.02,200,144220.6096466541,72.61092,37.373737,91.43291,82.13503,78.23721,68.20614,78.7239,72.9,83.552635,1262.8114,0.4888241,0.6733288,0.5441755,6763.9
Arena-Hard,RandomSearch,13,1,1e-06,0.04,200,6750.602267122269,69.62457,36.868687,88.855194,81.58733,80.4679,58.470642,79.21099,67.6,77.09677,1188.1171,-0.72517455,-1.0548679,-0.82408255,6750.5
Arena-Hard,RandomSearch,14,2,4e-06,0.02,200,75339.80262074471,72.61092,37.373737,91.43291,82.13503,78.23721,68.20614,78.7239,72.9,83.552635,1262.8114,0.4888241,0.6733288,0.5441755,6763.9
Arena-Hard,RandomSearch,15,1,1e-06,0.01,400,13542.002550697323,72.35495,36.868687,92.191055,82.20474,78.726875,66.98725,77.646034,76.433334,88.3871,1276.745,0.17587416,1.6686784,0.62371546,13541.9
Arena-Hard,RandomSearch,16,7,4e-06,0.02,200,212796.39841709132,72.61092,37.373737,91.43291,82.13503,78.23721,68.20614,78.7239,72.9,83.552635,1262.8114,0.4888241,0.6733288,0.5441755,6763.9
Arena-Hard,RandomSearch,17,1,4e-06,0.02,200,6764.001877880097,72.61092,37.373737,91.43291,82.13503,78.23721,68.20614,78.7239,72.9,83.552635,1262.8114,0.4888241,0.6733288,0.5441755,6763.9
Arena-Hard,RandomSearch,18,0,1e-06,0.02,200,6797.10206899643,69.88055,36.363636,88.77938,81.99562,80.4679,59.353775,80.41624,73.4,77.597404,1217.1661,-0.38496372,-0.3562789,-0.37635827,6797.0
Arena-Hard,RandomSearch,19,4,1e-06,0.01,400,150743.61267576215,72.35495,36.868687,92.191055,82.20474,78.726875,66.98725,77.646034,76.433334,88.3871,1276.745,0.17587416,1.6686784,0.62371546,13541.9
Arena-Hard,RandomSearch,20,1,1e-06,0.01,400,13542.002138471602,72.35495,36.868687,92.191055,82.20474,78.726875,66.98725,77.646034,76.433334,88.3871,1276.745,0.17587416,1.6686784,0.62371546,13541.9
Arena-Hard,RandomSearch,21,3,1e-06,0.01,400,82262.80818948746,72.35495,36.868687,92.191055,82.20474,78.726875,66.98725,77.646034,76.433334,88.3871,1276.745,0.17587416,1.6686784,0.62371546,13541.9
Arena-Hard,RandomSearch,22,5,1e-06,0.01,400,151518.61494741435,72.35495,36.868687,92.191055,82.20474,78.726875,66.98725,77.646034,76.433334,88.3871,1276.745,0.17587416,1.6686784,0.62371546,13541.9
Arena-Hard,RandomSearch,23,0,1e-06,0.01,400,13542.002471780776,72.35495,36.868687,92.191055,82.20474,78.726875,66.98725,77.646034,76.433334,88.3871,1276.745,0.17587416,1.6686784,0.62371546,13541.9
Arena-Hard,RandomSearch,24,6,1e-06,0.02,200,212569.51508078573,69.88055,36.363636,88.77938,81.99562,80.4679,59.353775,80.41624,73.4,77.597404,1217.1661,-0.38496372,-0.3562789,-0.37635827,6797.0
Arena-Hard,TPE,0,2,4e-06,0.02,200,75269.81534228325,72.61092,37.373737,91.43291,82.13503,78.23721,68.20614,78.7239,72.9,83.552635,1262.8114,0.4888241,0.6733288,0.5441755,6763.9
Arena-Hard,TPE,1,0,1e-06,0.01,400,13542.002133941647,72.35495,36.868687,92.191055,82.20474,78.726875,66.98725,77.646034,76.433334,88.3871,1276.745,0.17587416,1.6686784,0.62371546,13541.9
Arena-Hard,TPE,2,4,1e-06,0.01,400,150623.59423241613,72.35495,36.868687,92.191055,82.20474,78.726875,66.98725,77.646034,76.433334,88.3871,1276.745,0.17587416,1.6686784,0.62371546,13541.9
Arena-Hard,TPE,3,4,1e-06,0.01,400,150838.61931571958,72.35495,36.868687,92.191055,82.20474,78.726875,66.98725,77.646034,76.433334,88.3871,1276.745,0.17587416,1.6686784,0.62371546,13541.9
Arena-Hard,TPE,4,0,4e-06,0.02,200,6764.001752471924,72.61092,37.373737,91.43291,82.13503,78.23721,68.20614,78.7239,72.9,83.552635,1262.8114,0.4888241,0.6733288,0.5441755,6763.9
Arena-Hard,TPE,5,0,1e-06,0.01,400,13542.002468442915,72.35495,36.868687,92.191055,82.20474,78.726875,66.98725,77.646034,76.433334,88.3871,1276.745,0.17587416,1.6686784,0.62371546,13541.9
Arena-Hard,TPE,6,2,4e-06,0.02,200,75319.79969010354,72.61092,37.373737,91.43291,82.13503,78.23721,68.20614,78.7239,72.9,83.552635,1262.8114,0.4888241,0.6733288,0.5441755,6763.9
Arena-Hard,TPE,7,3,1e-06,0.01,400,82262.80141291619,72.35495,36.868687,92.191055,82.20474,78.726875,66.98725,77.646034,76.433334,88.3871,1276.745,0.17587416,1.6686784,0.62371546,13541.9
Arena-Hard,TPE,8,6,1e-06,0.01,400,219569.46494684217,72.35495,36.868687,92.191055,82.20474,78.726875,66.98725,77.646034,76.433334,88.3871,1276.745,0.17587416,1.6686784,0.62371546,13541.9
Arena-Hard,TPE,9,1,1e-06,0.01,400,13542.002357816697,72.35495,36.868687,92.191055,82.20474,78.726875,66.98725,77.646034,76.433334,88.3871,1276.745,0.17587416,1.6686784,0.62371546,13541.9
Arena-Hard,TPE,10,3,1e-06,0.04,200,75326.40673050881,69.62457,36.868687,88.855194,81.58733,80.4679,58.470642,79.21099,67.6,77.09677,1188.1171,-0.72517455,-1.0548679,-0.82408255,6750.5
Arena-Hard,TPE,11,3,1e-06,0.01,400,82567.8082681656,72.35495,36.868687,92.191055,82.20474,78.726875,66.98725,77.646034,76.433334,88.3871,1276.745,0.17587416,1.6686784,0.62371546,13541.9
Arena-Hard,TPE,12,0,1e-06,0.01,400,13542.00243911743,72.35495,36.868687,92.191055,82.20474,78.726875,66.98725,77.646034,76.433334,88.3871,1276.745,0.17587416,1.6686784,0.62371546,13541.9
Arena-Hard,TPE,13,0,1e-06,0.01,400,13542.002383327484,72.35495,36.868687,92.191055,82.20474,78.726875,66.98725,77.646034,76.433334,88.3871,1276.745,0.17587416,1.6686784,0.62371546,13541.9
Arena-Hard,TPE,14,3,4e-06,0.02,200,75339.85109553338,72.61092,37.373737,91.43291,82.13503,78.23721,68.20614,78.7239,72.9,83.552635,1262.8114,0.4888241,0.6733288,0.5441755,6763.9
Arena-Hard,TPE,15,5,4e-06,0.02,200,144435.6142483711,72.61092,37.373737,91.43291,82.13503,78.23721,68.20614,78.7239,72.9,83.552635,1262.8114,0.4888241,0.6733288,0.5441755,6763.9
Arena-Hard,TPE,16,3,1e-06,0.01,400,82262.80682644845,72.35495,36.868687,92.191055,82.20474,78.726875,66.98725,77.646034,76.433334,88.3871,1276.745,0.17587416,1.6686784,0.62371546,13541.9
Arena-Hard,TPE,17,4,1e-06,0.04,200,143972.20644984243,69.62457,36.868687,88.855194,81.58733,80.4679,58.470642,79.21099,67.6,77.09677,1188.1171,-0.72517455,-1.0548679,-0.82408255,6750.5
Arena-Hard,TPE,18,7,1e-06,0.01,400,220544.40703973768,72.35495,36.868687,92.191055,82.20474,78.726875,66.98725,77.646034,76.433334,88.3871,1276.745,0.17587416,1.6686784,0.62371546,13541.9
Arena-Hard,TPE,19,6,1e-06,0.01,400,219644.41866669653,72.35495,36.868687,92.191055,82.20474,78.726875,66.98725,77.646034,76.433334,88.3871,1276.745,0.17587416,1.6686784,0.62371546,13541.9
Arena-Hard,TPE,20,1,1e-06,0.01,400,13542.00254998207,72.35495,36.868687,92.191055,82.20474,78.726875,66.98725,77.646034,76.433334,88.3871,1276.745,0.17587416,1.6686784,0.62371546,13541.9
Arena-Hard,TPE,21,3,1e-06,0.01,400,82187.79837212563,72.35495,36.868687,92.191055,82.20474,78.726875,66.98725,77.646034,76.433334,88.3871,1276.745,0.17587416,1.6686784,0.62371546,13541.9
Arena-Hard,TPE,22,0,1e-06,0.01,400,13542.00264391899,72.35495,36.868687,92.191055,82.20474,78.726875,66.98725,77.646034,76.433334,88.3871,1276.745,0.17587416,1.6686784,0.62371546,13541.9
Arena-Hard,TPE,23,4,1e-06,0.01,400,150833.5959771633,72.35495,36.868687,92.191055,82.20474,78.726875,66.98725,77.646034,76.433334,88.3871,1276.745,0.17587416,1.6686784,0.62371546,13541.9
Arena-Hard,TPE,24,0,1e-06,0.01,400,13542.0024105072,72.35495,36.868687,92.191055,82.20474,78.726875,66.98725,77.646034,76.433334,88.3871,1276.745,0.17587416,1.6686784,0.62371546,13541.9
ELO,ASHA,0,4,1e-06,0.01,600,96093.8935023327,72.8669,36.868687,91.357086,82.4537,78.50925,68.0801,76.699326,74.3,86.60131,1285.787,0.20294403,1.5001326,0.59210056,20312.8
ELO,ASHA,1,0,2e-06,0.01,200,6789.50201663971,72.01365,36.868687,91.96361,82.23461,78.67247,66.43039,77.74721,58.6,85.80645,1285.0702,0.2069333,0.31286138,0.23871173,6789.4
ELO,ASHA,2,5,1e-06,0.01,600,116399.23490462688,72.8669,36.868687,91.357086,82.4537,78.50925,68.0801,76.699326,74.3,86.60131,1285.787,0.20294403,1.5001326,0.59210056,20312.8
ELO,ASHA,3,1,2e-06,0.01,200,6789.502075767517,72.01365,36.868687,91.96361,82.23461,78.67247,66.43039,77.74721,58.6,85.80645,1285.0702,0.2069333,0.31286138,0.23871173,6789.4
ELO,ASHA,4,2,1e-06,0.01,600,88818.70010576249,72.8669,36.868687,91.357086,82.4537,78.50925,68.0801,76.699326,74.3,86.60131,1285.787,0.20294403,1.5001326,0.59210056,20312.8
ELO,ASHA,5,3,1e-06,0.01,600,89003.71132740975,72.8669,36.868687,91.357086,82.4537,78.50925,68.0801,76.699326,74.3,86.60131,1285.787,0.20294403,1.5001326,0.59210056,20312.8
ELO,ASHA,6,5,2e-06,0.01,200,144036.2323709507,72.01365,36.868687,91.96361,82.23461,78.67247,66.43039,77.74721,58.6,85.80645,1285.0702,0.2069333,0.31286138,0.23871173,6789.4
ELO,ASHA,7,9,2e-06,0.01,200,178286.92068038747,72.01365,36.868687,91.96361,82.23461,78.67247,66.43039,77.74721,58.6,85.80645,1285.0702,0.2069333,0.31286138,0.23871173,6789.4
ELO,ASHA,8,3,1e-06,0.01,600,89338.73867902756,72.8669,36.868687,91.357086,82.4537,78.50925,68.0801,76.699326,74.3,86.60131,1285.787,0.20294403,1.5001326,0.59210056,20312.8
ELO,ASHA,9,9,2e-06,0.01,200,157701.68723402766,72.01365,36.868687,91.96361,82.23461,78.67247,66.43039,77.74721,58.6,85.80645,1285.0702,0.2069333,0.31286138,0.23871173,6789.4
ELO,ASHA,10,1,1e-06,0.01,600,20312.90301570892,72.8669,36.868687,91.357086,82.4537,78.50925,68.0801,76.699326,74.3,86.60131,1285.787,0.20294403,1.5001326,0.59210056,20312.8
ELO,ASHA,11,0,2e-06,0.01,200,6789.501919841767,72.01365,36.868687,91.96361,82.23461,78.67247,66.43039,77.74721,58.6,85.80645,1285.0702,0.2069333,0.31286138,0.23871173,6789.4
ELO,ASHA,12,2,1e-06,0.01,600,89003.71288404465,72.8669,36.868687,91.357086,82.4537,78.50925,68.0801,76.699326,74.3,86.60131,1285.787,0.20294403,1.5001326,0.59210056,20312.8
ELO,ASHA,13,9,1e-06,0.01,600,227010.64121232607,72.8669,36.868687,91.357086,82.4537,78.50925,68.0801,76.699326,74.3,86.60131,1285.787,0.20294403,1.5001326,0.59210056,20312.8
ELO,ASHA,14,0,1e-06,0.01,600,20312.902820920943,72.8669,36.868687,91.357086,82.4537,78.50925,68.0801,76.699326,74.3,86.60131,1285.787,0.20294403,1.5001326,0.59210056,20312.8
ELO,ASHA,15,2,1e-06,0.01,600,89338.71476659775,72.8669,36.868687,91.357086,82.4537,78.50925,68.0801,76.699326,74.3,86.60131,1285.787,0.20294403,1.5001326,0.59210056,20312.8
ELO,ASHA,16,13,1e-06,0.01,600,247186.2789443624,72.8669,36.868687,91.357086,82.4537,78.50925,68.0801,76.699326,74.3,86.60131,1285.787,0.20294403,1.5001326,0.59210056,20312.8
ELO,ASHA,17,4,1e-06,0.01,600,95803.8848351021,72.8669,36.868687,91.357086,82.4537,78.50925,68.0801,76.699326,74.3,86.60131,1285.787,0.20294403,1.5001326,0.59210056,20312.8
ELO,ASHA,18,4,1e-06,0.01,600,95788.92276916697,72.8669,36.868687,91.357086,82.4537,78.50925,68.0801,76.699326,74.3,86.60131,1285.787,0.20294403,1.5001326,0.59210056,20312.8
ELO,ASHA,19,2,1e-06,0.01,600,89033.73851094246,72.8669,36.868687,91.357086,82.4537,78.50925,68.0801,76.699326,74.3,86.60131,1285.787,0.20294403,1.5001326,0.59210056,20312.8
ELO,ASHA,20,8,2e-06,0.01,200,171186.76230059232,72.01365,36.868687,91.96361,82.23461,78.67247,66.43039,77.74721,58.6,85.80645,1285.0702,0.2069333,0.31286138,0.23871173,6789.4
ELO,ASHA,21,1,1e-06,0.01,600,20312.902825450896,72.8669,36.868687,91.357086,82.4537,78.50925,68.0801,76.699326,74.3,86.60131,1285.787,0.20294403,1.5001326,0.59210056,20312.8
ELO,ASHA,22,1,1e-06,0.01,600,20312.902756786345,72.8669,36.868687,91.357086,82.4537,78.50925,68.0801,76.699326,74.3,86.60131,1285.787,0.20294403,1.5001326,0.59210056,20312.8
ELO,ASHA,23,6,1e-06,0.01,600,164479.82873831177,72.8669,36.868687,91.357086,82.4537,78.50925,68.0801,76.699326,74.3,86.60131,1285.787,0.20294403,1.5001326,0.59210056,20312.8
ELO,ASHA,24,2,2e-06,0.01,200,75295.30265102387,72.01365,36.868687,91.96361,82.23461,78.67247,66.43039,77.74721,58.6,85.80645,1285.0702,0.2069333,0.31286138,0.23871173,6789.4
ELO,BOHB,0,4,1e-06,0.01,600,96093.89361319736,72.8669,36.868687,91.357086,82.4537,78.50925,68.0801,76.699326,74.3,86.60131,1285.787,0.20294403,1.5001326,0.59210056,20312.8
ELO,BOHB,1,0,2e-06,0.01,200,6789.501895523072,72.01365,36.868687,91.96361,82.23461,78.67247,66.43039,77.74721,58.6,85.80645,1285.0702,0.2069333,0.31286138,0.23871173,6789.4
ELO,BOHB,2,5,1e-06,0.01,600,116399.26953778652,72.8669,36.868687,91.357086,82.4537,78.50925,68.0801,76.699326,74.3,86.60131,1285.787,0.20294403,1.5001326,0.59210056,20312.8
ELO,BOHB,3,1,2e-06,0.01,200,6789.501976823807,72.01365,36.868687,91.96361,82.23461,78.67247,66.43039,77.74721,58.6,85.80645,1285.0702,0.2069333,0.31286138,0.23871173,6789.4
ELO,BOHB,4,2,1e-06,0.01,600,88818.73867115975,72.8669,36.868687,91.357086,82.4537,78.50925,68.0801,76.699326,74.3,86.60131,1285.787,0.20294403,1.5001326,0.59210056,20312.8
ELO,BOHB,5,3,1e-06,0.01,600,89003.71005091668,72.8669,36.868687,91.357086,82.4537,78.50925,68.0801,76.699326,74.3,86.60131,1285.787,0.20294403,1.5001326,0.59210056,20312.8
ELO,BOHB,6,8,4e-06,0.01,200,239447.5629609604,74.06143,36.363636,90.59894,82.25453,77.14908,69.228386,79.03363,56.866665,86.451614,1268.0673,0.18437842,0.08599696,0.15486398,6759.6
ELO,BOHB,7,5,2e-06,0.01,200,95725.74317965892,72.01365,36.868687,91.96361,82.23461,78.67247,66.43039,77.74721,58.6,85.80645,1285.0702,0.2069333,0.31286138,0.23871173,6789.4
ELO,BOHB,8,3,1e-06,0.01,600,89338.71028909684,72.8669,36.868687,91.357086,82.4537,78.50925,68.0801,76.699326,74.3,86.60131,1285.787,0.20294403,1.5001326,0.59210056,20312.8
ELO,BOHB,9,9,2e-06,0.01,200,219497.2962561663,72.01365,36.868687,91.96361,82.23461,78.67247,66.43039,77.74721,58.6,85.80645,1285.0702,0.2069333,0.31286138,0.23871173,6789.4
ELO,BOHB,10,1,1e-06,0.01,600,20312.90281305313,72.8669,36.868687,91.357086,82.4537,78.50925,68.0801,76.699326,74.3,86.60131,1285.787,0.20294403,1.5001326,0.59210056,20312.8
ELO,BOHB,11,11,1e-06,0.01,600,164570.30177770997,72.8669,36.868687,91.357086,82.4537,78.50925,68.0801,76.699326,74.3,86.60131,1285.787,0.20294403,1.5001326,0.59210056,20312.8
ELO,BOHB,12,2,1e-06,0.01,600,89003.70030961037,72.8669,36.868687,91.357086,82.4537,78.50925,68.0801,76.699326,74.3,86.60131,1285.787,0.20294403,1.5001326,0.59210056,20312.8
ELO,BOHB,13,11,1e-06,0.01,600,254026.05739031592,72.8669,36.868687,91.357086,82.4537,78.50925,68.0801,76.699326,74.3,86.60131,1285.787,0.20294403,1.5001326,0.59210056,20312.8
ELO,BOHB,14,0,1e-06,0.01,600,20312.902557468413,72.8669,36.868687,91.357086,82.4537,78.50925,68.0801,76.699326,74.3,86.60131,1285.787,0.20294403,1.5001326,0.59210056,20312.8
ELO,BOHB,15,2,1e-06,0.01,600,89338.70677576066,72.8669,36.868687,91.357086,82.4537,78.50925,68.0801,76.699326,74.3,86.60131,1285.787,0.20294403,1.5001326,0.59210056,20312.8
ELO,BOHB,16,2,2e-06,0.01,200,75295.30462703705,72.01365,36.868687,91.96361,82.23461,78.67247,66.43039,77.74721,58.6,85.80645,1285.0702,0.2069333,0.31286138,0.23871173,6789.4
ELO,BOHB,17,4,1e-06,0.01,600,95803.88775501444,72.8669,36.868687,91.357086,82.4537,78.50925,68.0801,76.699326,74.3,86.60131,1285.787,0.20294403,1.5001326,0.59210056,20312.8
ELO,BOHB,18,4,1e-06,0.01,600,95788.88233742908,72.8669,36.868687,91.357086,82.4537,78.50925,68.0801,76.699326,74.3,86.60131,1285.787,0.20294403,1.5001326,0.59210056,20312.8
ELO,BOHB,19,2,1e-06,0.01,600,89033.70272264481,72.8669,36.868687,91.357086,82.4537,78.50925,68.0801,76.699326,74.3,86.60131,1285.787,0.20294403,1.5001326,0.59210056,20312.8
ELO,BOHB,20,5,2e-06,0.01,200,144126.20543966483,72.01365,36.868687,91.96361,82.23461,78.67247,66.43039,77.74721,58.6,85.80645,1285.0702,0.2069333,0.31286138,0.23871173,6789.4
ELO,BOHB,21,1,1e-06,0.01,600,20312.902807092665,72.8669,36.868687,91.357086,82.4537,78.50925,68.0801,76.699326,74.3,86.60131,1285.787,0.20294403,1.5001326,0.59210056,20312.8
ELO,BOHB,22,1,1e-06,0.01,600,20312.903773403166,72.8669,36.868687,91.357086,82.4537,78.50925,68.0801,76.699326,74.3,86.60131,1285.787,0.20294403,1.5001326,0.59210056,20312.8
ELO,BOHB,23,6,1e-06,0.01,600,164479.79417977715,72.8669,36.868687,91.357086,82.4537,78.50925,68.0801,76.699326,74.3,86.60131,1285.787,0.20294403,1.5001326,0.59210056,20312.8
ELO,BOHB,24,2,2e-06,0.01,200,75295.29943904877,72.01365,36.868687,91.96361,82.23461,78.67247,66.43039,77.74721,58.6,85.80645,1285.0702,0.2069333,0.31286138,0.23871173,6789.4
ELO,BOTorch,0,3,2e-06,0.01,200,75480.37085733414,72.01365,36.868687,91.96361,82.23461,78.67247,66.43039,77.74721,58.6,85.80645,1285.0702,0.2069333,0.31286138,0.23871173,6789.4
ELO,BOTorch,1,1,1e-06,0.01,600,20312.903236961363,72.8669,36.868687,91.357086,82.4537,78.50925,68.0801,76.699326,74.3,86.60131,1285.787,0.20294403,1.5001326,0.59210056,20312.8
ELO,BOTorch,2,0,1e-06,0.01,600,20312.90271744728,72.8669,36.868687,91.357086,82.4537,78.50925,68.0801,76.699326,74.3,86.60131,1285.787,0.20294403,1.5001326,0.59210056,20312.8
ELO,BOTorch,3,1,1e-06,0.01,600,20312.90295085907,72.8669,36.868687,91.357086,82.4537,78.50925,68.0801,76.699326,74.3,86.60131,1285.787,0.20294403,1.5001326,0.59210056,20312.8
ELO,BOTorch,4,3,1e-06,0.01,600,89338.71696529389,72.8669,36.868687,91.357086,82.4537,78.50925,68.0801,76.699326,74.3,86.60131,1285.787,0.20294403,1.5001326,0.59210056,20312.8
ELO,BOTorch,5,3,2e-06,0.01,200,75815.30741081238,72.01365,36.868687,91.96361,82.23461,78.67247,66.43039,77.74721,58.6,85.80645,1285.0702,0.2069333,0.31286138,0.23871173,6789.4
ELO,BOTorch,6,2,1e-06,0.01,600,89003.72067937852,72.8669,36.868687,91.357086,82.4537,78.50925,68.0801,76.699326,74.3,86.60131,1285.787,0.20294403,1.5001326,0.59210056,20312.8
ELO,BOTorch,7,0,4e-06,0.01,200,6759.7020677089695,74.06143,36.363636,90.59894,82.25453,77.14908,69.228386,79.03363,56.866665,86.451614,1268.0673,0.18437842,0.08599696,0.15486398,6759.6
ELO,BOTorch,8,1,1e-06,0.01,600,20312.90278754234,72.8669,36.868687,91.357086,82.4537,78.50925,68.0801,76.699326,74.3,86.60131,1285.787,0.20294403,1.5001326,0.59210056,20312.8
ELO,BOTorch,9,1,2e-06,0.01,200,6789.501821613312,72.01365,36.868687,91.96361,82.23461,78.67247,66.43039,77.74721,58.6,85.80645,1285.0702,0.2069333,0.31286138,0.23871173,6789.4
ELO,BOTorch,10,2,2e-06,0.01,200,75345.31655392647,72.01365,36.868687,91.96361,82.23461,78.67247,66.43039,77.74721,58.6,85.80645,1285.0702,0.2069333,0.31286138,0.23871173,6789.4
ELO,BOTorch,11,3,1e-06,0.01,600,89338.71073708535,72.8669,36.868687,91.357086,82.4537,78.50925,68.0801,76.699326,74.3,86.60131,1285.787,0.20294403,1.5001326,0.59210056,20312.8
ELO,BOTorch,12,3,1e-06,0.02,400,82284.90914354325,71.75768,37.373737,91.43291,82.224655,79.10773,65.29052,77.523636,73.4,81.9079,1265.8021,-0.050759137,0.30062062,0.05465479,13594.0
ELO,BOTorch,13,1,1e-06,0.02,400,13594.102042770384,71.75768,37.373737,91.43291,82.224655,79.10773,65.29052,77.523636,73.4,81.9079,1265.8021,-0.050759137,0.30062062,0.05465479,13594.0
ELO,BOTorch,14,0,1e-06,0.01,600,20312.902683353423,72.8669,36.868687,91.357086,82.4537,78.50925,68.0801,76.699326,74.3,86.60131,1285.787,0.20294403,1.5001326,0.59210056,20312.8
ELO,BOTorch,15,0,2e-06,0.01,200,6789.501854038239,72.01365,36.868687,91.96361,82.23461,78.67247,66.43039,77.74721,58.6,85.80645,1285.0702,0.2069333,0.31286138,0.23871173,6789.4
ELO,BOTorch,16,1,1e-06,0.02,400,13594.102188444136,71.75768,37.373737,91.43291,82.224655,79.10773,65.29052,77.523636,73.4,81.9079,1265.8021,-0.050759137,0.30062062,0.05465479,13594.0
ELO,BOTorch,17,1,2e-06,0.02,200,6745.802162981034,71.672356,37.373737,91.12965,82.274445,79.434166,65.073105,78.32922,65.99167,84.09091,1262.9352,0.43261215,0.33052003,0.4019845,6745.7
ELO,BOTorch,18,1,1e-06,0.01,600,20312.90289316177,72.8669,36.868687,91.357086,82.4537,78.50925,68.0801,76.699326,74.3,86.60131,1285.787,0.20294403,1.5001326,0.59210056,20312.8
ELO,BOTorch,19,2,1e-06,0.01,600,88888.70341143609,72.8669,36.868687,91.357086,82.4537,78.50925,68.0801,76.699326,74.3,86.60131,1285.787,0.20294403,1.5001326,0.59210056,20312.8
ELO,BOTorch,20,0,4e-06,0.01,200,6759.703483915329,74.06143,36.363636,90.59894,82.25453,77.14908,69.228386,79.03363,56.866665,86.451614,1268.0673,0.18437842,0.08599696,0.15486398,6759.6
ELO,BOTorch,21,0,4e-06,0.01,200,6759.7022605896,74.06143,36.363636,90.59894,82.25453,77.14908,69.228386,79.03363,56.866665,86.451614,1268.0673,0.18437842,0.08599696,0.15486398,6759.6
ELO,BOTorch,22,1,4e-06,0.02,200,6764.001903390885,72.61092,37.373737,91.43291,82.13503,78.23721,68.20614,78.7239,72.9,83.552635,1262.8114,0.4888241,0.6733288,0.5441755,6763.9
ELO,BOTorch,23,2,4e-06,0.01,200,75265.50629887581,74.06143,36.363636,90.59894,82.25453,77.14908,69.228386,79.03363,56.866665,86.451614,1268.0673,0.18437842,0.08599696,0.15486398,6759.6
ELO,BOTorch,24,1,4e-06,0.01,200,6759.702065801621,74.06143,36.363636,90.59894,82.25453,77.14908,69.228386,79.03363,56.866665,86.451614,1268.0673,0.18437842,0.08599696,0.15486398,6759.6
ELO,CQR,0,4,1e-06,0.01,600,157894.5117901325,72.8669,36.868687,91.357086,82.4537,78.50925,68.0801,76.699326,74.3,86.60131,1285.787,0.20294403,1.5001326,0.59210056,20312.8
ELO,CQR,1,0,2e-06,0.01,200,6789.501863574982,72.01365,36.868687,91.96361,82.23461,78.67247,66.43039,77.74721,58.6,85.80645,1285.0702,0.2069333,0.31286138,0.23871173,6789.4
ELO,CQR,2,5,1e-06,0.01,600,158029.50901875494,72.8669,36.868687,91.357086,82.4537,78.50925,68.0801,76.699326,74.3,86.60131,1285.787,0.20294403,1.5001326,0.59210056,20312.8
ELO,CQR,3,2,1e-06,0.01,600,88958.7054635048,72.8669,36.868687,91.357086,82.4537,78.50925,68.0801,76.699326,74.3,86.60131,1285.787,0.20294403,1.5001326,0.59210056,20312.8
ELO,CQR,4,2,1e-06,0.01,600,88818.70265231133,72.8669,36.868687,91.357086,82.4537,78.50925,68.0801,76.699326,74.3,86.60131,1285.787,0.20294403,1.5001326,0.59210056,20312.8
ELO,CQR,5,3,1e-06,0.01,600,89003.70551857949,72.8669,36.868687,91.357086,82.4537,78.50925,68.0801,76.699326,74.3,86.60131,1285.787,0.20294403,1.5001326,0.59210056,20312.8
ELO,CQR,6,7,1e-06,0.01,600,226095.8966740131,72.8669,36.868687,91.357086,82.4537,78.50925,68.0801,76.699326,74.3,86.60131,1285.787,0.20294403,1.5001326,0.59210056,20312.8
ELO,CQR,7,1,4e-06,0.01,200,6759.702032661438,74.06143,36.363636,90.59894,82.25453,77.14908,69.228386,79.03363,56.866665,86.451614,1268.0673,0.18437842,0.08599696,0.15486398,6759.6
ELO,CQR,8,3,1e-06,0.01,600,89338.71409878731,72.8669,36.868687,91.357086,82.4537,78.50925,68.0801,76.699326,74.3,86.60131,1285.787,0.20294403,1.5001326,0.59210056,20312.8
ELO,CQR,9,5,1e-06,0.01,600,157694.5571251869,72.8669,36.868687,91.357086,82.4537,78.50925,68.0801,76.699326,74.3,86.60131,1285.787,0.20294403,1.5001326,0.59210056,20312.8
ELO,CQR,10,1,1e-06,0.01,600,20312.90279636383,72.8669,36.868687,91.357086,82.4537,78.50925,68.0801,76.699326,74.3,86.60131,1285.787,0.20294403,1.5001326,0.59210056,20312.8
ELO,CQR,11,6,1e-06,0.01,600,226795.55602393148,72.8669,36.868687,91.357086,82.4537,78.50925,68.0801,76.699326,74.3,86.60131,1285.787,0.20294403,1.5001326,0.59210056,20312.8
ELO,CQR,12,2,1e-06,0.01,600,89003.71298704148,72.8669,36.868687,91.357086,82.4537,78.50925,68.0801,76.699326,74.3,86.60131,1285.787,0.20294403,1.5001326,0.59210056,20312.8
ELO,CQR,13,0,4e-06,0.01,200,6759.702477312088,74.06143,36.363636,90.59894,82.25453,77.14908,69.228386,79.03363,56.866665,86.451614,1268.0673,0.18437842,0.08599696,0.15486398,6759.6
ELO,CQR,14,0,1e-06,0.01,600,20312.90289268493,72.8669,36.868687,91.357086,82.4537,78.50925,68.0801,76.699326,74.3,86.60131,1285.787,0.20294403,1.5001326,0.59210056,20312.8
ELO,CQR,15,2,1e-06,0.01,600,89338.71101078988,72.8669,36.868687,91.357086,82.4537,78.50925,68.0801,76.699326,74.3,86.60131,1285.787,0.20294403,1.5001326,0.59210056,20312.8
ELO,CQR,16,2,2e-06,0.01,200,75295.30311903954,72.01365,36.868687,91.96361,82.23461,78.67247,66.43039,77.74721,58.6,85.80645,1285.0702,0.2069333,0.31286138,0.23871173,6789.4
ELO,CQR,17,4,1e-06,0.01,600,157679.51115808485,72.8669,36.868687,91.357086,82.4537,78.50925,68.0801,76.699326,74.3,86.60131,1285.787,0.20294403,1.5001326,0.59210056,20312.8
ELO,CQR,18,4,1e-06,0.01,600,157609.50993928907,72.8669,36.868687,91.357086,82.4537,78.50925,68.0801,76.699326,74.3,86.60131,1285.787,0.20294403,1.5001326,0.59210056,20312.8
ELO,CQR,19,2,1e-06,0.01,600,89033.70487294198,72.8669,36.868687,91.357086,82.4537,78.50925,68.0801,76.699326,74.3,86.60131,1285.787,0.20294403,1.5001326,0.59210056,20312.8
ELO,CQR,20,0,4e-06,0.01,200,6759.702102041245,74.06143,36.363636,90.59894,82.25453,77.14908,69.228386,79.03363,56.866665,86.451614,1268.0673,0.18437842,0.08599696,0.15486398,6759.6
ELO,CQR,21,1,1e-06,0.01,600,20312.902733659743,72.8669,36.868687,91.357086,82.4537,78.50925,68.0801,76.699326,74.3,86.60131,1285.787,0.20294403,1.5001326,0.59210056,20312.8
ELO,CQR,22,1,1e-06,0.01,600,20312.90274581909,72.8669,36.868687,91.357086,82.4537,78.50925,68.0801,76.699326,74.3,86.60131,1285.787,0.20294403,1.5001326,0.59210056,20312.8
ELO,CQR,23,5,2e-06,0.01,200,144461.20059332845,72.01365,36.868687,91.96361,82.23461,78.67247,66.43039,77.74721,58.6,85.80645,1285.0702,0.2069333,0.31286138,0.23871173,6789.4
ELO,CQR,24,2,2e-06,0.01,200,75295.31648216248,72.01365,36.868687,91.96361,82.23461,78.67247,66.43039,77.74721,58.6,85.80645,1285.0702,0.2069333,0.31286138,0.23871173,6789.4
ELO,RandomSearch,0,7,1e-06,0.01,600,226375.32020483012,72.8669,36.868687,91.357086,82.4537,78.50925,68.0801,76.699326,74.3,86.60131,1285.787,0.20294403,1.5001326,0.59210056,20312.8
ELO,RandomSearch,1,5,1e-06,0.01,600,157679.50918850896,72.8669,36.868687,91.357086,82.4537,78.50925,68.0801,76.699326,74.3,86.60131,1285.787,0.20294403,1.5001326,0.59210056,20312.8
ELO,RandomSearch,2,7,2e-06,0.01,200,213041.92091021533,72.01365,36.868687,91.96361,82.23461,78.67247,66.43039,77.74721,58.6,85.80645,1285.0702,0.2069333,0.31286138,0.23871173,6789.4
ELO,RandomSearch,3,5,1e-06,0.01,600,157514.4968248367,72.8669,36.868687,91.357086,82.4537,78.50925,68.0801,76.699326,74.3,86.60131,1285.787,0.20294403,1.5001326,0.59210056,20312.8
ELO,RandomSearch,4,2,1e-06,0.02,400,82149.89977393151,71.75768,37.373737,91.43291,82.224655,79.10773,65.29052,77.523636,73.4,81.9079,1265.8021,-0.050759137,0.30062062,0.05465479,13594.0
ELO,RandomSearch,5,3,1e-06,0.02,400,82169.90388212205,71.75768,37.373737,91.43291,82.224655,79.10773,65.29052,77.523636,73.4,81.9079,1265.8021,-0.050759137,0.30062062,0.05465479,13594.0
ELO,RandomSearch,6,2,1e-06,0.01,600,88888.70502767563,72.8669,36.868687,91.357086,82.4537,78.50925,68.0801,76.699326,74.3,86.60131,1285.787,0.20294403,1.5001326,0.59210056,20312.8
ELO,RandomSearch,7,1,1e-06,0.01,600,20312.902763462065,72.8669,36.868687,91.357086,82.4537,78.50925,68.0801,76.699326,74.3,86.60131,1285.787,0.20294403,1.5001326,0.59210056,20312.8
ELO,RandomSearch,8,3,4e-06,0.01,200,75450.511942482,74.06143,36.363636,90.59894,82.25453,77.14908,69.228386,79.03363,56.866665,86.451614,1268.0673,0.18437842,0.08599696,0.15486398,6759.6
ELO,RandomSearch,9,1,2e-06,0.01,200,6789.501817083359,72.01365,36.868687,91.96361,82.23461,78.67247,66.43039,77.74721,58.6,85.80645,1285.0702,0.2069333,0.31286138,0.23871173,6789.4
ELO,RandomSearch,10,6,2e-06,0.01,200,212966.9657982349,72.01365,36.868687,91.96361,82.23461,78.67247,66.43039,77.74721,58.6,85.80645,1285.0702,0.2069333,0.31286138,0.23871173,6789.4
ELO,RandomSearch,11,7,1e-06,0.01,600,226470.4606712818,72.8669,36.868687,91.357086,82.4537,78.50925,68.0801,76.699326,74.3,86.60131,1285.787,0.20294403,1.5001326,0.59210056,20312.8
ELO,RandomSearch,12,7,2e-06,0.01,200,212681.94749269483,72.01365,36.868687,91.96361,82.23461,78.67247,66.43039,77.74721,58.6,85.80645,1285.0702,0.2069333,0.31286138,0.23871173,6789.4
ELO,RandomSearch,13,3,1e-06,0.01,600,89033.72126779557,72.8669,36.868687,91.357086,82.4537,78.50925,68.0801,76.699326,74.3,86.60131,1285.787,0.20294403,1.5001326,0.59210056,20312.8
ELO,RandomSearch,14,3,1e-06,0.01,600,89263.81287846566,72.8669,36.868687,91.357086,82.4537,78.50925,68.0801,76.699326,74.3,86.60131,1285.787,0.20294403,1.5001326,0.59210056,20312.8
ELO,RandomSearch,15,1,2e-06,0.01,200,6789.501867628098,72.01365,36.868687,91.96361,82.23461,78.67247,66.43039,77.74721,58.6,85.80645,1285.0702,0.2069333,0.31286138,0.23871173,6789.4
ELO,RandomSearch,16,2,1e-06,0.01,600,89263.80999860764,72.8669,36.868687,91.357086,82.4537,78.50925,68.0801,76.699326,74.3,86.60131,1285.787,0.20294403,1.5001326,0.59210056,20312.8
ELO,RandomSearch,17,0,2e-06,0.01,200,6789.501608467102,72.01365,36.868687,91.96361,82.23461,78.67247,66.43039,77.74721,58.6,85.80645,1285.0702,0.2069333,0.31286138,0.23871173,6789.4
ELO,RandomSearch,18,2,1e-06,0.01,600,88818.75377855301,72.8669,36.868687,91.357086,82.4537,78.50925,68.0801,76.699326,74.3,86.60131,1285.787,0.20294403,1.5001326,0.59210056,20312.8
ELO,RandomSearch,19,4,2e-06,0.01,200,143851.1947782993,72.01365,36.868687,91.96361,82.23461,78.67247,66.43039,77.74721,58.6,85.80645,1285.0702,0.2069333,0.31286138,0.23871173,6789.4
ELO,RandomSearch,20,2,2e-06,0.01,200,75815.31537518502,72.01365,36.868687,91.96361,82.23461,78.67247,66.43039,77.74721,58.6,85.80645,1285.0702,0.2069333,0.31286138,0.23871173,6789.4
ELO,RandomSearch,21,7,1e-06,0.01,600,226145.50015578268,72.8669,36.868687,91.357086,82.4537,78.50925,68.0801,76.699326,74.3,86.60131,1285.787,0.20294403,1.5001326,0.59210056,20312.8
ELO,RandomSearch,22,1,1e-06,0.01,600,20312.902484989165,72.8669,36.868687,91.357086,82.4537,78.50925,68.0801,76.699326,74.3,86.60131,1285.787,0.20294403,1.5001326,0.59210056,20312.8
ELO,RandomSearch,23,4,1e-06,0.01,600,157609.84004292486,72.8669,36.868687,91.357086,82.4537,78.50925,68.0801,76.699326,74.3,86.60131,1285.787,0.20294403,1.5001326,0.59210056,20312.8
ELO,RandomSearch,24,0,1e-06,0.01,600,20312.902884101863,72.8669,36.868687,91.357086,82.4537,78.50925,68.0801,76.699326,74.3,86.60131,1285.787,0.20294403,1.5001326,0.59210056,20312.8
ELO,TPE,0,5,2e-06,0.01,200,144321.11610708234,72.01365,36.868687,91.96361,82.23461,78.67247,66.43039,77.74721,58.6,85.80645,1285.0702,0.2069333,0.31286138,0.23871173,6789.4
ELO,TPE,1,5,1e-06,0.02,400,151005.72639546392,71.75768,37.373737,91.43291,82.224655,79.10773,65.29052,77.523636,73.4,81.9079,1265.8021,-0.050759137,0.30062062,0.05465479,13594.0
ELO,TPE,2,1,1e-06,0.01,600,20312.902715063094,72.8669,36.868687,91.357086,82.4537,78.50925,68.0801,76.699326,74.3,86.60131,1285.787,0.20294403,1.5001326,0.59210056,20312.8
ELO,TPE,3,1,1e-06,0.01,600,20312.902824020384,72.8669,36.868687,91.357086,82.4537,78.50925,68.0801,76.699326,74.3,86.60131,1285.787,0.20294403,1.5001326,0.59210056,20312.8
ELO,TPE,4,2,2e-06,0.01,200,75295.48341379166,72.01365,36.868687,91.96361,82.23461,78.67247,66.43039,77.74721,58.6,85.80645,1285.0702,0.2069333,0.31286138,0.23871173,6789.4
ELO,TPE,5,3,1e-06,0.01,600,89338.71566948891,72.8669,36.868687,91.357086,82.4537,78.50925,68.0801,76.699326,74.3,86.60131,1285.787,0.20294403,1.5001326,0.59210056,20312.8
ELO,TPE,6,5,2e-06,0.01,200,144156.14770588872,72.01365,36.868687,91.96361,82.23461,78.67247,66.43039,77.74721,58.6,85.80645,1285.0702,0.2069333,0.31286138,0.23871173,6789.4
ELO,TPE,7,0,1e-06,0.01,600,20312.902927494048,72.8669,36.868687,91.357086,82.4537,78.50925,68.0801,76.699326,74.3,86.60131,1285.787,0.20294403,1.5001326,0.59210056,20312.8
ELO,TPE,8,0,1e-06,0.01,600,20312.90300331116,72.8669,36.868687,91.357086,82.4537,78.50925,68.0801,76.699326,74.3,86.60131,1285.787,0.20294403,1.5001326,0.59210056,20312.8
ELO,TPE,9,1,1e-06,0.01,600,20312.903015232085,72.8669,36.868687,91.357086,82.4537,78.50925,68.0801,76.699326,74.3,86.60131,1285.787,0.20294403,1.5001326,0.59210056,20312.8
ELO,TPE,10,4,2e-06,0.01,200,143921.1233504772,72.01365,36.868687,91.96361,82.23461,78.67247,66.43039,77.74721,58.6,85.80645,1285.0702,0.2069333,0.31286138,0.23871173,6789.4
ELO,TPE,11,4,4e-06,0.01,200,143956.34754118917,74.06143,36.363636,90.59894,82.25453,77.14908,69.228386,79.03363,56.866665,86.451614,1268.0673,0.18437842,0.08599696,0.15486398,6759.6
ELO,TPE,12,5,2e-06,0.01,200,144321.13550529478,72.01365,36.868687,91.96361,82.23461,78.67247,66.43039,77.74721,58.6,85.80645,1285.0702,0.2069333,0.31286138,0.23871173,6789.4
ELO,TPE,13,1,1e-06,0.01,600,20312.902983045577,72.8669,36.868687,91.357086,82.4537,78.50925,68.0801,76.699326,74.3,86.60131,1285.787,0.20294403,1.5001326,0.59210056,20312.8
ELO,TPE,14,0,1e-06,0.01,600,20312.90297613144,72.8669,36.868687,91.357086,82.4537,78.50925,68.0801,76.699326,74.3,86.60131,1285.787,0.20294403,1.5001326,0.59210056,20312.8
ELO,TPE,15,6,4e-06,0.01,200,212892.1470497608,74.06143,36.363636,90.59894,82.25453,77.14908,69.228386,79.03363,56.866665,86.451614,1268.0673,0.18437842,0.08599696,0.15486398,6759.6
ELO,TPE,16,2,1e-06,0.01,600,89003.70516762734,72.8669,36.868687,91.357086,82.4537,78.50925,68.0801,76.699326,74.3,86.60131,1285.787,0.20294403,1.5001326,0.59210056,20312.8
ELO,TPE,17,3,1e-06,0.01,600,88958.70223913193,72.8669,36.868687,91.357086,82.4537,78.50925,68.0801,76.699326,74.3,86.60131,1285.787,0.20294403,1.5001326,0.59210056,20312.8
ELO,TPE,18,7,1e-06,0.01,600,227010.31916413305,72.8669,36.868687,91.357086,82.4537,78.50925,68.0801,76.699326,74.3,86.60131,1285.787,0.20294403,1.5001326,0.59210056,20312.8
ELO,TPE,19,3,1e-06,0.01,600,88888.7059267521,72.8669,36.868687,91.357086,82.4537,78.50925,68.0801,76.699326,74.3,86.60131,1285.787,0.20294403,1.5001326,0.59210056,20312.8
ELO,TPE,20,4,1e-06,0.01,600,157679.52387437818,72.8669,36.868687,91.357086,82.4537,78.50925,68.0801,76.699326,74.3,86.60131,1285.787,0.20294403,1.5001326,0.59210056,20312.8
ELO,TPE,21,0,1e-06,0.02,400,13594.101876831051,71.75768,37.373737,91.43291,82.224655,79.10773,65.29052,77.523636,73.4,81.9079,1265.8021,-0.050759137,0.30062062,0.05465479,13594.0
ELO,TPE,22,2,1e-06,0.01,600,89033.71265444756,72.8669,36.868687,91.357086,82.4537,78.50925,68.0801,76.699326,74.3,86.60131,1285.787,0.20294403,1.5001326,0.59210056,20312.8
ELO,TPE,23,0,2e-06,0.01,200,6789.501888608933,72.01365,36.868687,91.96361,82.23461,78.67247,66.43039,77.74721,58.6,85.80645,1285.0702,0.2069333,0.31286138,0.23871173,6789.4
ELO,TPE,24,1,4e-06,0.01,200,6759.701946592331,74.06143,36.363636,90.59894,82.25453,77.14908,69.228386,79.03363,56.866665,86.451614,1268.0673,0.18437842,0.08599696,0.15486398,6759.6
IFEval,ASHA,0,0,1e-06,0.02,200,6797.101993179322,69.88055,36.363636,88.77938,81.99562,80.4679,59.353775,80.41624,73.4,77.597404,1217.1661,-0.38496372,-0.3562789,-0.37635827,6797.0
IFEval,ASHA,1,1,1e-06,0.02,200,6797.102870321274,69.88055,36.363636,88.77938,81.99562,80.4679,59.353775,80.41624,73.4,77.597404,1217.1661,-0.38496372,-0.3562789,-0.37635827,6797.0
IFEval,ASHA,2,0,1e-06,0.02,200,6797.10203704834,69.88055,36.363636,88.77938,81.99562,80.4679,59.353775,80.41624,73.4,77.597404,1217.1661,-0.38496372,-0.3562789,-0.37635827,6797.0
IFEval,ASHA,3,8,1e-06,0.02,200,177814.40734563448,69.88055,36.363636,88.77938,81.99562,80.4679,59.353775,80.41624,73.4,77.597404,1217.1661,-0.38496372,-0.3562789,-0.37635827,6797.0
IFEval,ASHA,4,2,1e-06,0.01,200,75276.80449256898,69.96587,36.363636,89.31008,82.07529,80.52231,59.815693,80.17145,71.26667,88.3871,1232.8019,-0.2680202,0.6978711,0.021747177,6770.9
IFEval,ASHA,5,2,1e-06,0.02,200,75372.89893517495,69.88055,36.363636,88.77938,81.99562,80.4679,59.353775,80.41624,73.4,77.597404,1217.1661,-0.38496372,-0.3562789,-0.37635827,6797.0
IFEval,ASHA,6,10,1e-06,0.01,200,219488.8889721468,69.96587,36.363636,89.31008,82.07529,80.52231,59.815693,80.17145,71.26667,88.3871,1232.8019,-0.2680202,0.6978711,0.021747177,6770.9
IFEval,ASHA,7,0,1e-06,0.02,200,6797.102033948899,69.88055,36.363636,88.77938,81.99562,80.4679,59.353775,80.41624,73.4,77.597404,1217.1661,-0.38496372,-0.3562789,-0.37635827,6797.0
IFEval,ASHA,8,0,1e-06,0.02,200,6797.102178668976,69.88055,36.363636,88.77938,81.99562,80.4679,59.353775,80.41624,73.4,77.597404,1217.1661,-0.38496372,-0.3562789,-0.37635827,6797.0
IFEval,ASHA,9,13,1e-06,0.02,200,226355.3986090313,69.88055,36.363636,88.77938,81.99562,80.4679,59.353775,80.41624,73.4,77.597404,1217.1661,-0.38496372,-0.3562789,-0.37635827,6797.0
IFEval,ASHA,10,4,1e-06,0.02,200,82093.0796984215,69.88055,36.363636,88.77938,81.99562,80.4679,59.353775,80.41624,73.4,77.597404,1217.1661,-0.38496372,-0.3562789,-0.37635827,6797.0
IFEval,ASHA,11,2,1e-06,0.02,200,75302.89862880707,69.88055,36.363636,88.77938,81.99562,80.4679,59.353775,80.41624,73.4,77.597404,1217.1661,-0.38496372,-0.3562789,-0.37635827,6797.0
IFEval,ASHA,12,4,1e-06,0.02,200,89033.16015944674,69.88055,36.363636,88.77938,81.99562,80.4679,59.353775,80.41624,73.4,77.597404,1217.1661,-0.38496372,-0.3562789,-0.37635827,6797.0
IFEval,ASHA,13,3,1e-06,0.02,200,75442.90832576752,69.88055,36.363636,88.77938,81.99562,80.4679,59.353775,80.41624,73.4,77.597404,1217.1661,-0.38496372,-0.3562789,-0.37635827,6797.0
IFEval,ASHA,14,4,1e-06,0.02,200,82243.07968840792,69.88055,36.363636,88.77938,81.99562,80.4679,59.353775,80.41624,73.4,77.597404,1217.1661,-0.38496372,-0.3562789,-0.37635827,6797.0
IFEval,ASHA,15,0,1e-06,0.02,200,6797.101868486405,69.88055,36.363636,88.77938,81.99562,80.4679,59.353775,80.41624,73.4,77.597404,1217.1661,-0.38496372,-0.3562789,-0.37635827,6797.0
IFEval,ASHA,16,12,1e-06,0.02,200,218460.44505845447,69.88055,36.363636,88.77938,81.99562,80.4679,59.353775,80.41624,73.4,77.597404,1217.1661,-0.38496372,-0.3562789,-0.37635827,6797.0
IFEval,ASHA,17,2,1e-06,0.02,200,75487.94848618508,69.88055,36.363636,88.77938,81.99562,80.4679,59.353775,80.41624,73.4,77.597404,1217.1661,-0.38496372,-0.3562789,-0.37635827,6797.0
IFEval,ASHA,18,9,1e-06,0.02,200,164464.39908228675,69.88055,36.363636,88.77938,81.99562,80.4679,59.353775,80.41624,73.4,77.597404,1217.1661,-0.38496372,-0.3562789,-0.37635827,6797.0
IFEval,ASHA,19,7,1e-06,0.02,200,109373.71022139365,69.88055,36.363636,88.77938,81.99562,80.4679,59.353775,80.41624,73.4,77.597404,1217.1661,-0.38496372,-0.3562789,-0.37635827,6797.0
IFEval,ASHA,20,6,1e-06,0.02,200,150903.8895214576,69.88055,36.363636,88.77938,81.99562,80.4679,59.353775,80.41624,73.4,77.597404,1217.1661,-0.38496372,-0.3562789,-0.37635827,6797.0
IFEval,ASHA,21,1,1e-06,0.01,200,6771.002072191239,69.96587,36.363636,89.31008,82.07529,80.52231,59.815693,80.17145,71.26667,88.3871,1232.8019,-0.2680202,0.6978711,0.021747177,6770.9
IFEval,ASHA,22,1,1e-06,0.01,200,6771.001980876923,69.96587,36.363636,89.31008,82.07529,80.52231,59.815693,80.17145,71.26667,88.3871,1232.8019,-0.2680202,0.6978711,0.021747177,6770.9
IFEval,ASHA,23,2,1e-06,0.02,200,75442.9002743721,69.88055,36.363636,88.77938,81.99562,80.4679,59.353775,80.41624,73.4,77.597404,1217.1661,-0.38496372,-0.3562789,-0.37635827,6797.0
IFEval,ASHA,24,8,1e-06,0.02,200,211574.79059539404,69.88055,36.363636,88.77938,81.99562,80.4679,59.353775,80.41624,73.4,77.597404,1217.1661,-0.38496372,-0.3562789,-0.37635827,6797.0
IFEval,BOHB,0,0,1e-06,0.02,200,6797.1020980834965,69.88055,36.363636,88.77938,81.99562,80.4679,59.353775,80.41624,73.4,77.597404,1217.1661,-0.38496372,-0.3562789,-0.37635827,6797.0
IFEval,BOHB,1,1,1e-06,0.02,200,6797.102348184586,69.88055,36.363636,88.77938,81.99562,80.4679,59.353775,80.41624,73.4,77.597404,1217.1661,-0.38496372,-0.3562789,-0.37635827,6797.0
IFEval,BOHB,2,0,1e-06,0.02,200,6797.101979827881,69.88055,36.363636,88.77938,81.99562,80.4679,59.353775,80.41624,73.4,77.597404,1217.1661,-0.38496372,-0.3562789,-0.37635827,6797.0
IFEval,BOHB,3,9,1e-06,0.02,200,178029.50915919105,69.88055,36.363636,88.77938,81.99562,80.4679,59.353775,80.41624,73.4,77.597404,1217.1661,-0.38496372,-0.3562789,-0.37635827,6797.0
IFEval,BOHB,4,2,1e-06,0.01,200,75276.79809174538,69.96587,36.363636,89.31008,82.07529,80.52231,59.815693,80.17145,71.26667,88.3871,1232.8019,-0.2680202,0.6978711,0.021747177,6770.9
IFEval,BOHB,5,2,1e-06,0.02,200,75372.90676221848,69.88055,36.363636,88.77938,81.99562,80.4679,59.353775,80.41624,73.4,77.597404,1217.1661,-0.38496372,-0.3562789,-0.37635827,6797.0
IFEval,BOHB,6,13,1e-06,0.02,200,225240.47301041184,69.88055,36.363636,88.77938,81.99562,80.4679,59.353775,80.41624,73.4,77.597404,1217.1661,-0.38496372,-0.3562789,-0.37635827,6797.0
IFEval,BOHB,7,0,1e-06,0.02,200,6797.101917123795,69.88055,36.363636,88.77938,81.99562,80.4679,59.353775,80.41624,73.4,77.597404,1217.1661,-0.38496372,-0.3562789,-0.37635827,6797.0
IFEval,BOHB,8,0,1e-06,0.02,200,6797.1019428730015,69.88055,36.363636,88.77938,81.99562,80.4679,59.353775,80.41624,73.4,77.597404,1217.1661,-0.38496372,-0.3562789,-0.37635827,6797.0
IFEval,BOHB,9,5,1e-06,0.01,200,144152.60151753423,69.96587,36.363636,89.31008,82.07529,80.52231,59.815693,80.17145,71.26667,88.3871,1232.8019,-0.2680202,0.6978711,0.021747177,6770.9
IFEval,BOHB,10,4,1e-06,0.02,200,82093.07976947023,69.88055,36.363636,88.77938,81.99562,80.4679,59.353775,80.41624,73.4,77.597404,1217.1661,-0.38496372,-0.3562789,-0.37635827,6797.0
IFEval,BOHB,11,2,1e-06,0.02,200,75302.89903292657,69.88055,36.363636,88.77938,81.99562,80.4679,59.353775,80.41624,73.4,77.597404,1217.1661,-0.38496372,-0.3562789,-0.37635827,6797.0
IFEval,BOHB,12,4,1e-06,0.02,200,89033.16199097826,69.88055,36.363636,88.77938,81.99562,80.4679,59.353775,80.41624,73.4,77.597404,1217.1661,-0.38496372,-0.3562789,-0.37635827,6797.0
IFEval,BOHB,13,3,1e-06,0.02,200,75442.89900789261,69.88055,36.363636,88.77938,81.99562,80.4679,59.353775,80.41624,73.4,77.597404,1217.1661,-0.38496372,-0.3562789,-0.37635827,6797.0
IFEval,BOHB,14,4,1e-06,0.02,200,82243.08171043589,69.88055,36.363636,88.77938,81.99562,80.4679,59.353775,80.41624,73.4,77.597404,1217.1661,-0.38496372,-0.3562789,-0.37635827,6797.0
IFEval,BOHB,15,0,1e-06,0.02,200,6797.101957654953,69.88055,36.363636,88.77938,81.99562,80.4679,59.353775,80.41624,73.4,77.597404,1217.1661,-0.38496372,-0.3562789,-0.37635827,6797.0
IFEval,BOHB,16,5,1e-06,0.01,200,102652.31989059832,69.96587,36.363636,89.31008,82.07529,80.52231,59.815693,80.17145,71.26667,88.3871,1232.8019,-0.2680202,0.6978711,0.021747177,6770.9
IFEval,BOHB,17,2,1e-06,0.02,200,75487.90916786194,69.88055,36.363636,88.77938,81.99562,80.4679,59.353775,80.41624,73.4,77.597404,1217.1661,-0.38496372,-0.3562789,-0.37635827,6797.0
IFEval,BOHB,18,7,1e-06,0.02,200,144164.00916658022,69.88055,36.363636,88.77938,81.99562,80.4679,59.353775,80.41624,73.4,77.597404,1217.1661,-0.38496372,-0.3562789,-0.37635827,6797.0
IFEval,BOHB,19,13,1e-06,0.02,200,246600.51222454244,69.88055,36.363636,88.77938,81.99562,80.4679,59.353775,80.41624,73.4,77.597404,1217.1661,-0.38496372,-0.3562789,-0.37635827,6797.0
IFEval,BOHB,20,6,1e-06,0.02,200,150903.87871847337,69.88055,36.363636,88.77938,81.99562,80.4679,59.353775,80.41624,73.4,77.597404,1217.1661,-0.38496372,-0.3562789,-0.37635827,6797.0
IFEval,BOHB,21,1,1e-06,0.01,200,6771.006306505204,69.96587,36.363636,89.31008,82.07529,80.52231,59.815693,80.17145,71.26667,88.3871,1232.8019,-0.2680202,0.6978711,0.021747177,6770.9
IFEval,BOHB,22,1,1e-06,0.01,200,6771.003280496598,69.96587,36.363636,89.31008,82.07529,80.52231,59.815693,80.17145,71.26667,88.3871,1232.8019,-0.2680202,0.6978711,0.021747177,6770.9
IFEval,BOHB,23,2,1e-06,0.02,200,75442.90007576943,69.88055,36.363636,88.77938,81.99562,80.4679,59.353775,80.41624,73.4,77.597404,1217.1661,-0.38496372,-0.3562789,-0.37635827,6797.0
IFEval,BOHB,24,8,1e-06,0.01,200,219508.59929404448,69.96587,36.363636,89.31008,82.07529,80.52231,59.815693,80.17145,71.26667,88.3871,1232.8019,-0.2680202,0.6978711,0.021747177,6770.9
IFEval,BOTorch,0,2,1e-06,0.04,800,95507.90877470972,71.92833,37.373737,91.28127,81.73671,79.325356,64.51039,79.60816,67.6,83.22581,1226.114,-0.058002844,0.45274383,0.09522116,27002.0
IFEval,BOTorch,1,1,2e-06,0.04,200,6767.001942253113,71.331055,36.868687,89.9166,82.03545,79.86942,62.660313,78.98243,67.2,84.31373,1232.137,-0.04909091,0.07977781,-0.010430298,6766.9
IFEval,BOTorch,2,3,1e-06,0.04,800,95952.90785155295,71.92833,37.373737,91.28127,81.73671,79.325356,64.51039,79.60816,67.6,83.22581,1226.114,-0.058002844,0.45274383,0.09522116,27002.0
IFEval,BOTorch,3,3,1e-06,0.04,800,95952.9020567894,71.92833,37.373737,91.28127,81.73671,79.325356,64.51039,79.60816,67.6,83.22581,1226.114,-0.058002844,0.45274383,0.09522116,27002.0
IFEval,BOTorch,4,3,1e-06,0.02,200,75487.90495452881,69.88055,36.363636,88.77938,81.99562,80.4679,59.353775,80.41624,73.4,77.597404,1217.1661,-0.38496372,-0.3562789,-0.37635827,6797.0
IFEval,BOTorch,5,2,1e-06,0.01,200,75461.79867658616,69.96587,36.363636,89.31008,82.07529,80.52231,59.815693,80.17145,71.26667,88.3871,1232.8019,-0.2680202,0.6978711,0.021747177,6770.9
IFEval,BOTorch,6,0,1e-06,0.04,800,27002.10188732147,71.92833,37.373737,91.28127,81.73671,79.325356,64.51039,79.60816,67.6,83.22581,1226.114,-0.058002844,0.45274383,0.09522116,27002.0
IFEval,BOTorch,7,3,1e-06,0.02,200,75517.89820322991,69.88055,36.363636,88.77938,81.99562,80.4679,59.353775,80.41624,73.4,77.597404,1217.1661,-0.38496372,-0.3562789,-0.37635827,6797.0
IFEval,BOTorch,8,0,1e-06,0.02,200,6797.101927614212,69.88055,36.363636,88.77938,81.99562,80.4679,59.353775,80.41624,73.4,77.597404,1217.1661,-0.38496372,-0.3562789,-0.37635827,6797.0
IFEval,BOTorch,9,3,1e-06,0.02,200,75517.89957938195,69.88055,36.363636,88.77938,81.99562,80.4679,59.353775,80.41624,73.4,77.597404,1217.1661,-0.38496372,-0.3562789,-0.37635827,6797.0
IFEval,BOTorch,10,0,1e-06,0.01,200,6771.001825904847,69.96587,36.363636,89.31008,82.07529,80.52231,59.815693,80.17145,71.26667,88.3871,1232.8019,-0.2680202,0.6978711,0.021747177,6770.9
IFEval,BOTorch,11,3,1e-06,0.02,200,75557.90482172967,69.88055,36.363636,88.77938,81.99562,80.4679,59.353775,80.41624,73.4,77.597404,1217.1661,-0.38496372,-0.3562789,-0.37635827,6797.0
IFEval,BOTorch,12,3,1e-06,0.02,200,75517.91285381318,69.88055,36.363636,88.77938,81.99562,80.4679,59.353775,80.41624,73.4,77.597404,1217.1661,-0.38496372,-0.3562789,-0.37635827,6797.0
IFEval,BOTorch,13,1,1e-06,0.01,200,6771.001936531067,69.96587,36.363636,89.31008,82.07529,80.52231,59.815693,80.17145,71.26667,88.3871,1232.8019,-0.2680202,0.6978711,0.021747177,6770.9
IFEval,BOTorch,14,0,1e-06,0.02,200,6797.11089334488,69.88055,36.363636,88.77938,81.99562,80.4679,59.353775,80.41624,73.4,77.597404,1217.1661,-0.38496372,-0.3562789,-0.37635827,6797.0
IFEval,BOTorch,15,2,1e-06,0.01,200,75276.80147705079,69.96587,36.363636,89.31008,82.07529,80.52231,59.815693,80.17145,71.26667,88.3871,1232.8019,-0.2680202,0.6978711,0.021747177,6770.9
IFEval,BOTorch,16,2,1e-06,0.02,200,75747.90176353455,69.88055,36.363636,88.77938,81.99562,80.4679,59.353775,80.41624,73.4,77.597404,1217.1661,-0.38496372,-0.3562789,-0.37635827,6797.0
IFEval,BOTorch,17,2,1e-06,0.02,200,75517.8985739708,69.88055,36.363636,88.77938,81.99562,80.4679,59.353775,80.41624,73.4,77.597404,1217.1661,-0.38496372,-0.3562789,-0.37635827,6797.0
IFEval,BOTorch,18,1,1e-06,0.02,200,6797.102288579941,69.88055,36.363636,88.77938,81.99562,80.4679,59.353775,80.41624,73.4,77.597404,1217.1661,-0.38496372,-0.3562789,-0.37635827,6797.0
IFEval,BOTorch,19,1,1e-06,0.02,200,6797.101875877381,69.88055,36.363636,88.77938,81.99562,80.4679,59.353775,80.41624,73.4,77.597404,1217.1661,-0.38496372,-0.3562789,-0.37635827,6797.0
IFEval,BOTorch,20,2,1e-06,0.02,200,75352.89998850823,69.88055,36.363636,88.77938,81.99562,80.4679,59.353775,80.41624,73.4,77.597404,1217.1661,-0.38496372,-0.3562789,-0.37635827,6797.0
IFEval,BOTorch,21,3,1e-06,0.04,800,95647.8997496128,71.92833,37.373737,91.28127,81.73671,79.325356,64.51039,79.60816,67.6,83.22581,1226.114,-0.058002844,0.45274383,0.09522116,27002.0
IFEval,BOTorch,22,3,1e-06,0.04,800,95692.910939312,71.92833,37.373737,91.28127,81.73671,79.325356,64.51039,79.60816,67.6,83.22581,1226.114,-0.058002844,0.45274383,0.09522116,27002.0
IFEval,BOTorch,23,2,1e-06,0.02,200,75442.89994630814,69.88055,36.363636,88.77938,81.99562,80.4679,59.353775,80.41624,73.4,77.597404,1217.1661,-0.38496372,-0.3562789,-0.37635827,6797.0
IFEval,BOTorch,24,0,1e-06,0.04,800,27002.10202965736,71.92833,37.373737,91.28127,81.73671,79.325356,64.51039,79.60816,67.6,83.22581,1226.114,-0.058002844,0.45274383,0.09522116,27002.0
IFEval,CQR,0,0,1e-06,0.02,200,6797.101974821091,69.88055,36.363636,88.77938,81.99562,80.4679,59.353775,80.41624,73.4,77.597404,1217.1661,-0.38496372,-0.3562789,-0.37635827,6797.0
IFEval,CQR,1,1,1e-06,0.02,200,6797.102201318741,69.88055,36.363636,88.77938,81.99562,80.4679,59.353775,80.41624,73.4,77.597404,1217.1661,-0.38496372,-0.3562789,-0.37635827,6797.0
IFEval,CQR,2,0,1e-06,0.02,200,6797.101867771149,69.88055,36.363636,88.77938,81.99562,80.4679,59.353775,80.41624,73.4,77.597404,1217.1661,-0.38496372,-0.3562789,-0.37635827,6797.0
IFEval,CQR,3,2,1e-06,0.01,200,75416.79661831856,69.96587,36.363636,89.31008,82.07529,80.52231,59.815693,80.17145,71.26667,88.3871,1232.8019,-0.2680202,0.6978711,0.021747177,6770.9
IFEval,CQR,4,2,1e-06,0.01,200,75276.7958448887,69.96587,36.363636,89.31008,82.07529,80.52231,59.815693,80.17145,71.26667,88.3871,1232.8019,-0.2680202,0.6978711,0.021747177,6770.9
IFEval,CQR,5,2,1e-06,0.02,200,75372.89633402825,69.88055,36.363636,88.77938,81.99562,80.4679,59.353775,80.41624,73.4,77.597404,1217.1661,-0.38496372,-0.3562789,-0.37635827,6797.0
IFEval,CQR,6,1,1e-06,0.04,800,27002.10197815895,71.92833,37.373737,91.28127,81.73671,79.325356,64.51039,79.60816,67.6,83.22581,1226.114,-0.058002844,0.45274383,0.09522116,27002.0
IFEval,CQR,7,0,1e-06,0.02,200,6797.101774549485,69.88055,36.363636,88.77938,81.99562,80.4679,59.353775,80.41624,73.4,77.597404,1217.1661,-0.38496372,-0.3562789,-0.37635827,6797.0
IFEval,CQR,8,0,1e-06,0.02,200,6797.102129793168,69.88055,36.363636,88.77938,81.99562,80.4679,59.353775,80.41624,73.4,77.597404,1217.1661,-0.38496372,-0.3562789,-0.37635827,6797.0
IFEval,CQR,9,5,1e-06,0.01,200,144152.5972233772,69.96587,36.363636,89.31008,82.07529,80.52231,59.815693,80.17145,71.26667,88.3871,1232.8019,-0.2680202,0.6978711,0.021747177,6770.9
IFEval,CQR,10,4,1e-06,0.02,200,144063.69495973585,69.88055,36.363636,88.77938,81.99562,80.4679,59.353775,80.41624,73.4,77.597404,1217.1661,-0.38496372,-0.3562789,-0.37635827,6797.0
IFEval,CQR,11,2,1e-06,0.02,200,75302.8948319912,69.88055,36.363636,88.77938,81.99562,80.4679,59.353775,80.41624,73.4,77.597404,1217.1661,-0.38496372,-0.3562789,-0.37635827,6797.0
IFEval,CQR,12,4,1e-06,0.02,200,144208.70091662405,69.88055,36.363636,88.77938,81.99562,80.4679,59.353775,80.41624,73.4,77.597404,1217.1661,-0.38496372,-0.3562789,-0.37635827,6797.0
IFEval,CQR,13,3,1e-06,0.02,200,75442.89728484154,69.88055,36.363636,88.77938,81.99562,80.4679,59.353775,80.41624,73.4,77.597404,1217.1661,-0.38496372,-0.3562789,-0.37635827,6797.0
IFEval,CQR,14,4,1e-06,0.02,200,144063.69755420682,69.88055,36.363636,88.77938,81.99562,80.4679,59.353775,80.41624,73.4,77.597404,1217.1661,-0.38496372,-0.3562789,-0.37635827,6797.0
IFEval,CQR,15,0,1e-06,0.02,200,6797.101929521561,69.88055,36.363636,88.77938,81.99562,80.4679,59.353775,80.41624,73.4,77.597404,1217.1661,-0.38496372,-0.3562789,-0.37635827,6797.0
IFEval,CQR,16,7,1e-06,0.01,200,213178.9253443241,69.96587,36.363636,89.31008,82.07529,80.52231,59.815693,80.17145,71.26667,88.3871,1232.8019,-0.2680202,0.6978711,0.021747177,6770.9
IFEval,CQR,17,2,1e-06,0.02,200,75487.8986521721,69.88055,36.363636,88.77938,81.99562,80.4679,59.353775,80.41624,73.4,77.597404,1217.1661,-0.38496372,-0.3562789,-0.37635827,6797.0
IFEval,CQR,18,4,1e-06,0.01,200,144067.5973835945,69.96587,36.363636,89.31008,82.07529,80.52231,59.815693,80.17145,71.26667,88.3871,1232.8019,-0.2680202,0.6978711,0.021747177,6770.9
IFEval,CQR,19,2,1e-06,0.01,200,75491.79989037514,69.96587,36.363636,89.31008,82.07529,80.52231,59.815693,80.17145,71.26667,88.3871,1232.8019,-0.2680202,0.6978711,0.021747177,6770.9
IFEval,CQR,20,2,1e-06,0.04,800,95647.90066776276,71.92833,37.373737,91.28127,81.73671,79.325356,64.51039,79.60816,67.6,83.22581,1226.114,-0.058002844,0.45274383,0.09522116,27002.0
IFEval,CQR,21,6,1e-06,0.02,200,212874.73036012647,69.88055,36.363636,88.77938,81.99562,80.4679,59.353775,80.41624,73.4,77.597404,1217.1661,-0.38496372,-0.3562789,-0.37635827,6797.0
IFEval,CQR,22,1,1e-06,0.01,200,6771.00196466446,69.96587,36.363636,89.31008,82.07529,80.52231,59.815693,80.17145,71.26667,88.3871,1232.8019,-0.2680202,0.6978711,0.021747177,6770.9
IFEval,CQR,23,2,1e-06,0.02,200,75442.90482268334,69.88055,36.363636,88.77938,81.99562,80.4679,59.353775,80.41624,73.4,77.597404,1217.1661,-0.38496372,-0.3562789,-0.37635827,6797.0
IFEval,CQR,24,3,1e-06,0.04,800,95647.9031334877,71.92833,37.373737,91.28127,81.73671,79.325356,64.51039,79.60816,67.6,83.22581,1226.114,-0.058002844,0.45274383,0.09522116,27002.0
IFEval,RandomSearch,0,5,1e-06,0.01,200,144107.59609589574,69.96587,36.363636,89.31008,82.07529,80.52231,59.815693,80.17145,71.26667,88.3871,1232.8019,-0.2680202,0.6978711,0.021747177,6770.9
IFEval,RandomSearch,1,6,1e-06,0.02,200,212759.499251461,69.88055,36.363636,88.77938,81.99562,80.4679,59.353775,80.41624,73.4,77.597404,1217.1661,-0.38496372,-0.3562789,-0.37635827,6797.0
IFEval,RandomSearch,2,7,1e-06,0.04,800,233479.49769196508,71.92833,37.373737,91.28127,81.73671,79.325356,64.51039,79.60816,67.6,83.22581,1226.114,-0.058002844,0.45274383,0.09522116,27002.0
IFEval,RandomSearch,3,5,1e-06,0.01,200,144442.6006484985,69.96587,36.363636,89.31008,82.07529,80.52231,59.815693,80.17145,71.26667,88.3871,1232.8019,-0.2680202,0.6978711,0.021747177,6770.9
IFEval,RandomSearch,4,0,1e-06,0.02,200,6797.101967430115,69.88055,36.363636,88.77938,81.99562,80.4679,59.353775,80.41624,73.4,77.597404,1217.1661,-0.38496372,-0.3562789,-0.37635827,6797.0
IFEval,RandomSearch,5,0,1e-06,0.02,200,6797.101978635788,69.88055,36.363636,88.77938,81.99562,80.4679,59.353775,80.41624,73.4,77.597404,1217.1661,-0.38496372,-0.3562789,-0.37635827,6797.0
IFEval,RandomSearch,6,3,1e-06,0.01,200,75346.79830298424,69.96587,36.363636,89.31008,82.07529,80.52231,59.815693,80.17145,71.26667,88.3871,1232.8019,-0.2680202,0.6978711,0.021747177,6770.9
IFEval,RandomSearch,7,4,1e-06,0.02,200,143878.69767985342,69.88055,36.363636,88.77938,81.99562,80.4679,59.353775,80.41624,73.4,77.597404,1217.1661,-0.38496372,-0.3562789,-0.37635827,6797.0
IFEval,RandomSearch,8,0,1e-06,0.02,200,6797.101924991608,69.88055,36.363636,88.77938,81.99562,80.4679,59.353775,80.41624,73.4,77.597404,1217.1661,-0.38496372,-0.3562789,-0.37635827,6797.0
IFEval,RandomSearch,9,6,1e-06,0.02,200,212784.51420698164,69.88055,36.363636,88.77938,81.99562,80.4679,59.353775,80.41624,73.4,77.597404,1217.1661,-0.38496372,-0.3562789,-0.37635827,6797.0
IFEval,RandomSearch,10,2,1e-06,0.01,200,75461.80446944237,69.96587,36.363636,89.31008,82.07529,80.52231,59.815693,80.17145,71.26667,88.3871,1232.8019,-0.2680202,0.6978711,0.021747177,6770.9
IFEval,RandomSearch,11,4,1e-06,0.02,200,144023.70042428968,69.88055,36.363636,88.77938,81.99562,80.4679,59.353775,80.41624,73.4,77.597404,1217.1661,-0.38496372,-0.3562789,-0.37635827,6797.0
IFEval,RandomSearch,12,6,1e-06,0.01,200,212853.3953906059,69.96587,36.363636,89.31008,82.07529,80.52231,59.815693,80.17145,71.26667,88.3871,1232.8019,-0.2680202,0.6978711,0.021747177,6770.9
IFEval,RandomSearch,13,4,1e-06,0.02,200,144063.70023379324,69.88055,36.363636,88.77938,81.99562,80.4679,59.353775,80.41624,73.4,77.597404,1217.1661,-0.38496372,-0.3562789,-0.37635827,6797.0
IFEval,RandomSearch,14,6,1e-06,0.02,200,212454.4895578384,69.88055,36.363636,88.77938,81.99562,80.4679,59.353775,80.41624,73.4,77.597404,1217.1661,-0.38496372,-0.3562789,-0.37635827,6797.0
IFEval,RandomSearch,15,0,1e-06,0.04,800,27002.101961708067,71.92833,37.373737,91.28127,81.73671,79.325356,64.51039,79.60816,67.6,83.22581,1226.114,-0.058002844,0.45274383,0.09522116,27002.0
IFEval,RandomSearch,16,4,1e-06,0.02,200,143998.69149217603,69.88055,36.363636,88.77938,81.99562,80.4679,59.353775,80.41624,73.4,77.597404,1217.1661,-0.38496372,-0.3562789,-0.37635827,6797.0
IFEval,RandomSearch,17,3,1e-06,0.02,200,75517.89699659348,69.88055,36.363636,88.77938,81.99562,80.4679,59.353775,80.41624,73.4,77.597404,1217.1661,-0.38496372,-0.3562789,-0.37635827,6797.0
IFEval,RandomSearch,18,6,1e-06,0.02,200,212464.49512467385,69.88055,36.363636,88.77938,81.99562,80.4679,59.353775,80.41624,73.4,77.597404,1217.1661,-0.38496372,-0.3562789,-0.37635827,6797.0
IFEval,RandomSearch,19,5,1e-06,0.02,200,144438.70218548772,69.88055,36.363636,88.77938,81.99562,80.4679,59.353775,80.41624,73.4,77.597404,1217.1661,-0.38496372,-0.3562789,-0.37635827,6797.0
IFEval,RandomSearch,20,7,1e-06,0.02,200,213154.4996284008,69.88055,36.363636,88.77938,81.99562,80.4679,59.353775,80.41624,73.4,77.597404,1217.1661,-0.38496372,-0.3562789,-0.37635827,6797.0
IFEval,RandomSearch,21,1,1e-06,0.01,200,6771.002057886124,69.96587,36.363636,89.31008,82.07529,80.52231,59.815693,80.17145,71.26667,88.3871,1232.8019,-0.2680202,0.6978711,0.021747177,6770.9
IFEval,RandomSearch,22,0,1e-06,0.02,200,6797.101635551453,69.88055,36.363636,88.77938,81.99562,80.4679,59.353775,80.41624,73.4,77.597404,1217.1661,-0.38496372,-0.3562789,-0.37635827,6797.0
IFEval,RandomSearch,23,7,1e-06,0.01,200,213248.40325412748,69.96587,36.363636,89.31008,82.07529,80.52231,59.815693,80.17145,71.26667,88.3871,1232.8019,-0.2680202,0.6978711,0.021747177,6770.9
IFEval,RandomSearch,24,2,1e-06,0.02,200,75352.90073285103,69.88055,36.363636,88.77938,81.99562,80.4679,59.353775,80.41624,73.4,77.597404,1217.1661,-0.38496372,-0.3562789,-0.37635827,6797.0
IFEval,TPE,0,0,1e-06,0.02,200,6797.102087593079,69.88055,36.363636,88.77938,81.99562,80.4679,59.353775,80.41624,73.4,77.597404,1217.1661,-0.38496372,-0.3562789,-0.37635827,6797.0
IFEval,TPE,1,7,1e-06,0.04,800,233034.51002893448,71.92833,37.373737,91.28127,81.73671,79.325356,64.51039,79.60816,67.6,83.22581,1226.114,-0.058002844,0.45274383,0.09522116,27002.0
IFEval,TPE,2,1,1e-06,0.02,200,6797.101755475998,69.88055,36.363636,88.77938,81.99562,80.4679,59.353775,80.41624,73.4,77.597404,1217.1661,-0.38496372,-0.3562789,-0.37635827,6797.0
IFEval,TPE,3,5,1e-06,0.02,200,143948.69423089025,69.88055,36.363636,88.77938,81.99562,80.4679,59.353775,80.41624,73.4,77.597404,1217.1661,-0.38496372,-0.3562789,-0.37635827,6797.0
IFEval,TPE,4,1,1e-06,0.02,200,6797.10215291977,69.88055,36.363636,88.77938,81.99562,80.4679,59.353775,80.41624,73.4,77.597404,1217.1661,-0.38496372,-0.3562789,-0.37635827,6797.0
IFEval,TPE,5,3,4e-06,0.01,200,75480.50560674668,74.06143,36.363636,90.59894,82.25453,77.14908,69.228386,79.03363,56.866665,86.451614,1268.0673,0.18437842,0.08599696,0.15486398,6759.6
IFEval,TPE,6,5,1e-06,0.02,200,144113.69816026685,69.88055,36.363636,88.77938,81.99562,80.4679,59.353775,80.41624,73.4,77.597404,1217.1661,-0.38496372,-0.3562789,-0.37635827,6797.0
IFEval,TPE,7,3,1e-06,0.04,800,95952.89941153528,71.92833,37.373737,91.28127,81.73671,79.325356,64.51039,79.60816,67.6,83.22581,1226.114,-0.058002844,0.45274383,0.09522116,27002.0
IFEval,TPE,8,0,1e-06,0.02,200,6797.101896858216,69.88055,36.363636,88.77938,81.99562,80.4679,59.353775,80.41624,73.4,77.597404,1217.1661,-0.38496372,-0.3562789,-0.37635827,6797.0
IFEval,TPE,9,0,1e-06,0.02,200,6797.102171516419,69.88055,36.363636,88.77938,81.99562,80.4679,59.353775,80.41624,73.4,77.597404,1217.1661,-0.38496372,-0.3562789,-0.37635827,6797.0
IFEval,TPE,10,5,1e-06,0.02,200,144508.6995662212,69.88055,36.363636,88.77938,81.99562,80.4679,59.353775,80.41624,73.4,77.597404,1217.1661,-0.38496372,-0.3562789,-0.37635827,6797.0
IFEval,TPE,11,5,1e-06,0.02,200,144163.70082793233,69.88055,36.363636,88.77938,81.99562,80.4679,59.353775,80.41624,73.4,77.597404,1217.1661,-0.38496372,-0.3562789,-0.37635827,6797.0
IFEval,TPE,12,6,1e-06,0.04,800,233249.49894652364,71.92833,37.373737,91.28127,81.73671,79.325356,64.51039,79.60816,67.6,83.22581,1226.114,-0.058002844,0.45274383,0.09522116,27002.0
IFEval,TPE,13,5,1e-06,0.02,200,144253.71064028738,69.88055,36.363636,88.77938,81.99562,80.4679,59.353775,80.41624,73.4,77.597404,1217.1661,-0.38496372,-0.3562789,-0.37635827,6797.0
IFEval,TPE,14,6,1e-06,0.02,200,212649.49804983137,69.88055,36.363636,88.77938,81.99562,80.4679,59.353775,80.41624,73.4,77.597404,1217.1661,-0.38496372,-0.3562789,-0.37635827,6797.0
IFEval,TPE,15,1,1e-06,0.02,200,6797.1017530918125,69.88055,36.363636,88.77938,81.99562,80.4679,59.353775,80.41624,73.4,77.597404,1217.1661,-0.38496372,-0.3562789,-0.37635827,6797.0
IFEval,TPE,16,6,1e-06,0.02,200,212939.50202689169,69.88055,36.363636,88.77938,81.99562,80.4679,59.353775,80.41624,73.4,77.597404,1217.1661,-0.38496372,-0.3562789,-0.37635827,6797.0
IFEval,TPE,17,1,4e-06,0.01,200,6759.701811408997,74.06143,36.363636,90.59894,82.25453,77.14908,69.228386,79.03363,56.866665,86.451614,1268.0673,0.18437842,0.08599696,0.15486398,6759.6
IFEval,TPE,18,5,1e-06,0.02,200,144323.7052186489,69.88055,36.363636,88.77938,81.99562,80.4679,59.353775,80.41624,73.4,77.597404,1217.1661,-0.38496372,-0.3562789,-0.37635827,6797.0
IFEval,TPE,19,3,1e-06,0.02,200,75747.90248832703,69.88055,36.363636,88.77938,81.99562,80.4679,59.353775,80.41624,73.4,77.597404,1217.1661,-0.38496372,-0.3562789,-0.37635827,6797.0
IFEval,TPE,20,2,1e-06,0.01,200,75276.80924711228,69.96587,36.363636,89.31008,82.07529,80.52231,59.815693,80.17145,71.26667,88.3871,1232.8019,-0.2680202,0.6978711,0.021747177,6770.9
IFEval,TPE,21,4,4e-06,0.01,200,143841.2969616413,74.06143,36.363636,90.59894,82.25453,77.14908,69.228386,79.03363,56.866665,86.451614,1268.0673,0.18437842,0.08599696,0.15486398,6759.6
IFEval,TPE,22,5,1e-06,0.01,200,144297.60210976598,69.96587,36.363636,89.31008,82.07529,80.52231,59.815693,80.17145,71.26667,88.3871,1232.8019,-0.2680202,0.6978711,0.021747177,6770.9
IFEval,TPE,23,0,1e-06,0.02,200,6797.101919746399,69.88055,36.363636,88.77938,81.99562,80.4679,59.353775,80.41624,73.4,77.597404,1217.1661,-0.38496372,-0.3562789,-0.37635827,6797.0
IFEval,TPE,24,2,1e-06,0.02,200,75372.90254626275,69.88055,36.363636,88.77938,81.99562,80.4679,59.353775,80.41624,73.4,77.597404,1217.1661,-0.38496372,-0.3562789,-0.37635827,6797.0
MT-Bench,ASHA,0,4,1e-06,0.01,200,82552.00687561228,69.96587,36.363636,89.31008,82.07529,80.52231,59.815693,80.17145,71.26667,88.3871,1232.8019,-0.2680202,0.6978711,0.021747177,6770.9
MT-Bench,ASHA,1,0,2e-06,0.01,400,13579.00236186981,73.890785,33.333332,89.08264,82.43378,77.25789,69.29147,78.06819,58.6,86.53846,1270.0874,-0.09519755,0.36440444,0.042683043,13578.9
MT-Bench,ASHA,2,5,1e-06,0.01,200,129407.63064394382,69.96587,36.363636,89.31008,82.07529,80.52231,59.815693,80.17145,71.26667,88.3871,1232.8019,-0.2680202,0.6978711,0.021747177,6770.9
MT-Bench,ASHA,3,2,1e-06,0.01,200,75416.81288967133,69.96587,36.363636,89.31008,82.07529,80.52231,59.815693,80.17145,71.26667,88.3871,1232.8019,-0.2680202,0.6978711,0.021747177,6770.9
MT-Bench,ASHA,4,2,1e-06,0.01,200,75276.80762848855,69.96587,36.363636,89.31008,82.07529,80.52231,59.815693,80.17145,71.26667,88.3871,1232.8019,-0.2680202,0.6978711,0.021747177,6770.9
MT-Bench,ASHA,5,3,1e-06,0.01,200,75461.81564126015,69.96587,36.363636,89.31008,82.07529,80.52231,59.815693,80.17145,71.26667,88.3871,1232.8019,-0.2680202,0.6978711,0.021747177,6770.9
MT-Bench,ASHA,6,11,1e-06,0.01,200,246519.3013554666,69.96587,36.363636,89.31008,82.07529,80.52231,59.815693,80.17145,71.26667,88.3871,1232.8019,-0.2680202,0.6978711,0.021747177,6770.9
MT-Bench,ASHA,7,1,4e-06,0.01,200,6759.702094173432,74.06143,36.363636,90.59894,82.25453,77.14908,69.228386,79.03363,56.866665,86.451614,1268.0673,0.18437842,0.08599696,0.15486398,6759.6
MT-Bench,ASHA,8,3,1e-06,0.01,200,75796.80571732522,69.96587,36.363636,89.31008,82.07529,80.52231,59.815693,80.17145,71.26667,88.3871,1232.8019,-0.2680202,0.6978711,0.021747177,6770.9
MT-Bench,ASHA,9,5,1e-06,0.01,200,144152.60530695913,69.96587,36.363636,89.31008,82.07529,80.52231,59.815693,80.17145,71.26667,88.3871,1232.8019,-0.2680202,0.6978711,0.021747177,6770.9
MT-Bench,ASHA,10,1,1e-06,0.01,200,6771.001810407639,69.96587,36.363636,89.31008,82.07529,80.52231,59.815693,80.17145,71.26667,88.3871,1232.8019,-0.2680202,0.6978711,0.021747177,6770.9
MT-Bench,ASHA,11,7,1e-06,0.01,200,157747.96961293602,69.96587,36.363636,89.31008,82.07529,80.52231,59.815693,80.17145,71.26667,88.3871,1232.8019,-0.2680202,0.6978711,0.021747177,6770.9
MT-Bench,ASHA,12,2,1e-06,0.01,200,75461.79949340821,69.96587,36.363636,89.31008,82.07529,80.52231,59.815693,80.17145,71.26667,88.3871,1232.8019,-0.2680202,0.6978711,0.021747177,6770.9
MT-Bench,ASHA,13,6,1e-06,0.01,200,88927.26497421841,69.96587,36.363636,89.31008,82.07529,80.52231,59.815693,80.17145,71.26667,88.3871,1232.8019,-0.2680202,0.6978711,0.021747177,6770.9
MT-Bench,ASHA,14,0,1e-06,0.01,200,6771.0017698764805,69.96587,36.363636,89.31008,82.07529,80.52231,59.815693,80.17145,71.26667,88.3871,1232.8019,-0.2680202,0.6978711,0.021747177,6770.9
MT-Bench,ASHA,15,2,1e-06,0.01,200,75796.80330429078,69.96587,36.363636,89.31008,82.07529,80.52231,59.815693,80.17145,71.26667,88.3871,1232.8019,-0.2680202,0.6978711,0.021747177,6770.9
MT-Bench,ASHA,16,2,2e-06,0.01,400,82084.79863390923,73.890785,33.333332,89.08264,82.43378,77.25789,69.29147,78.06819,58.6,86.53846,1270.0874,-0.09519755,0.36440444,0.042683043,13578.9
MT-Bench,ASHA,17,4,1e-06,0.01,200,82261.98370561792,69.96587,36.363636,89.31008,82.07529,80.52231,59.815693,80.17145,71.26667,88.3871,1232.8019,-0.2680202,0.6978711,0.021747177,6770.9
MT-Bench,ASHA,18,4,1e-06,0.01,200,82246.98018751337,69.96587,36.363636,89.31008,82.07529,80.52231,59.815693,80.17145,71.26667,88.3871,1232.8019,-0.2680202,0.6978711,0.021747177,6770.9
MT-Bench,ASHA,19,2,1e-06,0.01,200,75491.80384430886,69.96587,36.363636,89.31008,82.07529,80.52231,59.815693,80.17145,71.26667,88.3871,1232.8019,-0.2680202,0.6978711,0.021747177,6770.9
MT-Bench,ASHA,20,5,1e-06,0.01,200,144107.7165998001,69.96587,36.363636,89.31008,82.07529,80.52231,59.815693,80.17145,71.26667,88.3871,1232.8019,-0.2680202,0.6978711,0.021747177,6770.9
MT-Bench,ASHA,21,1,1e-06,0.01,200,6771.001893854142,69.96587,36.363636,89.31008,82.07529,80.52231,59.815693,80.17145,71.26667,88.3871,1232.8019,-0.2680202,0.6978711,0.021747177,6770.9
MT-Bench,ASHA,22,1,1e-06,0.01,200,6771.001674985886,69.96587,36.363636,89.31008,82.07529,80.52231,59.815693,80.17145,71.26667,88.3871,1232.8019,-0.2680202,0.6978711,0.021747177,6770.9
MT-Bench,ASHA,23,6,1e-06,0.01,200,109407.50432859044,69.96587,36.363636,89.31008,82.07529,80.52231,59.815693,80.17145,71.26667,88.3871,1232.8019,-0.2680202,0.6978711,0.021747177,6770.9
MT-Bench,ASHA,24,13,1e-06,0.01,200,191433.97362696237,69.96587,36.363636,89.31008,82.07529,80.52231,59.815693,80.17145,71.26667,88.3871,1232.8019,-0.2680202,0.6978711,0.021747177,6770.9
MT-Bench,BOHB,0,4,1e-06,0.01,200,82551.984296896,69.96587,36.363636,89.31008,82.07529,80.52231,59.815693,80.17145,71.26667,88.3871,1232.8019,-0.2680202,0.6978711,0.021747177,6770.9
MT-Bench,BOHB,1,0,2e-06,0.01,400,13579.00201473236,73.890785,33.333332,89.08264,82.43378,77.25789,69.29147,78.06819,58.6,86.53846,1270.0874,-0.09519755,0.36440444,0.042683043,13578.9
MT-Bench,BOHB,2,1,1e-06,0.04,600,20251.602017021178,72.1843,37.373737,90.59894,81.9757,79.651794,64.12944,78.37294,67.6,87.012985,1232.0355,-0.19191346,0.5800525,0.03967633,20251.5
MT-Bench,BOHB,3,2,1e-06,0.01,200,75416.79987130166,69.96587,36.363636,89.31008,82.07529,80.52231,59.815693,80.17145,71.26667,88.3871,1232.8019,-0.2680202,0.6978711,0.021747177,6770.9
MT-Bench,BOHB,4,2,1e-06,0.01,200,75276.7998026371,69.96587,36.363636,89.31008,82.07529,80.52231,59.815693,80.17145,71.26667,88.3871,1232.8019,-0.2680202,0.6978711,0.021747177,6770.9
MT-Bench,BOHB,5,3,1e-06,0.01,200,75461.79872450829,69.96587,36.363636,89.31008,82.07529,80.52231,59.815693,80.17145,71.26667,88.3871,1232.8019,-0.2680202,0.6978711,0.021747177,6770.9
MT-Bench,BOHB,6,9,1e-06,0.01,200,211828.7980607584,69.96587,36.363636,89.31008,82.07529,80.52231,59.815693,80.17145,71.26667,88.3871,1232.8019,-0.2680202,0.6978711,0.021747177,6770.9
MT-Bench,BOHB,7,7,2e-06,0.01,400,219241.6001695193,73.890785,33.333332,89.08264,82.43378,77.25789,69.29147,78.06819,58.6,86.53846,1270.0874,-0.09519755,0.36440444,0.042683043,13578.9
MT-Bench,BOHB,8,3,1e-06,0.01,200,75796.80384573937,69.96587,36.363636,89.31008,82.07529,80.52231,59.815693,80.17145,71.26667,88.3871,1232.8019,-0.2680202,0.6978711,0.021747177,6770.9
MT-Bench,BOHB,9,5,1e-06,0.01,200,144152.5962441921,69.96587,36.363636,89.31008,82.07529,80.52231,59.815693,80.17145,71.26667,88.3871,1232.8019,-0.2680202,0.6978711,0.021747177,6770.9
MT-Bench,BOHB,10,1,1e-06,0.01,200,6771.001729345322,69.96587,36.363636,89.31008,82.07529,80.52231,59.815693,80.17145,71.26667,88.3871,1232.8019,-0.2680202,0.6978711,0.021747177,6770.9
MT-Bench,BOHB,11,8,1e-06,0.01,200,151028.0903531151,69.96587,36.363636,89.31008,82.07529,80.52231,59.815693,80.17145,71.26667,88.3871,1232.8019,-0.2680202,0.6978711,0.021747177,6770.9
MT-Bench,BOHB,12,2,1e-06,0.01,200,75461.79928693772,69.96587,36.363636,89.31008,82.07529,80.52231,59.815693,80.17145,71.26667,88.3871,1232.8019,-0.2680202,0.6978711,0.021747177,6770.9
MT-Bench,BOHB,13,11,2e-06,0.01,400,170016.54240094568,73.890785,33.333332,89.08264,82.43378,77.25789,69.29147,78.06819,58.6,86.53846,1270.0874,-0.09519755,0.36440444,0.042683043,13578.9
MT-Bench,BOHB,14,0,1e-06,0.01,200,6771.001784420014,69.96587,36.363636,89.31008,82.07529,80.52231,59.815693,80.17145,71.26667,88.3871,1232.8019,-0.2680202,0.6978711,0.021747177,6770.9
MT-Bench,BOHB,15,2,1e-06,0.01,200,75796.80499372483,69.96587,36.363636,89.31008,82.07529,80.52231,59.815693,80.17145,71.26667,88.3871,1232.8019,-0.2680202,0.6978711,0.021747177,6770.9
MT-Bench,BOHB,16,2,2e-06,0.01,400,82084.79815301896,73.890785,33.333332,89.08264,82.43378,77.25789,69.29147,78.06819,58.6,86.53846,1270.0874,-0.09519755,0.36440444,0.042683043,13578.9
MT-Bench,BOHB,17,4,1e-06,0.01,200,82261.98212275698,69.96587,36.363636,89.31008,82.07529,80.52231,59.815693,80.17145,71.26667,88.3871,1232.8019,-0.2680202,0.6978711,0.021747177,6770.9
MT-Bench,BOHB,18,4,1e-06,0.01,200,82246.98272142603,69.96587,36.363636,89.31008,82.07529,80.52231,59.815693,80.17145,71.26667,88.3871,1232.8019,-0.2680202,0.6978711,0.021747177,6770.9
MT-Bench,BOHB,19,2,1e-06,0.01,200,75491.80053315163,69.96587,36.363636,89.31008,82.07529,80.52231,59.815693,80.17145,71.26667,88.3871,1232.8019,-0.2680202,0.6978711,0.021747177,6770.9
MT-Bench,BOHB,20,9,2e-06,0.01,400,219636.70210729208,73.890785,33.333332,89.08264,82.43378,77.25789,69.29147,78.06819,58.6,86.53846,1270.0874,-0.09519755,0.36440444,0.042683043,13578.9
MT-Bench,BOHB,21,1,1e-06,0.01,200,6771.001733875275,69.96587,36.363636,89.31008,82.07529,80.52231,59.815693,80.17145,71.26667,88.3871,1232.8019,-0.2680202,0.6978711,0.021747177,6770.9
MT-Bench,BOHB,22,1,1e-06,0.01,200,6771.001878118515,69.96587,36.363636,89.31008,82.07529,80.52231,59.815693,80.17145,71.26667,88.3871,1232.8019,-0.2680202,0.6978711,0.021747177,6770.9
MT-Bench,BOHB,23,14,1e-06,0.01,200,163533.85381519306,69.96587,36.363636,89.31008,82.07529,80.52231,59.815693,80.17145,71.26667,88.3871,1232.8019,-0.2680202,0.6978711,0.021747177,6770.9
MT-Bench,BOHB,24,2,2e-06,0.01,400,82084.80496964455,73.890785,33.333332,89.08264,82.43378,77.25789,69.29147,78.06819,58.6,86.53846,1270.0874,-0.09519755,0.36440444,0.042683043,13578.9
MT-Bench,BOTorch,0,1,1e-06,0.01,200,6771.001948928833,69.96587,36.363636,89.31008,82.07529,80.52231,59.815693,80.17145,71.26667,88.3871,1232.8019,-0.2680202,0.6978711,0.021747177,6770.9
MT-Bench,BOTorch,1,7,1e-06,0.04,600,226730.1707044601,72.1843,37.373737,90.59894,81.9757,79.651794,64.12944,78.37294,67.6,87.012985,1232.0355,-0.19191346,0.5800525,0.03967633,20251.5
MT-Bench,BOTorch,2,1,1e-06,0.04,600,20251.601645326613,72.1843,37.373737,90.59894,81.9757,79.651794,64.12944,78.37294,67.6,87.012985,1232.0355,-0.19191346,0.5800525,0.03967633,20251.5
MT-Bench,BOTorch,3,2,4e-06,0.01,200,75450.507610178,74.06143,36.363636,90.59894,82.25453,77.14908,69.228386,79.03363,56.866665,86.451614,1268.0673,0.18437842,0.08599696,0.15486398,6759.6
MT-Bench,BOTorch,4,0,1e-06,0.04,600,20251.601937150957,72.1843,37.373737,90.59894,81.9757,79.651794,64.12944,78.37294,67.6,87.012985,1232.0355,-0.19191346,0.5800525,0.03967633,20251.5
MT-Bench,BOTorch,5,3,1e-06,0.01,200,75491.8043144703,69.96587,36.363636,89.31008,82.07529,80.52231,59.815693,80.17145,71.26667,88.3871,1232.8019,-0.2680202,0.6978711,0.021747177,6770.9
MT-Bench,BOTorch,6,0,1e-06,0.01,200,6771.001511192322,69.96587,36.363636,89.31008,82.07529,80.52231,59.815693,80.17145,71.26667,88.3871,1232.8019,-0.2680202,0.6978711,0.021747177,6770.9
MT-Bench,BOTorch,7,0,1e-06,0.04,600,20251.602025365828,72.1843,37.373737,90.59894,81.9757,79.651794,64.12944,78.37294,67.6,87.012985,1232.0355,-0.19191346,0.5800525,0.03967633,20251.5
MT-Bench,BOTorch,8,0,1e-06,0.01,200,6771.001542425156,69.96587,36.363636,89.31008,82.07529,80.52231,59.815693,80.17145,71.26667,88.3871,1232.8019,-0.2680202,0.6978711,0.021747177,6770.9
MT-Bench,BOTorch,9,1,2e-06,0.04,200,6767.002000188828,71.331055,36.868687,89.9166,82.03545,79.86942,62.660313,78.98243,67.2,84.31373,1232.137,-0.04909091,0.07977781,-0.010430298,6766.9
MT-Bench,BOTorch,10,0,1e-06,0.01,200,6771.00154004097,69.96587,36.363636,89.31008,82.07529,80.52231,59.815693,80.17145,71.26667,88.3871,1232.8019,-0.2680202,0.6978711,0.021747177,6770.9
MT-Bench,BOTorch,11,3,2e-06,0.01,400,82269.80201706887,73.890785,33.333332,89.08264,82.43378,77.25789,69.29147,78.06819,58.6,86.53846,1270.0874,-0.09519755,0.36440444,0.042683043,13578.9
MT-Bench,BOTorch,12,2,1e-06,0.04,600,88757.40988693238,72.1843,37.373737,90.59894,81.9757,79.651794,64.12944,78.37294,67.6,87.012985,1232.0355,-0.19191346,0.5800525,0.03967633,20251.5
MT-Bench,BOTorch,13,0,1e-06,0.04,600,20251.601603126524,72.1843,37.373737,90.59894,81.9757,79.651794,64.12944,78.37294,67.6,87.012985,1232.0355,-0.19191346,0.5800525,0.03967633,20251.5
MT-Bench,BOTorch,14,5,1e-06,0.01,200,144152.8537026405,69.96587,36.363636,89.31008,82.07529,80.52231,59.815693,80.17145,71.26667,88.3871,1232.8019,-0.2680202,0.6978711,0.021747177,6770.9
MT-Bench,BOTorch,15,2,1e-06,0.01,200,75346.79748473168,69.96587,36.363636,89.31008,82.07529,80.52231,59.815693,80.17145,71.26667,88.3871,1232.8019,-0.2680202,0.6978711,0.021747177,6770.9
MT-Bench,BOTorch,16,0,2e-06,0.01,400,13579.002338743208,73.890785,33.333332,89.08264,82.43378,77.25789,69.29147,78.06819,58.6,86.53846,1270.0874,-0.09519755,0.36440444,0.042683043,13578.9
MT-Bench,BOTorch,17,3,1e-06,0.01,200,75461.8054746151,69.96587,36.363636,89.31008,82.07529,80.52231,59.815693,80.17145,71.26667,88.3871,1232.8019,-0.2680202,0.6978711,0.021747177,6770.9
MT-Bench,BOTorch,18,1,1e-06,0.04,600,20251.601935005187,72.1843,37.373737,90.59894,81.9757,79.651794,64.12944,78.37294,67.6,87.012985,1232.0355,-0.19191346,0.5800525,0.03967633,20251.5
MT-Bench,BOTorch,19,3,1e-06,0.04,600,89202.40839776993,72.1843,37.373737,90.59894,81.9757,79.651794,64.12944,78.37294,67.6,87.012985,1232.0355,-0.19191346,0.5800525,0.03967633,20251.5
MT-Bench,BOTorch,20,3,2e-06,0.01,400,82154.80548343659,73.890785,33.333332,89.08264,82.43378,77.25789,69.29147,78.06819,58.6,86.53846,1270.0874,-0.09519755,0.36440444,0.042683043,13578.9
MT-Bench,BOTorch,21,3,1e-06,0.04,600,88942.40520224572,72.1843,37.373737,90.59894,81.9757,79.651794,64.12944,78.37294,67.6,87.012985,1232.0355,-0.19191346,0.5800525,0.03967633,20251.5
MT-Bench,BOTorch,22,0,1e-06,0.04,600,20251.602725601195,72.1843,37.373737,90.59894,81.9757,79.651794,64.12944,78.37294,67.6,87.012985,1232.0355,-0.19191346,0.5800525,0.03967633,20251.5
MT-Bench,BOTorch,23,0,1e-06,0.01,200,6771.00232205391,69.96587,36.363636,89.31008,82.07529,80.52231,59.815693,80.17145,71.26667,88.3871,1232.8019,-0.2680202,0.6978711,0.021747177,6770.9
MT-Bench,BOTorch,24,0,4e-06,0.01,200,6759.701892709732,74.06143,36.363636,90.59894,82.25453,77.14908,69.228386,79.03363,56.866665,86.451614,1268.0673,0.18437842,0.08599696,0.15486398,6759.6
MT-Bench,CQR,0,4,1e-06,0.01,200,144352.61230525968,69.96587,36.363636,89.31008,82.07529,80.52231,59.815693,80.17145,71.26667,88.3871,1232.8019,-0.2680202,0.6978711,0.021747177,6770.9
MT-Bench,CQR,1,5,1e-06,0.04,600,158303.20912561414,72.1843,37.373737,90.59894,81.9757,79.651794,64.12944,78.37294,67.6,87.012985,1232.0355,-0.19191346,0.5800525,0.03967633,20251.5
MT-Bench,CQR,2,5,1e-06,0.01,200,144487.61152563093,69.96587,36.363636,89.31008,82.07529,80.52231,59.815693,80.17145,71.26667,88.3871,1232.8019,-0.2680202,0.6978711,0.021747177,6770.9
MT-Bench,CQR,3,2,1e-06,0.01,200,75416.80007443429,69.96587,36.363636,89.31008,82.07529,80.52231,59.815693,80.17145,71.26667,88.3871,1232.8019,-0.2680202,0.6978711,0.021747177,6770.9
MT-Bench,CQR,4,2,1e-06,0.01,200,75276.79820833207,69.96587,36.363636,89.31008,82.07529,80.52231,59.815693,80.17145,71.26667,88.3871,1232.8019,-0.2680202,0.6978711,0.021747177,6770.9
MT-Bench,CQR,5,3,1e-06,0.01,200,75461.80362448693,69.96587,36.363636,89.31008,82.07529,80.52231,59.815693,80.17145,71.26667,88.3871,1232.8019,-0.2680202,0.6978711,0.021747177,6770.9
MT-Bench,CQR,6,1,1e-06,0.04,600,20251.60169968605,72.1843,37.373737,90.59894,81.9757,79.651794,64.12944,78.37294,67.6,87.012985,1232.0355,-0.19191346,0.5800525,0.03967633,20251.5
MT-Bench,CQR,7,6,1e-06,0.01,200,212713.6455524921,69.96587,36.363636,89.31008,82.07529,80.52231,59.815693,80.17145,71.26667,88.3871,1232.8019,-0.2680202,0.6978711,0.021747177,6770.9
MT-Bench,CQR,8,3,1e-06,0.01,200,75796.80596051217,69.96587,36.363636,89.31008,82.07529,80.52231,59.815693,80.17145,71.26667,88.3871,1232.8019,-0.2680202,0.6978711,0.021747177,6770.9
MT-Bench,CQR,9,5,1e-06,0.01,200,144152.60232791898,69.96587,36.363636,89.31008,82.07529,80.52231,59.815693,80.17145,71.26667,88.3871,1232.8019,-0.2680202,0.6978711,0.021747177,6770.9
MT-Bench,CQR,10,1,1e-06,0.01,200,6771.002006864548,69.96587,36.363636,89.31008,82.07529,80.52231,59.815693,80.17145,71.26667,88.3871,1232.8019,-0.2680202,0.6978711,0.021747177,6770.9
MT-Bench,CQR,11,7,1e-06,0.01,200,213393.8825989723,69.96587,36.363636,89.31008,82.07529,80.52231,59.815693,80.17145,71.26667,88.3871,1232.8019,-0.2680202,0.6978711,0.021747177,6770.9
MT-Bench,CQR,12,2,1e-06,0.01,200,75461.80457339287,69.96587,36.363636,89.31008,82.07529,80.52231,59.815693,80.17145,71.26667,88.3871,1232.8019,-0.2680202,0.6978711,0.021747177,6770.9
MT-Bench,CQR,13,4,1e-06,0.04,600,157473.19941363332,72.1843,37.373737,90.59894,81.9757,79.651794,64.12944,78.37294,67.6,87.012985,1232.0355,-0.19191346,0.5800525,0.03967633,20251.5
MT-Bench,CQR,14,0,1e-06,0.01,200,6771.00181016922,69.96587,36.363636,89.31008,82.07529,80.52231,59.815693,80.17145,71.26667,88.3871,1232.8019,-0.2680202,0.6978711,0.021747177,6770.9
MT-Bench,CQR,15,2,1e-06,0.01,200,75796.80818209649,69.96587,36.363636,89.31008,82.07529,80.52231,59.815693,80.17145,71.26667,88.3871,1232.8019,-0.2680202,0.6978711,0.021747177,6770.9
MT-Bench,CQR,16,5,1e-06,0.04,600,157923.21210274694,72.1843,37.373737,90.59894,81.9757,79.651794,64.12944,78.37294,67.6,87.012985,1232.0355,-0.19191346,0.5800525,0.03967633,20251.5
MT-Bench,CQR,17,4,1e-06,0.01,200,144137.60238251684,69.96587,36.363636,89.31008,82.07529,80.52231,59.815693,80.17145,71.26667,88.3871,1232.8019,-0.2680202,0.6978711,0.021747177,6770.9
MT-Bench,CQR,18,4,1e-06,0.01,200,144067.59915409086,69.96587,36.363636,89.31008,82.07529,80.52231,59.815693,80.17145,71.26667,88.3871,1232.8019,-0.2680202,0.6978711,0.021747177,6770.9
MT-Bench,CQR,19,2,1e-06,0.01,200,75491.80192933083,69.96587,36.363636,89.31008,82.07529,80.52231,59.815693,80.17145,71.26667,88.3871,1232.8019,-0.2680202,0.6978711,0.021747177,6770.9
MT-Bench,CQR,20,2,1e-06,0.04,600,88897.40348157883,72.1843,37.373737,90.59894,81.9757,79.651794,64.12944,78.37294,67.6,87.012985,1232.0355,-0.19191346,0.5800525,0.03967633,20251.5
MT-Bench,CQR,21,1,1e-06,0.01,200,6771.002163028717,69.96587,36.363636,89.31008,82.07529,80.52231,59.815693,80.17145,71.26667,88.3871,1232.8019,-0.2680202,0.6978711,0.021747177,6770.9
MT-Bench,CQR,22,1,1e-06,0.01,200,6771.001880979538,69.96587,36.363636,89.31008,82.07529,80.52231,59.815693,80.17145,71.26667,88.3871,1232.8019,-0.2680202,0.6978711,0.021747177,6770.9
MT-Bench,CQR,23,3,1e-06,0.04,600,88972.39941654206,72.1843,37.373737,90.59894,81.9757,79.651794,64.12944,78.37294,67.6,87.012985,1232.0355,-0.19191346,0.5800525,0.03967633,20251.5
MT-Bench,CQR,24,7,1e-06,0.01,200,212733.96625576017,69.96587,36.363636,89.31008,82.07529,80.52231,59.815693,80.17145,71.26667,88.3871,1232.8019,-0.2680202,0.6978711,0.021747177,6770.9
MT-Bench,RandomSearch,0,0,1e-06,0.04,600,20251.60183534622,72.1843,37.373737,90.59894,81.9757,79.651794,64.12944,78.37294,67.6,87.012985,1232.0355,-0.19191346,0.5800525,0.03967633,20251.5
MT-Bench,RandomSearch,1,0,1e-06,0.01,200,6771.0020683765415,69.96587,36.363636,89.31008,82.07529,80.52231,59.815693,80.17145,71.26667,88.3871,1232.8019,-0.2680202,0.6978711,0.021747177,6770.9
MT-Bench,RandomSearch,2,5,1e-06,0.01,200,144037.59874472616,69.96587,36.363636,89.31008,82.07529,80.52231,59.815693,80.17145,71.26667,88.3871,1232.8019,-0.2680202,0.6978711,0.021747177,6770.9
MT-Bench,RandomSearch,3,5,4e-06,0.01,200,143911.31220874784,74.06143,36.363636,90.59894,82.25453,77.14908,69.228386,79.03363,56.866665,86.451614,1268.0673,0.18437842,0.08599696,0.15486398,6759.6
MT-Bench,RandomSearch,4,2,1e-06,0.01,200,75416.80071578026,69.96587,36.363636,89.31008,82.07529,80.52231,59.815693,80.17145,71.26667,88.3871,1232.8019,-0.2680202,0.6978711,0.021747177,6770.9
MT-Bench,RandomSearch,5,5,1e-06,0.01,200,144297.6465404987,69.96587,36.363636,89.31008,82.07529,80.52231,59.815693,80.17145,71.26667,88.3871,1232.8019,-0.2680202,0.6978711,0.021747177,6770.9
MT-Bench,RandomSearch,6,1,1e-06,0.01,200,6771.002129411698,69.96587,36.363636,89.31008,82.07529,80.52231,59.815693,80.17145,71.26667,88.3871,1232.8019,-0.2680202,0.6978711,0.021747177,6770.9
MT-Bench,RandomSearch,7,6,1e-06,0.01,200,212808.43157515523,69.96587,36.363636,89.31008,82.07529,80.52231,59.815693,80.17145,71.26667,88.3871,1232.8019,-0.2680202,0.6978711,0.021747177,6770.9
MT-Bench,RandomSearch,8,1,2e-06,0.01,400,13579.002153015135,73.890785,33.333332,89.08264,82.43378,77.25789,69.29147,78.06819,58.6,86.53846,1270.0874,-0.09519755,0.36440444,0.042683043,13578.9
MT-Bench,RandomSearch,9,5,1e-06,0.01,200,144517.60689983366,69.96587,36.363636,89.31008,82.07529,80.52231,59.815693,80.17145,71.26667,88.3871,1232.8019,-0.2680202,0.6978711,0.021747177,6770.9
MT-Bench,RandomSearch,10,7,1e-06,0.01,200,213018.410703516,69.96587,36.363636,89.31008,82.07529,80.52231,59.815693,80.17145,71.26667,88.3871,1232.8019,-0.2680202,0.6978711,0.021747177,6770.9
MT-Bench,RandomSearch,11,3,1e-06,0.01,200,75416.80531511307,69.96587,36.363636,89.31008,82.07529,80.52231,59.815693,80.17145,71.26667,88.3871,1232.8019,-0.2680202,0.6978711,0.021747177,6770.9
MT-Bench,RandomSearch,12,0,1e-06,0.04,600,20251.602240180968,72.1843,37.373737,90.59894,81.9757,79.651794,64.12944,78.37294,67.6,87.012985,1232.0355,-0.19191346,0.5800525,0.03967633,20251.5
MT-Bench,RandomSearch,13,0,1e-06,0.04,600,20251.60200462341,72.1843,37.373737,90.59894,81.9757,79.651794,64.12944,78.37294,67.6,87.012985,1232.0355,-0.19191346,0.5800525,0.03967633,20251.5
MT-Bench,RandomSearch,14,6,1e-06,0.01,200,212788.4037111759,69.96587,36.363636,89.31008,82.07529,80.52231,59.815693,80.17145,71.26667,88.3871,1232.8019,-0.2680202,0.6978711,0.021747177,6770.9
MT-Bench,RandomSearch,15,7,1e-06,0.01,200,213438.41174468992,69.96587,36.363636,89.31008,82.07529,80.52231,59.815693,80.17145,71.26667,88.3871,1232.8019,-0.2680202,0.6978711,0.021747177,6770.9
MT-Bench,RandomSearch,16,1,1e-06,0.01,200,6771.001881217957,69.96587,36.363636,89.31008,82.07529,80.52231,59.815693,80.17145,71.26667,88.3871,1232.8019,-0.2680202,0.6978711,0.021747177,6770.9
MT-Bench,RandomSearch,17,2,1e-06,0.01,200,75326.80655012131,69.96587,36.363636,89.31008,82.07529,80.52231,59.815693,80.17145,71.26667,88.3871,1232.8019,-0.2680202,0.6978711,0.021747177,6770.9
MT-Bench,RandomSearch,18,4,1e-06,0.04,600,157403.20470438,72.1843,37.373737,90.59894,81.9757,79.651794,64.12944,78.37294,67.6,87.012985,1232.0355,-0.19191346,0.5800525,0.03967633,20251.5
MT-Bench,RandomSearch,19,2,1e-06,0.01,200,75491.80128393174,69.96587,36.363636,89.31008,82.07529,80.52231,59.815693,80.17145,71.26667,88.3871,1232.8019,-0.2680202,0.6978711,0.021747177,6770.9
MT-Bench,RandomSearch,20,3,1e-06,0.04,600,88942.40577063561,72.1843,37.373737,90.59894,81.9757,79.651794,64.12944,78.37294,67.6,87.012985,1232.0355,-0.19191346,0.5800525,0.03967633,20251.5
MT-Bench,RandomSearch,21,5,1e-06,0.04,600,157968.20095620153,72.1843,37.373737,90.59894,81.9757,79.651794,64.12944,78.37294,67.6,87.012985,1232.0355,-0.19191346,0.5800525,0.03967633,20251.5
MT-Bench,RandomSearch,22,1,1e-06,0.04,600,20251.601725673678,72.1843,37.373737,90.59894,81.9757,79.651794,64.12944,78.37294,67.6,87.012985,1232.0355,-0.19191346,0.5800525,0.03967633,20251.5
MT-Bench,RandomSearch,23,1,1e-06,0.01,200,6771.001907682419,69.96587,36.363636,89.31008,82.07529,80.52231,59.815693,80.17145,71.26667,88.3871,1232.8019,-0.2680202,0.6978711,0.021747177,6770.9
MT-Bench,RandomSearch,24,5,1e-06,0.04,600,157893.19906649587,72.1843,37.373737,90.59894,81.9757,79.651794,64.12944,78.37294,67.6,87.012985,1232.0355,-0.19191346,0.5800525,0.03967633,20251.5
MT-Bench,TPE,0,5,1e-06,0.04,600,157548.20609889028,72.1843,37.373737,90.59894,81.9757,79.651794,64.12944,78.37294,67.6,87.012985,1232.0355,-0.19191346,0.5800525,0.03967633,20251.5
MT-Bench,TPE,1,0,1e-06,0.01,200,6771.004642820359,69.96587,36.363636,89.31008,82.07529,80.52231,59.815693,80.17145,71.26667,88.3871,1232.8019,-0.2680202,0.6978711,0.021747177,6770.9
MT-Bench,TPE,2,3,1e-06,0.04,600,88897.39820275307,72.1843,37.373737,90.59894,81.9757,79.651794,64.12944,78.37294,67.6,87.012985,1232.0355,-0.19191346,0.5800525,0.03967633,20251.5
MT-Bench,TPE,3,2,1e-06,0.01,200,75461.79721126557,69.96587,36.363636,89.31008,82.07529,80.52231,59.815693,80.17145,71.26667,88.3871,1232.8019,-0.2680202,0.6978711,0.021747177,6770.9
MT-Bench,TPE,4,5,1e-06,0.01,200,144352.6157730579,69.96587,36.363636,89.31008,82.07529,80.52231,59.815693,80.17145,71.26667,88.3871,1232.8019,-0.2680202,0.6978711,0.021747177,6770.9
MT-Bench,TPE,5,5,1e-06,0.01,200,144297.6032675266,69.96587,36.363636,89.31008,82.07529,80.52231,59.815693,80.17145,71.26667,88.3871,1232.8019,-0.2680202,0.6978711,0.021747177,6770.9
MT-Bench,TPE,6,6,1e-06,0.01,200,212478.39847097397,69.96587,36.363636,89.31008,82.07529,80.52231,59.815693,80.17145,71.26667,88.3871,1232.8019,-0.2680202,0.6978711,0.021747177,6770.9
MT-Bench,TPE,7,5,1e-06,0.04,600,158228.2033747196,72.1843,37.373737,90.59894,81.9757,79.651794,64.12944,78.37294,67.6,87.012985,1232.0355,-0.19191346,0.5800525,0.03967633,20251.5
MT-Bench,TPE,8,5,1e-06,0.01,200,144302.59896550176,69.96587,36.363636,89.31008,82.07529,80.52231,59.815693,80.17145,71.26667,88.3871,1232.8019,-0.2680202,0.6978711,0.021747177,6770.9
MT-Bench,TPE,9,7,1e-06,0.01,200,213013.4005132675,69.96587,36.363636,89.31008,82.07529,80.52231,59.815693,80.17145,71.26667,88.3871,1232.8019,-0.2680202,0.6978711,0.021747177,6770.9
MT-Bench,TPE,10,3,1e-06,0.01,200,75796.80623254777,69.96587,36.363636,89.31008,82.07529,80.52231,59.815693,80.17145,71.26667,88.3871,1232.8019,-0.2680202,0.6978711,0.021747177,6770.9
MT-Bench,TPE,11,2,1e-06,0.01,200,75326.79528460503,69.96587,36.363636,89.31008,82.07529,80.52231,59.815693,80.17145,71.26667,88.3871,1232.8019,-0.2680202,0.6978711,0.021747177,6770.9
MT-Bench,TPE,12,0,1e-06,0.02,1200,40782.00039300919,72.44027,36.363636,91.50872,82.18482,79.37976,66.88289,78.193085,71.03333,85.25641,1264.299,0.27119657,1.2559471,0.5666217,40781.9
MT-Bench,TPE,13,3,1e-06,0.04,600,88942.39811739922,72.1843,37.373737,90.59894,81.9757,79.651794,64.12944,78.37294,67.6,87.012985,1232.0355,-0.19191346,0.5800525,0.03967633,20251.5
MT-Bench,TPE,14,3,2e-06,0.01,400,82299.79858336449,73.890785,33.333332,89.08264,82.43378,77.25789,69.29147,78.06819,58.6,86.53846,1270.0874,-0.09519755,0.36440444,0.042683043,13578.9
MT-Bench,TPE,15,3,1e-06,0.01,200,75796.8057299614,69.96587,36.363636,89.31008,82.07529,80.52231,59.815693,80.17145,71.26667,88.3871,1232.8019,-0.2680202,0.6978711,0.021747177,6770.9
MT-Bench,TPE,16,7,4e-06,0.01,200,213052.0952406883,74.06143,36.363636,90.59894,82.25453,77.14908,69.228386,79.03363,56.866665,86.451614,1268.0673,0.18437842,0.08599696,0.15486398,6759.6
MT-Bench,TPE,17,6,1e-06,0.01,200,212528.39584789277,69.96587,36.363636,89.31008,82.07529,80.52231,59.815693,80.17145,71.26667,88.3871,1232.8019,-0.2680202,0.6978711,0.021747177,6770.9
MT-Bench,TPE,18,0,1e-06,0.01,200,6771.001826143265,69.96587,36.363636,89.31008,82.07529,80.52231,59.815693,80.17145,71.26667,88.3871,1232.8019,-0.2680202,0.6978711,0.021747177,6770.9
MT-Bench,TPE,19,0,1e-06,0.01,200,6771.001713609696,69.96587,36.363636,89.31008,82.07529,80.52231,59.815693,80.17145,71.26667,88.3871,1232.8019,-0.2680202,0.6978711,0.021747177,6770.9
MT-Bench,TPE,20,2,1e-06,0.04,600,88897.39953861237,72.1843,37.373737,90.59894,81.9757,79.651794,64.12944,78.37294,67.6,87.012985,1232.0355,-0.19191346,0.5800525,0.03967633,20251.5
MT-Bench,TPE,21,6,1e-06,0.01,200,212903.3935504913,69.96587,36.363636,89.31008,82.07529,80.52231,59.815693,80.17145,71.26667,88.3871,1232.8019,-0.2680202,0.6978711,0.021747177,6770.9
MT-Bench,TPE,22,0,1e-06,0.01,200,6771.001918649674,69.96587,36.363636,89.31008,82.07529,80.52231,59.815693,80.17145,71.26667,88.3871,1232.8019,-0.2680202,0.6978711,0.021747177,6770.9
MT-Bench,TPE,23,0,1e-06,0.01,200,6771.0017789363865,69.96587,36.363636,89.31008,82.07529,80.52231,59.815693,80.17145,71.26667,88.3871,1232.8019,-0.2680202,0.6978711,0.021747177,6770.9
MT-Bench,TPE,24,2,1e-06,0.04,600,88942.40948495865,72.1843,37.373737,90.59894,81.9757,79.651794,64.12944,78.37294,67.6,87.012985,1232.0355,-0.19191346,0.5800525,0.03967633,20251.5
Z-All,ASHA,0,4,1e-06,0.01,400,89322.98293290331,72.35495,36.868687,92.191055,82.20474,78.726875,66.98725,77.646034,76.433334,88.3871,1276.745,0.17587416,1.6686784,0.62371546,13541.9
Z-All,ASHA,1,1,1e-06,0.02,1200,40782.00054798127,72.44027,36.363636,91.50872,82.18482,79.37976,66.88289,78.193085,71.03333,85.25641,1264.299,0.27119657,1.2559471,0.5666217,40781.9
Z-All,ASHA,2,5,1e-06,0.01,400,151258.7032216568,72.35495,36.868687,92.191055,82.20474,78.726875,66.98725,77.646034,76.433334,88.3871,1276.745,0.17587416,1.6686784,0.62371546,13541.9
Z-All,ASHA,3,4,4e-06,0.02,1800,136295.87946067046,73.20819,35.858585,90.44731,82.96156,79.81502,68.63984,74.0053,72.9,81.73077,1203.0208,0.5038259,0.76675457,0.5827045,60874.8
Z-All,ASHA,4,2,1e-06,0.01,400,82047.79831848145,72.35495,36.868687,92.191055,82.20474,78.726875,66.98725,77.646034,76.433334,88.3871,1276.745,0.17587416,1.6686784,0.62371546,13541.9
Z-All,ASHA,5,3,1e-06,0.01,400,82232.8004673481,72.35495,36.868687,92.191055,82.20474,78.726875,66.98725,77.646034,76.433334,88.3871,1276.745,0.17587416,1.6686784,0.62371546,13541.9
Z-All,ASHA,6,13,1e-06,0.01,400,246465.5353952557,72.35495,36.868687,92.191055,82.20474,78.726875,66.98725,77.646034,76.433334,88.3871,1276.745,0.17587416,1.6686784,0.62371546,13541.9
Z-All,ASHA,7,10,1e-06,0.01,400,233109.97430215625,72.35495,36.868687,92.191055,82.20474,78.726875,66.98725,77.646034,76.433334,88.3871,1276.745,0.17587416,1.6686784,0.62371546,13541.9
Z-All,ASHA,8,3,1e-06,0.01,400,82567.80633029938,72.35495,36.868687,92.191055,82.20474,78.726875,66.98725,77.646034,76.433334,88.3871,1276.745,0.17587416,1.6686784,0.62371546,13541.9
Z-All,ASHA,9,11,1e-06,0.01,400,177874.5419126622,72.35495,36.868687,92.191055,82.20474,78.726875,66.98725,77.646034,76.433334,88.3871,1276.745,0.17587416,1.6686784,0.62371546,13541.9
Z-All,ASHA,10,1,1e-06,0.01,400,13542.0022796154,72.35495,36.868687,92.191055,82.20474,78.726875,66.98725,77.646034,76.433334,88.3871,1276.745,0.17587416,1.6686784,0.62371546,13541.9
Z-All,ASHA,11,1,2e-06,0.02,200,6745.802212572098,71.672356,37.373737,91.12965,82.274445,79.434166,65.073105,78.32922,65.99167,84.09091,1262.9352,0.43261215,0.33052003,0.4019845,6745.7
Z-All,ASHA,12,2,1e-06,0.01,400,82232.80104527474,72.35495,36.868687,92.191055,82.20474,78.726875,66.98725,77.646034,76.433334,88.3871,1276.745,0.17587416,1.6686784,0.62371546,13541.9
Z-All,ASHA,13,8,1e-06,0.01,400,157634.08607827,72.35495,36.868687,92.191055,82.20474,78.726875,66.98725,77.646034,76.433334,88.3871,1276.745,0.17587416,1.6686784,0.62371546,13541.9
Z-All,ASHA,14,0,1e-06,0.01,400,13542.00209841728,72.35495,36.868687,92.191055,82.20474,78.726875,66.98725,77.646034,76.433334,88.3871,1276.745,0.17587416,1.6686784,0.62371546,13541.9
Z-All,ASHA,15,2,1e-06,0.01,400,82567.80309758187,72.35495,36.868687,92.191055,82.20474,78.726875,66.98725,77.646034,76.433334,88.3871,1276.745,0.17587416,1.6686784,0.62371546,13541.9
Z-All,ASHA,16,8,4e-06,0.02,200,212051.69807968705,72.61092,37.373737,91.43291,82.13503,78.23721,68.20614,78.7239,72.9,83.552635,1262.8114,0.4888241,0.6733288,0.5441755,6763.9
Z-All,ASHA,17,4,1e-06,0.01,400,89032.98214159205,72.35495,36.868687,92.191055,82.20474,78.726875,66.98725,77.646034,76.433334,88.3871,1276.745,0.17587416,1.6686784,0.62371546,13541.9
Z-All,ASHA,18,4,1e-06,0.01,400,89017.98796234324,72.35495,36.868687,92.191055,82.20474,78.726875,66.98725,77.646034,76.433334,88.3871,1276.745,0.17587416,1.6686784,0.62371546,13541.9
Z-All,ASHA,19,2,1e-06,0.01,400,82262.80604372025,72.35495,36.868687,92.191055,82.20474,78.726875,66.98725,77.646034,76.433334,88.3871,1276.745,0.17587416,1.6686784,0.62371546,13541.9
Z-All,ASHA,20,1,4e-06,0.02,1800,60874.90269145966,73.20819,35.858585,90.44731,82.96156,79.81502,68.63984,74.0053,72.9,81.73077,1203.0208,0.5038259,0.76675457,0.5827045,60874.8
Z-All,ASHA,21,1,1e-06,0.01,400,13542.003097629546,72.35495,36.868687,92.191055,82.20474,78.726875,66.98725,77.646034,76.433334,88.3871,1276.745,0.17587416,1.6686784,0.62371546,13541.9
Z-All,ASHA,22,1,1e-06,0.01,400,13542.00231823921,72.35495,36.868687,92.191055,82.20474,78.726875,66.98725,77.646034,76.433334,88.3871,1276.745,0.17587416,1.6686784,0.62371546,13541.9
Z-All,ASHA,23,12,2e-06,0.02,200,233384.1169408434,71.672356,37.373737,91.12965,82.274445,79.434166,65.073105,78.32922,65.99167,84.09091,1262.9352,0.43261215,0.33052003,0.4019845,6745.7
Z-All,ASHA,24,8,1e-06,0.01,400,150999.01618014148,72.35495,36.868687,92.191055,82.20474,78.726875,66.98725,77.646034,76.433334,88.3871,1276.745,0.17587416,1.6686784,0.62371546,13541.9
Z-All,BOHB,0,4,1e-06,0.01,400,89322.99420390322,72.35495,36.868687,92.191055,82.20474,78.726875,66.98725,77.646034,76.433334,88.3871,1276.745,0.17587416,1.6686784,0.62371546,13541.9
Z-All,BOHB,1,7,4e-06,0.02,1800,212436.87841449157,73.20819,35.858585,90.44731,82.96156,79.81502,68.63984,74.0053,72.9,81.73077,1203.0208,0.5038259,0.76675457,0.5827045,60874.8
Z-All,BOHB,2,7,1e-06,0.01,400,178264.2241180953,72.35495,36.868687,92.191055,82.20474,78.726875,66.98725,77.646034,76.433334,88.3871,1276.745,0.17587416,1.6686784,0.62371546,13541.9
Z-All,BOHB,3,4,4e-06,0.02,1800,136295.89073929976,73.20819,35.858585,90.44731,82.96156,79.81502,68.63984,74.0053,72.9,81.73077,1203.0208,0.5038259,0.76675457,0.5827045,60874.8
Z-All,BOHB,4,2,1e-06,0.01,400,82047.80128512383,72.35495,36.868687,92.191055,82.20474,78.726875,66.98725,77.646034,76.433334,88.3871,1276.745,0.17587416,1.6686784,0.62371546,13541.9
Z-All,BOHB,5,3,1e-06,0.01,400,82232.80163273812,72.35495,36.868687,92.191055,82.20474,78.726875,66.98725,77.646034,76.433334,88.3871,1276.745,0.17587416,1.6686784,0.62371546,13541.9
Z-All,BOHB,6,0,4e-06,0.02,1800,60874.90268883706,73.20819,35.858585,90.44731,82.96156,79.81502,68.63984,74.0053,72.9,81.73077,1203.0208,0.5038259,0.76675457,0.5827045,60874.8
Z-All,BOHB,7,0,1e-06,0.02,1200,40782.00035915375,72.44027,36.363636,91.50872,82.18482,79.37976,66.88289,78.193085,71.03333,85.25641,1264.299,0.27119657,1.2559471,0.5666217,40781.9
Z-All,BOHB,8,3,1e-06,0.01,400,82567.81210026742,72.35495,36.868687,92.191055,82.20474,78.726875,66.98725,77.646034,76.433334,88.3871,1276.745,0.17587416,1.6686784,0.62371546,13541.9
Z-All,BOHB,9,1,4e-06,0.02,1800,60874.90289530755,73.20819,35.858585,90.44731,82.96156,79.81502,68.63984,74.0053,72.9,81.73077,1203.0208,0.5038259,0.76675457,0.5827045,60874.8
Z-All,BOHB,10,1,1e-06,0.01,400,13542.00243768692,72.35495,36.868687,92.191055,82.20474,78.726875,66.98725,77.646034,76.433334,88.3871,1276.745,0.17587416,1.6686784,0.62371546,13541.9
Z-All,BOHB,11,13,1e-06,0.01,400,211840.2381347349,72.35495,36.868687,92.191055,82.20474,78.726875,66.98725,77.646034,76.433334,88.3871,1276.745,0.17587416,1.6686784,0.62371546,13541.9
Z-All,BOHB,12,2,1e-06,0.01,400,82232.80032858849,72.35495,36.868687,92.191055,82.20474,78.726875,66.98725,77.646034,76.433334,88.3871,1276.745,0.17587416,1.6686784,0.62371546,13541.9
Z-All,BOHB,13,12,1e-06,0.01,400,198124.87393604656,72.35495,36.868687,92.191055,82.20474,78.726875,66.98725,77.646034,76.433334,88.3871,1276.745,0.17587416,1.6686784,0.62371546,13541.9
Z-All,BOHB,14,0,1e-06,0.01,400,13542.002372360228,72.35495,36.868687,92.191055,82.20474,78.726875,66.98725,77.646034,76.433334,88.3871,1276.745,0.17587416,1.6686784,0.62371546,13541.9
Z-All,BOHB,15,2,1e-06,0.01,400,82567.80530796052,72.35495,36.868687,92.191055,82.20474,78.726875,66.98725,77.646034,76.433334,88.3871,1276.745,0.17587416,1.6686784,0.62371546,13541.9
Z-All,BOHB,16,10,1e-06,0.01,400,225599.98585163095,72.35495,36.868687,92.191055,82.20474,78.726875,66.98725,77.646034,76.433334,88.3871,1276.745,0.17587416,1.6686784,0.62371546,13541.9
Z-All,BOHB,17,4,1e-06,0.01,400,89032.98213944628,72.35495,36.868687,92.191055,82.20474,78.726875,66.98725,77.646034,76.433334,88.3871,1276.745,0.17587416,1.6686784,0.62371546,13541.9
Z-All,BOHB,18,4,1e-06,0.01,400,89017.98224816515,72.35495,36.868687,92.191055,82.20474,78.726875,66.98725,77.646034,76.433334,88.3871,1276.745,0.17587416,1.6686784,0.62371546,13541.9
Z-All,BOHB,19,2,1e-06,0.01,400,82262.80304107667,72.35495,36.868687,92.191055,82.20474,78.726875,66.98725,77.646034,76.433334,88.3871,1276.745,0.17587416,1.6686784,0.62371546,13541.9
Z-All,BOHB,20,9,1e-06,0.01,400,171204.28011523042,72.35495,36.868687,92.191055,82.20474,78.726875,66.98725,77.646034,76.433334,88.3871,1276.745,0.17587416,1.6686784,0.62371546,13541.9
Z-All,BOHB,21,1,1e-06,0.01,400,13542.002334451674,72.35495,36.868687,92.191055,82.20474,78.726875,66.98725,77.646034,76.433334,88.3871,1276.745,0.17587416,1.6686784,0.62371546,13541.9
Z-All,BOHB,22,1,1e-06,0.01,400,13542.002353048323,72.35495,36.868687,92.191055,82.20474,78.726875,66.98725,77.646034,76.433334,88.3871,1276.745,0.17587416,1.6686784,0.62371546,13541.9
Z-All,BOHB,23,7,1e-06,0.01,400,157968.8940528431,72.35495,36.868687,92.191055,82.20474,78.726875,66.98725,77.646034,76.433334,88.3871,1276.745,0.17587416,1.6686784,0.62371546,13541.9
Z-All,BOHB,24,6,4e-06,0.02,1800,149801.2505043564,73.20819,35.858585,90.44731,82.96156,79.81502,68.63984,74.0053,72.9,81.73077,1203.0208,0.5038259,0.76675457,0.5827045,60874.8
Z-All,BOTorch,0,1,4e-06,0.02,1800,60874.90274748803,73.20819,35.858585,90.44731,82.96156,79.81502,68.63984,74.0053,72.9,81.73077,1203.0208,0.5038259,0.76675457,0.5827045,60874.8
Z-All,BOTorch,1,1,2e-06,0.01,200,6789.501823997498,72.01365,36.868687,91.96361,82.23461,78.67247,66.43039,77.74721,58.6,85.80645,1285.0702,0.2069333,0.31286138,0.23871173,6789.4
Z-All,BOTorch,2,1,1e-06,0.01,400,13542.002330636977,72.35495,36.868687,92.191055,82.20474,78.726875,66.98725,77.646034,76.433334,88.3871,1276.745,0.17587416,1.6686784,0.62371546,13541.9
Z-All,BOTorch,3,3,2e-06,0.02,200,75301.60171422959,71.672356,37.373737,91.12965,82.274445,79.434166,65.073105,78.32922,65.99167,84.09091,1262.9352,0.43261215,0.33052003,0.4019845,6745.7
Z-All,BOTorch,4,0,1e-06,0.02,1200,40782.00002441407,72.44027,36.363636,91.50872,82.18482,79.37976,66.88289,78.193085,71.03333,85.25641,1264.299,0.27119657,1.2559471,0.5666217,40781.9
Z-All,BOTorch,5,2,4e-06,0.02,1800,129430.69832882882,73.20819,35.858585,90.44731,82.96156,79.81502,68.63984,74.0053,72.9,81.73077,1203.0208,0.5038259,0.76675457,0.5827045,60874.8
Z-All,BOTorch,6,3,1e-06,0.01,400,82187.79903230668,72.35495,36.868687,92.191055,82.20474,78.726875,66.98725,77.646034,76.433334,88.3871,1276.745,0.17587416,1.6686784,0.62371546,13541.9
Z-All,BOTorch,7,3,2e-06,0.02,200,75696.6078547001,71.672356,37.373737,91.12965,82.274445,79.434166,65.073105,78.32922,65.99167,84.09091,1262.9352,0.43261215,0.33052003,0.4019845,6745.7
Z-All,BOTorch,8,1,2e-06,0.01,200,6789.501802539826,72.01365,36.868687,91.96361,82.23461,78.67247,66.43039,77.74721,58.6,85.80645,1285.0702,0.2069333,0.31286138,0.23871173,6789.4
Z-All,BOTorch,9,1,1e-06,0.01,400,13542.005485868453,72.35495,36.868687,92.191055,82.20474,78.726875,66.98725,77.646034,76.433334,88.3871,1276.745,0.17587416,1.6686784,0.62371546,13541.9
Z-All,BOTorch,10,1,1e-06,0.01,400,13542.002330398558,72.35495,36.868687,92.191055,82.20474,78.726875,66.98725,77.646034,76.433334,88.3871,1276.745,0.17587416,1.6686784,0.62371546,13541.9
Z-All,BOTorch,11,0,1e-06,0.01,400,13542.001964902876,72.35495,36.868687,92.191055,82.20474,78.726875,66.98725,77.646034,76.433334,88.3871,1276.745,0.17587416,1.6686784,0.62371546,13541.9
Z-All,BOTorch,12,2,4e-06,0.02,1800,129380.7046295166,73.20819,35.858585,90.44731,82.96156,79.81502,68.63984,74.0053,72.9,81.73077,1203.0208,0.5038259,0.76675457,0.5827045,60874.8
Z-All,BOTorch,13,1,4e-06,0.02,1800,60874.90277657509,73.20819,35.858585,90.44731,82.96156,79.81502,68.63984,74.0053,72.9,81.73077,1203.0208,0.5038259,0.76675457,0.5827045,60874.8
Z-All,BOTorch,14,1,1e-06,0.01,400,13542.002024269104,72.35495,36.868687,92.191055,82.20474,78.726875,66.98725,77.646034,76.433334,88.3871,1276.745,0.17587416,1.6686784,0.62371546,13541.9
Z-All,BOTorch,15,2,4e-06,0.02,1800,129825.70494446756,73.20819,35.858585,90.44731,82.96156,79.81502,68.63984,74.0053,72.9,81.73077,1203.0208,0.5038259,0.76675457,0.5827045,60874.8
Z-All,BOTorch,16,0,2e-06,0.02,200,6745.802054262162,71.672356,37.373737,91.12965,82.274445,79.434166,65.073105,78.32922,65.99167,84.09091,1262.9352,0.43261215,0.33052003,0.4019845,6745.7
Z-All,BOTorch,17,0,1e-06,0.01,400,13542.002311325072,72.35495,36.868687,92.191055,82.20474,78.726875,66.98725,77.646034,76.433334,88.3871,1276.745,0.17587416,1.6686784,0.62371546,13541.9
Z-All,BOTorch,18,3,4e-06,0.02,1800,129520.70115981104,73.20819,35.858585,90.44731,82.96156,79.81502,68.63984,74.0053,72.9,81.73077,1203.0208,0.5038259,0.76675457,0.5827045,60874.8
Z-All,BOTorch,19,0,2e-06,0.02,200,6745.801997280121,71.672356,37.373737,91.12965,82.274445,79.434166,65.073105,78.32922,65.99167,84.09091,1262.9352,0.43261215,0.33052003,0.4019845,6745.7
Z-All,BOTorch,20,3,2e-06,0.02,200,75696.60284528733,71.672356,37.373737,91.12965,82.274445,79.434166,65.073105,78.32922,65.99167,84.09091,1262.9352,0.43261215,0.33052003,0.4019845,6745.7
Z-All,BOTorch,21,2,1e-06,0.01,400,82047.79747114182,72.35495,36.868687,92.191055,82.20474,78.726875,66.98725,77.646034,76.433334,88.3871,1276.745,0.17587416,1.6686784,0.62371546,13541.9
Z-All,BOTorch,22,1,4e-06,0.02,1800,60874.902578449255,73.20819,35.858585,90.44731,82.96156,79.81502,68.63984,74.0053,72.9,81.73077,1203.0208,0.5038259,0.76675457,0.5827045,60874.8
Z-All,BOTorch,23,2,2e-06,0.01,200,75345.31193003655,72.01365,36.868687,91.96361,82.23461,78.67247,66.43039,77.74721,58.6,85.80645,1285.0702,0.2069333,0.31286138,0.23871173,6789.4
Z-All,BOTorch,24,0,4e-06,0.02,1800,60874.90277609826,73.20819,35.858585,90.44731,82.96156,79.81502,68.63984,74.0053,72.9,81.73077,1203.0208,0.5038259,0.76675457,0.5827045,60874.8
Z-All,CQR,0,4,1e-06,0.01,400,151123.60697588918,72.35495,36.868687,92.191055,82.20474,78.726875,66.98725,77.646034,76.433334,88.3871,1276.745,0.17587416,1.6686784,0.62371546,13541.9
Z-All,CQR,1,7,1e-06,0.01,400,220469.8716476917,72.35495,36.868687,92.191055,82.20474,78.726875,66.98725,77.646034,76.433334,88.3871,1276.745,0.17587416,1.6686784,0.62371546,13541.9
Z-All,CQR,2,5,1e-06,0.01,400,151258.6022101402,72.35495,36.868687,92.191055,82.20474,78.726875,66.98725,77.646034,76.433334,88.3871,1276.745,0.17587416,1.6686784,0.62371546,13541.9
Z-All,CQR,3,2,1e-06,0.01,400,82187.8015888691,72.35495,36.868687,92.191055,82.20474,78.726875,66.98725,77.646034,76.433334,88.3871,1276.745,0.17587416,1.6686784,0.62371546,13541.9
Z-All,CQR,4,2,1e-06,0.01,400,82047.80314526559,72.35495,36.868687,92.191055,82.20474,78.726875,66.98725,77.646034,76.433334,88.3871,1276.745,0.17587416,1.6686784,0.62371546,13541.9
Z-All,CQR,5,3,1e-06,0.01,400,82232.80169901848,72.35495,36.868687,92.191055,82.20474,78.726875,66.98725,77.646034,76.433334,88.3871,1276.745,0.17587416,1.6686784,0.62371546,13541.9
Z-All,CQR,6,0,4e-06,0.02,1800,60874.90262660981,73.20819,35.858585,90.44731,82.96156,79.81502,68.63984,74.0053,72.9,81.73077,1203.0208,0.5038259,0.76675457,0.5827045,60874.8
Z-All,CQR,7,0,1e-06,0.02,1200,40782.0004392624,72.44027,36.363636,91.50872,82.18482,79.37976,66.88289,78.193085,71.03333,85.25641,1264.299,0.27119657,1.2559471,0.5666217,40781.9
Z-All,CQR,8,3,1e-06,0.01,400,82567.80351171494,72.35495,36.868687,92.191055,82.20474,78.726875,66.98725,77.646034,76.433334,88.3871,1276.745,0.17587416,1.6686784,0.62371546,13541.9
Z-All,CQR,9,5,1e-06,0.01,400,150923.59851131437,72.35495,36.868687,92.191055,82.20474,78.726875,66.98725,77.646034,76.433334,88.3871,1276.745,0.17587416,1.6686784,0.62371546,13541.9
Z-All,CQR,10,1,1e-06,0.01,400,13542.002349948882,72.35495,36.868687,92.191055,82.20474,78.726875,66.98725,77.646034,76.433334,88.3871,1276.745,0.17587416,1.6686784,0.62371546,13541.9
Z-All,CQR,11,7,1e-06,0.01,400,220164.89909825323,72.35495,36.868687,92.191055,82.20474,78.726875,66.98725,77.646034,76.433334,88.3871,1276.745,0.17587416,1.6686784,0.62371546,13541.9
Z-All,CQR,12,2,1e-06,0.01,400,82232.80542263985,72.35495,36.868687,92.191055,82.20474,78.726875,66.98725,77.646034,76.433334,88.3871,1276.745,0.17587416,1.6686784,0.62371546,13541.9
Z-All,CQR,13,3,1e-06,0.02,1200,109427.79522881508,72.44027,36.363636,91.50872,82.18482,79.37976,66.88289,78.193085,71.03333,85.25641,1264.299,0.27119657,1.2559471,0.5666217,40781.9
Z-All,CQR,14,0,1e-06,0.01,400,13542.002904987334,72.35495,36.868687,92.191055,82.20474,78.726875,66.98725,77.646034,76.433334,88.3871,1276.745,0.17587416,1.6686784,0.62371546,13541.9
Z-All,CQR,15,2,1e-06,0.01,400,82567.8062444687,72.35495,36.868687,92.191055,82.20474,78.726875,66.98725,77.646034,76.433334,88.3871,1276.745,0.17587416,1.6686784,0.62371546,13541.9
Z-All,CQR,16,6,4e-06,0.02,200,212991.6737607479,72.61092,37.373737,91.43291,82.13503,78.23721,68.20614,78.7239,72.9,83.552635,1262.8114,0.4888241,0.6733288,0.5441755,6763.9
Z-All,CQR,17,4,1e-06,0.01,400,150908.60986409185,72.35495,36.868687,92.191055,82.20474,78.726875,66.98725,77.646034,76.433334,88.3871,1276.745,0.17587416,1.6686784,0.62371546,13541.9
Z-All,CQR,18,4,1e-06,0.01,400,150838.60109648702,72.35495,36.868687,92.191055,82.20474,78.726875,66.98725,77.646034,76.433334,88.3871,1276.745,0.17587416,1.6686784,0.62371546,13541.9
Z-All,CQR,19,2,1e-06,0.01,400,82262.80023036004,72.35495,36.868687,92.191055,82.20474,78.726875,66.98725,77.646034,76.433334,88.3871,1276.745,0.17587416,1.6686784,0.62371546,13541.9
Z-All,CQR,20,1,4e-06,0.02,1800,60874.90437135697,73.20819,35.858585,90.44731,82.96156,79.81502,68.63984,74.0053,72.9,81.73077,1203.0208,0.5038259,0.76675457,0.5827045,60874.8
Z-All,CQR,21,1,1e-06,0.01,400,13542.002343988415,72.35495,36.868687,92.191055,82.20474,78.726875,66.98725,77.646034,76.433334,88.3871,1276.745,0.17587416,1.6686784,0.62371546,13541.9
Z-All,CQR,22,1,1e-06,0.01,400,13542.002299404145,72.35495,36.868687,92.191055,82.20474,78.726875,66.98725,77.646034,76.433334,88.3871,1276.745,0.17587416,1.6686784,0.62371546,13541.9
Z-All,CQR,23,2,1e-06,0.02,1200,109427.7999115944,72.44027,36.363636,91.50872,82.18482,79.37976,66.88289,78.193085,71.03333,85.25641,1264.299,0.27119657,1.2559471,0.5666217,40781.9
Z-All,CQR,24,7,1e-06,0.01,400,219504.93983802796,72.35495,36.868687,92.191055,82.20474,78.726875,66.98725,77.646034,76.433334,88.3871,1276.745,0.17587416,1.6686784,0.62371546,13541.9
Z-All,RandomSearch,0,1,1e-06,0.01,400,13542.003564691542,72.35495,36.868687,92.191055,82.20474,78.726875,66.98725,77.646034,76.433334,88.3871,1276.745,0.17587416,1.6686784,0.62371546,13541.9
Z-All,RandomSearch,1,3,4e-06,0.02,1800,129520.70292243958,73.20819,35.858585,90.44731,82.96156,79.81502,68.63984,74.0053,72.9,81.73077,1203.0208,0.5038259,0.76675457,0.5827045,60874.8
Z-All,RandomSearch,2,3,1e-06,0.01,400,82262.80146417618,72.35495,36.868687,92.191055,82.20474,78.726875,66.98725,77.646034,76.433334,88.3871,1276.745,0.17587416,1.6686784,0.62371546,13541.9
Z-All,RandomSearch,3,5,4e-06,0.02,1800,198401.50064597127,73.20819,35.858585,90.44731,82.96156,79.81502,68.63984,74.0053,72.9,81.73077,1203.0208,0.5038259,0.76675457,0.5827045,60874.8
Z-All,RandomSearch,4,6,1e-06,0.02,1200,246489.39850602148,72.44027,36.363636,91.50872,82.18482,79.37976,66.88289,78.193085,71.03333,85.25641,1264.299,0.27119657,1.2559471,0.5666217,40781.9
Z-All,RandomSearch,5,0,1e-06,0.01,400,13542.002696132658,72.35495,36.868687,92.191055,82.20474,78.726875,66.98725,77.646034,76.433334,88.3871,1276.745,0.17587416,1.6686784,0.62371546,13541.9
Z-All,RandomSearch,6,0,4e-06,0.02,1800,60874.90294108392,73.20819,35.858585,90.44731,82.96156,79.81502,68.63984,74.0053,72.9,81.73077,1203.0208,0.5038259,0.76675457,0.5827045,60874.8
Z-All,RandomSearch,7,0,1e-06,0.02,1200,40782.00029716492,72.44027,36.363636,91.50872,82.18482,79.37976,66.88289,78.193085,71.03333,85.25641,1264.299,0.27119657,1.2559471,0.5666217,40781.9
Z-All,RandomSearch,8,0,1e-06,0.01,400,13542.003558731078,72.35495,36.868687,92.191055,82.20474,78.726875,66.98725,77.646034,76.433334,88.3871,1276.745,0.17587416,1.6686784,0.62371546,13541.9
Z-All,RandomSearch,9,1,4e-06,0.02,1800,60874.90271220208,73.20819,35.858585,90.44731,82.96156,79.81502,68.63984,74.0053,72.9,81.73077,1203.0208,0.5038259,0.76675457,0.5827045,60874.8
Z-All,RandomSearch,10,5,4e-06,0.02,1800,198456.5007616043,73.20819,35.858585,90.44731,82.96156,79.81502,68.63984,74.0053,72.9,81.73077,1203.0208,0.5038259,0.76675457,0.5827045,60874.8
Z-All,RandomSearch,11,0,4e-06,0.02,1800,60874.90305528641,73.20819,35.858585,90.44731,82.96156,79.81502,68.63984,74.0053,72.9,81.73077,1203.0208,0.5038259,0.76675457,0.5827045,60874.8
Z-All,RandomSearch,12,0,4e-06,0.02,1800,60874.90271339417,73.20819,35.858585,90.44731,82.96156,79.81502,68.63984,74.0053,72.9,81.73077,1203.0208,0.5038259,0.76675457,0.5827045,60874.8
Z-All,RandomSearch,13,4,1e-06,0.02,1200,177843.59357271192,72.44027,36.363636,91.50872,82.18482,79.37976,66.88289,78.193085,71.03333,85.25641,1264.299,0.27119657,1.2559471,0.5666217,40781.9
Z-All,RandomSearch,14,5,1e-06,0.01,400,151183.6060458183,72.35495,36.868687,92.191055,82.20474,78.726875,66.98725,77.646034,76.433334,88.3871,1276.745,0.17587416,1.6686784,0.62371546,13541.9
Z-All,RandomSearch,15,1,4e-06,0.02,1800,60874.902484512335,73.20819,35.858585,90.44731,82.96156,79.81502,68.63984,74.0053,72.9,81.73077,1203.0208,0.5038259,0.76675457,0.5827045,60874.8
Z-All,RandomSearch,16,3,1e-06,0.01,400,82492.80850634575,72.35495,36.868687,92.191055,82.20474,78.726875,66.98725,77.646034,76.433334,88.3871,1276.745,0.17587416,1.6686784,0.62371546,13541.9
Z-All,RandomSearch,17,3,4e-06,0.02,1800,129825.70315585136,73.20819,35.858585,90.44731,82.96156,79.81502,68.63984,74.0053,72.9,81.73077,1203.0208,0.5038259,0.76675457,0.5827045,60874.8
Z-All,RandomSearch,18,3,1e-06,0.01,400,82567.81150231362,72.35495,36.868687,92.191055,82.20474,78.726875,66.98725,77.646034,76.433334,88.3871,1276.745,0.17587416,1.6686784,0.62371546,13541.9
Z-All,RandomSearch,19,1,1e-06,0.02,1200,40782.00037846566,72.44027,36.363636,91.50872,82.18482,79.37976,66.88289,78.193085,71.03333,85.25641,1264.299,0.27119657,1.2559471,0.5666217,40781.9
Z-All,RandomSearch,20,3,1e-06,0.01,400,82232.80348858834,72.35495,36.868687,92.191055,82.20474,78.726875,66.98725,77.646034,76.433334,88.3871,1276.745,0.17587416,1.6686784,0.62371546,13541.9
Z-All,RandomSearch,21,5,1e-06,0.02,1200,178238.6076496601,72.44027,36.363636,91.50872,82.18482,79.37976,66.88289,78.193085,71.03333,85.25641,1264.299,0.27119657,1.2559471,0.5666217,40781.9
Z-All,RandomSearch,22,4,1e-06,0.01,400,150818.60433993337,72.35495,36.868687,92.191055,82.20474,78.726875,66.98725,77.646034,76.433334,88.3871,1276.745,0.17587416,1.6686784,0.62371546,13541.9
Z-All,RandomSearch,23,0,1e-06,0.01,400,13542.002528524396,72.35495,36.868687,92.191055,82.20474,78.726875,66.98725,77.646034,76.433334,88.3871,1276.745,0.17587416,1.6686784,0.62371546,13541.9
Z-All,RandomSearch,24,4,1e-06,0.02,1200,177863.59930071828,72.44027,36.363636,91.50872,82.18482,79.37976,66.88289,78.193085,71.03333,85.25641,1264.299,0.27119657,1.2559471,0.5666217,40781.9
Z-All,TPE,0,0,1e-06,0.01,400,13542.00246415138,72.35495,36.868687,92.191055,82.20474,78.726875,66.98725,77.646034,76.433334,88.3871,1276.745,0.17587416,1.6686784,0.62371546,13541.9
Z-All,TPE,1,3,1e-06,0.01,400,82492.8043132782,72.35495,36.868687,92.191055,82.20474,78.726875,66.98725,77.646034,76.433334,88.3871,1276.745,0.17587416,1.6686784,0.62371546,13541.9
Z-All,TPE,2,6,1e-06,0.01,400,219314.3945518493,72.35495,36.868687,92.191055,82.20474,78.726875,66.98725,77.646034,76.433334,88.3871,1276.745,0.17587416,1.6686784,0.62371546,13541.9
Z-All,TPE,3,0,4e-06,0.02,1800,60874.90262327195,73.20819,35.858585,90.44731,82.96156,79.81502,68.63984,74.0053,72.9,81.73077,1203.0208,0.5038259,0.76675457,0.5827045,60874.8
Z-All,TPE,4,0,2e-06,0.02,200,6745.802162981034,71.672356,37.373737,91.12965,82.274445,79.434166,65.073105,78.32922,65.99167,84.09091,1262.9352,0.43261215,0.33052003,0.4019845,6745.7
Z-All,TPE,5,1,1e-06,0.01,400,13542.002348279952,72.35495,36.868687,92.191055,82.20474,78.726875,66.98725,77.646034,76.433334,88.3871,1276.745,0.17587416,1.6686784,0.62371546,13541.9
Z-All,TPE,6,1,1e-06,0.02,1200,40782.00040278435,72.44027,36.363636,91.50872,82.18482,79.37976,66.88289,78.193085,71.03333,85.25641,1264.299,0.27119657,1.2559471,0.5666217,40781.9
Z-All,TPE,7,4,1e-06,0.01,400,150953.6001955032,72.35495,36.868687,92.191055,82.20474,78.726875,66.98725,77.646034,76.433334,88.3871,1276.745,0.17587416,1.6686784,0.62371546,13541.9
Z-All,TPE,8,0,1e-06,0.02,1200,40782.000447845465,72.44027,36.363636,91.50872,82.18482,79.37976,66.88289,78.193085,71.03333,85.25641,1264.299,0.27119657,1.2559471,0.5666217,40781.9
Z-All,TPE,9,5,1e-06,0.01,400,150818.6012104511,72.35495,36.868687,92.191055,82.20474,78.726875,66.98725,77.646034,76.433334,88.3871,1276.745,0.17587416,1.6686784,0.62371546,13541.9
Z-All,TPE,10,3,1e-06,0.01,400,82262.80125842095,72.35495,36.868687,92.191055,82.20474,78.726875,66.98725,77.646034,76.433334,88.3871,1276.745,0.17587416,1.6686784,0.62371546,13541.9
Z-All,TPE,11,1,4e-06,0.02,1800,60874.90269789696,73.20819,35.858585,90.44731,82.96156,79.81502,68.63984,74.0053,72.9,81.73077,1203.0208,0.5038259,0.76675457,0.5827045,60874.8
Z-All,TPE,12,7,1e-06,0.01,400,219859.4141379356,72.35495,36.868687,92.191055,82.20474,78.726875,66.98725,77.646034,76.433334,88.3871,1276.745,0.17587416,1.6686784,0.62371546,13541.9
Z-All,TPE,13,3,1e-06,0.01,400,82492.8035150528,72.35495,36.868687,92.191055,82.20474,78.726875,66.98725,77.646034,76.433334,88.3871,1276.745,0.17587416,1.6686784,0.62371546,13541.9
Z-All,TPE,14,6,1e-06,0.01,400,219904.40950093267,72.35495,36.868687,92.191055,82.20474,78.726875,66.98725,77.646034,76.433334,88.3871,1276.745,0.17587416,1.6686784,0.62371546,13541.9
Z-All,TPE,15,7,1e-06,0.01,400,219414.39390931127,72.35495,36.868687,92.191055,82.20474,78.726875,66.98725,77.646034,76.433334,88.3871,1276.745,0.17587416,1.6686784,0.62371546,13541.9
Z-All,TPE,16,6,1e-06,0.01,400,219739.40527877805,72.35495,36.868687,92.191055,82.20474,78.726875,66.98725,77.646034,76.433334,88.3871,1276.745,0.17587416,1.6686784,0.62371546,13541.9
Z-All,TPE,17,2,1e-06,0.01,400,82187.79833397866,72.35495,36.868687,92.191055,82.20474,78.726875,66.98725,77.646034,76.433334,88.3871,1276.745,0.17587416,1.6686784,0.62371546,13541.9
Z-All,TPE,18,5,1e-06,0.01,400,150908.59836778638,72.35495,36.868687,92.191055,82.20474,78.726875,66.98725,77.646034,76.433334,88.3871,1276.745,0.17587416,1.6686784,0.62371546,13541.9
Z-All,TPE,19,1,4e-06,0.02,1800,60874.90274033547,73.20819,35.858585,90.44731,82.96156,79.81502,68.63984,74.0053,72.9,81.73077,1203.0208,0.5038259,0.76675457,0.5827045,60874.8
Z-All,TPE,20,0,1e-06,0.01,400,13542.00237545967,72.35495,36.868687,92.191055,82.20474,78.726875,66.98725,77.646034,76.433334,88.3871,1276.745,0.17587416,1.6686784,0.62371546,13541.9
Z-All,TPE,21,3,1e-06,0.01,400,82097.80640993119,72.35495,36.868687,92.191055,82.20474,78.726875,66.98725,77.646034,76.433334,88.3871,1276.745,0.17587416,1.6686784,0.62371546,13541.9
Z-All,TPE,22,3,1e-06,0.01,400,82232.8023305893,72.35495,36.868687,92.191055,82.20474,78.726875,66.98725,77.646034,76.433334,88.3871,1276.745,0.17587416,1.6686784,0.62371546,13541.9
Z-All,TPE,23,2,4e-06,0.02,1800,129825.70615563392,73.20819,35.858585,90.44731,82.96156,79.81502,68.63984,74.0053,72.9,81.73077,1203.0208,0.5038259,0.76675457,0.5827045,60874.8
Z-All,TPE,24,4,1e-06,0.01,400,150763.5971654415,72.35495,36.868687,92.191055,82.20474,78.726875,66.98725,77.646034,76.433334,88.3871,1276.745,0.17587416,1.6686784,0.62371546,13541.9
