search_objective,optimizer,seed,trial_id,lr,beta,dpo_step,st_tuner_time,ARC-C,GPQA,GSM8K,HellaSwag,PIQA,TruthfulQA,IFEval,Arena-Hard,MT-Bench,AlpacaEval,ELO,Z-Static,Z-Dynamic,Z-All,elapsed_time_sec
AlpacaEval,ASHA,0,0,8e-07,0.02,800,27217.70231971741,72.098976,35.858585,92.11524,82.0952,79.16213,66.08183,87.2818,72.8,85.89744,51.69252,1259.6786,0.28266856,1.0385067,0.55751884,27217.6
AlpacaEval,ASHA,1,0,1e-06,0.01,400,13542.002522325514,72.35495,36.868687,92.191055,82.20474,78.726875,66.98725,77.646034,76.46667,88.3871,55.30741,1276.745,0.15685442,1.4125835,0.61348313,13541.9
AlpacaEval,ASHA,2,0,8e-07,0.02,800,27217.70216379165,72.098976,35.858585,92.11524,82.0952,79.16213,66.08183,87.2818,72.8,85.89744,51.69252,1259.6786,0.28266856,1.0385067,0.55751884,27217.6
AlpacaEval,ASHA,3,0,2e-06,0.01,200,6789.501677846909,72.01365,36.868687,91.96361,82.23461,78.67247,66.43039,77.74721,77.1,85.80645,57.493683,1285.0702,0.36959657,1.5958072,0.8154914,6789.4
AlpacaEval,ASHA,4,1,4e-06,0.02,200,6764.001652336121,72.61092,37.373737,91.43291,82.13503,78.23721,68.20614,78.7239,72.96667,83.552635,50.026516,1262.8114,0.53581864,0.8386434,0.6459367,6763.9
AlpacaEval,ASHA,5,1,4e-06,0.02,200,6764.001605844498,72.61092,37.373737,91.43291,82.13503,78.23721,68.20614,78.7239,72.96667,83.552635,50.026516,1262.8114,0.53581864,0.8386434,0.6459367,6763.9
AlpacaEval,ASHA,6,1,4e-06,0.01,200,6759.702342605591,74.06143,36.363636,90.59894,82.25453,77.14908,69.228386,79.03363,70.8,86.451614,53.84435,1268.0673,0.21358284,0.9746647,0.49033988,6759.6
AlpacaEval,ASHA,7,0,4e-06,0.01,200,6759.702677822113,74.06143,36.363636,90.59894,82.25453,77.14908,69.228386,79.03363,70.8,86.451614,53.84435,1268.0673,0.21358284,0.9746647,0.49033988,6759.6
AlpacaEval,ASHA,8,0,4e-06,0.01,200,6759.70208773613,74.06143,36.363636,90.59894,82.25453,77.14908,69.228386,79.03363,70.8,86.451614,53.84435,1268.0673,0.21358284,0.9746647,0.49033988,6759.6
AlpacaEval,ASHA,9,0,2e-06,0.01,200,6789.502202367783,72.01365,36.868687,91.96361,82.23461,78.67247,66.43039,77.74721,77.1,85.80645,57.493683,1285.0702,0.36959657,1.5958072,0.8154914,6789.4
AlpacaEval,ASHA,10,1,8e-07,0.01,400,13718.401981687544,72.26962,38.38384,91.887794,82.19478,78.99891,66.17178,86.947075,76.9,86.77419,56.37547,1304.2491,0.53719836,1.5435038,0.9031276,13718.3
AlpacaEval,ASHA,11,0,1e-06,0.01,400,13542.002329206463,72.35495,36.868687,92.191055,82.20474,78.726875,66.98725,77.646034,76.46667,88.3871,55.30741,1276.745,0.15685442,1.4125835,0.61348313,13541.9
AlpacaEval,ASHA,12,2,2e-06,0.01,200,75365.31997070313,72.01365,36.868687,91.96361,82.23461,78.67247,66.43039,77.74721,77.1,85.80645,57.493683,1285.0702,0.36959657,1.5958072,0.8154914,6789.4
AlpacaEval,ASHA,13,0,2e-06,0.01,200,6789.5018468856815,72.01365,36.868687,91.96361,82.23461,78.67247,66.43039,77.74721,77.1,85.80645,57.493683,1285.0702,0.36959657,1.5958072,0.8154914,6789.4
AlpacaEval,ASHA,14,0,4e-06,0.01,200,6759.703558778763,74.06143,36.363636,90.59894,82.25453,77.14908,69.228386,79.03363,70.8,86.451614,53.84435,1268.0673,0.21358284,0.9746647,0.49033988,6759.6
AlpacaEval,ASHA,15,2,4e-06,0.01,200,75860.52474102975,74.06143,36.363636,90.59894,82.25453,77.14908,69.228386,79.03363,70.8,86.451614,53.84435,1268.0673,0.21358284,0.9746647,0.49033988,6759.6
AlpacaEval,ASHA,16,1,1e-06,0.02,600,20391.101926898955,71.843,36.868687,92.26687,82.11512,79.37976,66.24594,77.27884,73.2,79.03226,50.51662,1256.9156,0.04620046,0.26613808,0.12617777,20391.0
AlpacaEval,ASHA,17,2,2e-06,0.02,200,75321.61633286477,71.672356,37.373737,91.12965,82.274445,79.434166,65.073105,78.32922,71.933334,84.09091,51.98968,1262.9352,0.5376748,0.85099024,0.6516077,6745.7
AlpacaEval,ASHA,18,0,2e-06,0.01,200,6789.502056217194,72.01365,36.868687,91.96361,82.23461,78.67247,66.43039,77.74721,77.1,85.80645,57.493683,1285.0702,0.36959657,1.5958072,0.8154914,6789.4
AlpacaEval,ASHA,19,0,1e-06,0.04,400,13501.102589225768,71.16041,37.878788,90.44731,81.81637,79.76061,63.260426,78.984924,69.2,84.09091,42.00329,1208.4423,-0.39873835,-0.7881028,-0.5403254,13501.0
AlpacaEval,ASHA,20,1,4e-06,0.01,200,6759.702412700653,74.06143,36.363636,90.59894,82.25453,77.14908,69.228386,79.03363,70.8,86.451614,53.84435,1268.0673,0.21358284,0.9746647,0.49033988,6759.6
AlpacaEval,ASHA,21,1,8e-07,0.01,400,13718.401945924756,72.26962,38.38384,91.887794,82.19478,78.99891,66.17178,86.947075,76.9,86.77419,56.37547,1304.2491,0.53719836,1.5435038,0.9031276,13718.3
AlpacaEval,ASHA,22,1,8e-07,0.01,400,13718.4017578125,72.26962,38.38384,91.887794,82.19478,78.99891,66.17178,86.947075,76.9,86.77419,56.37547,1304.2491,0.53719836,1.5435038,0.9031276,13718.3
AlpacaEval,ASHA,23,2,2e-06,0.01,200,75365.31598076821,72.01365,36.868687,91.96361,82.23461,78.67247,66.43039,77.74721,77.1,85.80645,57.493683,1285.0702,0.36959657,1.5958072,0.8154914,6789.4
AlpacaEval,ASHA,24,0,2e-06,0.01,200,6789.502664661408,72.01365,36.868687,91.96361,82.23461,78.67247,66.43039,77.74721,77.1,85.80645,57.493683,1285.0702,0.36959657,1.5958072,0.8154914,6789.4
AlpacaEval,BOHB,0,0,8e-07,0.02,800,27217.702756261824,72.098976,35.858585,92.11524,82.0952,79.16213,66.08183,87.2818,72.8,85.89744,51.69252,1259.6786,0.28266856,1.0385067,0.55751884,27217.6
AlpacaEval,BOHB,1,0,1e-06,0.01,400,13542.002477264405,72.35495,36.868687,92.191055,82.20474,78.726875,66.98725,77.646034,76.46667,88.3871,55.30741,1276.745,0.15685442,1.4125835,0.61348313,13541.9
AlpacaEval,BOHB,2,0,8e-07,0.02,800,27217.702063417437,72.098976,35.858585,92.11524,82.0952,79.16213,66.08183,87.2818,72.8,85.89744,51.69252,1259.6786,0.28266856,1.0385067,0.55751884,27217.6
AlpacaEval,BOHB,3,0,2e-06,0.01,200,6789.503473615647,72.01365,36.868687,91.96361,82.23461,78.67247,66.43039,77.74721,77.1,85.80645,57.493683,1285.0702,0.36959657,1.5958072,0.8154914,6789.4
AlpacaEval,BOHB,4,1,4e-06,0.02,200,6764.002009725571,72.61092,37.373737,91.43291,82.13503,78.23721,68.20614,78.7239,72.96667,83.552635,50.026516,1262.8114,0.53581864,0.8386434,0.6459367,6763.9
AlpacaEval,BOHB,5,1,4e-06,0.02,200,6764.002585744858,72.61092,37.373737,91.43291,82.13503,78.23721,68.20614,78.7239,72.96667,83.552635,50.026516,1262.8114,0.53581864,0.8386434,0.6459367,6763.9
AlpacaEval,BOHB,6,1,4e-06,0.01,200,6759.702027893067,74.06143,36.363636,90.59894,82.25453,77.14908,69.228386,79.03363,70.8,86.451614,53.84435,1268.0673,0.21358284,0.9746647,0.49033988,6759.6
AlpacaEval,BOHB,7,0,4e-06,0.01,200,6759.744243717194,74.06143,36.363636,90.59894,82.25453,77.14908,69.228386,79.03363,70.8,86.451614,53.84435,1268.0673,0.21358284,0.9746647,0.49033988,6759.6
AlpacaEval,BOHB,8,0,4e-06,0.01,200,6759.702211713791,74.06143,36.363636,90.59894,82.25453,77.14908,69.228386,79.03363,70.8,86.451614,53.84435,1268.0673,0.21358284,0.9746647,0.49033988,6759.6
AlpacaEval,BOHB,9,0,2e-06,0.01,200,6789.502040243149,72.01365,36.868687,91.96361,82.23461,78.67247,66.43039,77.74721,77.1,85.80645,57.493683,1285.0702,0.36959657,1.5958072,0.8154914,6789.4
AlpacaEval,BOHB,10,1,8e-07,0.01,400,13718.401971435544,72.26962,38.38384,91.887794,82.19478,78.99891,66.17178,86.947075,76.9,86.77419,56.37547,1304.2491,0.53719836,1.5435038,0.9031276,13718.3
AlpacaEval,BOHB,11,0,1e-06,0.01,400,13542.002498245238,72.35495,36.868687,92.191055,82.20474,78.726875,66.98725,77.646034,76.46667,88.3871,55.30741,1276.745,0.15685442,1.4125835,0.61348313,13541.9
AlpacaEval,BOHB,12,2,2e-06,0.01,200,75365.32115802765,72.01365,36.868687,91.96361,82.23461,78.67247,66.43039,77.74721,77.1,85.80645,57.493683,1285.0702,0.36959657,1.5958072,0.8154914,6789.4
AlpacaEval,BOHB,13,0,2e-06,0.01,200,6789.501979446412,72.01365,36.868687,91.96361,82.23461,78.67247,66.43039,77.74721,77.1,85.80645,57.493683,1285.0702,0.36959657,1.5958072,0.8154914,6789.4
AlpacaEval,BOHB,14,0,4e-06,0.01,200,6759.702289915085,74.06143,36.363636,90.59894,82.25453,77.14908,69.228386,79.03363,70.8,86.451614,53.84435,1268.0673,0.21358284,0.9746647,0.49033988,6759.6
AlpacaEval,BOHB,15,2,4e-06,0.01,200,75860.52673277856,74.06143,36.363636,90.59894,82.25453,77.14908,69.228386,79.03363,70.8,86.451614,53.84435,1268.0673,0.21358284,0.9746647,0.49033988,6759.6
AlpacaEval,BOHB,16,1,1e-06,0.02,600,20391.102309083937,71.843,36.868687,92.26687,82.11512,79.37976,66.24594,77.27884,73.2,79.03226,50.51662,1256.9156,0.04620046,0.26613808,0.12617777,20391.0
AlpacaEval,BOHB,17,2,2e-06,0.02,200,75321.61289749146,71.672356,37.373737,91.12965,82.274445,79.434166,65.073105,78.32922,71.933334,84.09091,51.98968,1262.9352,0.5376748,0.85099024,0.6516077,6745.7
AlpacaEval,BOHB,18,0,2e-06,0.01,200,6789.501762008667,72.01365,36.868687,91.96361,82.23461,78.67247,66.43039,77.74721,77.1,85.80645,57.493683,1285.0702,0.36959657,1.5958072,0.8154914,6789.4
AlpacaEval,BOHB,19,0,1e-06,0.04,400,13501.102297878264,71.16041,37.878788,90.44731,81.81637,79.76061,63.260426,78.984924,69.2,84.09091,42.00329,1208.4423,-0.39873835,-0.7881028,-0.5403254,13501.0
AlpacaEval,BOHB,20,1,4e-06,0.01,200,6759.702205991745,74.06143,36.363636,90.59894,82.25453,77.14908,69.228386,79.03363,70.8,86.451614,53.84435,1268.0673,0.21358284,0.9746647,0.49033988,6759.6
AlpacaEval,BOHB,21,1,8e-07,0.01,400,13718.40243372917,72.26962,38.38384,91.887794,82.19478,78.99891,66.17178,86.947075,76.9,86.77419,56.37547,1304.2491,0.53719836,1.5435038,0.9031276,13718.3
AlpacaEval,BOHB,22,1,8e-07,0.01,400,13718.401983833312,72.26962,38.38384,91.887794,82.19478,78.99891,66.17178,86.947075,76.9,86.77419,56.37547,1304.2491,0.53719836,1.5435038,0.9031276,13718.3
AlpacaEval,BOHB,23,2,2e-06,0.01,200,75365.31559143067,72.01365,36.868687,91.96361,82.23461,78.67247,66.43039,77.74721,77.1,85.80645,57.493683,1285.0702,0.36959657,1.5958072,0.8154914,6789.4
AlpacaEval,BOHB,24,0,2e-06,0.01,200,6789.501805639267,72.01365,36.868687,91.96361,82.23461,78.67247,66.43039,77.74721,77.1,85.80645,57.493683,1285.0702,0.36959657,1.5958072,0.8154914,6789.4
AlpacaEval,BOTorch,0,0,8e-07,0.01,400,13718.40271410942,72.26962,38.38384,91.887794,82.19478,78.99891,66.17178,86.947075,76.9,86.77419,56.37547,1304.2491,0.53719836,1.5435038,0.9031276,13718.3
AlpacaEval,BOTorch,1,1,8e-07,0.02,800,27217.70641908645,72.098976,35.858585,92.11524,82.0952,79.16213,66.08183,87.2818,72.8,85.89744,51.69252,1259.6786,0.28266856,1.0385067,0.55751884,27217.6
AlpacaEval,BOTorch,2,2,2e-06,0.01,200,75435.31360373498,72.01365,36.868687,91.96361,82.23461,78.67247,66.43039,77.74721,77.1,85.80645,57.493683,1285.0702,0.36959657,1.5958072,0.8154914,6789.4
AlpacaEval,BOTorch,3,1,1e-06,0.01,400,13542.002462482453,72.35495,36.868687,92.191055,82.20474,78.726875,66.98725,77.646034,76.46667,88.3871,55.30741,1276.745,0.15685442,1.4125835,0.61348313,13541.9
AlpacaEval,BOTorch,4,0,2e-06,0.02,200,6745.80254445076,71.672356,37.373737,91.12965,82.274445,79.434166,65.073105,78.32922,71.933334,84.09091,51.98968,1262.9352,0.5376748,0.85099024,0.6516077,6745.7
AlpacaEval,BOTorch,5,0,2e-06,0.01,200,6789.501716709137,72.01365,36.868687,91.96361,82.23461,78.67247,66.43039,77.74721,77.1,85.80645,57.493683,1285.0702,0.36959657,1.5958072,0.8154914,6789.4
AlpacaEval,BOTorch,6,2,2e-06,0.01,200,75435.32440409661,72.01365,36.868687,91.96361,82.23461,78.67247,66.43039,77.74721,77.1,85.80645,57.493683,1285.0702,0.36959657,1.5958072,0.8154914,6789.4
AlpacaEval,BOTorch,7,0,2e-06,0.01,200,6789.502120828629,72.01365,36.868687,91.96361,82.23461,78.67247,66.43039,77.74721,77.1,85.80645,57.493683,1285.0702,0.36959657,1.5958072,0.8154914,6789.4
AlpacaEval,BOTorch,8,0,4e-06,0.01,200,6759.703028535843,74.06143,36.363636,90.59894,82.25453,77.14908,69.228386,79.03363,70.8,86.451614,53.84435,1268.0673,0.21358284,0.9746647,0.49033988,6759.6
AlpacaEval,BOTorch,9,2,2e-06,0.01,200,75345.31612930298,72.01365,36.868687,91.96361,82.23461,78.67247,66.43039,77.74721,77.1,85.80645,57.493683,1285.0702,0.36959657,1.5958072,0.8154914,6789.4
AlpacaEval,BOTorch,10,1,2e-06,0.02,200,6745.802929973603,71.672356,37.373737,91.12965,82.274445,79.434166,65.073105,78.32922,71.933334,84.09091,51.98968,1262.9352,0.5376748,0.85099024,0.6516077,6745.7
AlpacaEval,BOTorch,11,1,2e-06,0.01,200,6789.50229845047,72.01365,36.868687,91.96361,82.23461,78.67247,66.43039,77.74721,77.1,85.80645,57.493683,1285.0702,0.36959657,1.5958072,0.8154914,6789.4
AlpacaEval,BOTorch,12,1,8e-07,0.01,400,13718.402107334136,72.26962,38.38384,91.887794,82.19478,78.99891,66.17178,86.947075,76.9,86.77419,56.37547,1304.2491,0.53719836,1.5435038,0.9031276,13718.3
AlpacaEval,BOTorch,13,1,2e-06,0.04,400,13533.802417612074,71.75768,36.363636,92.26687,82.07529,79.37976,65.61706,78.08443,68.46667,84.19355,45.297695,1228.221,0.011036495,-0.48395607,-0.16896081,13533.7
AlpacaEval,BOTorch,14,2,4e-06,0.01,200,75335.51239047051,74.06143,36.363636,90.59894,82.25453,77.14908,69.228386,79.03363,70.8,86.451614,53.84435,1268.0673,0.21358284,0.9746647,0.49033988,6759.6
AlpacaEval,BOTorch,15,0,2e-06,0.04,400,13533.80231938362,71.75768,36.363636,92.26687,82.07529,79.37976,65.61706,78.08443,68.46667,84.19355,45.297695,1228.221,0.011036495,-0.48395607,-0.16896081,13533.7
AlpacaEval,BOTorch,16,0,2e-06,0.04,400,13533.803655958174,71.75768,36.363636,92.26687,82.07529,79.37976,65.61706,78.08443,68.46667,84.19355,45.297695,1228.221,0.011036495,-0.48395607,-0.16896081,13533.7
AlpacaEval,BOTorch,17,0,2e-06,0.02,200,6745.802687263489,71.672356,37.373737,91.12965,82.274445,79.434166,65.073105,78.32922,71.933334,84.09091,51.98968,1262.9352,0.5376748,0.85099024,0.6516077,6745.7
AlpacaEval,BOTorch,18,0,2e-06,0.02,200,6745.802318191529,71.672356,37.373737,91.12965,82.274445,79.434166,65.073105,78.32922,71.933334,84.09091,51.98968,1262.9352,0.5376748,0.85099024,0.6516077,6745.7
AlpacaEval,BOTorch,19,0,4e-06,0.01,200,6759.703344440461,74.06143,36.363636,90.59894,82.25453,77.14908,69.228386,79.03363,70.8,86.451614,53.84435,1268.0673,0.21358284,0.9746647,0.49033988,6759.6
AlpacaEval,BOTorch,20,2,2e-06,0.01,200,75365.31541070939,72.01365,36.868687,91.96361,82.23461,78.67247,66.43039,77.74721,77.1,85.80645,57.493683,1285.0702,0.36959657,1.5958072,0.8154914,6789.4
AlpacaEval,BOTorch,21,0,2e-06,0.01,200,6789.501902914048,72.01365,36.868687,91.96361,82.23461,78.67247,66.43039,77.74721,77.1,85.80645,57.493683,1285.0702,0.36959657,1.5958072,0.8154914,6789.4
AlpacaEval,BOTorch,22,2,2e-06,0.02,200,75436.61185894013,71.672356,37.373737,91.12965,82.274445,79.434166,65.073105,78.32922,71.933334,84.09091,51.98968,1262.9352,0.5376748,0.85099024,0.6516077,6745.7
AlpacaEval,BOTorch,23,0,8e-07,0.01,400,13718.402176237105,72.26962,38.38384,91.887794,82.19478,78.99891,66.17178,86.947075,76.9,86.77419,56.37547,1304.2491,0.53719836,1.5435038,0.9031276,13718.3
AlpacaEval,BOTorch,24,1,8e-07,0.01,400,13718.401898956296,72.26962,38.38384,91.887794,82.19478,78.99891,66.17178,86.947075,76.9,86.77419,56.37547,1304.2491,0.53719836,1.5435038,0.9031276,13718.3
AlpacaEval,CQR,0,0,8e-07,0.02,800,27217.702249145503,72.098976,35.858585,92.11524,82.0952,79.16213,66.08183,87.2818,72.8,85.89744,51.69252,1259.6786,0.28266856,1.0385067,0.55751884,27217.6
AlpacaEval,CQR,1,0,1e-06,0.01,400,13542.004533386227,72.35495,36.868687,92.191055,82.20474,78.726875,66.98725,77.646034,76.46667,88.3871,55.30741,1276.745,0.15685442,1.4125835,0.61348313,13541.9
AlpacaEval,CQR,2,0,8e-07,0.02,800,27217.71337590217,72.098976,35.858585,92.11524,82.0952,79.16213,66.08183,87.2818,72.8,85.89744,51.69252,1259.6786,0.28266856,1.0385067,0.55751884,27217.6
AlpacaEval,CQR,3,0,2e-06,0.01,200,6789.5032766819,72.01365,36.868687,91.96361,82.23461,78.67247,66.43039,77.74721,77.1,85.80645,57.493683,1285.0702,0.36959657,1.5958072,0.8154914,6789.4
AlpacaEval,CQR,4,1,4e-06,0.02,200,6764.002989149094,72.61092,37.373737,91.43291,82.13503,78.23721,68.20614,78.7239,72.96667,83.552635,50.026516,1262.8114,0.53581864,0.8386434,0.6459367,6763.9
AlpacaEval,CQR,5,1,4e-06,0.02,200,6764.002047157288,72.61092,37.373737,91.43291,82.13503,78.23721,68.20614,78.7239,72.96667,83.552635,50.026516,1262.8114,0.53581864,0.8386434,0.6459367,6763.9
AlpacaEval,CQR,6,1,4e-06,0.01,200,6759.702853059769,74.06143,36.363636,90.59894,82.25453,77.14908,69.228386,79.03363,70.8,86.451614,53.84435,1268.0673,0.21358284,0.9746647,0.49033988,6759.6
AlpacaEval,CQR,7,0,4e-06,0.01,200,6759.7027791500095,74.06143,36.363636,90.59894,82.25453,77.14908,69.228386,79.03363,70.8,86.451614,53.84435,1268.0673,0.21358284,0.9746647,0.49033988,6759.6
AlpacaEval,CQR,8,0,4e-06,0.01,200,6759.702545261383,74.06143,36.363636,90.59894,82.25453,77.14908,69.228386,79.03363,70.8,86.451614,53.84435,1268.0673,0.21358284,0.9746647,0.49033988,6759.6
AlpacaEval,CQR,9,0,2e-06,0.01,200,6789.502232170105,72.01365,36.868687,91.96361,82.23461,78.67247,66.43039,77.74721,77.1,85.80645,57.493683,1285.0702,0.36959657,1.5958072,0.8154914,6789.4
AlpacaEval,CQR,10,1,8e-07,0.01,400,13718.402336215971,72.26962,38.38384,91.887794,82.19478,78.99891,66.17178,86.947075,76.9,86.77419,56.37547,1304.2491,0.53719836,1.5435038,0.9031276,13718.3
AlpacaEval,CQR,11,0,1e-06,0.01,400,13542.034886932372,72.35495,36.868687,92.191055,82.20474,78.726875,66.98725,77.646034,76.46667,88.3871,55.30741,1276.745,0.15685442,1.4125835,0.61348313,13541.9
AlpacaEval,CQR,12,2,2e-06,0.01,200,75365.30614528657,72.01365,36.868687,91.96361,82.23461,78.67247,66.43039,77.74721,77.1,85.80645,57.493683,1285.0702,0.36959657,1.5958072,0.8154914,6789.4
AlpacaEval,CQR,13,0,2e-06,0.01,200,6789.502533292771,72.01365,36.868687,91.96361,82.23461,78.67247,66.43039,77.74721,77.1,85.80645,57.493683,1285.0702,0.36959657,1.5958072,0.8154914,6789.4
AlpacaEval,CQR,14,0,4e-06,0.01,200,6759.702214097977,74.06143,36.363636,90.59894,82.25453,77.14908,69.228386,79.03363,70.8,86.451614,53.84435,1268.0673,0.21358284,0.9746647,0.49033988,6759.6
AlpacaEval,CQR,15,2,4e-06,0.01,200,75860.52201542855,74.06143,36.363636,90.59894,82.25453,77.14908,69.228386,79.03363,70.8,86.451614,53.84435,1268.0673,0.21358284,0.9746647,0.49033988,6759.6
AlpacaEval,CQR,16,1,1e-06,0.02,600,20391.102875089644,71.843,36.868687,92.26687,82.11512,79.37976,66.24594,77.27884,73.2,79.03226,50.51662,1256.9156,0.04620046,0.26613808,0.12617777,20391.0
AlpacaEval,CQR,17,2,2e-06,0.02,200,75321.61071166993,71.672356,37.373737,91.12965,82.274445,79.434166,65.073105,78.32922,71.933334,84.09091,51.98968,1262.9352,0.5376748,0.85099024,0.6516077,6745.7
AlpacaEval,CQR,18,0,2e-06,0.01,200,6789.502106285096,72.01365,36.868687,91.96361,82.23461,78.67247,66.43039,77.74721,77.1,85.80645,57.493683,1285.0702,0.36959657,1.5958072,0.8154914,6789.4
AlpacaEval,CQR,19,0,1e-06,0.04,400,13501.101994132994,71.16041,37.878788,90.44731,81.81637,79.76061,63.260426,78.984924,69.2,84.09091,42.00329,1208.4423,-0.39873835,-0.7881028,-0.5403254,13501.0
AlpacaEval,CQR,20,1,4e-06,0.01,200,6759.702207660675,74.06143,36.363636,90.59894,82.25453,77.14908,69.228386,79.03363,70.8,86.451614,53.84435,1268.0673,0.21358284,0.9746647,0.49033988,6759.6
AlpacaEval,CQR,21,1,8e-07,0.01,400,13718.402531957625,72.26962,38.38384,91.887794,82.19478,78.99891,66.17178,86.947075,76.9,86.77419,56.37547,1304.2491,0.53719836,1.5435038,0.9031276,13718.3
AlpacaEval,CQR,22,1,8e-07,0.01,400,13718.401694869994,72.26962,38.38384,91.887794,82.19478,78.99891,66.17178,86.947075,76.9,86.77419,56.37547,1304.2491,0.53719836,1.5435038,0.9031276,13718.3
AlpacaEval,CQR,23,2,2e-06,0.01,200,75365.30476388932,72.01365,36.868687,91.96361,82.23461,78.67247,66.43039,77.74721,77.1,85.80645,57.493683,1285.0702,0.36959657,1.5958072,0.8154914,6789.4
AlpacaEval,CQR,24,0,2e-06,0.01,200,6789.503602361679,72.01365,36.868687,91.96361,82.23461,78.67247,66.43039,77.74721,77.1,85.80645,57.493683,1285.0702,0.36959657,1.5958072,0.8154914,6789.4
AlpacaEval,RandomSearch,0,0,8e-07,0.01,400,13718.402016973494,72.26962,38.38384,91.887794,82.19478,78.99891,66.17178,86.947075,76.9,86.77419,56.37547,1304.2491,0.53719836,1.5435038,0.9031276,13718.3
AlpacaEval,RandomSearch,1,1,2e-06,0.01,200,6789.502029752732,72.01365,36.868687,91.96361,82.23461,78.67247,66.43039,77.74721,77.1,85.80645,57.493683,1285.0702,0.36959657,1.5958072,0.8154914,6789.4
AlpacaEval,RandomSearch,2,0,1e-06,0.01,400,13542.002557373044,72.35495,36.868687,92.191055,82.20474,78.726875,66.98725,77.646034,76.46667,88.3871,55.30741,1276.745,0.15685442,1.4125835,0.61348313,13541.9
AlpacaEval,RandomSearch,3,0,8e-07,0.02,800,27217.70160303116,72.098976,35.858585,92.11524,82.0952,79.16213,66.08183,87.2818,72.8,85.89744,51.69252,1259.6786,0.28266856,1.0385067,0.55751884,27217.6
AlpacaEval,RandomSearch,4,1,4e-06,0.01,200,6759.703697061539,74.06143,36.363636,90.59894,82.25453,77.14908,69.228386,79.03363,70.8,86.451614,53.84435,1268.0673,0.21358284,0.9746647,0.49033988,6759.6
AlpacaEval,RandomSearch,5,0,1e-06,0.01,400,13542.002306318282,72.35495,36.868687,92.191055,82.20474,78.726875,66.98725,77.646034,76.46667,88.3871,55.30741,1276.745,0.15685442,1.4125835,0.61348313,13541.9
AlpacaEval,RandomSearch,6,0,8e-07,0.01,400,13718.401821947096,72.26962,38.38384,91.887794,82.19478,78.99891,66.17178,86.947075,76.9,86.77419,56.37547,1304.2491,0.53719836,1.5435038,0.9031276,13718.3
AlpacaEval,RandomSearch,7,1,4e-06,0.02,200,6764.002203321457,72.61092,37.373737,91.43291,82.13503,78.23721,68.20614,78.7239,72.96667,83.552635,50.026516,1262.8114,0.53581864,0.8386434,0.6459367,6763.9
AlpacaEval,RandomSearch,8,0,1e-06,0.01,400,13542.002323007582,72.35495,36.868687,92.191055,82.20474,78.726875,66.98725,77.646034,76.46667,88.3871,55.30741,1276.745,0.15685442,1.4125835,0.61348313,13541.9
AlpacaEval,RandomSearch,9,0,8e-07,0.02,800,27217.70204720497,72.098976,35.858585,92.11524,82.0952,79.16213,66.08183,87.2818,72.8,85.89744,51.69252,1259.6786,0.28266856,1.0385067,0.55751884,27217.6
AlpacaEval,RandomSearch,10,0,2e-06,0.02,200,6745.805536842347,71.672356,37.373737,91.12965,82.274445,79.434166,65.073105,78.32922,71.933334,84.09091,51.98968,1262.9352,0.5376748,0.85099024,0.6516077,6745.7
AlpacaEval,RandomSearch,11,0,2e-06,0.01,200,6789.502472734452,72.01365,36.868687,91.96361,82.23461,78.67247,66.43039,77.74721,77.1,85.80645,57.493683,1285.0702,0.36959657,1.5958072,0.8154914,6789.4
AlpacaEval,RandomSearch,12,0,8e-07,0.01,400,13718.402781820296,72.26962,38.38384,91.887794,82.19478,78.99891,66.17178,86.947075,76.9,86.77419,56.37547,1304.2491,0.53719836,1.5435038,0.9031276,13718.3
AlpacaEval,RandomSearch,13,0,4e-06,0.01,200,6759.702663755417,74.06143,36.363636,90.59894,82.25453,77.14908,69.228386,79.03363,70.8,86.451614,53.84435,1268.0673,0.21358284,0.9746647,0.49033988,6759.6
AlpacaEval,RandomSearch,14,2,2e-06,0.01,200,75435.3161231041,72.01365,36.868687,91.96361,82.23461,78.67247,66.43039,77.74721,77.1,85.80645,57.493683,1285.0702,0.36959657,1.5958072,0.8154914,6789.4
AlpacaEval,RandomSearch,15,0,2e-06,0.02,200,6745.802460050583,71.672356,37.373737,91.12965,82.274445,79.434166,65.073105,78.32922,71.933334,84.09091,51.98968,1262.9352,0.5376748,0.85099024,0.6516077,6745.7
AlpacaEval,RandomSearch,16,2,2e-06,0.02,200,75846.62071905137,71.672356,37.373737,91.12965,82.274445,79.434166,65.073105,78.32922,71.933334,84.09091,51.98968,1262.9352,0.5376748,0.85099024,0.6516077,6745.7
AlpacaEval,RandomSearch,17,0,8e-07,0.01,400,13718.402184343337,72.26962,38.38384,91.887794,82.19478,78.99891,66.17178,86.947075,76.9,86.77419,56.37547,1304.2491,0.53719836,1.5435038,0.9031276,13718.3
AlpacaEval,RandomSearch,18,2,2e-06,0.01,200,75365.31890997887,72.01365,36.868687,91.96361,82.23461,78.67247,66.43039,77.74721,77.1,85.80645,57.493683,1285.0702,0.36959657,1.5958072,0.8154914,6789.4
AlpacaEval,RandomSearch,19,1,4e-06,0.01,200,6759.702754592896,74.06143,36.363636,90.59894,82.25453,77.14908,69.228386,79.03363,70.8,86.451614,53.84435,1268.0673,0.21358284,0.9746647,0.49033988,6759.6
AlpacaEval,RandomSearch,20,1,2e-06,0.04,400,13533.802589750288,71.75768,36.363636,92.26687,82.07529,79.37976,65.61706,78.08443,68.46667,84.19355,45.297695,1228.221,0.011036495,-0.48395607,-0.16896081,13533.7
AlpacaEval,RandomSearch,21,0,1e-06,0.01,400,13542.002711153027,72.35495,36.868687,92.191055,82.20474,78.726875,66.98725,77.646034,76.46667,88.3871,55.30741,1276.745,0.15685442,1.4125835,0.61348313,13541.9
AlpacaEval,RandomSearch,22,1,2e-06,0.01,200,6789.504170036316,72.01365,36.868687,91.96361,82.23461,78.67247,66.43039,77.74721,77.1,85.80645,57.493683,1285.0702,0.36959657,1.5958072,0.8154914,6789.4
AlpacaEval,RandomSearch,23,2,2e-06,0.01,200,75480.31289706231,72.01365,36.868687,91.96361,82.23461,78.67247,66.43039,77.74721,77.1,85.80645,57.493683,1285.0702,0.36959657,1.5958072,0.8154914,6789.4
AlpacaEval,RandomSearch,24,0,8e-07,0.01,400,13718.401747083662,72.26962,38.38384,91.887794,82.19478,78.99891,66.17178,86.947075,76.9,86.77419,56.37547,1304.2491,0.53719836,1.5435038,0.9031276,13718.3
AlpacaEval,TPE,0,1,8e-07,0.01,400,13718.401661729811,72.26962,38.38384,91.887794,82.19478,78.99891,66.17178,86.947075,76.9,86.77419,56.37547,1304.2491,0.53719836,1.5435038,0.9031276,13718.3
AlpacaEval,TPE,1,1,4e-06,0.01,200,6759.705230093003,74.06143,36.363636,90.59894,82.25453,77.14908,69.228386,79.03363,70.8,86.451614,53.84435,1268.0673,0.21358284,0.9746647,0.49033988,6759.6
AlpacaEval,TPE,2,0,8e-07,0.01,400,13718.403215980528,72.26962,38.38384,91.887794,82.19478,78.99891,66.17178,86.947075,76.9,86.77419,56.37547,1304.2491,0.53719836,1.5435038,0.9031276,13718.3
AlpacaEval,TPE,3,1,2e-06,0.01,200,6789.5053611755375,72.01365,36.868687,91.96361,82.23461,78.67247,66.43039,77.74721,77.1,85.80645,57.493683,1285.0702,0.36959657,1.5958072,0.8154914,6789.4
AlpacaEval,TPE,4,1,2e-06,0.01,200,6789.5021844863895,72.01365,36.868687,91.96361,82.23461,78.67247,66.43039,77.74721,77.1,85.80645,57.493683,1285.0702,0.36959657,1.5958072,0.8154914,6789.4
AlpacaEval,TPE,5,1,2e-06,0.04,400,13533.80266509056,71.75768,36.363636,92.26687,82.07529,79.37976,65.61706,78.08443,68.46667,84.19355,45.297695,1228.221,0.011036495,-0.48395607,-0.16896081,13533.7
AlpacaEval,TPE,6,1,2e-06,0.02,200,6745.803418493271,71.672356,37.373737,91.12965,82.274445,79.434166,65.073105,78.32922,71.933334,84.09091,51.98968,1262.9352,0.5376748,0.85099024,0.6516077,6745.7
AlpacaEval,TPE,7,1,4e-06,0.01,200,6759.702330923081,74.06143,36.363636,90.59894,82.25453,77.14908,69.228386,79.03363,70.8,86.451614,53.84435,1268.0673,0.21358284,0.9746647,0.49033988,6759.6
AlpacaEval,TPE,8,0,8e-07,0.02,800,27217.7021733284,72.098976,35.858585,92.11524,82.0952,79.16213,66.08183,87.2818,72.8,85.89744,51.69252,1259.6786,0.28266856,1.0385067,0.55751884,27217.6
AlpacaEval,TPE,9,1,2e-06,0.02,200,6745.802704429627,71.672356,37.373737,91.12965,82.274445,79.434166,65.073105,78.32922,71.933334,84.09091,51.98968,1262.9352,0.5376748,0.85099024,0.6516077,6745.7
AlpacaEval,TPE,10,0,1e-06,0.01,400,13542.00219569206,72.35495,36.868687,92.191055,82.20474,78.726875,66.98725,77.646034,76.46667,88.3871,55.30741,1276.745,0.15685442,1.4125835,0.61348313,13541.9
AlpacaEval,TPE,11,1,2e-06,0.02,200,6745.802443122864,71.672356,37.373737,91.12965,82.274445,79.434166,65.073105,78.32922,71.933334,84.09091,51.98968,1262.9352,0.5376748,0.85099024,0.6516077,6745.7
AlpacaEval,TPE,12,1,1e-06,0.02,600,20391.101590013503,71.843,36.868687,92.26687,82.11512,79.37976,66.24594,77.27884,73.2,79.03226,50.51662,1256.9156,0.04620046,0.26613808,0.12617777,20391.0
AlpacaEval,TPE,13,0,2e-06,0.01,200,6789.5019477367405,72.01365,36.868687,91.96361,82.23461,78.67247,66.43039,77.74721,77.1,85.80645,57.493683,1285.0702,0.36959657,1.5958072,0.8154914,6789.4
AlpacaEval,TPE,14,3,2e-06,0.02,200,75466.61596641541,71.672356,37.373737,91.12965,82.274445,79.434166,65.073105,78.32922,71.933334,84.09091,51.98968,1262.9352,0.5376748,0.85099024,0.6516077,6745.7
AlpacaEval,TPE,15,1,2e-06,0.04,400,13533.802255249022,71.75768,36.363636,92.26687,82.07529,79.37976,65.61706,78.08443,68.46667,84.19355,45.297695,1228.221,0.011036495,-0.48395607,-0.16896081,13533.7
AlpacaEval,TPE,16,0,4e-06,0.02,200,6764.002069330216,72.61092,37.373737,91.43291,82.13503,78.23721,68.20614,78.7239,72.96667,83.552635,50.026516,1262.8114,0.53581864,0.8386434,0.6459367,6763.9
AlpacaEval,TPE,17,1,8e-07,0.01,400,13718.405149316786,72.26962,38.38384,91.887794,82.19478,78.99891,66.17178,86.947075,76.9,86.77419,56.37547,1304.2491,0.53719836,1.5435038,0.9031276,13718.3
AlpacaEval,TPE,18,0,8e-07,0.01,400,13718.401851511,72.26962,38.38384,91.887794,82.19478,78.99891,66.17178,86.947075,76.9,86.77419,56.37547,1304.2491,0.53719836,1.5435038,0.9031276,13718.3
AlpacaEval,TPE,19,1,8e-07,0.01,400,13718.401836967469,72.26962,38.38384,91.887794,82.19478,78.99891,66.17178,86.947075,76.9,86.77419,56.37547,1304.2491,0.53719836,1.5435038,0.9031276,13718.3
AlpacaEval,TPE,20,1,8e-07,0.02,800,27217.701776361464,72.098976,35.858585,92.11524,82.0952,79.16213,66.08183,87.2818,72.8,85.89744,51.69252,1259.6786,0.28266856,1.0385067,0.55751884,27217.6
AlpacaEval,TPE,21,1,8e-07,0.02,800,27217.70276341438,72.098976,35.858585,92.11524,82.0952,79.16213,66.08183,87.2818,72.8,85.89744,51.69252,1259.6786,0.28266856,1.0385067,0.55751884,27217.6
AlpacaEval,TPE,22,0,2e-06,0.01,200,6789.502990341187,72.01365,36.868687,91.96361,82.23461,78.67247,66.43039,77.74721,77.1,85.80645,57.493683,1285.0702,0.36959657,1.5958072,0.8154914,6789.4
AlpacaEval,TPE,23,2,2e-06,0.01,200,75295.31649789811,72.01365,36.868687,91.96361,82.23461,78.67247,66.43039,77.74721,77.1,85.80645,57.493683,1285.0702,0.36959657,1.5958072,0.8154914,6789.4
AlpacaEval,TPE,24,0,4e-06,0.02,200,6764.001849985123,72.61092,37.373737,91.43291,82.13503,78.23721,68.20614,78.7239,72.96667,83.552635,50.026516,1262.8114,0.53581864,0.8386434,0.6459367,6763.9
Arena-Hard,ASHA,0,0,8e-07,0.02,1000,34022.10268006325,72.1843,36.363636,91.73616,82.20474,79.05332,66.32278,87.98372,73.6,84.19355,46.410675,1257.8236,0.29416594,0.87338006,0.50478923,34022.0
Arena-Hard,ASHA,1,0,1e-06,0.01,400,13542.003153419491,72.35495,36.868687,92.191055,82.20474,78.726875,66.98725,77.646034,76.46667,88.3871,55.30741,1276.745,0.15685442,1.4125835,0.61348313,13541.9
Arena-Hard,ASHA,2,0,8e-07,0.02,1000,34022.10222301484,72.1843,36.363636,91.73616,82.20474,79.05332,66.32278,87.98372,73.6,84.19355,46.410675,1257.8236,0.29416594,0.87338006,0.50478923,34022.0
Arena-Hard,ASHA,3,0,2e-06,0.01,200,6789.501788949967,72.01365,36.868687,91.96361,82.23461,78.67247,66.43039,77.74721,77.1,85.80645,57.493683,1285.0702,0.36959657,1.5958072,0.8154914,6789.4
Arena-Hard,ASHA,4,1,4e-06,0.02,200,6764.003878450394,72.61092,37.373737,91.43291,82.13503,78.23721,68.20614,78.7239,72.96667,83.552635,50.026516,1262.8114,0.53581864,0.8386434,0.6459367,6763.9
Arena-Hard,ASHA,5,1,4e-06,0.02,200,6764.002709245682,72.61092,37.373737,91.43291,82.13503,78.23721,68.20614,78.7239,72.96667,83.552635,50.026516,1262.8114,0.53581864,0.8386434,0.6459367,6763.9
Arena-Hard,ASHA,6,0,2e-06,0.02,200,6745.802701568604,71.672356,37.373737,91.12965,82.274445,79.434166,65.073105,78.32922,71.933334,84.09091,51.98968,1262.9352,0.5376748,0.85099024,0.6516077,6745.7
Arena-Hard,ASHA,7,0,4e-06,0.01,200,6759.702041006089,74.06143,36.363636,90.59894,82.25453,77.14908,69.228386,79.03363,70.8,86.451614,53.84435,1268.0673,0.21358284,0.9746647,0.49033988,6759.6
Arena-Hard,ASHA,8,1,1e-06,0.02,200,6797.101816272736,69.88055,36.363636,88.77938,81.99562,80.4679,59.353775,80.41624,73.36667,77.597404,39.127018,1217.1661,-0.3733374,-0.04247605,-0.25302416,6797.0
Arena-Hard,ASHA,9,0,2e-06,0.01,200,6789.50236735344,72.01365,36.868687,91.96361,82.23461,78.67247,66.43039,77.74721,77.1,85.80645,57.493683,1285.0702,0.36959657,1.5958072,0.8154914,6789.4
Arena-Hard,ASHA,10,1,8e-07,0.01,600,20577.602987623213,72.1843,35.353535,91.81198,82.26449,78.1284,67.137825,86.29387,77.13333,88.21656,54.216946,1278.9417,0.04481561,1.5275875,0.5840054,20577.5
Arena-Hard,ASHA,11,0,1e-06,0.01,400,13542.002596235274,72.35495,36.868687,92.191055,82.20474,78.726875,66.98725,77.646034,76.46667,88.3871,55.30741,1276.745,0.15685442,1.4125835,0.61348313,13541.9
Arena-Hard,ASHA,12,2,2e-06,0.01,200,75365.33736858369,72.01365,36.868687,91.96361,82.23461,78.67247,66.43039,77.74721,77.1,85.80645,57.493683,1285.0702,0.36959657,1.5958072,0.8154914,6789.4
Arena-Hard,ASHA,13,0,2e-06,0.01,200,6789.501720046997,72.01365,36.868687,91.96361,82.23461,78.67247,66.43039,77.74721,77.1,85.80645,57.493683,1285.0702,0.36959657,1.5958072,0.8154914,6789.4
Arena-Hard,ASHA,14,2,4e-06,0.02,200,75409.83492383957,72.61092,37.373737,91.43291,82.13503,78.23721,68.20614,78.7239,72.96667,83.552635,50.026516,1262.8114,0.53581864,0.8386434,0.6459367,6763.9
Arena-Hard,ASHA,15,0,8e-07,0.02,1000,34022.10491786004,72.1843,36.363636,91.73616,82.20474,79.05332,66.32278,87.98372,73.6,84.19355,46.410675,1257.8236,0.29416594,0.87338006,0.50478923,34022.0
Arena-Hard,ASHA,16,1,1e-06,0.02,200,6797.101919746399,69.88055,36.363636,88.77938,81.99562,80.4679,59.353775,80.41624,73.36667,77.597404,39.127018,1217.1661,-0.3733374,-0.04247605,-0.25302416,6797.0
Arena-Hard,ASHA,17,0,4e-06,0.02,200,6764.001604890824,72.61092,37.373737,91.43291,82.13503,78.23721,68.20614,78.7239,72.96667,83.552635,50.026516,1262.8114,0.53581864,0.8386434,0.6459367,6763.9
Arena-Hard,ASHA,18,0,2e-06,0.01,200,6789.5020202159885,72.01365,36.868687,91.96361,82.23461,78.67247,66.43039,77.74721,77.1,85.80645,57.493683,1285.0702,0.36959657,1.5958072,0.8154914,6789.4
Arena-Hard,ASHA,19,0,1e-06,0.04,400,13501.102190113066,71.16041,37.878788,90.44731,81.81637,79.76061,63.260426,78.984924,69.2,84.09091,42.00329,1208.4423,-0.39873835,-0.7881028,-0.5403254,13501.0
Arena-Hard,ASHA,20,2,2e-06,0.02,200,75321.63571796418,71.672356,37.373737,91.12965,82.274445,79.434166,65.073105,78.32922,71.933334,84.09091,51.98968,1262.9352,0.5376748,0.85099024,0.6516077,6745.7
Arena-Hard,ASHA,21,1,8e-07,0.01,600,20577.60194334984,72.1843,35.353535,91.81198,82.26449,78.1284,67.137825,86.29387,77.13333,88.21656,54.216946,1278.9417,0.04481561,1.5275875,0.5840054,20577.5
Arena-Hard,ASHA,22,1,8e-07,0.01,600,20577.60239062309,72.1843,35.353535,91.81198,82.26449,78.1284,67.137825,86.29387,77.13333,88.21656,54.216946,1278.9417,0.04481561,1.5275875,0.5840054,20577.5
Arena-Hard,ASHA,23,2,2e-06,0.01,200,75365.33767209054,72.01365,36.868687,91.96361,82.23461,78.67247,66.43039,77.74721,77.1,85.80645,57.493683,1285.0702,0.36959657,1.5958072,0.8154914,6789.4
Arena-Hard,ASHA,24,0,2e-06,0.01,200,6789.501920795441,72.01365,36.868687,91.96361,82.23461,78.67247,66.43039,77.74721,77.1,85.80645,57.493683,1285.0702,0.36959657,1.5958072,0.8154914,6789.4
Arena-Hard,BOHB,0,0,8e-07,0.02,1000,34022.10198292733,72.1843,36.363636,91.73616,82.20474,79.05332,66.32278,87.98372,73.6,84.19355,46.410675,1257.8236,0.29416594,0.87338006,0.50478923,34022.0
Arena-Hard,BOHB,1,0,1e-06,0.01,400,13542.002116537093,72.35495,36.868687,92.191055,82.20474,78.726875,66.98725,77.646034,76.46667,88.3871,55.30741,1276.745,0.15685442,1.4125835,0.61348313,13541.9
Arena-Hard,BOHB,2,0,8e-07,0.02,1000,34022.10253009797,72.1843,36.363636,91.73616,82.20474,79.05332,66.32278,87.98372,73.6,84.19355,46.410675,1257.8236,0.29416594,0.87338006,0.50478923,34022.0
Arena-Hard,BOHB,3,0,2e-06,0.01,200,6789.501770591736,72.01365,36.868687,91.96361,82.23461,78.67247,66.43039,77.74721,77.1,85.80645,57.493683,1285.0702,0.36959657,1.5958072,0.8154914,6789.4
Arena-Hard,BOHB,4,1,4e-06,0.02,200,6764.001985168457,72.61092,37.373737,91.43291,82.13503,78.23721,68.20614,78.7239,72.96667,83.552635,50.026516,1262.8114,0.53581864,0.8386434,0.6459367,6763.9
Arena-Hard,BOHB,5,1,4e-06,0.02,200,6764.0020864963535,72.61092,37.373737,91.43291,82.13503,78.23721,68.20614,78.7239,72.96667,83.552635,50.026516,1262.8114,0.53581864,0.8386434,0.6459367,6763.9
Arena-Hard,BOHB,6,0,2e-06,0.02,200,6745.802562808991,71.672356,37.373737,91.12965,82.274445,79.434166,65.073105,78.32922,71.933334,84.09091,51.98968,1262.9352,0.5376748,0.85099024,0.6516077,6745.7
Arena-Hard,BOHB,7,0,4e-06,0.01,200,6759.702209806443,74.06143,36.363636,90.59894,82.25453,77.14908,69.228386,79.03363,70.8,86.451614,53.84435,1268.0673,0.21358284,0.9746647,0.49033988,6759.6
Arena-Hard,BOHB,8,1,1e-06,0.02,200,6797.10203871727,69.88055,36.363636,88.77938,81.99562,80.4679,59.353775,80.41624,73.36667,77.597404,39.127018,1217.1661,-0.3733374,-0.04247605,-0.25302416,6797.0
Arena-Hard,BOHB,9,0,2e-06,0.01,200,6789.502242898941,72.01365,36.868687,91.96361,82.23461,78.67247,66.43039,77.74721,77.1,85.80645,57.493683,1285.0702,0.36959657,1.5958072,0.8154914,6789.4
Arena-Hard,BOHB,10,1,8e-07,0.01,600,20577.602479076384,72.1843,35.353535,91.81198,82.26449,78.1284,67.137825,86.29387,77.13333,88.21656,54.216946,1278.9417,0.04481561,1.5275875,0.5840054,20577.5
Arena-Hard,BOHB,11,0,1e-06,0.01,400,13542.002636051177,72.35495,36.868687,92.191055,82.20474,78.726875,66.98725,77.646034,76.46667,88.3871,55.30741,1276.745,0.15685442,1.4125835,0.61348313,13541.9
Arena-Hard,BOHB,12,2,2e-06,0.01,200,75365.33634839059,72.01365,36.868687,91.96361,82.23461,78.67247,66.43039,77.74721,77.1,85.80645,57.493683,1285.0702,0.36959657,1.5958072,0.8154914,6789.4
Arena-Hard,BOHB,13,0,2e-06,0.01,200,6789.501726484299,72.01365,36.868687,91.96361,82.23461,78.67247,66.43039,77.74721,77.1,85.80645,57.493683,1285.0702,0.36959657,1.5958072,0.8154914,6789.4
Arena-Hard,BOHB,14,2,4e-06,0.02,200,75409.84425840378,72.61092,37.373737,91.43291,82.13503,78.23721,68.20614,78.7239,72.96667,83.552635,50.026516,1262.8114,0.53581864,0.8386434,0.6459367,6763.9
Arena-Hard,BOHB,15,0,8e-07,0.02,1000,34022.10184130669,72.1843,36.363636,91.73616,82.20474,79.05332,66.32278,87.98372,73.6,84.19355,46.410675,1257.8236,0.29416594,0.87338006,0.50478923,34022.0
Arena-Hard,BOHB,16,1,1e-06,0.02,200,6797.105508661271,69.88055,36.363636,88.77938,81.99562,80.4679,59.353775,80.41624,73.36667,77.597404,39.127018,1217.1661,-0.3733374,-0.04247605,-0.25302416,6797.0
Arena-Hard,BOHB,17,0,4e-06,0.02,200,6764.001774883271,72.61092,37.373737,91.43291,82.13503,78.23721,68.20614,78.7239,72.96667,83.552635,50.026516,1262.8114,0.53581864,0.8386434,0.6459367,6763.9
Arena-Hard,BOHB,18,0,2e-06,0.01,200,6789.501863336564,72.01365,36.868687,91.96361,82.23461,78.67247,66.43039,77.74721,77.1,85.80645,57.493683,1285.0702,0.36959657,1.5958072,0.8154914,6789.4
Arena-Hard,BOHB,19,0,1e-06,0.04,400,13501.102723693846,71.16041,37.878788,90.44731,81.81637,79.76061,63.260426,78.984924,69.2,84.09091,42.00329,1208.4423,-0.39873835,-0.7881028,-0.5403254,13501.0
Arena-Hard,BOHB,20,2,2e-06,0.02,200,75321.6411746502,71.672356,37.373737,91.12965,82.274445,79.434166,65.073105,78.32922,71.933334,84.09091,51.98968,1262.9352,0.5376748,0.85099024,0.6516077,6745.7
Arena-Hard,BOHB,21,1,8e-07,0.01,600,20577.602633094783,72.1843,35.353535,91.81198,82.26449,78.1284,67.137825,86.29387,77.13333,88.21656,54.216946,1278.9417,0.04481561,1.5275875,0.5840054,20577.5
Arena-Hard,BOHB,22,1,8e-07,0.01,600,20577.604191875456,72.1843,35.353535,91.81198,82.26449,78.1284,67.137825,86.29387,77.13333,88.21656,54.216946,1278.9417,0.04481561,1.5275875,0.5840054,20577.5
Arena-Hard,BOHB,23,2,2e-06,0.01,200,75365.3387239933,72.01365,36.868687,91.96361,82.23461,78.67247,66.43039,77.74721,77.1,85.80645,57.493683,1285.0702,0.36959657,1.5958072,0.8154914,6789.4
Arena-Hard,BOHB,24,0,2e-06,0.01,200,6789.502312517167,72.01365,36.868687,91.96361,82.23461,78.67247,66.43039,77.74721,77.1,85.80645,57.493683,1285.0702,0.36959657,1.5958072,0.8154914,6789.4
Arena-Hard,BOTorch,0,0,2e-06,0.02,200,6745.802022075653,71.672356,37.373737,91.12965,82.274445,79.434166,65.073105,78.32922,71.933334,84.09091,51.98968,1262.9352,0.5376748,0.85099024,0.6516077,6745.7
Arena-Hard,BOTorch,1,1,1e-06,0.01,400,13542.003270959853,72.35495,36.868687,92.191055,82.20474,78.726875,66.98725,77.646034,76.46667,88.3871,55.30741,1276.745,0.15685442,1.4125835,0.61348313,13541.9
Arena-Hard,BOTorch,2,0,2e-06,0.01,200,6789.502310371399,72.01365,36.868687,91.96361,82.23461,78.67247,66.43039,77.74721,77.1,85.80645,57.493683,1285.0702,0.36959657,1.5958072,0.8154914,6789.4
Arena-Hard,BOTorch,3,0,1e-06,0.01,400,13542.002335882184,72.35495,36.868687,92.191055,82.20474,78.726875,66.98725,77.646034,76.46667,88.3871,55.30741,1276.745,0.15685442,1.4125835,0.61348313,13541.9
Arena-Hard,BOTorch,4,0,8e-07,0.02,1000,34022.102188205725,72.1843,36.363636,91.73616,82.20474,79.05332,66.32278,87.98372,73.6,84.19355,46.410675,1257.8236,0.29416594,0.87338006,0.50478923,34022.0
Arena-Hard,BOTorch,5,1,1e-06,0.02,200,6797.102219676972,69.88055,36.363636,88.77938,81.99562,80.4679,59.353775,80.41624,73.36667,77.597404,39.127018,1217.1661,-0.3733374,-0.04247605,-0.25302416,6797.0
Arena-Hard,BOTorch,6,1,2e-06,0.01,200,6789.503067827225,72.01365,36.868687,91.96361,82.23461,78.67247,66.43039,77.74721,77.1,85.80645,57.493683,1285.0702,0.36959657,1.5958072,0.8154914,6789.4
Arena-Hard,BOTorch,7,1,8e-07,0.01,600,20577.602106428145,72.1843,35.353535,91.81198,82.26449,78.1284,67.137825,86.29387,77.13333,88.21656,54.216946,1278.9417,0.04481561,1.5275875,0.5840054,20577.5
Arena-Hard,BOTorch,8,1,8e-07,0.02,1000,34022.10308370591,72.1843,36.363636,91.73616,82.20474,79.05332,66.32278,87.98372,73.6,84.19355,46.410675,1257.8236,0.29416594,0.87338006,0.50478923,34022.0
Arena-Hard,BOTorch,9,1,4e-06,0.01,200,6759.703331565857,74.06143,36.363636,90.59894,82.25453,77.14908,69.228386,79.03363,70.8,86.451614,53.84435,1268.0673,0.21358284,0.9746647,0.49033988,6759.6
Arena-Hard,BOTorch,10,2,2e-06,0.01,200,75435.34418687821,72.01365,36.868687,91.96361,82.23461,78.67247,66.43039,77.74721,77.1,85.80645,57.493683,1285.0702,0.36959657,1.5958072,0.8154914,6789.4
Arena-Hard,BOTorch,11,0,8e-07,0.01,600,20577.602044439314,72.1843,35.353535,91.81198,82.26449,78.1284,67.137825,86.29387,77.13333,88.21656,54.216946,1278.9417,0.04481561,1.5275875,0.5840054,20577.5
Arena-Hard,BOTorch,12,1,1e-06,0.01,400,13542.002333974837,72.35495,36.868687,92.191055,82.20474,78.726875,66.98725,77.646034,76.46667,88.3871,55.30741,1276.745,0.15685442,1.4125835,0.61348313,13541.9
Arena-Hard,BOTorch,13,1,4e-06,0.04,200,6752.702239131928,72.01365,36.868687,91.96361,82.105156,79.16213,65.83855,77.48868,70.1,84.19355,41.34468,1208.4736,0.32803172,0.05488994,0.22870743,6752.6
Arena-Hard,BOTorch,14,3,4e-06,0.04,200,75473.54046974183,72.01365,36.868687,91.96361,82.105156,79.16213,65.83855,77.48868,70.1,84.19355,41.34468,1208.4736,0.32803172,0.05488994,0.22870743,6752.6
Arena-Hard,BOTorch,15,0,2e-06,0.02,200,6745.802017784119,71.672356,37.373737,91.12965,82.274445,79.434166,65.073105,78.32922,71.933334,84.09091,51.98968,1262.9352,0.5376748,0.85099024,0.6516077,6745.7
Arena-Hard,BOTorch,16,0,4e-06,0.04,200,6752.702125644684,72.01365,36.868687,91.96361,82.105156,79.16213,65.83855,77.48868,70.1,84.19355,41.34468,1208.4736,0.32803172,0.05488994,0.22870743,6752.6
Arena-Hard,BOTorch,17,3,1e-06,0.02,200,75352.93648943902,69.88055,36.363636,88.77938,81.99562,80.4679,59.353775,80.41624,73.36667,77.597404,39.127018,1217.1661,-0.3733374,-0.04247605,-0.25302416,6797.0
Arena-Hard,BOTorch,18,2,1e-06,0.02,200,75517.93734965325,69.88055,36.363636,88.77938,81.99562,80.4679,59.353775,80.41624,73.36667,77.597404,39.127018,1217.1661,-0.3733374,-0.04247605,-0.25302416,6797.0
Arena-Hard,BOTorch,19,0,2e-06,0.01,200,6789.502261734009,72.01365,36.868687,91.96361,82.23461,78.67247,66.43039,77.74721,77.1,85.80645,57.493683,1285.0702,0.36959657,1.5958072,0.8154914,6789.4
Arena-Hard,BOTorch,20,2,2e-06,0.02,200,75301.6376598835,71.672356,37.373737,91.12965,82.274445,79.434166,65.073105,78.32922,71.933334,84.09091,51.98968,1262.9352,0.5376748,0.85099024,0.6516077,6745.7
Arena-Hard,BOTorch,21,0,8e-07,0.01,600,20577.60326585769,72.1843,35.353535,91.81198,82.26449,78.1284,67.137825,86.29387,77.13333,88.21656,54.216946,1278.9417,0.04481561,1.5275875,0.5840054,20577.5
Arena-Hard,BOTorch,22,1,8e-07,0.04,400,34606.403814888006,71.331055,37.373737,90.826385,81.81637,79.97824,62.39612,86.41377,69.8,81.73077,43.251373,1228.8855,-0.10034652,-0.78636605,-0.34980816,34606.3
Arena-Hard,BOTorch,23,0,8e-07,0.04,400,34606.40373835564,71.331055,37.373737,90.826385,81.81637,79.97824,62.39612,86.41377,69.8,81.73077,43.251373,1228.8855,-0.10034652,-0.78636605,-0.34980816,34606.3
Arena-Hard,BOTorch,24,1,4e-06,0.02,200,6764.002892827988,72.61092,37.373737,91.43291,82.13503,78.23721,68.20614,78.7239,72.96667,83.552635,50.026516,1262.8114,0.53581864,0.8386434,0.6459367,6763.9
Arena-Hard,CQR,0,0,8e-07,0.02,1000,34022.101898050314,72.1843,36.363636,91.73616,82.20474,79.05332,66.32278,87.98372,73.6,84.19355,46.410675,1257.8236,0.29416594,0.87338006,0.50478923,34022.0
Arena-Hard,CQR,1,0,1e-06,0.01,400,13542.002124404906,72.35495,36.868687,92.191055,82.20474,78.726875,66.98725,77.646034,76.46667,88.3871,55.30741,1276.745,0.15685442,1.4125835,0.61348313,13541.9
Arena-Hard,CQR,2,0,8e-07,0.02,1000,34022.10231957436,72.1843,36.363636,91.73616,82.20474,79.05332,66.32278,87.98372,73.6,84.19355,46.410675,1257.8236,0.29416594,0.87338006,0.50478923,34022.0
Arena-Hard,CQR,3,0,2e-06,0.01,200,6789.501873826981,72.01365,36.868687,91.96361,82.23461,78.67247,66.43039,77.74721,77.1,85.80645,57.493683,1285.0702,0.36959657,1.5958072,0.8154914,6789.4
Arena-Hard,CQR,4,1,4e-06,0.02,200,6764.002188539505,72.61092,37.373737,91.43291,82.13503,78.23721,68.20614,78.7239,72.96667,83.552635,50.026516,1262.8114,0.53581864,0.8386434,0.6459367,6763.9
Arena-Hard,CQR,5,1,4e-06,0.02,200,6764.002204990387,72.61092,37.373737,91.43291,82.13503,78.23721,68.20614,78.7239,72.96667,83.552635,50.026516,1262.8114,0.53581864,0.8386434,0.6459367,6763.9
Arena-Hard,CQR,6,0,2e-06,0.02,200,6745.802389240265,71.672356,37.373737,91.12965,82.274445,79.434166,65.073105,78.32922,71.933334,84.09091,51.98968,1262.9352,0.5376748,0.85099024,0.6516077,6745.7
Arena-Hard,CQR,7,0,4e-06,0.01,200,6759.702112054825,74.06143,36.363636,90.59894,82.25453,77.14908,69.228386,79.03363,70.8,86.451614,53.84435,1268.0673,0.21358284,0.9746647,0.49033988,6759.6
Arena-Hard,CQR,8,1,1e-06,0.02,200,6797.107637739182,69.88055,36.363636,88.77938,81.99562,80.4679,59.353775,80.41624,73.36667,77.597404,39.127018,1217.1661,-0.3733374,-0.04247605,-0.25302416,6797.0
Arena-Hard,CQR,9,0,2e-06,0.01,200,6789.501900053025,72.01365,36.868687,91.96361,82.23461,78.67247,66.43039,77.74721,77.1,85.80645,57.493683,1285.0702,0.36959657,1.5958072,0.8154914,6789.4
Arena-Hard,CQR,10,1,8e-07,0.01,600,20577.60174498558,72.1843,35.353535,91.81198,82.26449,78.1284,67.137825,86.29387,77.13333,88.21656,54.216946,1278.9417,0.04481561,1.5275875,0.5840054,20577.5
Arena-Hard,CQR,11,0,1e-06,0.01,400,13542.00229320526,72.35495,36.868687,92.191055,82.20474,78.726875,66.98725,77.646034,76.46667,88.3871,55.30741,1276.745,0.15685442,1.4125835,0.61348313,13541.9
Arena-Hard,CQR,12,2,2e-06,0.01,200,75365.33793172837,72.01365,36.868687,91.96361,82.23461,78.67247,66.43039,77.74721,77.1,85.80645,57.493683,1285.0702,0.36959657,1.5958072,0.8154914,6789.4
Arena-Hard,CQR,13,0,2e-06,0.01,200,6789.502183771134,72.01365,36.868687,91.96361,82.23461,78.67247,66.43039,77.74721,77.1,85.80645,57.493683,1285.0702,0.36959657,1.5958072,0.8154914,6789.4
Arena-Hard,CQR,14,2,4e-06,0.02,200,75409.83802852631,72.61092,37.373737,91.43291,82.13503,78.23721,68.20614,78.7239,72.96667,83.552635,50.026516,1262.8114,0.53581864,0.8386434,0.6459367,6763.9
Arena-Hard,CQR,15,0,8e-07,0.02,1000,34022.101893043524,72.1843,36.363636,91.73616,82.20474,79.05332,66.32278,87.98372,73.6,84.19355,46.410675,1257.8236,0.29416594,0.87338006,0.50478923,34022.0
Arena-Hard,CQR,16,1,1e-06,0.02,200,6797.102103090287,69.88055,36.363636,88.77938,81.99562,80.4679,59.353775,80.41624,73.36667,77.597404,39.127018,1217.1661,-0.3733374,-0.04247605,-0.25302416,6797.0
Arena-Hard,CQR,17,0,4e-06,0.02,200,6764.001878833771,72.61092,37.373737,91.43291,82.13503,78.23721,68.20614,78.7239,72.96667,83.552635,50.026516,1262.8114,0.53581864,0.8386434,0.6459367,6763.9
Arena-Hard,CQR,18,0,2e-06,0.01,200,6789.50193104744,72.01365,36.868687,91.96361,82.23461,78.67247,66.43039,77.74721,77.1,85.80645,57.493683,1285.0702,0.36959657,1.5958072,0.8154914,6789.4
Arena-Hard,CQR,19,0,1e-06,0.04,400,13501.102092361449,71.16041,37.878788,90.44731,81.81637,79.76061,63.260426,78.984924,69.2,84.09091,42.00329,1208.4423,-0.39873835,-0.7881028,-0.5403254,13501.0
Arena-Hard,CQR,20,2,2e-06,0.02,200,75321.63929948807,71.672356,37.373737,91.12965,82.274445,79.434166,65.073105,78.32922,71.933334,84.09091,51.98968,1262.9352,0.5376748,0.85099024,0.6516077,6745.7
Arena-Hard,CQR,21,1,8e-07,0.01,600,20577.601942873,72.1843,35.353535,91.81198,82.26449,78.1284,67.137825,86.29387,77.13333,88.21656,54.216946,1278.9417,0.04481561,1.5275875,0.5840054,20577.5
Arena-Hard,CQR,22,1,8e-07,0.01,600,20577.602583265303,72.1843,35.353535,91.81198,82.26449,78.1284,67.137825,86.29387,77.13333,88.21656,54.216946,1278.9417,0.04481561,1.5275875,0.5840054,20577.5
Arena-Hard,CQR,23,2,2e-06,0.01,200,75365.33711895943,72.01365,36.868687,91.96361,82.23461,78.67247,66.43039,77.74721,77.1,85.80645,57.493683,1285.0702,0.36959657,1.5958072,0.8154914,6789.4
Arena-Hard,CQR,24,0,2e-06,0.01,200,6789.502436017991,72.01365,36.868687,91.96361,82.23461,78.67247,66.43039,77.74721,77.1,85.80645,57.493683,1285.0702,0.36959657,1.5958072,0.8154914,6789.4
Arena-Hard,RandomSearch,0,1,2e-06,0.02,200,6745.803586816788,71.672356,37.373737,91.12965,82.274445,79.434166,65.073105,78.32922,71.933334,84.09091,51.98968,1262.9352,0.5376748,0.85099024,0.6516077,6745.7
Arena-Hard,RandomSearch,1,1,1e-06,0.01,400,13542.003986454009,72.35495,36.868687,92.191055,82.20474,78.726875,66.98725,77.646034,76.46667,88.3871,55.30741,1276.745,0.15685442,1.4125835,0.61348313,13541.9
Arena-Hard,RandomSearch,2,0,2e-06,0.01,200,6789.501551485062,72.01365,36.868687,91.96361,82.23461,78.67247,66.43039,77.74721,77.1,85.80645,57.493683,1285.0702,0.36959657,1.5958072,0.8154914,6789.4
Arena-Hard,RandomSearch,3,1,8e-07,0.02,1000,34022.101840829855,72.1843,36.363636,91.73616,82.20474,79.05332,66.32278,87.98372,73.6,84.19355,46.410675,1257.8236,0.29416594,0.87338006,0.50478923,34022.0
Arena-Hard,RandomSearch,4,1,1e-06,0.01,400,13542.002391195296,72.35495,36.868687,92.191055,82.20474,78.726875,66.98725,77.646034,76.46667,88.3871,55.30741,1276.745,0.15685442,1.4125835,0.61348313,13541.9
Arena-Hard,RandomSearch,5,0,1e-06,0.02,200,6797.104139900208,69.88055,36.363636,88.77938,81.99562,80.4679,59.353775,80.41624,73.36667,77.597404,39.127018,1217.1661,-0.3733374,-0.04247605,-0.25302416,6797.0
Arena-Hard,RandomSearch,6,1,1e-06,0.01,400,13542.00242743492,72.35495,36.868687,92.191055,82.20474,78.726875,66.98725,77.646034,76.46667,88.3871,55.30741,1276.745,0.15685442,1.4125835,0.61348313,13541.9
Arena-Hard,RandomSearch,7,0,1e-06,0.01,400,13542.0040350914,72.35495,36.868687,92.191055,82.20474,78.726875,66.98725,77.646034,76.46667,88.3871,55.30741,1276.745,0.15685442,1.4125835,0.61348313,13541.9
Arena-Hard,RandomSearch,8,0,1e-06,0.02,200,6797.102869129181,69.88055,36.363636,88.77938,81.99562,80.4679,59.353775,80.41624,73.36667,77.597404,39.127018,1217.1661,-0.3733374,-0.04247605,-0.25302416,6797.0
Arena-Hard,RandomSearch,9,2,4e-06,0.02,200,75339.8358558178,72.61092,37.373737,91.43291,82.13503,78.23721,68.20614,78.7239,72.96667,83.552635,50.026516,1262.8114,0.53581864,0.8386434,0.6459367,6763.9
Arena-Hard,RandomSearch,10,2,1e-06,0.02,200,75487.94166193009,69.88055,36.363636,88.77938,81.99562,80.4679,59.353775,80.41624,73.36667,77.597404,39.127018,1217.1661,-0.3733374,-0.04247605,-0.25302416,6797.0
Arena-Hard,RandomSearch,11,1,1e-06,0.04,400,13501.10245308876,71.16041,37.878788,90.44731,81.81637,79.76061,63.260426,78.984924,69.2,84.09091,42.00329,1208.4423,-0.39873835,-0.7881028,-0.5403254,13501.0
Arena-Hard,RandomSearch,12,2,2e-06,0.01,200,75510.34260163308,72.01365,36.868687,91.96361,82.23461,78.67247,66.43039,77.74721,77.1,85.80645,57.493683,1285.0702,0.36959657,1.5958072,0.8154914,6789.4
Arena-Hard,RandomSearch,13,2,2e-06,0.01,200,75345.33821878434,72.01365,36.868687,91.96361,82.23461,78.67247,66.43039,77.74721,77.1,85.80645,57.493683,1285.0702,0.36959657,1.5958072,0.8154914,6789.4
Arena-Hard,RandomSearch,14,0,1e-06,0.01,400,13542.002214050292,72.35495,36.868687,92.191055,82.20474,78.726875,66.98725,77.646034,76.46667,88.3871,55.30741,1276.745,0.15685442,1.4125835,0.61348313,13541.9
Arena-Hard,RandomSearch,15,0,4e-06,0.02,200,6764.001726722718,72.61092,37.373737,91.43291,82.13503,78.23721,68.20614,78.7239,72.96667,83.552635,50.026516,1262.8114,0.53581864,0.8386434,0.6459367,6763.9
Arena-Hard,RandomSearch,16,1,4e-06,0.02,200,6764.002492284775,72.61092,37.373737,91.43291,82.13503,78.23721,68.20614,78.7239,72.96667,83.552635,50.026516,1262.8114,0.53581864,0.8386434,0.6459367,6763.9
Arena-Hard,RandomSearch,17,1,8e-07,0.02,1000,34022.10240516663,72.1843,36.363636,91.73616,82.20474,79.05332,66.32278,87.98372,73.6,84.19355,46.410675,1257.8236,0.29416594,0.87338006,0.50478923,34022.0
Arena-Hard,RandomSearch,18,2,2e-06,0.01,200,75365.33910164834,72.01365,36.868687,91.96361,82.23461,78.67247,66.43039,77.74721,77.1,85.80645,57.493683,1285.0702,0.36959657,1.5958072,0.8154914,6789.4
Arena-Hard,RandomSearch,19,0,8e-07,0.01,600,20577.602855062483,72.1843,35.353535,91.81198,82.26449,78.1284,67.137825,86.29387,77.13333,88.21656,54.216946,1278.9417,0.04481561,1.5275875,0.5840054,20577.5
Arena-Hard,RandomSearch,20,0,8e-07,0.02,1000,34022.10359654427,72.1843,36.363636,91.73616,82.20474,79.05332,66.32278,87.98372,73.6,84.19355,46.410675,1257.8236,0.29416594,0.87338006,0.50478923,34022.0
Arena-Hard,RandomSearch,21,1,1e-06,0.01,400,13542.003734922408,72.35495,36.868687,92.191055,82.20474,78.726875,66.98725,77.646034,76.46667,88.3871,55.30741,1276.745,0.15685442,1.4125835,0.61348313,13541.9
Arena-Hard,RandomSearch,22,1,8e-07,0.01,600,20577.60216603279,72.1843,35.353535,91.81198,82.26449,78.1284,67.137825,86.29387,77.13333,88.21656,54.216946,1278.9417,0.04481561,1.5275875,0.5840054,20577.5
Arena-Hard,RandomSearch,23,1,8e-07,0.01,600,20577.602149820326,72.1843,35.353535,91.81198,82.26449,78.1284,67.137825,86.29387,77.13333,88.21656,54.216946,1278.9417,0.04481561,1.5275875,0.5840054,20577.5
Arena-Hard,RandomSearch,24,0,4e-06,0.02,200,6764.00194606781,72.61092,37.373737,91.43291,82.13503,78.23721,68.20614,78.7239,72.96667,83.552635,50.026516,1262.8114,0.53581864,0.8386434,0.6459367,6763.9
Arena-Hard,TPE,0,0,4e-06,0.02,200,6764.002299165726,72.61092,37.373737,91.43291,82.13503,78.23721,68.20614,78.7239,72.96667,83.552635,50.026516,1262.8114,0.53581864,0.8386434,0.6459367,6763.9
Arena-Hard,TPE,1,1,8e-07,0.01,600,20577.60321316719,72.1843,35.353535,91.81198,82.26449,78.1284,67.137825,86.29387,77.13333,88.21656,54.216946,1278.9417,0.04481561,1.5275875,0.5840054,20577.5
Arena-Hard,TPE,2,2,4e-06,0.02,200,75269.83680901528,72.61092,37.373737,91.43291,82.13503,78.23721,68.20614,78.7239,72.96667,83.552635,50.026516,1262.8114,0.53581864,0.8386434,0.6459367,6763.9
Arena-Hard,TPE,3,0,1e-06,0.04,400,13501.103843307494,71.16041,37.878788,90.44731,81.81637,79.76061,63.260426,78.984924,69.2,84.09091,42.00329,1208.4423,-0.39873835,-0.7881028,-0.5403254,13501.0
Arena-Hard,TPE,4,1,8e-07,0.01,600,20577.60294303894,72.1843,35.353535,91.81198,82.26449,78.1284,67.137825,86.29387,77.13333,88.21656,54.216946,1278.9417,0.04481561,1.5275875,0.5840054,20577.5
Arena-Hard,TPE,5,1,1e-06,0.01,400,13542.003403282164,72.35495,36.868687,92.191055,82.20474,78.726875,66.98725,77.646034,76.46667,88.3871,55.30741,1276.745,0.15685442,1.4125835,0.61348313,13541.9
Arena-Hard,TPE,6,2,2e-06,0.01,200,75890.3433526516,72.01365,36.868687,91.96361,82.23461,78.67247,66.43039,77.74721,77.1,85.80645,57.493683,1285.0702,0.36959657,1.5958072,0.8154914,6789.4
Arena-Hard,TPE,7,0,1e-06,0.02,200,6797.102969026566,69.88055,36.363636,88.77938,81.99562,80.4679,59.353775,80.41624,73.36667,77.597404,39.127018,1217.1661,-0.3733374,-0.04247605,-0.25302416,6797.0
Arena-Hard,TPE,8,0,4e-06,0.04,200,6752.702570295334,72.01365,36.868687,91.96361,82.105156,79.16213,65.83855,77.48868,70.1,84.19355,41.34468,1208.4736,0.32803172,0.05488994,0.22870743,6752.6
Arena-Hard,TPE,9,1,2e-06,0.01,200,6789.502724266053,72.01365,36.868687,91.96361,82.23461,78.67247,66.43039,77.74721,77.1,85.80645,57.493683,1285.0702,0.36959657,1.5958072,0.8154914,6789.4
Arena-Hard,TPE,10,0,2e-06,0.02,200,6745.802769994736,71.672356,37.373737,91.12965,82.274445,79.434166,65.073105,78.32922,71.933334,84.09091,51.98968,1262.9352,0.5376748,0.85099024,0.6516077,6745.7
Arena-Hard,TPE,11,1,1e-06,0.02,200,6797.103163814545,69.88055,36.363636,88.77938,81.99562,80.4679,59.353775,80.41624,73.36667,77.597404,39.127018,1217.1661,-0.3733374,-0.04247605,-0.25302416,6797.0
Arena-Hard,TPE,12,2,2e-06,0.01,200,75510.33918271065,72.01365,36.868687,91.96361,82.23461,78.67247,66.43039,77.74721,77.1,85.80645,57.493683,1285.0702,0.36959657,1.5958072,0.8154914,6789.4
Arena-Hard,TPE,13,2,4e-06,0.01,200,75315.53791484833,74.06143,36.363636,90.59894,82.25453,77.14908,69.228386,79.03363,70.8,86.451614,53.84435,1268.0673,0.21358284,0.9746647,0.49033988,6759.6
Arena-Hard,TPE,14,1,1e-06,0.01,400,13542.002618408202,72.35495,36.868687,92.191055,82.20474,78.726875,66.98725,77.646034,76.46667,88.3871,55.30741,1276.745,0.15685442,1.4125835,0.61348313,13541.9
Arena-Hard,TPE,15,1,1e-06,0.01,400,13542.002988433836,72.35495,36.868687,92.191055,82.20474,78.726875,66.98725,77.646034,76.46667,88.3871,55.30741,1276.745,0.15685442,1.4125835,0.61348313,13541.9
Arena-Hard,TPE,16,0,8e-07,0.01,600,20577.603042459486,72.1843,35.353535,91.81198,82.26449,78.1284,67.137825,86.29387,77.13333,88.21656,54.216946,1278.9417,0.04481561,1.5275875,0.5840054,20577.5
Arena-Hard,TPE,17,1,2e-06,0.01,200,6789.502918100357,72.01365,36.868687,91.96361,82.23461,78.67247,66.43039,77.74721,77.1,85.80645,57.493683,1285.0702,0.36959657,1.5958072,0.8154914,6789.4
Arena-Hard,TPE,18,0,1e-06,0.01,400,13542.002621269225,72.35495,36.868687,92.191055,82.20474,78.726875,66.98725,77.646034,76.46667,88.3871,55.30741,1276.745,0.15685442,1.4125835,0.61348313,13541.9
Arena-Hard,TPE,19,1,2e-06,0.01,200,6789.501918649674,72.01365,36.868687,91.96361,82.23461,78.67247,66.43039,77.74721,77.1,85.80645,57.493683,1285.0702,0.36959657,1.5958072,0.8154914,6789.4
Arena-Hard,TPE,20,0,4e-06,0.04,200,6752.7020722389225,72.01365,36.868687,91.96361,82.105156,79.16213,65.83855,77.48868,70.1,84.19355,41.34468,1208.4736,0.32803172,0.05488994,0.22870743,6752.6
Arena-Hard,TPE,21,0,1e-06,0.02,200,6797.102357244492,69.88055,36.363636,88.77938,81.99562,80.4679,59.353775,80.41624,73.36667,77.597404,39.127018,1217.1661,-0.3733374,-0.04247605,-0.25302416,6797.0
Arena-Hard,TPE,22,1,2e-06,0.02,200,6745.808702087403,71.672356,37.373737,91.12965,82.274445,79.434166,65.073105,78.32922,71.933334,84.09091,51.98968,1262.9352,0.5376748,0.85099024,0.6516077,6745.7
Arena-Hard,TPE,23,0,8e-07,0.02,1000,34022.10184464455,72.1843,36.363636,91.73616,82.20474,79.05332,66.32278,87.98372,73.6,84.19355,46.410675,1257.8236,0.29416594,0.87338006,0.50478923,34022.0
Arena-Hard,TPE,24,0,8e-07,0.01,600,20577.602503633498,72.1843,35.353535,91.81198,82.26449,78.1284,67.137825,86.29387,77.13333,88.21656,54.216946,1278.9417,0.04481561,1.5275875,0.5840054,20577.5
ELO,ASHA,0,0,8e-07,0.02,400,13608.902060365675,71.843,37.373737,90.67475,82.15495,79.21654,64.648346,86.87338,72.7,86.53846,49.924202,1283.2539,0.15120597,0.75569826,0.37102136,13608.8
ELO,ASHA,1,0,1e-06,0.01,600,20312.903107976912,72.8669,36.868687,91.357086,82.4537,78.50925,68.0801,76.699326,74.36667,86.60131,54.841022,1285.787,0.15380828,1.3562936,0.59107566,20312.8
ELO,ASHA,2,0,8e-07,0.02,400,13608.901936864851,71.843,37.373737,90.67475,82.15495,79.21654,64.648346,86.87338,72.7,86.53846,49.924202,1283.2539,0.15120597,0.75569826,0.37102136,13608.8
ELO,ASHA,3,1,1e-06,0.01,600,20312.90299687385,72.8669,36.868687,91.357086,82.4537,78.50925,68.0801,76.699326,74.36667,86.60131,54.841022,1285.787,0.15380828,1.3562936,0.59107566,20312.8
ELO,ASHA,4,1,4e-06,0.02,200,6764.002949333191,72.61092,37.373737,91.43291,82.13503,78.23721,68.20614,78.7239,72.96667,83.552635,50.026516,1262.8114,0.53581864,0.8386434,0.6459367,6763.9
ELO,ASHA,5,1,4e-06,0.02,200,6764.003013944626,72.61092,37.373737,91.43291,82.13503,78.23721,68.20614,78.7239,72.96667,83.552635,50.026516,1262.8114,0.53581864,0.8386434,0.6459367,6763.9
ELO,ASHA,6,1,4e-06,0.01,200,6759.702900743485,74.06143,36.363636,90.59894,82.25453,77.14908,69.228386,79.03363,70.8,86.451614,53.84435,1268.0673,0.21358284,0.9746647,0.49033988,6759.6
ELO,ASHA,7,0,4e-06,0.01,200,6759.70309791565,74.06143,36.363636,90.59894,82.25453,77.14908,69.228386,79.03363,70.8,86.451614,53.84435,1268.0673,0.21358284,0.9746647,0.49033988,6759.6
ELO,ASHA,8,0,4e-06,0.01,200,6759.702679967881,74.06143,36.363636,90.59894,82.25453,77.14908,69.228386,79.03363,70.8,86.451614,53.84435,1268.0673,0.21358284,0.9746647,0.49033988,6759.6
ELO,ASHA,9,0,2e-06,0.01,200,6789.50211725235,72.01365,36.868687,91.96361,82.23461,78.67247,66.43039,77.74721,77.1,85.80645,57.493683,1285.0702,0.36959657,1.5958072,0.8154914,6789.4
ELO,ASHA,10,1,8e-07,0.01,400,13718.402377939225,72.26962,38.38384,91.887794,82.19478,78.99891,66.17178,86.947075,76.9,86.77419,56.37547,1304.2491,0.53719836,1.5435038,0.9031276,13718.3
ELO,ASHA,11,0,1e-06,0.01,600,20312.90342340469,72.8669,36.868687,91.357086,82.4537,78.50925,68.0801,76.699326,74.36667,86.60131,54.841022,1285.787,0.15380828,1.3562936,0.59107566,20312.8
ELO,ASHA,12,2,2e-06,0.01,200,75365.33841166497,72.01365,36.868687,91.96361,82.23461,78.67247,66.43039,77.74721,77.1,85.80645,57.493683,1285.0702,0.36959657,1.5958072,0.8154914,6789.4
ELO,ASHA,13,0,2e-06,0.01,200,6789.50249657631,72.01365,36.868687,91.96361,82.23461,78.67247,66.43039,77.74721,77.1,85.80645,57.493683,1285.0702,0.36959657,1.5958072,0.8154914,6789.4
ELO,ASHA,14,0,4e-06,0.01,200,6759.706288194657,74.06143,36.363636,90.59894,82.25453,77.14908,69.228386,79.03363,70.8,86.451614,53.84435,1268.0673,0.21358284,0.9746647,0.49033988,6759.6
ELO,ASHA,15,0,8e-07,0.02,400,13608.902106142044,71.843,37.373737,90.67475,82.15495,79.21654,64.648346,86.87338,72.7,86.53846,49.924202,1283.2539,0.15120597,0.75569826,0.37102136,13608.8
ELO,ASHA,16,1,1e-06,0.02,400,13594.102124547955,71.75768,37.373737,91.43291,82.224655,79.10773,65.29052,77.523636,73.36667,81.9079,49.954933,1265.8021,-0.047751203,0.10708234,0.008551903,13594.0
ELO,ASHA,17,2,2e-06,0.02,200,75321.64133319855,71.672356,37.373737,91.12965,82.274445,79.434166,65.073105,78.32922,71.933334,84.09091,51.98968,1262.9352,0.5376748,0.85099024,0.6516077,6745.7
ELO,ASHA,18,0,2e-06,0.01,200,6789.502010440827,72.01365,36.868687,91.96361,82.23461,78.67247,66.43039,77.74721,77.1,85.80645,57.493683,1285.0702,0.36959657,1.5958072,0.8154914,6789.4
ELO,ASHA,19,3,2e-06,0.04,200,75322.83855900765,71.331055,36.868687,89.9166,82.03545,79.86942,62.660313,78.98243,67.166664,84.31373,41.638817,1232.137,0.06290794,0.028305046,0.05032507,6766.9
ELO,ASHA,20,1,4e-06,0.01,200,6759.702032899857,74.06143,36.363636,90.59894,82.25453,77.14908,69.228386,79.03363,70.8,86.451614,53.84435,1268.0673,0.21358284,0.9746647,0.49033988,6759.6
ELO,ASHA,21,1,8e-07,0.01,400,13718.401922798155,72.26962,38.38384,91.887794,82.19478,78.99891,66.17178,86.947075,76.9,86.77419,56.37547,1304.2491,0.53719836,1.5435038,0.9031276,13718.3
ELO,ASHA,22,1,8e-07,0.01,400,13718.402162170409,72.26962,38.38384,91.887794,82.19478,78.99891,66.17178,86.947075,76.9,86.77419,56.37547,1304.2491,0.53719836,1.5435038,0.9031276,13718.3
ELO,ASHA,23,2,2e-06,0.01,200,75365.33677444459,72.01365,36.868687,91.96361,82.23461,78.67247,66.43039,77.74721,77.1,85.80645,57.493683,1285.0702,0.36959657,1.5958072,0.8154914,6789.4
ELO,ASHA,24,0,2e-06,0.01,200,6789.501749610901,72.01365,36.868687,91.96361,82.23461,78.67247,66.43039,77.74721,77.1,85.80645,57.493683,1285.0702,0.36959657,1.5958072,0.8154914,6789.4
ELO,BOHB,0,0,8e-07,0.02,400,13608.902055358883,71.843,37.373737,90.67475,82.15495,79.21654,64.648346,86.87338,72.7,86.53846,49.924202,1283.2539,0.15120597,0.75569826,0.37102136,13608.8
ELO,BOHB,1,0,1e-06,0.01,600,20312.902607297896,72.8669,36.868687,91.357086,82.4537,78.50925,68.0801,76.699326,74.36667,86.60131,54.841022,1285.787,0.15380828,1.3562936,0.59107566,20312.8
ELO,BOHB,2,0,8e-07,0.02,400,13608.90214524269,71.843,37.373737,90.67475,82.15495,79.21654,64.648346,86.87338,72.7,86.53846,49.924202,1283.2539,0.15120597,0.75569826,0.37102136,13608.8
ELO,BOHB,3,1,1e-06,0.01,600,20312.90268383026,72.8669,36.868687,91.357086,82.4537,78.50925,68.0801,76.699326,74.36667,86.60131,54.841022,1285.787,0.15380828,1.3562936,0.59107566,20312.8
ELO,BOHB,4,1,4e-06,0.02,200,6764.002148485184,72.61092,37.373737,91.43291,82.13503,78.23721,68.20614,78.7239,72.96667,83.552635,50.026516,1262.8114,0.53581864,0.8386434,0.6459367,6763.9
ELO,BOHB,5,1,4e-06,0.02,200,6764.002734279633,72.61092,37.373737,91.43291,82.13503,78.23721,68.20614,78.7239,72.96667,83.552635,50.026516,1262.8114,0.53581864,0.8386434,0.6459367,6763.9
ELO,BOHB,6,1,4e-06,0.01,200,6759.703554725647,74.06143,36.363636,90.59894,82.25453,77.14908,69.228386,79.03363,70.8,86.451614,53.84435,1268.0673,0.21358284,0.9746647,0.49033988,6759.6
ELO,BOHB,7,0,4e-06,0.01,200,6759.702377414704,74.06143,36.363636,90.59894,82.25453,77.14908,69.228386,79.03363,70.8,86.451614,53.84435,1268.0673,0.21358284,0.9746647,0.49033988,6759.6
ELO,BOHB,8,0,4e-06,0.01,200,6759.702967500687,74.06143,36.363636,90.59894,82.25453,77.14908,69.228386,79.03363,70.8,86.451614,53.84435,1268.0673,0.21358284,0.9746647,0.49033988,6759.6
ELO,BOHB,9,0,2e-06,0.01,200,6789.502855873108,72.01365,36.868687,91.96361,82.23461,78.67247,66.43039,77.74721,77.1,85.80645,57.493683,1285.0702,0.36959657,1.5958072,0.8154914,6789.4
ELO,BOHB,10,1,8e-07,0.01,400,13718.401661491393,72.26962,38.38384,91.887794,82.19478,78.99891,66.17178,86.947075,76.9,86.77419,56.37547,1304.2491,0.53719836,1.5435038,0.9031276,13718.3
ELO,BOHB,11,0,1e-06,0.01,600,20312.90354261398,72.8669,36.868687,91.357086,82.4537,78.50925,68.0801,76.699326,74.36667,86.60131,54.841022,1285.787,0.15380828,1.3562936,0.59107566,20312.8
ELO,BOHB,12,2,2e-06,0.01,200,75365.3386853695,72.01365,36.868687,91.96361,82.23461,78.67247,66.43039,77.74721,77.1,85.80645,57.493683,1285.0702,0.36959657,1.5958072,0.8154914,6789.4
ELO,BOHB,13,0,2e-06,0.01,200,6789.502357101441,72.01365,36.868687,91.96361,82.23461,78.67247,66.43039,77.74721,77.1,85.80645,57.493683,1285.0702,0.36959657,1.5958072,0.8154914,6789.4
ELO,BOHB,14,0,4e-06,0.01,200,6759.702709293366,74.06143,36.363636,90.59894,82.25453,77.14908,69.228386,79.03363,70.8,86.451614,53.84435,1268.0673,0.21358284,0.9746647,0.49033988,6759.6
ELO,BOHB,15,0,8e-07,0.02,400,13608.904032564162,71.843,37.373737,90.67475,82.15495,79.21654,64.648346,86.87338,72.7,86.53846,49.924202,1283.2539,0.15120597,0.75569826,0.37102136,13608.8
ELO,BOHB,16,1,1e-06,0.02,400,13594.101866817471,71.75768,37.373737,91.43291,82.224655,79.10773,65.29052,77.523636,73.36667,81.9079,49.954933,1265.8021,-0.047751203,0.10708234,0.008551903,13594.0
ELO,BOHB,17,2,2e-06,0.02,200,75321.6388019085,71.672356,37.373737,91.12965,82.274445,79.434166,65.073105,78.32922,71.933334,84.09091,51.98968,1262.9352,0.5376748,0.85099024,0.6516077,6745.7
ELO,BOHB,18,0,2e-06,0.01,200,6789.501718616486,72.01365,36.868687,91.96361,82.23461,78.67247,66.43039,77.74721,77.1,85.80645,57.493683,1285.0702,0.36959657,1.5958072,0.8154914,6789.4
ELO,BOHB,19,3,2e-06,0.04,200,75322.83876833916,71.331055,36.868687,89.9166,82.03545,79.86942,62.660313,78.98243,67.166664,84.31373,41.638817,1232.137,0.06290794,0.028305046,0.05032507,6766.9
ELO,BOHB,20,1,4e-06,0.01,200,6759.702141618729,74.06143,36.363636,90.59894,82.25453,77.14908,69.228386,79.03363,70.8,86.451614,53.84435,1268.0673,0.21358284,0.9746647,0.49033988,6759.6
ELO,BOHB,21,1,8e-07,0.01,400,13718.40246734619,72.26962,38.38384,91.887794,82.19478,78.99891,66.17178,86.947075,76.9,86.77419,56.37547,1304.2491,0.53719836,1.5435038,0.9031276,13718.3
ELO,BOHB,22,1,8e-07,0.01,400,13718.402149772644,72.26962,38.38384,91.887794,82.19478,78.99891,66.17178,86.947075,76.9,86.77419,56.37547,1304.2491,0.53719836,1.5435038,0.9031276,13718.3
ELO,BOHB,23,2,2e-06,0.01,200,75365.33952698708,72.01365,36.868687,91.96361,82.23461,78.67247,66.43039,77.74721,77.1,85.80645,57.493683,1285.0702,0.36959657,1.5958072,0.8154914,6789.4
ELO,BOHB,24,0,2e-06,0.01,200,6789.503059959412,72.01365,36.868687,91.96361,82.23461,78.67247,66.43039,77.74721,77.1,85.80645,57.493683,1285.0702,0.36959657,1.5958072,0.8154914,6789.4
ELO,BOTorch,0,1,8e-07,0.01,400,13718.40335330963,72.26962,38.38384,91.887794,82.19478,78.99891,66.17178,86.947075,76.9,86.77419,56.37547,1304.2491,0.53719836,1.5435038,0.9031276,13718.3
ELO,BOTorch,1,0,4e-06,0.01,200,6759.702090120316,74.06143,36.363636,90.59894,82.25453,77.14908,69.228386,79.03363,70.8,86.451614,53.84435,1268.0673,0.21358284,0.9746647,0.49033988,6759.6
ELO,BOTorch,2,0,1e-06,0.01,600,20312.90333566665,72.8669,36.868687,91.357086,82.4537,78.50925,68.0801,76.699326,74.36667,86.60131,54.841022,1285.787,0.15380828,1.3562936,0.59107566,20312.8
ELO,BOTorch,3,1,1e-06,0.01,600,20312.90381321907,72.8669,36.868687,91.357086,82.4537,78.50925,68.0801,76.699326,74.36667,86.60131,54.841022,1285.787,0.15380828,1.3562936,0.59107566,20312.8
ELO,BOTorch,4,0,8e-07,0.02,400,13608.902878141402,71.843,37.373737,90.67475,82.15495,79.21654,64.648346,86.87338,72.7,86.53846,49.924202,1283.2539,0.15120597,0.75569826,0.37102136,13608.8
ELO,BOTorch,5,0,8e-07,0.02,400,13608.902310705183,71.843,37.373737,90.67475,82.15495,79.21654,64.648346,86.87338,72.7,86.53846,49.924202,1283.2539,0.15120597,0.75569826,0.37102136,13608.8
ELO,BOTorch,6,0,1e-06,0.01,600,20312.902869558333,72.8669,36.868687,91.357086,82.4537,78.50925,68.0801,76.699326,74.36667,86.60131,54.841022,1285.787,0.15380828,1.3562936,0.59107566,20312.8
ELO,BOTorch,7,1,2e-06,0.04,200,6767.001649951935,71.331055,36.868687,89.9166,82.03545,79.86942,62.660313,78.98243,67.166664,84.31373,41.638817,1232.137,0.06290794,0.028305046,0.05032507,6766.9
ELO,BOTorch,8,1,1e-06,0.01,600,20312.902934408183,72.8669,36.868687,91.357086,82.4537,78.50925,68.0801,76.699326,74.36667,86.60131,54.841022,1285.787,0.15380828,1.3562936,0.59107566,20312.8
ELO,BOTorch,9,1,2e-06,0.02,200,6745.8021563053135,71.672356,37.373737,91.12965,82.274445,79.434166,65.073105,78.32922,71.933334,84.09091,51.98968,1262.9352,0.5376748,0.85099024,0.6516077,6745.7
ELO,BOTorch,10,1,4e-06,0.02,200,6764.001998996735,72.61092,37.373737,91.43291,82.13503,78.23721,68.20614,78.7239,72.96667,83.552635,50.026516,1262.8114,0.53581864,0.8386434,0.6459367,6763.9
ELO,BOTorch,11,1,2e-06,0.01,200,6789.501818037033,72.01365,36.868687,91.96361,82.23461,78.67247,66.43039,77.74721,77.1,85.80645,57.493683,1285.0702,0.36959657,1.5958072,0.8154914,6789.4
ELO,BOTorch,12,1,8e-07,0.01,400,13718.401664352416,72.26962,38.38384,91.887794,82.19478,78.99891,66.17178,86.947075,76.9,86.77419,56.37547,1304.2491,0.53719836,1.5435038,0.9031276,13718.3
ELO,BOTorch,13,0,1e-06,0.01,600,20312.903519964217,72.8669,36.868687,91.357086,82.4537,78.50925,68.0801,76.699326,74.36667,86.60131,54.841022,1285.787,0.15380828,1.3562936,0.59107566,20312.8
ELO,BOTorch,14,1,2e-06,0.02,200,6745.802215433121,71.672356,37.373737,91.12965,82.274445,79.434166,65.073105,78.32922,71.933334,84.09091,51.98968,1262.9352,0.5376748,0.85099024,0.6516077,6745.7
ELO,BOTorch,15,1,1e-06,0.01,600,20312.90249428749,72.8669,36.868687,91.357086,82.4537,78.50925,68.0801,76.699326,74.36667,86.60131,54.841022,1285.787,0.15380828,1.3562936,0.59107566,20312.8
ELO,BOTorch,16,1,1e-06,0.01,600,20312.903087711333,72.8669,36.868687,91.357086,82.4537,78.50925,68.0801,76.699326,74.36667,86.60131,54.841022,1285.787,0.15380828,1.3562936,0.59107566,20312.8
ELO,BOTorch,17,0,1e-06,0.01,600,20312.90308413505,72.8669,36.868687,91.357086,82.4537,78.50925,68.0801,76.699326,74.36667,86.60131,54.841022,1285.787,0.15380828,1.3562936,0.59107566,20312.8
ELO,BOTorch,18,1,8e-07,0.01,400,13718.401701307295,72.26962,38.38384,91.887794,82.19478,78.99891,66.17178,86.947075,76.9,86.77419,56.37547,1304.2491,0.53719836,1.5435038,0.9031276,13718.3
ELO,BOTorch,19,0,8e-07,0.01,400,13718.405114030837,72.26962,38.38384,91.887794,82.19478,78.99891,66.17178,86.947075,76.9,86.77419,56.37547,1304.2491,0.53719836,1.5435038,0.9031276,13718.3
ELO,BOTorch,20,2,2e-06,0.02,200,75321.61138019562,71.672356,37.373737,91.12965,82.274445,79.434166,65.073105,78.32922,71.933334,84.09091,51.98968,1262.9352,0.5376748,0.85099024,0.6516077,6745.7
ELO,BOTorch,21,1,8e-07,0.01,400,13718.40176591873,72.26962,38.38384,91.887794,82.19478,78.99891,66.17178,86.947075,76.9,86.77419,56.37547,1304.2491,0.53719836,1.5435038,0.9031276,13718.3
ELO,BOTorch,22,0,2e-06,0.01,200,6789.502066469193,72.01365,36.868687,91.96361,82.23461,78.67247,66.43039,77.74721,77.1,85.80645,57.493683,1285.0702,0.36959657,1.5958072,0.8154914,6789.4
ELO,BOTorch,23,1,1e-06,0.01,600,20312.90788207054,72.8669,36.868687,91.357086,82.4537,78.50925,68.0801,76.699326,74.36667,86.60131,54.841022,1285.787,0.15380828,1.3562936,0.59107566,20312.8
ELO,BOTorch,24,2,4e-06,0.02,200,75484.81766567231,72.61092,37.373737,91.43291,82.13503,78.23721,68.20614,78.7239,72.96667,83.552635,50.026516,1262.8114,0.53581864,0.8386434,0.6459367,6763.9
ELO,CQR,0,0,8e-07,0.02,400,13608.901694869994,71.843,37.373737,90.67475,82.15495,79.21654,64.648346,86.87338,72.7,86.53846,49.924202,1283.2539,0.15120597,0.75569826,0.37102136,13608.8
ELO,CQR,1,0,1e-06,0.01,600,20312.902753686903,72.8669,36.868687,91.357086,82.4537,78.50925,68.0801,76.699326,74.36667,86.60131,54.841022,1285.787,0.15380828,1.3562936,0.59107566,20312.8
ELO,CQR,2,0,8e-07,0.02,400,13608.901415681838,71.843,37.373737,90.67475,82.15495,79.21654,64.648346,86.87338,72.7,86.53846,49.924202,1283.2539,0.15120597,0.75569826,0.37102136,13608.8
ELO,CQR,3,1,1e-06,0.01,600,20312.90269432068,72.8669,36.868687,91.357086,82.4537,78.50925,68.0801,76.699326,74.36667,86.60131,54.841022,1285.787,0.15380828,1.3562936,0.59107566,20312.8
ELO,CQR,4,1,4e-06,0.02,200,6764.001926279068,72.61092,37.373737,91.43291,82.13503,78.23721,68.20614,78.7239,72.96667,83.552635,50.026516,1262.8114,0.53581864,0.8386434,0.6459367,6763.9
ELO,CQR,5,1,4e-06,0.02,200,6764.001761293412,72.61092,37.373737,91.43291,82.13503,78.23721,68.20614,78.7239,72.96667,83.552635,50.026516,1262.8114,0.53581864,0.8386434,0.6459367,6763.9
ELO,CQR,6,1,4e-06,0.01,200,6759.701949453354,74.06143,36.363636,90.59894,82.25453,77.14908,69.228386,79.03363,70.8,86.451614,53.84435,1268.0673,0.21358284,0.9746647,0.49033988,6759.6
ELO,CQR,7,0,4e-06,0.01,200,6759.702056026459,74.06143,36.363636,90.59894,82.25453,77.14908,69.228386,79.03363,70.8,86.451614,53.84435,1268.0673,0.21358284,0.9746647,0.49033988,6759.6
ELO,CQR,8,0,4e-06,0.01,200,6759.702306604386,74.06143,36.363636,90.59894,82.25453,77.14908,69.228386,79.03363,70.8,86.451614,53.84435,1268.0673,0.21358284,0.9746647,0.49033988,6759.6
ELO,CQR,9,0,2e-06,0.01,200,6789.501761054993,72.01365,36.868687,91.96361,82.23461,78.67247,66.43039,77.74721,77.1,85.80645,57.493683,1285.0702,0.36959657,1.5958072,0.8154914,6789.4
ELO,CQR,10,1,8e-07,0.01,400,13718.401846265791,72.26962,38.38384,91.887794,82.19478,78.99891,66.17178,86.947075,76.9,86.77419,56.37547,1304.2491,0.53719836,1.5435038,0.9031276,13718.3
ELO,CQR,11,0,1e-06,0.01,600,20312.90304145813,72.8669,36.868687,91.357086,82.4537,78.50925,68.0801,76.699326,74.36667,86.60131,54.841022,1285.787,0.15380828,1.3562936,0.59107566,20312.8
ELO,CQR,12,2,2e-06,0.01,200,75365.33763370514,72.01365,36.868687,91.96361,82.23461,78.67247,66.43039,77.74721,77.1,85.80645,57.493683,1285.0702,0.36959657,1.5958072,0.8154914,6789.4
ELO,CQR,13,0,2e-06,0.01,200,6789.501770591736,72.01365,36.868687,91.96361,82.23461,78.67247,66.43039,77.74721,77.1,85.80645,57.493683,1285.0702,0.36959657,1.5958072,0.8154914,6789.4
ELO,CQR,14,0,4e-06,0.01,200,6759.702127552033,74.06143,36.363636,90.59894,82.25453,77.14908,69.228386,79.03363,70.8,86.451614,53.84435,1268.0673,0.21358284,0.9746647,0.49033988,6759.6
ELO,CQR,15,0,8e-07,0.02,400,13608.902154064175,71.843,37.373737,90.67475,82.15495,79.21654,64.648346,86.87338,72.7,86.53846,49.924202,1283.2539,0.15120597,0.75569826,0.37102136,13608.8
ELO,CQR,16,1,1e-06,0.02,400,13594.102731800078,71.75768,37.373737,91.43291,82.224655,79.10773,65.29052,77.523636,73.36667,81.9079,49.954933,1265.8021,-0.047751203,0.10708234,0.008551903,13594.0
ELO,CQR,17,2,2e-06,0.02,200,75321.64027175904,71.672356,37.373737,91.12965,82.274445,79.434166,65.073105,78.32922,71.933334,84.09091,51.98968,1262.9352,0.5376748,0.85099024,0.6516077,6745.7
ELO,CQR,18,0,2e-06,0.01,200,6789.502049779892,72.01365,36.868687,91.96361,82.23461,78.67247,66.43039,77.74721,77.1,85.80645,57.493683,1285.0702,0.36959657,1.5958072,0.8154914,6789.4
ELO,CQR,19,3,2e-06,0.04,200,75322.83687124253,71.331055,36.868687,89.9166,82.03545,79.86942,62.660313,78.98243,67.166664,84.31373,41.638817,1232.137,0.06290794,0.028305046,0.05032507,6766.9
ELO,CQR,20,1,4e-06,0.01,200,6759.703274345398,74.06143,36.363636,90.59894,82.25453,77.14908,69.228386,79.03363,70.8,86.451614,53.84435,1268.0673,0.21358284,0.9746647,0.49033988,6759.6
ELO,CQR,21,1,8e-07,0.01,400,13718.402076101302,72.26962,38.38384,91.887794,82.19478,78.99891,66.17178,86.947075,76.9,86.77419,56.37547,1304.2491,0.53719836,1.5435038,0.9031276,13718.3
ELO,CQR,22,1,8e-07,0.01,400,13718.40253124237,72.26962,38.38384,91.887794,82.19478,78.99891,66.17178,86.947075,76.9,86.77419,56.37547,1304.2491,0.53719836,1.5435038,0.9031276,13718.3
ELO,CQR,23,2,2e-06,0.01,200,75365.33879766465,72.01365,36.868687,91.96361,82.23461,78.67247,66.43039,77.74721,77.1,85.80645,57.493683,1285.0702,0.36959657,1.5958072,0.8154914,6789.4
ELO,CQR,24,0,2e-06,0.01,200,6789.502281522751,72.01365,36.868687,91.96361,82.23461,78.67247,66.43039,77.74721,77.1,85.80645,57.493683,1285.0702,0.36959657,1.5958072,0.8154914,6789.4
ELO,RandomSearch,0,1,4e-06,0.02,200,6764.003824567795,72.61092,37.373737,91.43291,82.13503,78.23721,68.20614,78.7239,72.96667,83.552635,50.026516,1262.8114,0.53581864,0.8386434,0.6459367,6763.9
ELO,RandomSearch,1,1,1e-06,0.02,400,13594.102312898634,71.75768,37.373737,91.43291,82.224655,79.10773,65.29052,77.523636,73.36667,81.9079,49.954933,1265.8021,-0.047751203,0.10708234,0.008551903,13594.0
ELO,RandomSearch,2,0,8e-07,0.01,400,13718.403524732588,72.26962,38.38384,91.887794,82.19478,78.99891,66.17178,86.947075,76.9,86.77419,56.37547,1304.2491,0.53719836,1.5435038,0.9031276,13718.3
ELO,RandomSearch,3,1,1e-06,0.01,600,20312.90285334587,72.8669,36.868687,91.357086,82.4537,78.50925,68.0801,76.699326,74.36667,86.60131,54.841022,1285.787,0.15380828,1.3562936,0.59107566,20312.8
ELO,RandomSearch,4,1,8e-07,0.02,400,13608.90217552185,71.843,37.373737,90.67475,82.15495,79.21654,64.648346,86.87338,72.7,86.53846,49.924202,1283.2539,0.15120597,0.75569826,0.37102136,13608.8
ELO,RandomSearch,5,1,4e-06,0.01,200,6759.702192163468,74.06143,36.363636,90.59894,82.25453,77.14908,69.228386,79.03363,70.8,86.451614,53.84435,1268.0673,0.21358284,0.9746647,0.49033988,6759.6
ELO,RandomSearch,6,1,2e-06,0.02,200,6745.802160120011,71.672356,37.373737,91.12965,82.274445,79.434166,65.073105,78.32922,71.933334,84.09091,51.98968,1262.9352,0.5376748,0.85099024,0.6516077,6745.7
ELO,RandomSearch,7,1,8e-07,0.04,600,51909.602600908285,71.75768,37.373737,90.59894,81.88608,79.59739,63.33286,87.51036,67.36667,80.76923,43.393883,1250.6892,-0.19342335,-0.29642105,-0.23087706,51909.5
ELO,RandomSearch,8,0,4e-06,0.01,200,6759.702035045624,74.06143,36.363636,90.59894,82.25453,77.14908,69.228386,79.03363,70.8,86.451614,53.84435,1268.0673,0.21358284,0.9746647,0.49033988,6759.6
ELO,RandomSearch,9,1,1e-06,0.02,400,13594.102956867217,71.75768,37.373737,91.43291,82.224655,79.10773,65.29052,77.523636,73.36667,81.9079,49.954933,1265.8021,-0.047751203,0.10708234,0.008551903,13594.0
ELO,RandomSearch,10,1,8e-07,0.02,400,13608.902477121352,71.843,37.373737,90.67475,82.15495,79.21654,64.648346,86.87338,72.7,86.53846,49.924202,1283.2539,0.15120597,0.75569826,0.37102136,13608.8
ELO,RandomSearch,11,0,1e-06,0.01,600,20312.90336499214,72.8669,36.868687,91.357086,82.4537,78.50925,68.0801,76.699326,74.36667,86.60131,54.841022,1285.787,0.15380828,1.3562936,0.59107566,20312.8
ELO,RandomSearch,12,1,1e-06,0.02,400,13594.10380182266,71.75768,37.373737,91.43291,82.224655,79.10773,65.29052,77.523636,73.36667,81.9079,49.954933,1265.8021,-0.047751203,0.10708234,0.008551903,13594.0
ELO,RandomSearch,13,0,1e-06,0.01,600,20312.90290198326,72.8669,36.868687,91.357086,82.4537,78.50925,68.0801,76.699326,74.36667,86.60131,54.841022,1285.787,0.15380828,1.3562936,0.59107566,20312.8
ELO,RandomSearch,14,1,8e-07,0.02,400,13608.903016424178,71.843,37.373737,90.67475,82.15495,79.21654,64.648346,86.87338,72.7,86.53846,49.924202,1283.2539,0.15120597,0.75569826,0.37102136,13608.8
ELO,RandomSearch,15,1,8e-07,0.02,400,13608.90187320709,71.843,37.373737,90.67475,82.15495,79.21654,64.648346,86.87338,72.7,86.53846,49.924202,1283.2539,0.15120597,0.75569826,0.37102136,13608.8
ELO,RandomSearch,16,2,4e-06,0.01,200,75265.5181444645,74.06143,36.363636,90.59894,82.25453,77.14908,69.228386,79.03363,70.8,86.451614,53.84435,1268.0673,0.21358284,0.9746647,0.49033988,6759.6
ELO,RandomSearch,17,1,1e-06,0.01,600,20312.9030898571,72.8669,36.868687,91.357086,82.4537,78.50925,68.0801,76.699326,74.36667,86.60131,54.841022,1285.787,0.15380828,1.3562936,0.59107566,20312.8
ELO,RandomSearch,18,0,8e-07,0.04,600,51909.60210165978,71.75768,37.373737,90.59894,81.88608,79.59739,63.33286,87.51036,67.36667,80.76923,43.393883,1250.6892,-0.19342335,-0.29642105,-0.23087706,51909.5
ELO,RandomSearch,19,1,1e-06,0.02,400,13594.10239086151,71.75768,37.373737,91.43291,82.224655,79.10773,65.29052,77.523636,73.36667,81.9079,49.954933,1265.8021,-0.047751203,0.10708234,0.008551903,13594.0
ELO,RandomSearch,20,2,4e-06,0.02,200,75319.81592044831,72.61092,37.373737,91.43291,82.13503,78.23721,68.20614,78.7239,72.96667,83.552635,50.026516,1262.8114,0.53581864,0.8386434,0.6459367,6763.9
ELO,RandomSearch,21,0,4e-06,0.01,200,6759.701905822754,74.06143,36.363636,90.59894,82.25453,77.14908,69.228386,79.03363,70.8,86.451614,53.84435,1268.0673,0.21358284,0.9746647,0.49033988,6759.6
ELO,RandomSearch,22,0,1e-06,0.01,600,20312.903457736968,72.8669,36.868687,91.357086,82.4537,78.50925,68.0801,76.699326,74.36667,86.60131,54.841022,1285.787,0.15380828,1.3562936,0.59107566,20312.8
ELO,RandomSearch,23,0,2e-06,0.01,200,6789.501600599289,72.01365,36.868687,91.96361,82.23461,78.67247,66.43039,77.74721,77.1,85.80645,57.493683,1285.0702,0.36959657,1.5958072,0.8154914,6789.4
ELO,RandomSearch,24,0,4e-06,0.02,200,6764.001787519455,72.61092,37.373737,91.43291,82.13503,78.23721,68.20614,78.7239,72.96667,83.552635,50.026516,1262.8114,0.53581864,0.8386434,0.6459367,6763.9
ELO,TPE,0,1,8e-07,0.02,400,13608.90245399475,71.843,37.373737,90.67475,82.15495,79.21654,64.648346,86.87338,72.7,86.53846,49.924202,1283.2539,0.15120597,0.75569826,0.37102136,13608.8
ELO,TPE,1,1,8e-07,0.01,400,13718.402192687989,72.26962,38.38384,91.887794,82.19478,78.99891,66.17178,86.947075,76.9,86.77419,56.37547,1304.2491,0.53719836,1.5435038,0.9031276,13718.3
ELO,TPE,2,0,1e-06,0.01,600,20312.90333662033,72.8669,36.868687,91.357086,82.4537,78.50925,68.0801,76.699326,74.36667,86.60131,54.841022,1285.787,0.15380828,1.3562936,0.59107566,20312.8
ELO,TPE,3,0,8e-07,0.01,400,13718.402560567854,72.26962,38.38384,91.887794,82.19478,78.99891,66.17178,86.947075,76.9,86.77419,56.37547,1304.2491,0.53719836,1.5435038,0.9031276,13718.3
ELO,TPE,4,1,8e-07,0.01,400,13718.402602052687,72.26962,38.38384,91.887794,82.19478,78.99891,66.17178,86.947075,76.9,86.77419,56.37547,1304.2491,0.53719836,1.5435038,0.9031276,13718.3
ELO,TPE,5,0,4e-06,0.01,200,6759.702852582932,74.06143,36.363636,90.59894,82.25453,77.14908,69.228386,79.03363,70.8,86.451614,53.84435,1268.0673,0.21358284,0.9746647,0.49033988,6759.6
ELO,TPE,6,1,2e-06,0.02,200,6745.802235460282,71.672356,37.373737,91.12965,82.274445,79.434166,65.073105,78.32922,71.933334,84.09091,51.98968,1262.9352,0.5376748,0.85099024,0.6516077,6745.7
ELO,TPE,7,1,4e-06,0.01,200,6759.701942777634,74.06143,36.363636,90.59894,82.25453,77.14908,69.228386,79.03363,70.8,86.451614,53.84435,1268.0673,0.21358284,0.9746647,0.49033988,6759.6
ELO,TPE,8,1,8e-07,0.01,400,13718.40366873741,72.26962,38.38384,91.887794,82.19478,78.99891,66.17178,86.947075,76.9,86.77419,56.37547,1304.2491,0.53719836,1.5435038,0.9031276,13718.3
ELO,TPE,9,1,8e-07,0.02,400,13608.90263519287,71.843,37.373737,90.67475,82.15495,79.21654,64.648346,86.87338,72.7,86.53846,49.924202,1283.2539,0.15120597,0.75569826,0.37102136,13608.8
ELO,TPE,10,1,8e-07,0.01,400,13718.401846981047,72.26962,38.38384,91.887794,82.19478,78.99891,66.17178,86.947075,76.9,86.77419,56.37547,1304.2491,0.53719836,1.5435038,0.9031276,13718.3
ELO,TPE,11,0,4e-06,0.02,200,6764.002007102967,72.61092,37.373737,91.43291,82.13503,78.23721,68.20614,78.7239,72.96667,83.552635,50.026516,1262.8114,0.53581864,0.8386434,0.6459367,6763.9
ELO,TPE,12,1,2e-06,0.02,200,6745.802425241471,71.672356,37.373737,91.12965,82.274445,79.434166,65.073105,78.32922,71.933334,84.09091,51.98968,1262.9352,0.5376748,0.85099024,0.6516077,6745.7
ELO,TPE,13,0,4e-06,0.01,200,6759.702666854859,74.06143,36.363636,90.59894,82.25453,77.14908,69.228386,79.03363,70.8,86.451614,53.84435,1268.0673,0.21358284,0.9746647,0.49033988,6759.6
ELO,TPE,14,1,2e-06,0.02,200,6745.80234823227,71.672356,37.373737,91.12965,82.274445,79.434166,65.073105,78.32922,71.933334,84.09091,51.98968,1262.9352,0.5376748,0.85099024,0.6516077,6745.7
ELO,TPE,15,1,2e-06,0.01,200,6789.502373075486,72.01365,36.868687,91.96361,82.23461,78.67247,66.43039,77.74721,77.1,85.80645,57.493683,1285.0702,0.36959657,1.5958072,0.8154914,6789.4
ELO,TPE,16,1,8e-07,0.01,400,13718.402681922911,72.26962,38.38384,91.887794,82.19478,78.99891,66.17178,86.947075,76.9,86.77419,56.37547,1304.2491,0.53719836,1.5435038,0.9031276,13718.3
ELO,TPE,17,0,1e-06,0.01,600,20312.903905963896,72.8669,36.868687,91.357086,82.4537,78.50925,68.0801,76.699326,74.36667,86.60131,54.841022,1285.787,0.15380828,1.3562936,0.59107566,20312.8
ELO,TPE,18,0,2e-06,0.01,200,6789.502520895005,72.01365,36.868687,91.96361,82.23461,78.67247,66.43039,77.74721,77.1,85.80645,57.493683,1285.0702,0.36959657,1.5958072,0.8154914,6789.4
ELO,TPE,19,0,4e-06,0.02,200,6764.001794433594,72.61092,37.373737,91.43291,82.13503,78.23721,68.20614,78.7239,72.96667,83.552635,50.026516,1262.8114,0.53581864,0.8386434,0.6459367,6763.9
ELO,TPE,20,1,2e-06,0.02,200,6745.803720569611,71.672356,37.373737,91.12965,82.274445,79.434166,65.073105,78.32922,71.933334,84.09091,51.98968,1262.9352,0.5376748,0.85099024,0.6516077,6745.7
ELO,TPE,21,1,2e-06,0.02,200,6745.80275592804,71.672356,37.373737,91.12965,82.274445,79.434166,65.073105,78.32922,71.933334,84.09091,51.98968,1262.9352,0.5376748,0.85099024,0.6516077,6745.7
ELO,TPE,22,0,8e-07,0.02,400,13608.902150964735,71.843,37.373737,90.67475,82.15495,79.21654,64.648346,86.87338,72.7,86.53846,49.924202,1283.2539,0.15120597,0.75569826,0.37102136,13608.8
ELO,TPE,23,1,8e-07,0.04,600,51909.60224542618,71.75768,37.373737,90.59894,81.88608,79.59739,63.33286,87.51036,67.36667,80.76923,43.393883,1250.6892,-0.19342335,-0.29642105,-0.23087706,51909.5
ELO,TPE,24,3,4e-06,0.01,200,75450.52636418343,74.06143,36.363636,90.59894,82.25453,77.14908,69.228386,79.03363,70.8,86.451614,53.84435,1268.0673,0.21358284,0.9746647,0.49033988,6759.6
IFEval,ASHA,0,0,8e-07,0.02,1600,54435.30129513741,72.098976,34.848484,91.58453,82.11512,79.16213,66.63307,88.196045,70.76667,84.640526,48.119495,1242.3823,0.15489186,0.8337223,0.4017393,54435.2
IFEval,ASHA,1,1,8e-07,0.02,1600,54435.301593399054,72.098976,34.848484,91.58453,82.11512,79.16213,66.63307,88.196045,70.76667,84.640526,48.119495,1242.3823,0.15489186,0.8337223,0.4017393,54435.2
IFEval,ASHA,2,0,8e-07,0.02,1600,54435.30614290238,72.098976,34.848484,91.58453,82.11512,79.16213,66.63307,88.196045,70.76667,84.640526,48.119495,1242.3823,0.15489186,0.8337223,0.4017393,54435.2
IFEval,ASHA,3,2,8e-07,0.01,200,75620.12463579178,69.88055,36.363636,88.24867,81.915955,80.250275,58.179703,86.947075,67.2,72.258064,37.806133,1165.3083,-0.2854235,-1.1104476,-0.58543223,6859.2
IFEval,ASHA,4,2,1e-06,0.01,200,75461.8182443142,69.96587,36.363636,89.31008,82.07529,80.52231,59.815693,80.17145,71.23333,82.90323,42.76248,1232.8019,-0.25035375,0.27628756,-0.05884782,6770.9
IFEval,ASHA,5,2,2e-06,0.04,200,75342.81506023408,71.331055,36.868687,89.9166,82.03545,79.86942,62.660313,78.98243,67.166664,84.31373,41.638817,1232.137,0.06290794,0.028305046,0.05032507,6766.9
IFEval,ASHA,6,1,4e-06,0.01,200,6759.703743076325,74.06143,36.363636,90.59894,82.25453,77.14908,69.228386,79.03363,70.8,86.451614,53.84435,1268.0673,0.21358284,0.9746647,0.49033988,6759.6
IFEval,ASHA,7,1,1e-06,0.04,800,27002.103633022307,71.92833,37.373737,91.28127,81.73671,79.325356,64.51039,79.60816,67.8,83.22581,40.37482,1226.114,-0.20884188,-0.21405923,-0.21073909,27002.0
IFEval,ASHA,8,1,1e-06,0.02,200,6797.102834796906,69.88055,36.363636,88.77938,81.99562,80.4679,59.353775,80.41624,73.36667,77.597404,39.127018,1217.1661,-0.3733374,-0.04247605,-0.25302416,6797.0
IFEval,ASHA,9,1,2e-06,0.02,200,6745.803144311905,71.672356,37.373737,91.12965,82.274445,79.434166,65.073105,78.32922,71.933334,84.09091,51.98968,1262.9352,0.5376748,0.85099024,0.6516077,6745.7
IFEval,ASHA,10,1,8e-07,0.01,800,27436.921138143534,72.78157,36.363636,91.053825,82.31428,78.34603,67.86259,86.96331,75.433334,86.94267,54.31636,1292.9742,0.2254097,1.6428236,0.7408329,27436.7
IFEval,ASHA,11,0,1e-06,0.01,200,6771.00206861496,69.96587,36.363636,89.31008,82.07529,80.52231,59.815693,80.17145,71.23333,82.90323,42.76248,1232.8019,-0.25035375,0.27628756,-0.05884782,6770.9
IFEval,ASHA,12,1,1e-06,0.02,200,6797.10273680687,69.88055,36.363636,88.77938,81.99562,80.4679,59.353775,80.41624,73.36667,77.597404,39.127018,1217.1661,-0.3733374,-0.04247605,-0.25302416,6797.0
IFEval,ASHA,13,2,2e-06,0.04,200,75717.82057151795,71.331055,36.868687,89.9166,82.03545,79.86942,62.660313,78.98243,67.166664,84.31373,41.638817,1232.137,0.06290794,0.028305046,0.05032507,6766.9
IFEval,ASHA,14,1,8e-07,0.04,600,51909.60246906281,71.75768,37.373737,90.59894,81.88608,79.59739,63.33286,87.51036,67.36667,80.76923,43.393883,1250.6892,-0.19342335,-0.29642105,-0.23087706,51909.5
IFEval,ASHA,15,0,8e-07,0.02,1600,54435.30172142983,72.098976,34.848484,91.58453,82.11512,79.16213,66.63307,88.196045,70.76667,84.640526,48.119495,1242.3823,0.15489186,0.8337223,0.4017393,54435.2
IFEval,ASHA,16,1,1e-06,0.02,200,6797.104366636277,69.88055,36.363636,88.77938,81.99562,80.4679,59.353775,80.41624,73.36667,77.597404,39.127018,1217.1661,-0.3733374,-0.04247605,-0.25302416,6797.0
IFEval,ASHA,17,0,4e-06,0.02,200,6764.002512311936,72.61092,37.373737,91.43291,82.13503,78.23721,68.20614,78.7239,72.96667,83.552635,50.026516,1262.8114,0.53581864,0.8386434,0.6459367,6763.9
IFEval,ASHA,18,1,1e-06,0.04,800,27002.101822471617,71.92833,37.373737,91.28127,81.73671,79.325356,64.51039,79.60816,67.8,83.22581,40.37482,1226.114,-0.20884188,-0.21405923,-0.21073909,27002.0
IFEval,ASHA,19,0,1e-06,0.04,800,27002.102464056014,71.92833,37.373737,91.28127,81.73671,79.325356,64.51039,79.60816,67.8,83.22581,40.37482,1226.114,-0.20884188,-0.21405923,-0.21073909,27002.0
IFEval,ASHA,20,1,4e-06,0.01,200,6759.702269649506,74.06143,36.363636,90.59894,82.25453,77.14908,69.228386,79.03363,70.8,86.451614,53.84435,1268.0673,0.21358284,0.9746647,0.49033988,6759.6
IFEval,ASHA,21,1,8e-07,0.01,800,27436.802433824538,72.78157,36.363636,91.053825,82.31428,78.34603,67.86259,86.96331,75.433334,86.94267,54.31636,1292.9742,0.2254097,1.6428236,0.7408329,27436.7
IFEval,ASHA,22,1,8e-07,0.01,800,27436.80119810104,72.78157,36.363636,91.053825,82.31428,78.34603,67.86259,86.96331,75.433334,86.94267,54.31636,1292.9742,0.2254097,1.6428236,0.7408329,27436.7
IFEval,ASHA,23,1,8e-07,0.02,1600,54435.3020251751,72.098976,34.848484,91.58453,82.11512,79.16213,66.63307,88.196045,70.76667,84.640526,48.119495,1242.3823,0.15489186,0.8337223,0.4017393,54435.2
IFEval,ASHA,24,2,1e-06,0.02,200,75487.93752441407,69.88055,36.363636,88.77938,81.99562,80.4679,59.353775,80.41624,73.36667,77.597404,39.127018,1217.1661,-0.3733374,-0.04247605,-0.25302416,6797.0
IFEval,BOHB,0,0,8e-07,0.02,1600,54435.30284199715,72.098976,34.848484,91.58453,82.11512,79.16213,66.63307,88.196045,70.76667,84.640526,48.119495,1242.3823,0.15489186,0.8337223,0.4017393,54435.2
IFEval,BOHB,1,1,8e-07,0.02,1600,54435.3017838955,72.098976,34.848484,91.58453,82.11512,79.16213,66.63307,88.196045,70.76667,84.640526,48.119495,1242.3823,0.15489186,0.8337223,0.4017393,54435.2
IFEval,BOHB,2,0,8e-07,0.02,1600,54435.30100450516,72.098976,34.848484,91.58453,82.11512,79.16213,66.63307,88.196045,70.76667,84.640526,48.119495,1242.3823,0.15489186,0.8337223,0.4017393,54435.2
IFEval,BOHB,3,2,8e-07,0.01,200,75620.11864409447,69.88055,36.363636,88.24867,81.915955,80.250275,58.179703,86.947075,67.2,72.258064,37.806133,1165.3083,-0.2854235,-1.1104476,-0.58543223,6859.2
IFEval,BOHB,4,2,1e-06,0.01,200,75461.81684861184,69.96587,36.363636,89.31008,82.07529,80.52231,59.815693,80.17145,71.23333,82.90323,42.76248,1232.8019,-0.25035375,0.27628756,-0.05884782,6770.9
IFEval,BOHB,5,2,2e-06,0.04,200,75342.81913671494,71.331055,36.868687,89.9166,82.03545,79.86942,62.660313,78.98243,67.166664,84.31373,41.638817,1232.137,0.06290794,0.028305046,0.05032507,6766.9
IFEval,BOHB,6,1,4e-06,0.01,200,6759.702902412415,74.06143,36.363636,90.59894,82.25453,77.14908,69.228386,79.03363,70.8,86.451614,53.84435,1268.0673,0.21358284,0.9746647,0.49033988,6759.6
IFEval,BOHB,7,1,1e-06,0.04,800,27002.1019698143,71.92833,37.373737,91.28127,81.73671,79.325356,64.51039,79.60816,67.8,83.22581,40.37482,1226.114,-0.20884188,-0.21405923,-0.21073909,27002.0
IFEval,BOHB,8,1,1e-06,0.02,200,6797.10349521637,69.88055,36.363636,88.77938,81.99562,80.4679,59.353775,80.41624,73.36667,77.597404,39.127018,1217.1661,-0.3733374,-0.04247605,-0.25302416,6797.0
IFEval,BOHB,9,1,2e-06,0.02,200,6745.802724456788,71.672356,37.373737,91.12965,82.274445,79.434166,65.073105,78.32922,71.933334,84.09091,51.98968,1262.9352,0.5376748,0.85099024,0.6516077,6745.7
IFEval,BOHB,10,1,8e-07,0.01,800,27436.803814983366,72.78157,36.363636,91.053825,82.31428,78.34603,67.86259,86.96331,75.433334,86.94267,54.31636,1292.9742,0.2254097,1.6428236,0.7408329,27436.7
IFEval,BOHB,11,0,1e-06,0.01,200,6771.003075218201,69.96587,36.363636,89.31008,82.07529,80.52231,59.815693,80.17145,71.23333,82.90323,42.76248,1232.8019,-0.25035375,0.27628756,-0.05884782,6770.9
IFEval,BOHB,12,1,1e-06,0.02,200,6797.1036880970005,69.88055,36.363636,88.77938,81.99562,80.4679,59.353775,80.41624,73.36667,77.597404,39.127018,1217.1661,-0.3733374,-0.04247605,-0.25302416,6797.0
IFEval,BOHB,13,2,2e-06,0.04,200,75717.82040104867,71.331055,36.868687,89.9166,82.03545,79.86942,62.660313,78.98243,67.166664,84.31373,41.638817,1232.137,0.06290794,0.028305046,0.05032507,6766.9
IFEval,BOHB,14,1,8e-07,0.04,600,51909.61256084443,71.75768,37.373737,90.59894,81.88608,79.59739,63.33286,87.51036,67.36667,80.76923,43.393883,1250.6892,-0.19342335,-0.29642105,-0.23087706,51909.5
IFEval,BOHB,15,0,8e-07,0.02,1600,54435.30230436326,72.098976,34.848484,91.58453,82.11512,79.16213,66.63307,88.196045,70.76667,84.640526,48.119495,1242.3823,0.15489186,0.8337223,0.4017393,54435.2
IFEval,BOHB,16,1,1e-06,0.02,200,6797.101947879792,69.88055,36.363636,88.77938,81.99562,80.4679,59.353775,80.41624,73.36667,77.597404,39.127018,1217.1661,-0.3733374,-0.04247605,-0.25302416,6797.0
IFEval,BOHB,17,0,4e-06,0.02,200,6764.0047222137455,72.61092,37.373737,91.43291,82.13503,78.23721,68.20614,78.7239,72.96667,83.552635,50.026516,1262.8114,0.53581864,0.8386434,0.6459367,6763.9
IFEval,BOHB,18,1,1e-06,0.04,800,27002.10288271904,71.92833,37.373737,91.28127,81.73671,79.325356,64.51039,79.60816,67.8,83.22581,40.37482,1226.114,-0.20884188,-0.21405923,-0.21073909,27002.0
IFEval,BOHB,19,0,1e-06,0.04,800,27002.131219005583,71.92833,37.373737,91.28127,81.73671,79.325356,64.51039,79.60816,67.8,83.22581,40.37482,1226.114,-0.20884188,-0.21405923,-0.21073909,27002.0
IFEval,BOHB,20,1,4e-06,0.01,200,6759.702651834488,74.06143,36.363636,90.59894,82.25453,77.14908,69.228386,79.03363,70.8,86.451614,53.84435,1268.0673,0.21358284,0.9746647,0.49033988,6759.6
IFEval,BOHB,21,1,8e-07,0.01,800,27436.805709934237,72.78157,36.363636,91.053825,82.31428,78.34603,67.86259,86.96331,75.433334,86.94267,54.31636,1292.9742,0.2254097,1.6428236,0.7408329,27436.7
IFEval,BOHB,22,1,8e-07,0.01,800,27436.80233774185,72.78157,36.363636,91.053825,82.31428,78.34603,67.86259,86.96331,75.433334,86.94267,54.31636,1292.9742,0.2254097,1.6428236,0.7408329,27436.7
IFEval,BOHB,23,1,8e-07,0.02,1600,54435.30226478577,72.098976,34.848484,91.58453,82.11512,79.16213,66.63307,88.196045,70.76667,84.640526,48.119495,1242.3823,0.15489186,0.8337223,0.4017393,54435.2
IFEval,BOHB,24,2,1e-06,0.02,200,75487.91703138352,69.88055,36.363636,88.77938,81.99562,80.4679,59.353775,80.41624,73.36667,77.597404,39.127018,1217.1661,-0.3733374,-0.04247605,-0.25302416,6797.0
IFEval,BOTorch,0,1,8e-07,0.02,1600,54435.30180749894,72.098976,34.848484,91.58453,82.11512,79.16213,66.63307,88.196045,70.76667,84.640526,48.119495,1242.3823,0.15489186,0.8337223,0.4017393,54435.2
IFEval,BOTorch,1,0,1e-06,0.01,200,6771.001676654816,69.96587,36.363636,89.31008,82.07529,80.52231,59.815693,80.17145,71.23333,82.90323,42.76248,1232.8019,-0.25035375,0.27628756,-0.05884782,6770.9
IFEval,BOTorch,2,0,1e-06,0.01,200,6771.001721715928,69.96587,36.363636,89.31008,82.07529,80.52231,59.815693,80.17145,71.23333,82.90323,42.76248,1232.8019,-0.25035375,0.27628756,-0.05884782,6770.9
IFEval,BOTorch,3,0,8e-07,0.04,600,51909.60194835664,71.75768,37.373737,90.59894,81.88608,79.59739,63.33286,87.51036,67.36667,80.76923,43.393883,1250.6892,-0.19342335,-0.29642105,-0.23087706,51909.5
IFEval,BOTorch,4,1,8e-07,0.02,1600,54435.30124816895,72.098976,34.848484,91.58453,82.11512,79.16213,66.63307,88.196045,70.76667,84.640526,48.119495,1242.3823,0.15489186,0.8337223,0.4017393,54435.2
IFEval,BOTorch,5,0,4e-06,0.01,200,6759.702165222168,74.06143,36.363636,90.59894,82.25453,77.14908,69.228386,79.03363,70.8,86.451614,53.84435,1268.0673,0.21358284,0.9746647,0.49033988,6759.6
IFEval,BOTorch,6,0,8e-07,0.02,1600,54435.30170283318,72.098976,34.848484,91.58453,82.11512,79.16213,66.63307,88.196045,70.76667,84.640526,48.119495,1242.3823,0.15489186,0.8337223,0.4017393,54435.2
IFEval,BOTorch,7,0,1e-06,0.01,200,6771.001475191117,69.96587,36.363636,89.31008,82.07529,80.52231,59.815693,80.17145,71.23333,82.90323,42.76248,1232.8019,-0.25035375,0.27628756,-0.05884782,6770.9
IFEval,BOTorch,8,2,2e-06,0.04,200,75342.8109181881,71.331055,36.868687,89.9166,82.03545,79.86942,62.660313,78.98243,67.166664,84.31373,41.638817,1232.137,0.06290794,0.028305046,0.05032507,6766.9
IFEval,BOTorch,9,1,2e-06,0.04,200,6767.001967763901,71.331055,36.868687,89.9166,82.03545,79.86942,62.660313,78.98243,67.166664,84.31373,41.638817,1232.137,0.06290794,0.028305046,0.05032507,6766.9
IFEval,BOTorch,10,2,8e-07,0.01,200,75415.1105290413,69.88055,36.363636,88.24867,81.915955,80.250275,58.179703,86.947075,67.2,72.258064,37.806133,1165.3083,-0.2854235,-1.1104476,-0.58543223,6859.2
IFEval,BOTorch,11,1,1e-06,0.04,800,27002.10218105316,71.92833,37.373737,91.28127,81.73671,79.325356,64.51039,79.60816,67.8,83.22581,40.37482,1226.114,-0.20884188,-0.21405923,-0.21073909,27002.0
IFEval,BOTorch,12,2,8e-07,0.02,200,75450.30984935761,69.79522,36.363636,88.097046,81.82633,80.41349,57.942947,87.05324,65.8,76.2987,31.978924,1188.0286,-0.34486735,-1.0265836,-0.59276414,6804.4
IFEval,BOTorch,13,2,8e-07,0.01,200,75365.11158094407,69.88055,36.363636,88.24867,81.915955,80.250275,58.179703,86.947075,67.2,72.258064,37.806133,1165.3083,-0.2854235,-1.1104476,-0.58543223,6859.2
IFEval,BOTorch,14,1,8e-07,0.02,1600,54435.30168519021,72.098976,34.848484,91.58453,82.11512,79.16213,66.63307,88.196045,70.76667,84.640526,48.119495,1242.3823,0.15489186,0.8337223,0.4017393,54435.2
IFEval,BOTorch,15,0,8e-07,0.02,1600,54435.30146012307,72.098976,34.848484,91.58453,82.11512,79.16213,66.63307,88.196045,70.76667,84.640526,48.119495,1242.3823,0.15489186,0.8337223,0.4017393,54435.2
IFEval,BOTorch,16,1,1e-06,0.02,200,6797.102201795578,69.88055,36.363636,88.77938,81.99562,80.4679,59.353775,80.41624,73.36667,77.597404,39.127018,1217.1661,-0.3733374,-0.04247605,-0.25302416,6797.0
IFEval,BOTorch,17,0,8e-07,0.04,600,51909.602310514456,71.75768,37.373737,90.59894,81.88608,79.59739,63.33286,87.51036,67.36667,80.76923,43.393883,1250.6892,-0.19342335,-0.29642105,-0.23087706,51909.5
IFEval,BOTorch,18,0,1e-06,0.02,200,6797.102592086792,69.88055,36.363636,88.77938,81.99562,80.4679,59.353775,80.41624,73.36667,77.597404,39.127018,1217.1661,-0.3733374,-0.04247605,-0.25302416,6797.0
IFEval,BOTorch,19,2,4e-06,0.01,200,75335.5114086628,74.06143,36.363636,90.59894,82.25453,77.14908,69.228386,79.03363,70.8,86.451614,53.84435,1268.0673,0.21358284,0.9746647,0.49033988,6759.6
IFEval,BOTorch,20,2,1e-06,0.02,200,75372.91393170357,69.88055,36.363636,88.77938,81.99562,80.4679,59.353775,80.41624,73.36667,77.597404,39.127018,1217.1661,-0.3733374,-0.04247605,-0.25302416,6797.0
IFEval,BOTorch,21,1,1e-06,0.04,800,27002.102457380293,71.92833,37.373737,91.28127,81.73671,79.325356,64.51039,79.60816,67.8,83.22581,40.37482,1226.114,-0.20884188,-0.21405923,-0.21073909,27002.0
IFEval,BOTorch,22,0,1e-06,0.01,200,6771.002054071427,69.96587,36.363636,89.31008,82.07529,80.52231,59.815693,80.17145,71.23333,82.90323,42.76248,1232.8019,-0.25035375,0.27628756,-0.05884782,6770.9
IFEval,BOTorch,23,0,8e-07,0.01,800,27436.801690435408,72.78157,36.363636,91.053825,82.31428,78.34603,67.86259,86.96331,75.433334,86.94267,54.31636,1292.9742,0.2254097,1.6428236,0.7408329,27436.7
IFEval,BOTorch,24,0,8e-07,0.02,1600,54435.30181250573,72.098976,34.848484,91.58453,82.11512,79.16213,66.63307,88.196045,70.76667,84.640526,48.119495,1242.3823,0.15489186,0.8337223,0.4017393,54435.2
IFEval,CQR,0,0,8e-07,0.02,1600,54435.3025282383,72.098976,34.848484,91.58453,82.11512,79.16213,66.63307,88.196045,70.76667,84.640526,48.119495,1242.3823,0.15489186,0.8337223,0.4017393,54435.2
IFEval,CQR,1,1,8e-07,0.02,1600,54435.30120143891,72.098976,34.848484,91.58453,82.11512,79.16213,66.63307,88.196045,70.76667,84.640526,48.119495,1242.3823,0.15489186,0.8337223,0.4017393,54435.2
IFEval,CQR,2,0,8e-07,0.02,1600,54435.34742817879,72.098976,34.848484,91.58453,82.11512,79.16213,66.63307,88.196045,70.76667,84.640526,48.119495,1242.3823,0.15489186,0.8337223,0.4017393,54435.2
IFEval,CQR,3,2,8e-07,0.01,200,75620.11915860177,69.88055,36.363636,88.24867,81.915955,80.250275,58.179703,86.947075,67.2,72.258064,37.806133,1165.3083,-0.2854235,-1.1104476,-0.58543223,6859.2
IFEval,CQR,4,2,1e-06,0.01,200,75461.83695158959,69.96587,36.363636,89.31008,82.07529,80.52231,59.815693,80.17145,71.23333,82.90323,42.76248,1232.8019,-0.25035375,0.27628756,-0.05884782,6770.9
IFEval,CQR,5,2,2e-06,0.04,200,75342.82892260552,71.331055,36.868687,89.9166,82.03545,79.86942,62.660313,78.98243,67.166664,84.31373,41.638817,1232.137,0.06290794,0.028305046,0.05032507,6766.9
IFEval,CQR,6,1,4e-06,0.01,200,6759.8104179859165,74.06143,36.363636,90.59894,82.25453,77.14908,69.228386,79.03363,70.8,86.451614,53.84435,1268.0673,0.21358284,0.9746647,0.49033988,6759.6
IFEval,CQR,7,1,1e-06,0.04,800,27002.10320768356,71.92833,37.373737,91.28127,81.73671,79.325356,64.51039,79.60816,67.8,83.22581,40.37482,1226.114,-0.20884188,-0.21405923,-0.21073909,27002.0
IFEval,CQR,8,1,1e-06,0.02,200,6797.102488613129,69.88055,36.363636,88.77938,81.99562,80.4679,59.353775,80.41624,73.36667,77.597404,39.127018,1217.1661,-0.3733374,-0.04247605,-0.25302416,6797.0
IFEval,CQR,9,1,2e-06,0.02,200,6745.804099416733,71.672356,37.373737,91.12965,82.274445,79.434166,65.073105,78.32922,71.933334,84.09091,51.98968,1262.9352,0.5376748,0.85099024,0.6516077,6745.7
IFEval,CQR,10,1,8e-07,0.01,800,27436.80176553726,72.78157,36.363636,91.053825,82.31428,78.34603,67.86259,86.96331,75.433334,86.94267,54.31636,1292.9742,0.2254097,1.6428236,0.7408329,27436.7
IFEval,CQR,11,0,1e-06,0.01,200,6771.00230178833,69.96587,36.363636,89.31008,82.07529,80.52231,59.815693,80.17145,71.23333,82.90323,42.76248,1232.8019,-0.25035375,0.27628756,-0.05884782,6770.9
IFEval,CQR,12,1,1e-06,0.02,200,6797.107377147675,69.88055,36.363636,88.77938,81.99562,80.4679,59.353775,80.41624,73.36667,77.597404,39.127018,1217.1661,-0.3733374,-0.04247605,-0.25302416,6797.0
IFEval,CQR,13,2,2e-06,0.04,200,75717.81714472771,71.331055,36.868687,89.9166,82.03545,79.86942,62.660313,78.98243,67.166664,84.31373,41.638817,1232.137,0.06290794,0.028305046,0.05032507,6766.9
IFEval,CQR,14,1,8e-07,0.04,600,51909.60273060799,71.75768,37.373737,90.59894,81.88608,79.59739,63.33286,87.51036,67.36667,80.76923,43.393883,1250.6892,-0.19342335,-0.29642105,-0.23087706,51909.5
IFEval,CQR,15,0,8e-07,0.02,1600,54435.30192241669,72.098976,34.848484,91.58453,82.11512,79.16213,66.63307,88.196045,70.76667,84.640526,48.119495,1242.3823,0.15489186,0.8337223,0.4017393,54435.2
IFEval,CQR,16,1,1e-06,0.02,200,6797.102175569535,69.88055,36.363636,88.77938,81.99562,80.4679,59.353775,80.41624,73.36667,77.597404,39.127018,1217.1661,-0.3733374,-0.04247605,-0.25302416,6797.0
IFEval,CQR,17,0,4e-06,0.02,200,6764.002109861374,72.61092,37.373737,91.43291,82.13503,78.23721,68.20614,78.7239,72.96667,83.552635,50.026516,1262.8114,0.53581864,0.8386434,0.6459367,6763.9
IFEval,CQR,18,1,1e-06,0.04,800,27002.101921892165,71.92833,37.373737,91.28127,81.73671,79.325356,64.51039,79.60816,67.8,83.22581,40.37482,1226.114,-0.20884188,-0.21405923,-0.21073909,27002.0
IFEval,CQR,19,0,1e-06,0.04,800,27002.102347707747,71.92833,37.373737,91.28127,81.73671,79.325356,64.51039,79.60816,67.8,83.22581,40.37482,1226.114,-0.20884188,-0.21405923,-0.21073909,27002.0
IFEval,CQR,20,1,4e-06,0.01,200,6759.702440357209,74.06143,36.363636,90.59894,82.25453,77.14908,69.228386,79.03363,70.8,86.451614,53.84435,1268.0673,0.21358284,0.9746647,0.49033988,6759.6
IFEval,CQR,21,1,8e-07,0.01,800,27436.80245862007,72.78157,36.363636,91.053825,82.31428,78.34603,67.86259,86.96331,75.433334,86.94267,54.31636,1292.9742,0.2254097,1.6428236,0.7408329,27436.7
IFEval,CQR,22,1,8e-07,0.01,800,27436.80140004158,72.78157,36.363636,91.053825,82.31428,78.34603,67.86259,86.96331,75.433334,86.94267,54.31636,1292.9742,0.2254097,1.6428236,0.7408329,27436.7
IFEval,CQR,23,1,8e-07,0.02,1600,54435.30176172257,72.098976,34.848484,91.58453,82.11512,79.16213,66.63307,88.196045,70.76667,84.640526,48.119495,1242.3823,0.15489186,0.8337223,0.4017393,54435.2
IFEval,CQR,24,2,1e-06,0.02,200,75487.91136822701,69.88055,36.363636,88.77938,81.99562,80.4679,59.353775,80.41624,73.36667,77.597404,39.127018,1217.1661,-0.3733374,-0.04247605,-0.25302416,6797.0
IFEval,RandomSearch,0,0,1e-06,0.01,200,6771.002032852173,69.96587,36.363636,89.31008,82.07529,80.52231,59.815693,80.17145,71.23333,82.90323,42.76248,1232.8019,-0.25035375,0.27628756,-0.05884782,6770.9
IFEval,RandomSearch,1,0,1e-06,0.02,200,6797.102094268799,69.88055,36.363636,88.77938,81.99562,80.4679,59.353775,80.41624,73.36667,77.597404,39.127018,1217.1661,-0.3733374,-0.04247605,-0.25302416,6797.0
IFEval,RandomSearch,2,0,8e-07,0.01,800,27436.80086693764,72.78157,36.363636,91.053825,82.31428,78.34603,67.86259,86.96331,75.433334,86.94267,54.31636,1292.9742,0.2254097,1.6428236,0.7408329,27436.7
IFEval,RandomSearch,3,1,8e-07,0.01,800,27436.80174026489,72.78157,36.363636,91.053825,82.31428,78.34603,67.86259,86.96331,75.433334,86.94267,54.31636,1292.9742,0.2254097,1.6428236,0.7408329,27436.7
IFEval,RandomSearch,4,2,8e-07,0.02,200,75525.324244833,69.79522,36.363636,88.097046,81.82633,80.41349,57.942947,87.05324,65.8,76.2987,31.978924,1188.0286,-0.34486735,-1.0265836,-0.59276414,6804.4
IFEval,RandomSearch,5,1,8e-07,0.04,600,51909.60196886063,71.75768,37.373737,90.59894,81.88608,79.59739,63.33286,87.51036,67.36667,80.76923,43.393883,1250.6892,-0.19342335,-0.29642105,-0.23087706,51909.5
IFEval,RandomSearch,6,0,1e-06,0.02,200,6797.102434015274,69.88055,36.363636,88.77938,81.99562,80.4679,59.353775,80.41624,73.36667,77.597404,39.127018,1217.1661,-0.3733374,-0.04247605,-0.25302416,6797.0
IFEval,RandomSearch,7,3,8e-07,0.01,200,75810.14304027558,69.88055,36.363636,88.24867,81.915955,80.250275,58.179703,86.947075,67.2,72.258064,37.806133,1165.3083,-0.2854235,-1.1104476,-0.58543223,6859.2
IFEval,RandomSearch,8,0,8e-07,0.02,1600,54435.30116901398,72.098976,34.848484,91.58453,82.11512,79.16213,66.63307,88.196045,70.76667,84.640526,48.119495,1242.3823,0.15489186,0.8337223,0.4017393,54435.2
IFEval,RandomSearch,9,0,8e-07,0.04,600,51909.60187325478,71.75768,37.373737,90.59894,81.88608,79.59739,63.33286,87.51036,67.36667,80.76923,43.393883,1250.6892,-0.19342335,-0.29642105,-0.23087706,51909.5
IFEval,RandomSearch,10,0,8e-07,0.04,600,51909.60203633309,71.75768,37.373737,90.59894,81.88608,79.59739,63.33286,87.51036,67.36667,80.76923,43.393883,1250.6892,-0.19342335,-0.29642105,-0.23087706,51909.5
IFEval,RandomSearch,11,0,8e-07,0.04,600,51909.601938343054,71.75768,37.373737,90.59894,81.88608,79.59739,63.33286,87.51036,67.36667,80.76923,43.393883,1250.6892,-0.19342335,-0.29642105,-0.23087706,51909.5
IFEval,RandomSearch,12,0,8e-07,0.02,1600,54435.30078849793,72.098976,34.848484,91.58453,82.11512,79.16213,66.63307,88.196045,70.76667,84.640526,48.119495,1242.3823,0.15489186,0.8337223,0.4017393,54435.2
IFEval,RandomSearch,13,1,8e-07,0.02,1600,54435.301339721686,72.098976,34.848484,91.58453,82.11512,79.16213,66.63307,88.196045,70.76667,84.640526,48.119495,1242.3823,0.15489186,0.8337223,0.4017393,54435.2
IFEval,RandomSearch,14,2,1e-06,0.01,200,75346.82177934647,69.96587,36.363636,89.31008,82.07529,80.52231,59.815693,80.17145,71.23333,82.90323,42.76248,1232.8019,-0.25035375,0.27628756,-0.05884782,6770.9
IFEval,RandomSearch,15,1,8e-07,0.02,1600,54435.30086264611,72.098976,34.848484,91.58453,82.11512,79.16213,66.63307,88.196045,70.76667,84.640526,48.119495,1242.3823,0.15489186,0.8337223,0.4017393,54435.2
IFEval,RandomSearch,16,1,4e-06,0.01,200,6759.703151798249,74.06143,36.363636,90.59894,82.25453,77.14908,69.228386,79.03363,70.8,86.451614,53.84435,1268.0673,0.21358284,0.9746647,0.49033988,6759.6
IFEval,RandomSearch,17,1,8e-07,0.02,1600,54435.3017736435,72.098976,34.848484,91.58453,82.11512,79.16213,66.63307,88.196045,70.76667,84.640526,48.119495,1242.3823,0.15489186,0.8337223,0.4017393,54435.2
IFEval,RandomSearch,18,1,8e-07,0.02,1600,54435.301202154165,72.098976,34.848484,91.58453,82.11512,79.16213,66.63307,88.196045,70.76667,84.640526,48.119495,1242.3823,0.15489186,0.8337223,0.4017393,54435.2
IFEval,RandomSearch,19,3,8e-07,0.02,200,75450.31848368645,69.79522,36.363636,88.097046,81.82633,80.41349,57.942947,87.05324,65.8,76.2987,31.978924,1188.0286,-0.34486735,-1.0265836,-0.59276414,6804.4
IFEval,RandomSearch,20,2,4e-06,0.02,200,75339.82006130219,72.61092,37.373737,91.43291,82.13503,78.23721,68.20614,78.7239,72.96667,83.552635,50.026516,1262.8114,0.53581864,0.8386434,0.6459367,6763.9
IFEval,RandomSearch,21,2,4e-06,0.01,200,75265.51186761857,74.06143,36.363636,90.59894,82.25453,77.14908,69.228386,79.03363,70.8,86.451614,53.84435,1268.0673,0.21358284,0.9746647,0.49033988,6759.6
IFEval,RandomSearch,22,0,1e-06,0.02,200,6797.1017893314365,69.88055,36.363636,88.77938,81.99562,80.4679,59.353775,80.41624,73.36667,77.597404,39.127018,1217.1661,-0.3733374,-0.04247605,-0.25302416,6797.0
IFEval,RandomSearch,23,0,1e-06,0.02,200,6797.102640485764,69.88055,36.363636,88.77938,81.99562,80.4679,59.353775,80.41624,73.36667,77.597404,39.127018,1217.1661,-0.3733374,-0.04247605,-0.25302416,6797.0
IFEval,RandomSearch,24,0,1e-06,0.04,800,27002.10200128555,71.92833,37.373737,91.28127,81.73671,79.325356,64.51039,79.60816,67.8,83.22581,40.37482,1226.114,-0.20884188,-0.21405923,-0.21073909,27002.0
IFEval,TPE,0,2,1e-06,0.02,200,75442.9085486889,69.88055,36.363636,88.77938,81.99562,80.4679,59.353775,80.41624,73.36667,77.597404,39.127018,1217.1661,-0.3733374,-0.04247605,-0.25302416,6797.0
IFEval,TPE,1,2,4e-06,0.01,200,75265.50560603142,74.06143,36.363636,90.59894,82.25453,77.14908,69.228386,79.03363,70.8,86.451614,53.84435,1268.0673,0.21358284,0.9746647,0.49033988,6759.6
IFEval,TPE,2,0,4e-06,0.01,200,6759.702251529694,74.06143,36.363636,90.59894,82.25453,77.14908,69.228386,79.03363,70.8,86.451614,53.84435,1268.0673,0.21358284,0.9746647,0.49033988,6759.6
IFEval,TPE,3,2,1e-06,0.01,200,75326.8086160183,69.96587,36.363636,89.31008,82.07529,80.52231,59.815693,80.17145,71.23333,82.90323,42.76248,1232.8019,-0.25035375,0.27628756,-0.05884782,6770.9
IFEval,TPE,4,1,8e-07,0.02,1600,54435.30202708245,72.098976,34.848484,91.58453,82.11512,79.16213,66.63307,88.196045,70.76667,84.640526,48.119495,1242.3823,0.15489186,0.8337223,0.4017393,54435.2
IFEval,TPE,5,0,8e-07,0.04,600,51909.60184154511,71.75768,37.373737,90.59894,81.88608,79.59739,63.33286,87.51036,67.36667,80.76923,43.393883,1250.6892,-0.19342335,-0.29642105,-0.23087706,51909.5
IFEval,TPE,6,2,1e-06,0.01,200,75276.8262825966,69.96587,36.363636,89.31008,82.07529,80.52231,59.815693,80.17145,71.23333,82.90323,42.76248,1232.8019,-0.25035375,0.27628756,-0.05884782,6770.9
IFEval,TPE,7,0,8e-07,0.02,1600,54435.30203566552,72.098976,34.848484,91.58453,82.11512,79.16213,66.63307,88.196045,70.76667,84.640526,48.119495,1242.3823,0.15489186,0.8337223,0.4017393,54435.2
IFEval,TPE,8,0,4e-06,0.01,200,6759.702313280106,74.06143,36.363636,90.59894,82.25453,77.14908,69.228386,79.03363,70.8,86.451614,53.84435,1268.0673,0.21358284,0.9746647,0.49033988,6759.6
IFEval,TPE,9,3,1e-06,0.04,200,75471.42220220566,69.62457,36.868687,88.855194,81.58733,80.4679,58.470642,79.21099,65.23333,77.09677,32.588055,1188.1171,-0.5396225,-1.0090187,-0.710312,6750.5
IFEval,TPE,10,0,8e-07,0.01,800,27436.8012925148,72.78157,36.363636,91.053825,82.31428,78.34603,67.86259,86.96331,75.433334,86.94267,54.31636,1292.9742,0.2254097,1.6428236,0.7408329,27436.7
IFEval,TPE,11,0,8e-07,0.02,1600,54435.30166349412,72.098976,34.848484,91.58453,82.11512,79.16213,66.63307,88.196045,70.76667,84.640526,48.119495,1242.3823,0.15489186,0.8337223,0.4017393,54435.2
IFEval,TPE,12,2,1e-06,0.02,200,75372.918223238,69.88055,36.363636,88.77938,81.99562,80.4679,59.353775,80.41624,73.36667,77.597404,39.127018,1217.1661,-0.3733374,-0.04247605,-0.25302416,6797.0
IFEval,TPE,13,2,1e-06,0.01,200,75276.80941376687,69.96587,36.363636,89.31008,82.07529,80.52231,59.815693,80.17145,71.23333,82.90323,42.76248,1232.8019,-0.25035375,0.27628756,-0.05884782,6770.9
IFEval,TPE,14,0,8e-07,0.01,800,27436.801680898665,72.78157,36.363636,91.053825,82.31428,78.34603,67.86259,86.96331,75.433334,86.94267,54.31636,1292.9742,0.2254097,1.6428236,0.7408329,27436.7
IFEval,TPE,15,1,8e-07,0.02,1600,54435.3011537552,72.098976,34.848484,91.58453,82.11512,79.16213,66.63307,88.196045,70.76667,84.640526,48.119495,1242.3823,0.15489186,0.8337223,0.4017393,54435.2
IFEval,TPE,16,1,8e-07,0.02,1600,54435.30216679574,72.098976,34.848484,91.58453,82.11512,79.16213,66.63307,88.196045,70.76667,84.640526,48.119495,1242.3823,0.15489186,0.8337223,0.4017393,54435.2
IFEval,TPE,17,2,2e-06,0.04,200,75342.8157137394,71.331055,36.868687,89.9166,82.03545,79.86942,62.660313,78.98243,67.166664,84.31373,41.638817,1232.137,0.06290794,0.028305046,0.05032507,6766.9
IFEval,TPE,18,2,8e-07,0.01,200,75580.11660180092,69.88055,36.363636,88.24867,81.915955,80.250275,58.179703,86.947075,67.2,72.258064,37.806133,1165.3083,-0.2854235,-1.1104476,-0.58543223,6859.2
IFEval,TPE,19,0,8e-07,0.04,600,51909.60331449509,71.75768,37.373737,90.59894,81.88608,79.59739,63.33286,87.51036,67.36667,80.76923,43.393883,1250.6892,-0.19342335,-0.29642105,-0.23087706,51909.5
IFEval,TPE,20,0,8e-07,0.01,800,27436.80523405075,72.78157,36.363636,91.053825,82.31428,78.34603,67.86259,86.96331,75.433334,86.94267,54.31636,1292.9742,0.2254097,1.6428236,0.7408329,27436.7
IFEval,TPE,21,0,1e-06,0.01,200,6771.001755809784,69.96587,36.363636,89.31008,82.07529,80.52231,59.815693,80.17145,71.23333,82.90323,42.76248,1232.8019,-0.25035375,0.27628756,-0.05884782,6770.9
IFEval,TPE,22,1,8e-07,0.01,800,27436.8013566494,72.78157,36.363636,91.053825,82.31428,78.34603,67.86259,86.96331,75.433334,86.94267,54.31636,1292.9742,0.2254097,1.6428236,0.7408329,27436.7
IFEval,TPE,23,1,8e-07,0.02,1600,54435.30294356347,72.098976,34.848484,91.58453,82.11512,79.16213,66.63307,88.196045,70.76667,84.640526,48.119495,1242.3823,0.15489186,0.8337223,0.4017393,54435.2
IFEval,TPE,24,0,8e-07,0.02,1600,54435.30171022416,72.098976,34.848484,91.58453,82.11512,79.16213,66.63307,88.196045,70.76667,84.640526,48.119495,1242.3823,0.15489186,0.8337223,0.4017393,54435.2
MT-Bench,ASHA,0,0,8e-07,0.02,400,13608.901604509352,71.843,37.373737,90.67475,82.15495,79.21654,64.648346,86.87338,72.7,86.53846,49.924202,1283.2539,0.15120597,0.75569826,0.37102136,13608.8
MT-Bench,ASHA,1,0,1e-06,0.01,400,13542.003027057646,72.35495,36.868687,92.191055,82.20474,78.726875,66.98725,77.646034,76.46667,88.3871,55.30741,1276.745,0.15685442,1.4125835,0.61348313,13541.9
MT-Bench,ASHA,2,0,8e-07,0.02,400,13608.903225278851,71.843,37.373737,90.67475,82.15495,79.21654,64.648346,86.87338,72.7,86.53846,49.924202,1283.2539,0.15120597,0.75569826,0.37102136,13608.8
MT-Bench,ASHA,3,1,1e-06,0.01,400,13542.002126550671,72.35495,36.868687,92.191055,82.20474,78.726875,66.98725,77.646034,76.46667,88.3871,55.30741,1276.745,0.15685442,1.4125835,0.61348313,13541.9
MT-Bench,ASHA,4,0,2e-06,0.04,200,6767.001821851731,71.331055,36.868687,89.9166,82.03545,79.86942,62.660313,78.98243,67.166664,84.31373,41.638817,1232.137,0.06290794,0.028305046,0.05032507,6766.9
MT-Bench,ASHA,5,2,2e-06,0.04,200,75342.81725726128,71.331055,36.868687,89.9166,82.03545,79.86942,62.660313,78.98243,67.166664,84.31373,41.638817,1232.137,0.06290794,0.028305046,0.05032507,6766.9
MT-Bench,ASHA,6,1,4e-06,0.01,200,6759.70218667984,74.06143,36.363636,90.59894,82.25453,77.14908,69.228386,79.03363,70.8,86.451614,53.84435,1268.0673,0.21358284,0.9746647,0.49033988,6759.6
MT-Bench,ASHA,7,1,1e-06,0.04,600,20251.602463579176,72.1843,37.373737,90.59894,81.9757,79.651794,64.12944,78.37294,69.2,87.012985,41.15565,1232.0355,-0.25861478,0.004366275,-0.16298531,20251.5
MT-Bench,ASHA,8,0,4e-06,0.01,200,6759.704689836502,74.06143,36.363636,90.59894,82.25453,77.14908,69.228386,79.03363,70.8,86.451614,53.84435,1268.0673,0.21358284,0.9746647,0.49033988,6759.6
MT-Bench,ASHA,9,0,2e-06,0.01,400,13579.059854602812,73.890785,33.333332,89.08264,82.43378,77.25789,69.29147,78.06819,69.9,86.53846,53.982903,1270.0874,-0.23635486,0.6745147,0.09487043,13578.9
MT-Bench,ASHA,10,1,8e-07,0.01,600,20577.602090930937,72.1843,35.353535,91.81198,82.26449,78.1284,67.137825,86.29387,77.13333,88.21656,54.216946,1278.9417,0.04481561,1.5275875,0.5840054,20577.5
MT-Bench,ASHA,11,0,1e-06,0.01,400,13542.002139425276,72.35495,36.868687,92.191055,82.20474,78.726875,66.98725,77.646034,76.46667,88.3871,55.30741,1276.745,0.15685442,1.4125835,0.61348313,13541.9
MT-Bench,ASHA,12,2,2e-06,0.01,200,75365.3203526497,72.01365,36.868687,91.96361,82.23461,78.67247,66.43039,77.74721,77.1,85.80645,57.493683,1285.0702,0.36959657,1.5958072,0.8154914,6789.4
MT-Bench,ASHA,13,0,2e-06,0.01,400,13579.002313947676,73.890785,33.333332,89.08264,82.43378,77.25789,69.29147,78.06819,69.9,86.53846,53.982903,1270.0874,-0.23635486,0.6745147,0.09487043,13578.9
MT-Bench,ASHA,14,0,4e-06,0.01,200,6759.701941585541,74.06143,36.363636,90.59894,82.25453,77.14908,69.228386,79.03363,70.8,86.451614,53.84435,1268.0673,0.21358284,0.9746647,0.49033988,6759.6
MT-Bench,ASHA,15,0,8e-07,0.02,400,13608.901923274992,71.843,37.373737,90.67475,82.15495,79.21654,64.648346,86.87338,72.7,86.53846,49.924202,1283.2539,0.15120597,0.75569826,0.37102136,13608.8
MT-Bench,ASHA,16,0,1e-06,0.04,600,20251.60367927551,72.1843,37.373737,90.59894,81.9757,79.651794,64.12944,78.37294,69.2,87.012985,41.15565,1232.0355,-0.25861478,0.004366275,-0.16298531,20251.5
MT-Bench,ASHA,17,1,4e-06,0.04,200,6752.702144002915,72.01365,36.868687,91.96361,82.105156,79.16213,65.83855,77.48868,70.1,84.19355,41.34468,1208.4736,0.32803172,0.05488994,0.22870743,6752.6
MT-Bench,ASHA,18,1,1e-06,0.04,600,20251.602783060072,72.1843,37.373737,90.59894,81.9757,79.651794,64.12944,78.37294,69.2,87.012985,41.15565,1232.0355,-0.25861478,0.004366275,-0.16298531,20251.5
MT-Bench,ASHA,19,0,1e-06,0.04,600,20251.6028822422,72.1843,37.373737,90.59894,81.9757,79.651794,64.12944,78.37294,69.2,87.012985,41.15565,1232.0355,-0.25861478,0.004366275,-0.16298531,20251.5
MT-Bench,ASHA,20,1,4e-06,0.01,200,6759.70224890709,74.06143,36.363636,90.59894,82.25453,77.14908,69.228386,79.03363,70.8,86.451614,53.84435,1268.0673,0.21358284,0.9746647,0.49033988,6759.6
MT-Bench,ASHA,21,0,1e-06,0.01,400,13542.002443170546,72.35495,36.868687,92.191055,82.20474,78.726875,66.98725,77.646034,76.46667,88.3871,55.30741,1276.745,0.15685442,1.4125835,0.61348313,13541.9
MT-Bench,ASHA,22,0,1e-06,0.01,400,13542.00419435501,72.35495,36.868687,92.191055,82.20474,78.726875,66.98725,77.646034,76.46667,88.3871,55.30741,1276.745,0.15685442,1.4125835,0.61348313,13541.9
MT-Bench,ASHA,23,1,8e-07,0.02,400,13609.16690955162,71.843,37.373737,90.67475,82.15495,79.21654,64.648346,86.87338,72.7,86.53846,49.924202,1283.2539,0.15120597,0.75569826,0.37102136,13608.8
MT-Bench,ASHA,24,0,2e-06,0.01,400,13579.00244746208,73.890785,33.333332,89.08264,82.43378,77.25789,69.29147,78.06819,69.9,86.53846,53.982903,1270.0874,-0.23635486,0.6745147,0.09487043,13578.9
MT-Bench,BOHB,0,0,8e-07,0.02,400,13608.902258968352,71.843,37.373737,90.67475,82.15495,79.21654,64.648346,86.87338,72.7,86.53846,49.924202,1283.2539,0.15120597,0.75569826,0.37102136,13608.8
MT-Bench,BOHB,1,0,1e-06,0.01,400,13542.002619838711,72.35495,36.868687,92.191055,82.20474,78.726875,66.98725,77.646034,76.46667,88.3871,55.30741,1276.745,0.15685442,1.4125835,0.61348313,13541.9
MT-Bench,BOHB,2,0,8e-07,0.02,400,13608.93741736412,71.843,37.373737,90.67475,82.15495,79.21654,64.648346,86.87338,72.7,86.53846,49.924202,1283.2539,0.15120597,0.75569826,0.37102136,13608.8
MT-Bench,BOHB,3,1,1e-06,0.01,400,13542.003135776518,72.35495,36.868687,92.191055,82.20474,78.726875,66.98725,77.646034,76.46667,88.3871,55.30741,1276.745,0.15685442,1.4125835,0.61348313,13541.9
MT-Bench,BOHB,4,0,2e-06,0.04,200,6767.001808023453,71.331055,36.868687,89.9166,82.03545,79.86942,62.660313,78.98243,67.166664,84.31373,41.638817,1232.137,0.06290794,0.028305046,0.05032507,6766.9
MT-Bench,BOHB,5,2,2e-06,0.04,200,75342.82915101052,71.331055,36.868687,89.9166,82.03545,79.86942,62.660313,78.98243,67.166664,84.31373,41.638817,1232.137,0.06290794,0.028305046,0.05032507,6766.9
MT-Bench,BOHB,6,1,4e-06,0.01,200,6759.70209107399,74.06143,36.363636,90.59894,82.25453,77.14908,69.228386,79.03363,70.8,86.451614,53.84435,1268.0673,0.21358284,0.9746647,0.49033988,6759.6
MT-Bench,BOHB,7,1,1e-06,0.04,600,20251.603887891768,72.1843,37.373737,90.59894,81.9757,79.651794,64.12944,78.37294,69.2,87.012985,41.15565,1232.0355,-0.25861478,0.004366275,-0.16298531,20251.5
MT-Bench,BOHB,8,0,4e-06,0.01,200,6759.70191488266,74.06143,36.363636,90.59894,82.25453,77.14908,69.228386,79.03363,70.8,86.451614,53.84435,1268.0673,0.21358284,0.9746647,0.49033988,6759.6
MT-Bench,BOHB,9,0,2e-06,0.01,400,13579.002248620984,73.890785,33.333332,89.08264,82.43378,77.25789,69.29147,78.06819,69.9,86.53846,53.982903,1270.0874,-0.23635486,0.6745147,0.09487043,13578.9
MT-Bench,BOHB,10,1,8e-07,0.01,600,20577.602399921416,72.1843,35.353535,91.81198,82.26449,78.1284,67.137825,86.29387,77.13333,88.21656,54.216946,1278.9417,0.04481561,1.5275875,0.5840054,20577.5
MT-Bench,BOHB,11,0,1e-06,0.01,400,13542.002469635008,72.35495,36.868687,92.191055,82.20474,78.726875,66.98725,77.646034,76.46667,88.3871,55.30741,1276.745,0.15685442,1.4125835,0.61348313,13541.9
MT-Bench,BOHB,12,2,2e-06,0.01,200,75365.32141695023,72.01365,36.868687,91.96361,82.23461,78.67247,66.43039,77.74721,77.1,85.80645,57.493683,1285.0702,0.36959657,1.5958072,0.8154914,6789.4
MT-Bench,BOHB,13,0,2e-06,0.01,400,13579.006580686568,73.890785,33.333332,89.08264,82.43378,77.25789,69.29147,78.06819,69.9,86.53846,53.982903,1270.0874,-0.23635486,0.6745147,0.09487043,13578.9
MT-Bench,BOHB,14,0,4e-06,0.01,200,6759.702046251297,74.06143,36.363636,90.59894,82.25453,77.14908,69.228386,79.03363,70.8,86.451614,53.84435,1268.0673,0.21358284,0.9746647,0.49033988,6759.6
MT-Bench,BOHB,15,0,8e-07,0.02,400,13608.90162644386,71.843,37.373737,90.67475,82.15495,79.21654,64.648346,86.87338,72.7,86.53846,49.924202,1283.2539,0.15120597,0.75569826,0.37102136,13608.8
MT-Bench,BOHB,16,0,1e-06,0.04,600,20251.603148555758,72.1843,37.373737,90.59894,81.9757,79.651794,64.12944,78.37294,69.2,87.012985,41.15565,1232.0355,-0.25861478,0.004366275,-0.16298531,20251.5
MT-Bench,BOHB,17,1,4e-06,0.04,200,6752.702469921112,72.01365,36.868687,91.96361,82.105156,79.16213,65.83855,77.48868,70.1,84.19355,41.34468,1208.4736,0.32803172,0.05488994,0.22870743,6752.6
MT-Bench,BOHB,18,1,1e-06,0.04,600,20251.60204777717,72.1843,37.373737,90.59894,81.9757,79.651794,64.12944,78.37294,69.2,87.012985,41.15565,1232.0355,-0.25861478,0.004366275,-0.16298531,20251.5
MT-Bench,BOHB,19,0,1e-06,0.04,600,20251.603204107283,72.1843,37.373737,90.59894,81.9757,79.651794,64.12944,78.37294,69.2,87.012985,41.15565,1232.0355,-0.25861478,0.004366275,-0.16298531,20251.5
MT-Bench,BOHB,20,1,4e-06,0.01,200,6759.70289144516,74.06143,36.363636,90.59894,82.25453,77.14908,69.228386,79.03363,70.8,86.451614,53.84435,1268.0673,0.21358284,0.9746647,0.49033988,6759.6
MT-Bench,BOHB,21,0,1e-06,0.01,400,13542.09973797798,72.35495,36.868687,92.191055,82.20474,78.726875,66.98725,77.646034,76.46667,88.3871,55.30741,1276.745,0.15685442,1.4125835,0.61348313,13541.9
MT-Bench,BOHB,22,0,1e-06,0.01,400,13542.003643608092,72.35495,36.868687,92.191055,82.20474,78.726875,66.98725,77.646034,76.46667,88.3871,55.30741,1276.745,0.15685442,1.4125835,0.61348313,13541.9
MT-Bench,BOHB,23,1,8e-07,0.02,400,13608.901969766615,71.843,37.373737,90.67475,82.15495,79.21654,64.648346,86.87338,72.7,86.53846,49.924202,1283.2539,0.15120597,0.75569826,0.37102136,13608.8
MT-Bench,BOHB,24,0,2e-06,0.01,400,13579.00302467346,73.890785,33.333332,89.08264,82.43378,77.25789,69.29147,78.06819,69.9,86.53846,53.982903,1270.0874,-0.23635486,0.6745147,0.09487043,13578.9
MT-Bench,BOTorch,0,0,4e-06,0.01,200,6759.702511882782,74.06143,36.363636,90.59894,82.25453,77.14908,69.228386,79.03363,70.8,86.451614,53.84435,1268.0673,0.21358284,0.9746647,0.49033988,6759.6
MT-Bench,BOTorch,1,0,2e-06,0.01,400,13579.00510368347,73.890785,33.333332,89.08264,82.43378,77.25789,69.29147,78.06819,69.9,86.53846,53.982903,1270.0874,-0.23635486,0.6745147,0.09487043,13578.9
MT-Bench,BOTorch,2,0,8e-07,0.01,600,20577.60239920616,72.1843,35.353535,91.81198,82.26449,78.1284,67.137825,86.29387,77.13333,88.21656,54.216946,1278.9417,0.04481561,1.5275875,0.5840054,20577.5
MT-Bench,BOTorch,3,0,2e-06,0.01,400,13579.003057575224,73.890785,33.333332,89.08264,82.43378,77.25789,69.29147,78.06819,69.9,86.53846,53.982903,1270.0874,-0.23635486,0.6745147,0.09487043,13578.9
MT-Bench,BOTorch,4,0,1e-06,0.02,1200,40782.000449275976,72.44027,36.363636,91.50872,82.18482,79.37976,66.88289,78.193085,70.066666,85.25641,46.885223,1264.299,0.21437767,0.78964967,0.4235675,40781.9
MT-Bench,BOTorch,5,1,1e-06,0.04,600,20251.602559185027,72.1843,37.373737,90.59894,81.9757,79.651794,64.12944,78.37294,69.2,87.012985,41.15565,1232.0355,-0.25861478,0.004366275,-0.16298531,20251.5
MT-Bench,BOTorch,6,1,8e-07,0.02,400,13608.902528858183,71.843,37.373737,90.67475,82.15495,79.21654,64.648346,86.87338,72.7,86.53846,49.924202,1283.2539,0.15120597,0.75569826,0.37102136,13608.8
MT-Bench,BOTorch,7,1,1e-06,0.02,1200,40782.00152311326,72.44027,36.363636,91.50872,82.18482,79.37976,66.88289,78.193085,70.066666,85.25641,46.885223,1264.299,0.21437767,0.78964967,0.4235675,40781.9
MT-Bench,BOTorch,8,1,2e-06,0.02,200,6745.803374385834,71.672356,37.373737,91.12965,82.274445,79.434166,65.073105,78.32922,71.933334,84.09091,51.98968,1262.9352,0.5376748,0.85099024,0.6516077,6745.7
MT-Bench,BOTorch,9,1,8e-07,0.02,400,13608.904692745207,71.843,37.373737,90.67475,82.15495,79.21654,64.648346,86.87338,72.7,86.53846,49.924202,1283.2539,0.15120597,0.75569826,0.37102136,13608.8
MT-Bench,BOTorch,10,1,4e-06,0.01,200,6759.702407217026,74.06143,36.363636,90.59894,82.25453,77.14908,69.228386,79.03363,70.8,86.451614,53.84435,1268.0673,0.21358284,0.9746647,0.49033988,6759.6
MT-Bench,BOTorch,11,0,2e-06,0.01,400,13579.003166294096,73.890785,33.333332,89.08264,82.43378,77.25789,69.29147,78.06819,69.9,86.53846,53.982903,1270.0874,-0.23635486,0.6745147,0.09487043,13578.9
MT-Bench,BOTorch,12,1,2e-06,0.01,400,13579.00296411514,73.890785,33.333332,89.08264,82.43378,77.25789,69.29147,78.06819,69.9,86.53846,53.982903,1270.0874,-0.23635486,0.6745147,0.09487043,13578.9
MT-Bench,BOTorch,13,0,4e-06,0.01,200,6759.702256298066,74.06143,36.363636,90.59894,82.25453,77.14908,69.228386,79.03363,70.8,86.451614,53.84435,1268.0673,0.21358284,0.9746647,0.49033988,6759.6
MT-Bench,BOTorch,14,1,8e-07,0.01,600,20577.60219774246,72.1843,35.353535,91.81198,82.26449,78.1284,67.137825,86.29387,77.13333,88.21656,54.216946,1278.9417,0.04481561,1.5275875,0.5840054,20577.5
MT-Bench,BOTorch,15,1,1e-06,0.02,1200,40782.00067005158,72.44027,36.363636,91.50872,82.18482,79.37976,66.88289,78.193085,70.066666,85.25641,46.885223,1264.299,0.21437767,0.78964967,0.4235675,40781.9
MT-Bench,BOTorch,16,1,4e-06,0.01,200,6759.703280067444,74.06143,36.363636,90.59894,82.25453,77.14908,69.228386,79.03363,70.8,86.451614,53.84435,1268.0673,0.21358284,0.9746647,0.49033988,6759.6
MT-Bench,BOTorch,17,1,2e-06,0.01,400,13579.00333366394,73.890785,33.333332,89.08264,82.43378,77.25789,69.29147,78.06819,69.9,86.53846,53.982903,1270.0874,-0.23635486,0.6745147,0.09487043,13578.9
MT-Bench,BOTorch,18,0,1e-06,0.01,400,13542.004289484024,72.35495,36.868687,92.191055,82.20474,78.726875,66.98725,77.646034,76.46667,88.3871,55.30741,1276.745,0.15685442,1.4125835,0.61348313,13541.9
MT-Bench,BOTorch,19,0,2e-06,0.01,400,13579.003062820431,73.890785,33.333332,89.08264,82.43378,77.25789,69.29147,78.06819,69.9,86.53846,53.982903,1270.0874,-0.23635486,0.6745147,0.09487043,13578.9
MT-Bench,BOTorch,20,0,1e-06,0.01,400,13542.002899265288,72.35495,36.868687,92.191055,82.20474,78.726875,66.98725,77.646034,76.46667,88.3871,55.30741,1276.745,0.15685442,1.4125835,0.61348313,13541.9
MT-Bench,BOTorch,21,1,2e-06,0.01,400,13579.002929544447,73.890785,33.333332,89.08264,82.43378,77.25789,69.29147,78.06819,69.9,86.53846,53.982903,1270.0874,-0.23635486,0.6745147,0.09487043,13578.9
MT-Bench,BOTorch,22,0,8e-07,0.01,600,20577.602871751784,72.1843,35.353535,91.81198,82.26449,78.1284,67.137825,86.29387,77.13333,88.21656,54.216946,1278.9417,0.04481561,1.5275875,0.5840054,20577.5
MT-Bench,BOTorch,23,0,4e-06,0.01,200,6759.702447986603,74.06143,36.363636,90.59894,82.25453,77.14908,69.228386,79.03363,70.8,86.451614,53.84435,1268.0673,0.21358284,0.9746647,0.49033988,6759.6
MT-Bench,BOTorch,24,0,1e-06,0.02,1200,40782.00026187897,72.44027,36.363636,91.50872,82.18482,79.37976,66.88289,78.193085,70.066666,85.25641,46.885223,1264.299,0.21437767,0.78964967,0.4235675,40781.9
MT-Bench,CQR,0,0,8e-07,0.02,400,13608.902081823348,71.843,37.373737,90.67475,82.15495,79.21654,64.648346,86.87338,72.7,86.53846,49.924202,1283.2539,0.15120597,0.75569826,0.37102136,13608.8
MT-Bench,CQR,1,0,1e-06,0.01,400,13542.002563571928,72.35495,36.868687,92.191055,82.20474,78.726875,66.98725,77.646034,76.46667,88.3871,55.30741,1276.745,0.15685442,1.4125835,0.61348313,13541.9
MT-Bench,CQR,2,0,8e-07,0.02,400,13608.901453113554,71.843,37.373737,90.67475,82.15495,79.21654,64.648346,86.87338,72.7,86.53846,49.924202,1283.2539,0.15120597,0.75569826,0.37102136,13608.8
MT-Bench,CQR,3,1,1e-06,0.01,400,13542.00551996231,72.35495,36.868687,92.191055,82.20474,78.726875,66.98725,77.646034,76.46667,88.3871,55.30741,1276.745,0.15685442,1.4125835,0.61348313,13541.9
MT-Bench,CQR,4,0,2e-06,0.04,200,6767.003484106064,71.331055,36.868687,89.9166,82.03545,79.86942,62.660313,78.98243,67.166664,84.31373,41.638817,1232.137,0.06290794,0.028305046,0.05032507,6766.9
MT-Bench,CQR,5,2,2e-06,0.04,200,75342.8176373005,71.331055,36.868687,89.9166,82.03545,79.86942,62.660313,78.98243,67.166664,84.31373,41.638817,1232.137,0.06290794,0.028305046,0.05032507,6766.9
MT-Bench,CQR,6,1,4e-06,0.01,200,6759.70189151764,74.06143,36.363636,90.59894,82.25453,77.14908,69.228386,79.03363,70.8,86.451614,53.84435,1268.0673,0.21358284,0.9746647,0.49033988,6759.6
MT-Bench,CQR,7,1,1e-06,0.04,600,20251.60240635872,72.1843,37.373737,90.59894,81.9757,79.651794,64.12944,78.37294,69.2,87.012985,41.15565,1232.0355,-0.25861478,0.004366275,-0.16298531,20251.5
MT-Bench,CQR,8,0,4e-06,0.01,200,6759.702958917618,74.06143,36.363636,90.59894,82.25453,77.14908,69.228386,79.03363,70.8,86.451614,53.84435,1268.0673,0.21358284,0.9746647,0.49033988,6759.6
MT-Bench,CQR,9,0,2e-06,0.01,400,13579.0020986557,73.890785,33.333332,89.08264,82.43378,77.25789,69.29147,78.06819,69.9,86.53846,53.982903,1270.0874,-0.23635486,0.6745147,0.09487043,13578.9
MT-Bench,CQR,10,1,8e-07,0.01,600,20577.60200843811,72.1843,35.353535,91.81198,82.26449,78.1284,67.137825,86.29387,77.13333,88.21656,54.216946,1278.9417,0.04481561,1.5275875,0.5840054,20577.5
MT-Bench,CQR,11,0,1e-06,0.01,400,13542.002085781096,72.35495,36.868687,92.191055,82.20474,78.726875,66.98725,77.646034,76.46667,88.3871,55.30741,1276.745,0.15685442,1.4125835,0.61348313,13541.9
MT-Bench,CQR,12,2,2e-06,0.01,200,75365.31104574204,72.01365,36.868687,91.96361,82.23461,78.67247,66.43039,77.74721,77.1,85.80645,57.493683,1285.0702,0.36959657,1.5958072,0.8154914,6789.4
MT-Bench,CQR,13,0,2e-06,0.01,400,13579.002530431746,73.890785,33.333332,89.08264,82.43378,77.25789,69.29147,78.06819,69.9,86.53846,53.982903,1270.0874,-0.23635486,0.6745147,0.09487043,13578.9
MT-Bench,CQR,14,0,4e-06,0.01,200,6759.702272748948,74.06143,36.363636,90.59894,82.25453,77.14908,69.228386,79.03363,70.8,86.451614,53.84435,1268.0673,0.21358284,0.9746647,0.49033988,6759.6
MT-Bench,CQR,15,0,8e-07,0.02,400,13608.901649808882,71.843,37.373737,90.67475,82.15495,79.21654,64.648346,86.87338,72.7,86.53846,49.924202,1283.2539,0.15120597,0.75569826,0.37102136,13608.8
MT-Bench,CQR,16,0,1e-06,0.04,600,20251.602374887465,72.1843,37.373737,90.59894,81.9757,79.651794,64.12944,78.37294,69.2,87.012985,41.15565,1232.0355,-0.25861478,0.004366275,-0.16298531,20251.5
MT-Bench,CQR,17,1,4e-06,0.04,200,6752.7066746711735,72.01365,36.868687,91.96361,82.105156,79.16213,65.83855,77.48868,70.1,84.19355,41.34468,1208.4736,0.32803172,0.05488994,0.22870743,6752.6
MT-Bench,CQR,18,1,1e-06,0.04,600,20251.60208544731,72.1843,37.373737,90.59894,81.9757,79.651794,64.12944,78.37294,69.2,87.012985,41.15565,1232.0355,-0.25861478,0.004366275,-0.16298531,20251.5
MT-Bench,CQR,19,0,1e-06,0.04,600,20251.60216436386,72.1843,37.373737,90.59894,81.9757,79.651794,64.12944,78.37294,69.2,87.012985,41.15565,1232.0355,-0.25861478,0.004366275,-0.16298531,20251.5
MT-Bench,CQR,20,1,4e-06,0.01,200,6759.702152824402,74.06143,36.363636,90.59894,82.25453,77.14908,69.228386,79.03363,70.8,86.451614,53.84435,1268.0673,0.21358284,0.9746647,0.49033988,6759.6
MT-Bench,CQR,21,0,1e-06,0.01,400,13542.002156591414,72.35495,36.868687,92.191055,82.20474,78.726875,66.98725,77.646034,76.46667,88.3871,55.30741,1276.745,0.15685442,1.4125835,0.61348313,13541.9
MT-Bench,CQR,22,0,1e-06,0.01,400,13542.002040481566,72.35495,36.868687,92.191055,82.20474,78.726875,66.98725,77.646034,76.46667,88.3871,55.30741,1276.745,0.15685442,1.4125835,0.61348313,13541.9
MT-Bench,CQR,23,1,8e-07,0.02,400,13608.90170726776,71.843,37.373737,90.67475,82.15495,79.21654,64.648346,86.87338,72.7,86.53846,49.924202,1283.2539,0.15120597,0.75569826,0.37102136,13608.8
MT-Bench,CQR,24,0,2e-06,0.01,400,13579.00209674835,73.890785,33.333332,89.08264,82.43378,77.25789,69.29147,78.06819,69.9,86.53846,53.982903,1270.0874,-0.23635486,0.6745147,0.09487043,13578.9
MT-Bench,RandomSearch,0,1,1e-06,0.01,400,13542.00494942665,72.35495,36.868687,92.191055,82.20474,78.726875,66.98725,77.646034,76.46667,88.3871,55.30741,1276.745,0.15685442,1.4125835,0.61348313,13541.9
MT-Bench,RandomSearch,1,0,1e-06,0.01,400,13542.002728319168,72.35495,36.868687,92.191055,82.20474,78.726875,66.98725,77.646034,76.46667,88.3871,55.30741,1276.745,0.15685442,1.4125835,0.61348313,13541.9
MT-Bench,RandomSearch,2,0,1e-06,0.04,600,20251.605262851717,72.1843,37.373737,90.59894,81.9757,79.651794,64.12944,78.37294,69.2,87.012985,41.15565,1232.0355,-0.25861478,0.004366275,-0.16298531,20251.5
MT-Bench,RandomSearch,3,1,2e-06,0.04,200,6767.002061700821,71.331055,36.868687,89.9166,82.03545,79.86942,62.660313,78.98243,67.166664,84.31373,41.638817,1232.137,0.06290794,0.028305046,0.05032507,6766.9
MT-Bench,RandomSearch,4,0,8e-07,0.01,600,20577.602757310862,72.1843,35.353535,91.81198,82.26449,78.1284,67.137825,86.29387,77.13333,88.21656,54.216946,1278.9417,0.04481561,1.5275875,0.5840054,20577.5
MT-Bench,RandomSearch,5,0,4e-06,0.02,200,6764.001657342911,72.61092,37.373737,91.43291,82.13503,78.23721,68.20614,78.7239,72.96667,83.552635,50.026516,1262.8114,0.53581864,0.8386434,0.6459367,6763.9
MT-Bench,RandomSearch,6,0,2e-06,0.01,400,13579.003865575787,73.890785,33.333332,89.08264,82.43378,77.25789,69.29147,78.06819,69.9,86.53846,53.982903,1270.0874,-0.23635486,0.6745147,0.09487043,13578.9
MT-Bench,RandomSearch,7,1,1e-06,0.02,1200,40782.002550458914,72.44027,36.363636,91.50872,82.18482,79.37976,66.88289,78.193085,70.066666,85.25641,46.885223,1264.299,0.21437767,0.78964967,0.4235675,40781.9
MT-Bench,RandomSearch,8,1,8e-07,0.01,600,20577.60246143341,72.1843,35.353535,91.81198,82.26449,78.1284,67.137825,86.29387,77.13333,88.21656,54.216946,1278.9417,0.04481561,1.5275875,0.5840054,20577.5
MT-Bench,RandomSearch,9,1,1e-06,0.02,1200,40782.00130567551,72.44027,36.363636,91.50872,82.18482,79.37976,66.88289,78.193085,70.066666,85.25641,46.885223,1264.299,0.21437767,0.78964967,0.4235675,40781.9
MT-Bench,RandomSearch,10,0,1e-06,0.01,400,13542.003579950331,72.35495,36.868687,92.191055,82.20474,78.726875,66.98725,77.646034,76.46667,88.3871,55.30741,1276.745,0.15685442,1.4125835,0.61348313,13541.9
MT-Bench,RandomSearch,11,0,1e-06,0.01,400,13542.00332007408,72.35495,36.868687,92.191055,82.20474,78.726875,66.98725,77.646034,76.46667,88.3871,55.30741,1276.745,0.15685442,1.4125835,0.61348313,13541.9
MT-Bench,RandomSearch,12,0,8e-07,0.01,600,20577.602503633498,72.1843,35.353535,91.81198,82.26449,78.1284,67.137825,86.29387,77.13333,88.21656,54.216946,1278.9417,0.04481561,1.5275875,0.5840054,20577.5
MT-Bench,RandomSearch,13,1,1e-06,0.01,400,13542.004223680497,72.35495,36.868687,92.191055,82.20474,78.726875,66.98725,77.646034,76.46667,88.3871,55.30741,1276.745,0.15685442,1.4125835,0.61348313,13541.9
MT-Bench,RandomSearch,14,0,8e-07,0.02,400,13608.906819200514,71.843,37.373737,90.67475,82.15495,79.21654,64.648346,86.87338,72.7,86.53846,49.924202,1283.2539,0.15120597,0.75569826,0.37102136,13608.8
MT-Bench,RandomSearch,15,1,4e-06,0.01,200,6759.7023645401005,74.06143,36.363636,90.59894,82.25453,77.14908,69.228386,79.03363,70.8,86.451614,53.84435,1268.0673,0.21358284,0.9746647,0.49033988,6759.6
MT-Bench,RandomSearch,16,0,2e-06,0.04,200,6767.001861667633,71.331055,36.868687,89.9166,82.03545,79.86942,62.660313,78.98243,67.166664,84.31373,41.638817,1232.137,0.06290794,0.028305046,0.05032507,6766.9
MT-Bench,RandomSearch,17,1,1e-06,0.01,400,13542.003463363646,72.35495,36.868687,92.191055,82.20474,78.726875,66.98725,77.646034,76.46667,88.3871,55.30741,1276.745,0.15685442,1.4125835,0.61348313,13541.9
MT-Bench,RandomSearch,18,0,1e-06,0.04,600,20251.602470493315,72.1843,37.373737,90.59894,81.9757,79.651794,64.12944,78.37294,69.2,87.012985,41.15565,1232.0355,-0.25861478,0.004366275,-0.16298531,20251.5
MT-Bench,RandomSearch,19,2,2e-06,0.01,200,75480.33866391183,72.01365,36.868687,91.96361,82.23461,78.67247,66.43039,77.74721,77.1,85.80645,57.493683,1285.0702,0.36959657,1.5958072,0.8154914,6789.4
MT-Bench,RandomSearch,20,0,1e-06,0.04,600,20251.60269794464,72.1843,37.373737,90.59894,81.9757,79.651794,64.12944,78.37294,69.2,87.012985,41.15565,1232.0355,-0.25861478,0.004366275,-0.16298531,20251.5
MT-Bench,RandomSearch,21,0,2e-06,0.04,200,6767.003048276902,71.331055,36.868687,89.9166,82.03545,79.86942,62.660313,78.98243,67.166664,84.31373,41.638817,1232.137,0.06290794,0.028305046,0.05032507,6766.9
MT-Bench,RandomSearch,22,0,4e-06,0.01,200,6759.702706432343,74.06143,36.363636,90.59894,82.25453,77.14908,69.228386,79.03363,70.8,86.451614,53.84435,1268.0673,0.21358284,0.9746647,0.49033988,6759.6
MT-Bench,RandomSearch,23,0,1e-06,0.01,400,13542.006670570372,72.35495,36.868687,92.191055,82.20474,78.726875,66.98725,77.646034,76.46667,88.3871,55.30741,1276.745,0.15685442,1.4125835,0.61348313,13541.9
MT-Bench,RandomSearch,24,0,8e-07,0.02,400,13608.903233861922,71.843,37.373737,90.67475,82.15495,79.21654,64.648346,86.87338,72.7,86.53846,49.924202,1283.2539,0.15120597,0.75569826,0.37102136,13608.8
MT-Bench,TPE,0,0,1e-06,0.01,400,13542.002376651762,72.35495,36.868687,92.191055,82.20474,78.726875,66.98725,77.646034,76.46667,88.3871,55.30741,1276.745,0.15685442,1.4125835,0.61348313,13541.9
MT-Bench,TPE,1,1,1e-06,0.04,600,20251.601908063887,72.1843,37.373737,90.59894,81.9757,79.651794,64.12944,78.37294,69.2,87.012985,41.15565,1232.0355,-0.25861478,0.004366275,-0.16298531,20251.5
MT-Bench,TPE,2,0,1e-06,0.04,600,20251.601649618147,72.1843,37.373737,90.59894,81.9757,79.651794,64.12944,78.37294,69.2,87.012985,41.15565,1232.0355,-0.25861478,0.004366275,-0.16298531,20251.5
MT-Bench,TPE,3,1,8e-07,0.02,400,13608.902060127257,71.843,37.373737,90.67475,82.15495,79.21654,64.648346,86.87338,72.7,86.53846,49.924202,1283.2539,0.15120597,0.75569826,0.37102136,13608.8
MT-Bench,TPE,4,1,4e-06,0.04,200,6752.701997613907,72.01365,36.868687,91.96361,82.105156,79.16213,65.83855,77.48868,70.1,84.19355,41.34468,1208.4736,0.32803172,0.05488994,0.22870743,6752.6
MT-Bench,TPE,5,0,8e-07,0.01,600,20577.602940654757,72.1843,35.353535,91.81198,82.26449,78.1284,67.137825,86.29387,77.13333,88.21656,54.216946,1278.9417,0.04481561,1.5275875,0.5840054,20577.5
MT-Bench,TPE,6,1,8e-07,0.02,400,13608.901858663558,71.843,37.373737,90.67475,82.15495,79.21654,64.648346,86.87338,72.7,86.53846,49.924202,1283.2539,0.15120597,0.75569826,0.37102136,13608.8
MT-Bench,TPE,7,2,4e-06,0.01,200,75480.51474318505,74.06143,36.363636,90.59894,82.25453,77.14908,69.228386,79.03363,70.8,86.451614,53.84435,1268.0673,0.21358284,0.9746647,0.49033988,6759.6
MT-Bench,TPE,8,1,1e-06,0.04,600,20251.602277374262,72.1843,37.373737,90.59894,81.9757,79.651794,64.12944,78.37294,69.2,87.012985,41.15565,1232.0355,-0.25861478,0.004366275,-0.16298531,20251.5
MT-Bench,TPE,9,0,2e-06,0.01,400,13579.002337312697,73.890785,33.333332,89.08264,82.43378,77.25789,69.29147,78.06819,69.9,86.53846,53.982903,1270.0874,-0.23635486,0.6745147,0.09487043,13578.9
MT-Bench,TPE,10,2,2e-06,0.01,200,75365.31183371544,72.01365,36.868687,91.96361,82.23461,78.67247,66.43039,77.74721,77.1,85.80645,57.493683,1285.0702,0.36959657,1.5958072,0.8154914,6789.4
MT-Bench,TPE,11,0,4e-06,0.01,200,6759.702728366852,74.06143,36.363636,90.59894,82.25453,77.14908,69.228386,79.03363,70.8,86.451614,53.84435,1268.0673,0.21358284,0.9746647,0.49033988,6759.6
MT-Bench,TPE,12,1,2e-06,0.01,400,13579.002317285536,73.890785,33.333332,89.08264,82.43378,77.25789,69.29147,78.06819,69.9,86.53846,53.982903,1270.0874,-0.23635486,0.6745147,0.09487043,13578.9
MT-Bench,TPE,13,0,1e-06,0.01,400,13542.002412891386,72.35495,36.868687,92.191055,82.20474,78.726875,66.98725,77.646034,76.46667,88.3871,55.30741,1276.745,0.15685442,1.4125835,0.61348313,13541.9
MT-Bench,TPE,14,1,4e-06,0.01,200,6759.7018960475925,74.06143,36.363636,90.59894,82.25453,77.14908,69.228386,79.03363,70.8,86.451614,53.84435,1268.0673,0.21358284,0.9746647,0.49033988,6759.6
MT-Bench,TPE,15,0,2e-06,0.02,200,6745.802186346054,71.672356,37.373737,91.12965,82.274445,79.434166,65.073105,78.32922,71.933334,84.09091,51.98968,1262.9352,0.5376748,0.85099024,0.6516077,6745.7
MT-Bench,TPE,16,0,8e-07,0.02,400,13608.902441120146,71.843,37.373737,90.67475,82.15495,79.21654,64.648346,86.87338,72.7,86.53846,49.924202,1283.2539,0.15120597,0.75569826,0.37102136,13608.8
MT-Bench,TPE,17,1,2e-06,0.01,400,13579.002572154996,73.890785,33.333332,89.08264,82.43378,77.25789,69.29147,78.06819,69.9,86.53846,53.982903,1270.0874,-0.23635486,0.6745147,0.09487043,13578.9
MT-Bench,TPE,18,0,1e-06,0.01,400,13542.00272593498,72.35495,36.868687,92.191055,82.20474,78.726875,66.98725,77.646034,76.46667,88.3871,55.30741,1276.745,0.15685442,1.4125835,0.61348313,13541.9
MT-Bench,TPE,19,1,2e-06,0.04,200,6767.00254855156,71.331055,36.868687,89.9166,82.03545,79.86942,62.660313,78.98243,67.166664,84.31373,41.638817,1232.137,0.06290794,0.028305046,0.05032507,6766.9
MT-Bench,TPE,20,0,8e-07,0.01,600,20577.60229239464,72.1843,35.353535,91.81198,82.26449,78.1284,67.137825,86.29387,77.13333,88.21656,54.216946,1278.9417,0.04481561,1.5275875,0.5840054,20577.5
MT-Bench,TPE,21,1,2e-06,0.02,200,6745.803044891358,71.672356,37.373737,91.12965,82.274445,79.434166,65.073105,78.32922,71.933334,84.09091,51.98968,1262.9352,0.5376748,0.85099024,0.6516077,6745.7
MT-Bench,TPE,22,1,8e-07,0.02,400,13608.902010059355,71.843,37.373737,90.67475,82.15495,79.21654,64.648346,86.87338,72.7,86.53846,49.924202,1283.2539,0.15120597,0.75569826,0.37102136,13608.8
MT-Bench,TPE,23,0,4e-06,0.01,200,6759.702501869202,74.06143,36.363636,90.59894,82.25453,77.14908,69.228386,79.03363,70.8,86.451614,53.84435,1268.0673,0.21358284,0.9746647,0.49033988,6759.6
MT-Bench,TPE,24,0,1e-06,0.01,400,13542.002477264405,72.35495,36.868687,92.191055,82.20474,78.726875,66.98725,77.646034,76.46667,88.3871,55.30741,1276.745,0.15685442,1.4125835,0.61348313,13541.9
Z-All,ASHA,0,2,4e-06,0.02,200,75864.81900582314,72.61092,37.373737,91.43291,82.13503,78.23721,68.20614,78.7239,72.96667,83.552635,50.026516,1262.8114,0.53581864,0.8386434,0.6459367,6763.9
Z-All,ASHA,1,2,4e-06,0.02,200,75524.81984648705,72.61092,37.373737,91.43291,82.13503,78.23721,68.20614,78.7239,72.96667,83.552635,50.026516,1262.8114,0.53581864,0.8386434,0.6459367,6763.9
Z-All,ASHA,2,0,8e-07,0.02,2000,68044.10177764893,72.61092,35.353535,91.73616,82.08524,79.05332,66.77147,87.37422,69.9,85.06493,46.758167,1281.046,0.29354438,1.113948,0.59187293,68044.0
Z-All,ASHA,3,0,2e-06,0.01,200,6789.504611349106,72.01365,36.868687,91.96361,82.23461,78.67247,66.43039,77.74721,77.1,85.80645,57.493683,1285.0702,0.36959657,1.5958072,0.8154914,6789.4
Z-All,ASHA,4,1,4e-06,0.02,200,6764.004964208603,72.61092,37.373737,91.43291,82.13503,78.23721,68.20614,78.7239,72.96667,83.552635,50.026516,1262.8114,0.53581864,0.8386434,0.6459367,6763.9
Z-All,ASHA,5,1,4e-06,0.02,200,6764.002594327927,72.61092,37.373737,91.43291,82.13503,78.23721,68.20614,78.7239,72.96667,83.552635,50.026516,1262.8114,0.53581864,0.8386434,0.6459367,6763.9
Z-All,ASHA,6,0,2e-06,0.02,200,6745.802748537064,71.672356,37.373737,91.12965,82.274445,79.434166,65.073105,78.32922,71.933334,84.09091,51.98968,1262.9352,0.5376748,0.85099024,0.6516077,6745.7
Z-All,ASHA,7,0,4e-06,0.01,200,6759.705476856232,74.06143,36.363636,90.59894,82.25453,77.14908,69.228386,79.03363,70.8,86.451614,53.84435,1268.0673,0.21358284,0.9746647,0.49033988,6759.6
Z-All,ASHA,8,0,4e-06,0.01,200,6759.702692842484,74.06143,36.363636,90.59894,82.25453,77.14908,69.228386,79.03363,70.8,86.451614,53.84435,1268.0673,0.21358284,0.9746647,0.49033988,6759.6
Z-All,ASHA,9,0,2e-06,0.01,200,6789.503946161271,72.01365,36.868687,91.96361,82.23461,78.67247,66.43039,77.74721,77.1,85.80645,57.493683,1285.0702,0.36959657,1.5958072,0.8154914,6789.4
Z-All,ASHA,10,1,8e-07,0.01,400,13718.402033185956,72.26962,38.38384,91.887794,82.19478,78.99891,66.17178,86.947075,76.9,86.77419,56.37547,1304.2491,0.53719836,1.5435038,0.9031276,13718.3
Z-All,ASHA,11,1,4e-06,0.02,200,6764.006012773514,72.61092,37.373737,91.43291,82.13503,78.23721,68.20614,78.7239,72.96667,83.552635,50.026516,1262.8114,0.53581864,0.8386434,0.6459367,6763.9
Z-All,ASHA,12,2,2e-06,0.01,200,75365.3147436142,72.01365,36.868687,91.96361,82.23461,78.67247,66.43039,77.74721,77.1,85.80645,57.493683,1285.0702,0.36959657,1.5958072,0.8154914,6789.4
Z-All,ASHA,13,0,2e-06,0.01,200,6789.503192520142,72.01365,36.868687,91.96361,82.23461,78.67247,66.43039,77.74721,77.1,85.80645,57.493683,1285.0702,0.36959657,1.5958072,0.8154914,6789.4
Z-All,ASHA,14,2,4e-06,0.02,200,75409.80956325532,72.61092,37.373737,91.43291,82.13503,78.23721,68.20614,78.7239,72.96667,83.552635,50.026516,1262.8114,0.53581864,0.8386434,0.6459367,6763.9
Z-All,ASHA,15,0,8e-07,0.02,2000,68044.10237417222,72.61092,35.353535,91.73616,82.08524,79.05332,66.77147,87.37422,69.9,85.06493,46.758167,1281.046,0.29354438,1.113948,0.59187293,68044.0
Z-All,ASHA,16,1,1e-06,0.02,1200,40782.00143704415,72.44027,36.363636,91.50872,82.18482,79.37976,66.88289,78.193085,70.066666,85.25641,46.885223,1264.299,0.21437767,0.78964967,0.4235675,40781.9
Z-All,ASHA,17,2,2e-06,0.02,200,75321.61633501053,71.672356,37.373737,91.12965,82.274445,79.434166,65.073105,78.32922,71.933334,84.09091,51.98968,1262.9352,0.5376748,0.85099024,0.6516077,6745.7
Z-All,ASHA,18,0,2e-06,0.01,200,6789.50471982956,72.01365,36.868687,91.96361,82.23461,78.67247,66.43039,77.74721,77.1,85.80645,57.493683,1285.0702,0.36959657,1.5958072,0.8154914,6789.4
Z-All,ASHA,19,3,2e-06,0.04,200,75322.81539330483,71.331055,36.868687,89.9166,82.03545,79.86942,62.660313,78.98243,67.166664,84.31373,41.638817,1232.137,0.06290794,0.028305046,0.05032507,6766.9
Z-All,ASHA,20,2,2e-06,0.02,200,75321.6069987774,71.672356,37.373737,91.12965,82.274445,79.434166,65.073105,78.32922,71.933334,84.09091,51.98968,1262.9352,0.5376748,0.85099024,0.6516077,6745.7
Z-All,ASHA,21,1,8e-07,0.01,400,13718.403539276122,72.26962,38.38384,91.887794,82.19478,78.99891,66.17178,86.947075,76.9,86.77419,56.37547,1304.2491,0.53719836,1.5435038,0.9031276,13718.3
Z-All,ASHA,22,1,8e-07,0.01,400,13718.402210330962,72.26962,38.38384,91.887794,82.19478,78.99891,66.17178,86.947075,76.9,86.77419,56.37547,1304.2491,0.53719836,1.5435038,0.9031276,13718.3
Z-All,ASHA,23,2,2e-06,0.01,200,75365.31862268448,72.01365,36.868687,91.96361,82.23461,78.67247,66.43039,77.74721,77.1,85.80645,57.493683,1285.0702,0.36959657,1.5958072,0.8154914,6789.4
Z-All,ASHA,24,0,2e-06,0.01,200,6789.501920557023,72.01365,36.868687,91.96361,82.23461,78.67247,66.43039,77.74721,77.1,85.80645,57.493683,1285.0702,0.36959657,1.5958072,0.8154914,6789.4
Z-All,BOHB,0,2,4e-06,0.02,200,75864.82927045823,72.61092,37.373737,91.43291,82.13503,78.23721,68.20614,78.7239,72.96667,83.552635,50.026516,1262.8114,0.53581864,0.8386434,0.6459367,6763.9
Z-All,BOHB,1,2,4e-06,0.02,200,75524.820962286,72.61092,37.373737,91.43291,82.13503,78.23721,68.20614,78.7239,72.96667,83.552635,50.026516,1262.8114,0.53581864,0.8386434,0.6459367,6763.9
Z-All,BOHB,2,0,8e-07,0.02,2000,68044.10239896775,72.61092,35.353535,91.73616,82.08524,79.05332,66.77147,87.37422,69.9,85.06493,46.758167,1281.046,0.29354438,1.113948,0.59187293,68044.0
Z-All,BOHB,3,0,2e-06,0.01,200,6789.502080535889,72.01365,36.868687,91.96361,82.23461,78.67247,66.43039,77.74721,77.1,85.80645,57.493683,1285.0702,0.36959657,1.5958072,0.8154914,6789.4
Z-All,BOHB,4,1,4e-06,0.02,200,6764.002646780014,72.61092,37.373737,91.43291,82.13503,78.23721,68.20614,78.7239,72.96667,83.552635,50.026516,1262.8114,0.53581864,0.8386434,0.6459367,6763.9
Z-All,BOHB,5,1,4e-06,0.02,200,6764.004046773911,72.61092,37.373737,91.43291,82.13503,78.23721,68.20614,78.7239,72.96667,83.552635,50.026516,1262.8114,0.53581864,0.8386434,0.6459367,6763.9
Z-All,BOHB,6,0,2e-06,0.02,200,6745.80435833931,71.672356,37.373737,91.12965,82.274445,79.434166,65.073105,78.32922,71.933334,84.09091,51.98968,1262.9352,0.5376748,0.85099024,0.6516077,6745.7
Z-All,BOHB,7,0,4e-06,0.01,200,6759.703467464447,74.06143,36.363636,90.59894,82.25453,77.14908,69.228386,79.03363,70.8,86.451614,53.84435,1268.0673,0.21358284,0.9746647,0.49033988,6759.6
Z-All,BOHB,8,0,4e-06,0.01,200,6759.703445768357,74.06143,36.363636,90.59894,82.25453,77.14908,69.228386,79.03363,70.8,86.451614,53.84435,1268.0673,0.21358284,0.9746647,0.49033988,6759.6
Z-All,BOHB,9,0,2e-06,0.01,200,6789.503334140778,72.01365,36.868687,91.96361,82.23461,78.67247,66.43039,77.74721,77.1,85.80645,57.493683,1285.0702,0.36959657,1.5958072,0.8154914,6789.4
Z-All,BOHB,10,1,8e-07,0.01,400,13718.404443120957,72.26962,38.38384,91.887794,82.19478,78.99891,66.17178,86.947075,76.9,86.77419,56.37547,1304.2491,0.53719836,1.5435038,0.9031276,13718.3
Z-All,BOHB,11,1,4e-06,0.02,200,6764.003409957886,72.61092,37.373737,91.43291,82.13503,78.23721,68.20614,78.7239,72.96667,83.552635,50.026516,1262.8114,0.53581864,0.8386434,0.6459367,6763.9
Z-All,BOHB,12,2,2e-06,0.01,200,75365.3170624733,72.01365,36.868687,91.96361,82.23461,78.67247,66.43039,77.74721,77.1,85.80645,57.493683,1285.0702,0.36959657,1.5958072,0.8154914,6789.4
Z-All,BOHB,13,0,2e-06,0.01,200,6789.501926279068,72.01365,36.868687,91.96361,82.23461,78.67247,66.43039,77.74721,77.1,85.80645,57.493683,1285.0702,0.36959657,1.5958072,0.8154914,6789.4
Z-All,BOHB,14,2,4e-06,0.02,200,75409.8060046196,72.61092,37.373737,91.43291,82.13503,78.23721,68.20614,78.7239,72.96667,83.552635,50.026516,1262.8114,0.53581864,0.8386434,0.6459367,6763.9
Z-All,BOHB,15,0,8e-07,0.02,2000,68044.10254392624,72.61092,35.353535,91.73616,82.08524,79.05332,66.77147,87.37422,69.9,85.06493,46.758167,1281.046,0.29354438,1.113948,0.59187293,68044.0
Z-All,BOHB,16,1,1e-06,0.02,1200,40782.00307331086,72.44027,36.363636,91.50872,82.18482,79.37976,66.88289,78.193085,70.066666,85.25641,46.885223,1264.299,0.21437767,0.78964967,0.4235675,40781.9
Z-All,BOHB,17,2,2e-06,0.02,200,75321.60944924355,71.672356,37.373737,91.12965,82.274445,79.434166,65.073105,78.32922,71.933334,84.09091,51.98968,1262.9352,0.5376748,0.85099024,0.6516077,6745.7
Z-All,BOHB,18,0,2e-06,0.01,200,6789.502016878128,72.01365,36.868687,91.96361,82.23461,78.67247,66.43039,77.74721,77.1,85.80645,57.493683,1285.0702,0.36959657,1.5958072,0.8154914,6789.4
Z-All,BOHB,19,3,2e-06,0.04,200,75322.8119345665,71.331055,36.868687,89.9166,82.03545,79.86942,62.660313,78.98243,67.166664,84.31373,41.638817,1232.137,0.06290794,0.028305046,0.05032507,6766.9
Z-All,BOHB,20,2,2e-06,0.02,200,75321.62377462388,71.672356,37.373737,91.12965,82.274445,79.434166,65.073105,78.32922,71.933334,84.09091,51.98968,1262.9352,0.5376748,0.85099024,0.6516077,6745.7
Z-All,BOHB,21,1,8e-07,0.01,400,13718.401666259764,72.26962,38.38384,91.887794,82.19478,78.99891,66.17178,86.947075,76.9,86.77419,56.37547,1304.2491,0.53719836,1.5435038,0.9031276,13718.3
Z-All,BOHB,22,1,8e-07,0.01,400,13718.402298784256,72.26962,38.38384,91.887794,82.19478,78.99891,66.17178,86.947075,76.9,86.77419,56.37547,1304.2491,0.53719836,1.5435038,0.9031276,13718.3
Z-All,BOHB,23,2,2e-06,0.01,200,75365.31367096902,72.01365,36.868687,91.96361,82.23461,78.67247,66.43039,77.74721,77.1,85.80645,57.493683,1285.0702,0.36959657,1.5958072,0.8154914,6789.4
Z-All,BOHB,24,0,2e-06,0.01,200,6789.503854608536,72.01365,36.868687,91.96361,82.23461,78.67247,66.43039,77.74721,77.1,85.80645,57.493683,1285.0702,0.36959657,1.5958072,0.8154914,6789.4
Z-All,BOTorch,0,0,2e-06,0.01,200,6789.503929233551,72.01365,36.868687,91.96361,82.23461,78.67247,66.43039,77.74721,77.1,85.80645,57.493683,1285.0702,0.36959657,1.5958072,0.8154914,6789.4
Z-All,BOTorch,1,1,2e-06,0.01,200,6789.504665231705,72.01365,36.868687,91.96361,82.23461,78.67247,66.43039,77.74721,77.1,85.80645,57.493683,1285.0702,0.36959657,1.5958072,0.8154914,6789.4
Z-All,BOTorch,2,1,2e-06,0.01,200,6789.5309251308445,72.01365,36.868687,91.96361,82.23461,78.67247,66.43039,77.74721,77.1,85.80645,57.493683,1285.0702,0.36959657,1.5958072,0.8154914,6789.4
Z-All,BOTorch,3,0,4e-06,0.02,200,6764.002820587159,72.61092,37.373737,91.43291,82.13503,78.23721,68.20614,78.7239,72.96667,83.552635,50.026516,1262.8114,0.53581864,0.8386434,0.6459367,6763.9
Z-All,BOTorch,4,0,2e-06,0.01,200,6789.50585231781,72.01365,36.868687,91.96361,82.23461,78.67247,66.43039,77.74721,77.1,85.80645,57.493683,1285.0702,0.36959657,1.5958072,0.8154914,6789.4
Z-All,BOTorch,5,2,4e-06,0.02,200,75319.8146832943,72.61092,37.373737,91.43291,82.13503,78.23721,68.20614,78.7239,72.96667,83.552635,50.026516,1262.8114,0.53581864,0.8386434,0.6459367,6763.9
Z-All,BOTorch,6,0,8e-07,0.01,400,13718.401687955857,72.26962,38.38384,91.887794,82.19478,78.99891,66.17178,86.947075,76.9,86.77419,56.37547,1304.2491,0.53719836,1.5435038,0.9031276,13718.3
Z-All,BOTorch,7,0,8e-07,0.04,1000,86515.89935073853,71.75768,37.878788,90.67475,81.81637,79.434166,64.030365,86.84091,67.0,81.49351,42.115597,1246.257,-0.0032583028,0.11778969,0.04075915,86515.8
Z-All,BOTorch,8,0,8e-07,0.01,400,13718.402283287049,72.26962,38.38384,91.887794,82.19478,78.99891,66.17178,86.947075,76.9,86.77419,56.37547,1304.2491,0.53719836,1.5435038,0.9031276,13718.3
Z-All,BOTorch,9,0,4e-06,0.02,200,6764.002754306794,72.61092,37.373737,91.43291,82.13503,78.23721,68.20614,78.7239,72.96667,83.552635,50.026516,1262.8114,0.53581864,0.8386434,0.6459367,6763.9
Z-All,BOTorch,10,0,2e-06,0.02,200,6745.802310562134,71.672356,37.373737,91.12965,82.274445,79.434166,65.073105,78.32922,71.933334,84.09091,51.98968,1262.9352,0.5376748,0.85099024,0.6516077,6745.7
Z-All,BOTorch,11,2,2e-06,0.01,200,75345.3115149498,72.01365,36.868687,91.96361,82.23461,78.67247,66.43039,77.74721,77.1,85.80645,57.493683,1285.0702,0.36959657,1.5958072,0.8154914,6789.4
Z-All,BOTorch,12,1,1e-06,0.01,400,13542.003911590577,72.35495,36.868687,92.191055,82.20474,78.726875,66.98725,77.646034,76.46667,88.3871,55.30741,1276.745,0.15685442,1.4125835,0.61348313,13541.9
Z-All,BOTorch,13,1,8e-07,0.01,400,13718.40459666252,72.26962,38.38384,91.887794,82.19478,78.99891,66.17178,86.947075,76.9,86.77419,56.37547,1304.2491,0.53719836,1.5435038,0.9031276,13718.3
Z-All,BOTorch,14,1,4e-06,0.02,200,6764.004362678528,72.61092,37.373737,91.43291,82.13503,78.23721,68.20614,78.7239,72.96667,83.552635,50.026516,1262.8114,0.53581864,0.8386434,0.6459367,6763.9
Z-All,BOTorch,15,0,4e-06,0.02,200,6764.002692079544,72.61092,37.373737,91.43291,82.13503,78.23721,68.20614,78.7239,72.96667,83.552635,50.026516,1262.8114,0.53581864,0.8386434,0.6459367,6763.9
Z-All,BOTorch,16,1,8e-07,0.01,400,13718.40261826515,72.26962,38.38384,91.887794,82.19478,78.99891,66.17178,86.947075,76.9,86.77419,56.37547,1304.2491,0.53719836,1.5435038,0.9031276,13718.3
Z-All,BOTorch,17,1,8e-07,0.01,400,13718.404510354994,72.26962,38.38384,91.887794,82.19478,78.99891,66.17178,86.947075,76.9,86.77419,56.37547,1304.2491,0.53719836,1.5435038,0.9031276,13718.3
Z-All,BOTorch,18,1,8e-07,0.01,400,13718.403265571593,72.26962,38.38384,91.887794,82.19478,78.99891,66.17178,86.947075,76.9,86.77419,56.37547,1304.2491,0.53719836,1.5435038,0.9031276,13718.3
Z-All,BOTorch,19,0,2e-06,0.04,200,6767.001683568955,71.331055,36.868687,89.9166,82.03545,79.86942,62.660313,78.98243,67.166664,84.31373,41.638817,1232.137,0.06290794,0.028305046,0.05032507,6766.9
Z-All,BOTorch,20,0,8e-07,0.01,400,13718.402187442778,72.26962,38.38384,91.887794,82.19478,78.99891,66.17178,86.947075,76.9,86.77419,56.37547,1304.2491,0.53719836,1.5435038,0.9031276,13718.3
Z-All,BOTorch,21,1,4e-06,0.02,200,6764.004267072678,72.61092,37.373737,91.43291,82.13503,78.23721,68.20614,78.7239,72.96667,83.552635,50.026516,1262.8114,0.53581864,0.8386434,0.6459367,6763.9
Z-All,BOTorch,22,0,2e-06,0.02,200,6745.803541994095,71.672356,37.373737,91.12965,82.274445,79.434166,65.073105,78.32922,71.933334,84.09091,51.98968,1262.9352,0.5376748,0.85099024,0.6516077,6745.7
Z-All,BOTorch,23,1,2e-06,0.01,200,6789.502436733246,72.01365,36.868687,91.96361,82.23461,78.67247,66.43039,77.74721,77.1,85.80645,57.493683,1285.0702,0.36959657,1.5958072,0.8154914,6789.4
Z-All,BOTorch,24,1,2e-06,0.02,200,6745.804586267472,71.672356,37.373737,91.12965,82.274445,79.434166,65.073105,78.32922,71.933334,84.09091,51.98968,1262.9352,0.5376748,0.85099024,0.6516077,6745.7
Z-All,CQR,0,2,4e-06,0.02,200,75864.83299145699,72.61092,37.373737,91.43291,82.13503,78.23721,68.20614,78.7239,72.96667,83.552635,50.026516,1262.8114,0.53581864,0.8386434,0.6459367,6763.9
Z-All,CQR,1,2,4e-06,0.02,200,75524.81929764748,72.61092,37.373737,91.43291,82.13503,78.23721,68.20614,78.7239,72.96667,83.552635,50.026516,1262.8114,0.53581864,0.8386434,0.6459367,6763.9
Z-All,CQR,2,0,8e-07,0.02,2000,68044.10257992745,72.61092,35.353535,91.73616,82.08524,79.05332,66.77147,87.37422,69.9,85.06493,46.758167,1281.046,0.29354438,1.113948,0.59187293,68044.0
Z-All,CQR,3,0,2e-06,0.01,200,6789.503386116028,72.01365,36.868687,91.96361,82.23461,78.67247,66.43039,77.74721,77.1,85.80645,57.493683,1285.0702,0.36959657,1.5958072,0.8154914,6789.4
Z-All,CQR,4,1,4e-06,0.02,200,6764.001623010636,72.61092,37.373737,91.43291,82.13503,78.23721,68.20614,78.7239,72.96667,83.552635,50.026516,1262.8114,0.53581864,0.8386434,0.6459367,6763.9
Z-All,CQR,5,1,4e-06,0.02,200,6764.003425931931,72.61092,37.373737,91.43291,82.13503,78.23721,68.20614,78.7239,72.96667,83.552635,50.026516,1262.8114,0.53581864,0.8386434,0.6459367,6763.9
Z-All,CQR,6,0,2e-06,0.02,200,6745.8031390666965,71.672356,37.373737,91.12965,82.274445,79.434166,65.073105,78.32922,71.933334,84.09091,51.98968,1262.9352,0.5376748,0.85099024,0.6516077,6745.7
Z-All,CQR,7,0,4e-06,0.01,200,6759.704900598526,74.06143,36.363636,90.59894,82.25453,77.14908,69.228386,79.03363,70.8,86.451614,53.84435,1268.0673,0.21358284,0.9746647,0.49033988,6759.6
Z-All,CQR,8,0,4e-06,0.01,200,6759.7043012142185,74.06143,36.363636,90.59894,82.25453,77.14908,69.228386,79.03363,70.8,86.451614,53.84435,1268.0673,0.21358284,0.9746647,0.49033988,6759.6
Z-All,CQR,9,0,2e-06,0.01,200,6789.503368234635,72.01365,36.868687,91.96361,82.23461,78.67247,66.43039,77.74721,77.1,85.80645,57.493683,1285.0702,0.36959657,1.5958072,0.8154914,6789.4
Z-All,CQR,10,1,8e-07,0.01,400,13718.4033516407,72.26962,38.38384,91.887794,82.19478,78.99891,66.17178,86.947075,76.9,86.77419,56.37547,1304.2491,0.53719836,1.5435038,0.9031276,13718.3
Z-All,CQR,11,1,4e-06,0.02,200,6764.008999919892,72.61092,37.373737,91.43291,82.13503,78.23721,68.20614,78.7239,72.96667,83.552635,50.026516,1262.8114,0.53581864,0.8386434,0.6459367,6763.9
Z-All,CQR,12,2,2e-06,0.01,200,75365.32009468079,72.01365,36.868687,91.96361,82.23461,78.67247,66.43039,77.74721,77.1,85.80645,57.493683,1285.0702,0.36959657,1.5958072,0.8154914,6789.4
Z-All,CQR,13,0,2e-06,0.01,200,6789.50952372551,72.01365,36.868687,91.96361,82.23461,78.67247,66.43039,77.74721,77.1,85.80645,57.493683,1285.0702,0.36959657,1.5958072,0.8154914,6789.4
Z-All,CQR,14,2,4e-06,0.02,200,75409.82166013718,72.61092,37.373737,91.43291,82.13503,78.23721,68.20614,78.7239,72.96667,83.552635,50.026516,1262.8114,0.53581864,0.8386434,0.6459367,6763.9
Z-All,CQR,15,0,8e-07,0.02,2000,68044.10523209572,72.61092,35.353535,91.73616,82.08524,79.05332,66.77147,87.37422,69.9,85.06493,46.758167,1281.046,0.29354438,1.113948,0.59187293,68044.0
Z-All,CQR,16,1,1e-06,0.02,1200,40782.002618885046,72.44027,36.363636,91.50872,82.18482,79.37976,66.88289,78.193085,70.066666,85.25641,46.885223,1264.299,0.21437767,0.78964967,0.4235675,40781.9
Z-All,CQR,17,2,2e-06,0.02,200,75321.61461911202,71.672356,37.373737,91.12965,82.274445,79.434166,65.073105,78.32922,71.933334,84.09091,51.98968,1262.9352,0.5376748,0.85099024,0.6516077,6745.7
Z-All,CQR,18,0,2e-06,0.01,200,6789.503007745743,72.01365,36.868687,91.96361,82.23461,78.67247,66.43039,77.74721,77.1,85.80645,57.493683,1285.0702,0.36959657,1.5958072,0.8154914,6789.4
Z-All,CQR,19,3,2e-06,0.04,200,75322.80470023156,71.331055,36.868687,89.9166,82.03545,79.86942,62.660313,78.98243,67.166664,84.31373,41.638817,1232.137,0.06290794,0.028305046,0.05032507,6766.9
Z-All,CQR,20,2,2e-06,0.02,200,75321.6133562088,71.672356,37.373737,91.12965,82.274445,79.434166,65.073105,78.32922,71.933334,84.09091,51.98968,1262.9352,0.5376748,0.85099024,0.6516077,6745.7
Z-All,CQR,21,1,8e-07,0.01,400,13718.40205130577,72.26962,38.38384,91.887794,82.19478,78.99891,66.17178,86.947075,76.9,86.77419,56.37547,1304.2491,0.53719836,1.5435038,0.9031276,13718.3
Z-All,CQR,22,1,8e-07,0.01,400,13718.404491519928,72.26962,38.38384,91.887794,82.19478,78.99891,66.17178,86.947075,76.9,86.77419,56.37547,1304.2491,0.53719836,1.5435038,0.9031276,13718.3
Z-All,CQR,23,2,2e-06,0.01,200,75365.31202206612,72.01365,36.868687,91.96361,82.23461,78.67247,66.43039,77.74721,77.1,85.80645,57.493683,1285.0702,0.36959657,1.5958072,0.8154914,6789.4
Z-All,CQR,24,0,2e-06,0.01,200,6789.50536236763,72.01365,36.868687,91.96361,82.23461,78.67247,66.43039,77.74721,77.1,85.80645,57.493683,1285.0702,0.36959657,1.5958072,0.8154914,6789.4
Z-All,RandomSearch,0,1,2e-06,0.04,200,6767.002976274491,71.331055,36.868687,89.9166,82.03545,79.86942,62.660313,78.98243,67.166664,84.31373,41.638817,1232.137,0.06290794,0.028305046,0.05032507,6766.9
Z-All,RandomSearch,1,0,2e-06,0.01,200,6789.502612686158,72.01365,36.868687,91.96361,82.23461,78.67247,66.43039,77.74721,77.1,85.80645,57.493683,1285.0702,0.36959657,1.5958072,0.8154914,6789.4
Z-All,RandomSearch,2,0,8e-07,0.02,2000,68044.10259256363,72.61092,35.353535,91.73616,82.08524,79.05332,66.77147,87.37422,69.9,85.06493,46.758167,1281.046,0.29354438,1.113948,0.59187293,68044.0
Z-All,RandomSearch,3,0,8e-07,0.01,400,13718.403114652632,72.26962,38.38384,91.887794,82.19478,78.99891,66.17178,86.947075,76.9,86.77419,56.37547,1304.2491,0.53719836,1.5435038,0.9031276,13718.3
Z-All,RandomSearch,4,1,2e-06,0.01,200,6789.503559446335,72.01365,36.868687,91.96361,82.23461,78.67247,66.43039,77.74721,77.1,85.80645,57.493683,1285.0702,0.36959657,1.5958072,0.8154914,6789.4
Z-All,RandomSearch,5,0,2e-06,0.04,200,6767.003605937958,71.331055,36.868687,89.9166,82.03545,79.86942,62.660313,78.98243,67.166664,84.31373,41.638817,1232.137,0.06290794,0.028305046,0.05032507,6766.9
Z-All,RandomSearch,6,0,2e-06,0.01,200,6789.50247797966,72.01365,36.868687,91.96361,82.23461,78.67247,66.43039,77.74721,77.1,85.80645,57.493683,1285.0702,0.36959657,1.5958072,0.8154914,6789.4
Z-All,RandomSearch,7,0,2e-06,0.02,200,6745.80416879654,71.672356,37.373737,91.12965,82.274445,79.434166,65.073105,78.32922,71.933334,84.09091,51.98968,1262.9352,0.5376748,0.85099024,0.6516077,6745.7
Z-All,RandomSearch,8,0,2e-06,0.01,200,6789.501970863343,72.01365,36.868687,91.96361,82.23461,78.67247,66.43039,77.74721,77.1,85.80645,57.493683,1285.0702,0.36959657,1.5958072,0.8154914,6789.4
Z-All,RandomSearch,9,2,2e-06,0.01,200,75435.33753666878,72.01365,36.868687,91.96361,82.23461,78.67247,66.43039,77.74721,77.1,85.80645,57.493683,1285.0702,0.36959657,1.5958072,0.8154914,6789.4
Z-All,RandomSearch,10,2,4e-06,0.02,200,75409.8272310257,72.61092,37.373737,91.43291,82.13503,78.23721,68.20614,78.7239,72.96667,83.552635,50.026516,1262.8114,0.53581864,0.8386434,0.6459367,6763.9
Z-All,RandomSearch,11,0,8e-07,0.01,400,13718.402095174788,72.26962,38.38384,91.887794,82.19478,78.99891,66.17178,86.947075,76.9,86.77419,56.37547,1304.2491,0.53719836,1.5435038,0.9031276,13718.3
Z-All,RandomSearch,12,0,4e-06,0.01,200,6759.701978540421,74.06143,36.363636,90.59894,82.25453,77.14908,69.228386,79.03363,70.8,86.451614,53.84435,1268.0673,0.21358284,0.9746647,0.49033988,6759.6
Z-All,RandomSearch,13,0,8e-07,0.01,400,13718.402201747893,72.26962,38.38384,91.887794,82.19478,78.99891,66.17178,86.947075,76.9,86.77419,56.37547,1304.2491,0.53719836,1.5435038,0.9031276,13718.3
Z-All,RandomSearch,14,0,8e-07,0.01,400,13718.4027510643,72.26962,38.38384,91.887794,82.19478,78.99891,66.17178,86.947075,76.9,86.77419,56.37547,1304.2491,0.53719836,1.5435038,0.9031276,13718.3
Z-All,RandomSearch,15,0,4e-06,0.02,200,6764.003997659684,72.61092,37.373737,91.43291,82.13503,78.23721,68.20614,78.7239,72.96667,83.552635,50.026516,1262.8114,0.53581864,0.8386434,0.6459367,6763.9
Z-All,RandomSearch,16,1,4e-06,0.01,200,6759.703063821793,74.06143,36.363636,90.59894,82.25453,77.14908,69.228386,79.03363,70.8,86.451614,53.84435,1268.0673,0.21358284,0.9746647,0.49033988,6759.6
Z-All,RandomSearch,17,0,2e-06,0.01,200,6789.504258251191,72.01365,36.868687,91.96361,82.23461,78.67247,66.43039,77.74721,77.1,85.80645,57.493683,1285.0702,0.36959657,1.5958072,0.8154914,6789.4
Z-All,RandomSearch,18,0,1e-06,0.01,400,13542.00331506729,72.35495,36.868687,92.191055,82.20474,78.726875,66.98725,77.646034,76.46667,88.3871,55.30741,1276.745,0.15685442,1.4125835,0.61348313,13541.9
Z-All,RandomSearch,19,1,2e-06,0.02,200,6745.803351736069,71.672356,37.373737,91.12965,82.274445,79.434166,65.073105,78.32922,71.933334,84.09091,51.98968,1262.9352,0.5376748,0.85099024,0.6516077,6745.7
Z-All,RandomSearch,20,1,2e-06,0.02,200,6745.803550577164,71.672356,37.373737,91.12965,82.274445,79.434166,65.073105,78.32922,71.933334,84.09091,51.98968,1262.9352,0.5376748,0.85099024,0.6516077,6745.7
Z-All,RandomSearch,21,0,4e-06,0.02,200,6764.004986143113,72.61092,37.373737,91.43291,82.13503,78.23721,68.20614,78.7239,72.96667,83.552635,50.026516,1262.8114,0.53581864,0.8386434,0.6459367,6763.9
Z-All,RandomSearch,22,1,2e-06,0.02,200,6745.803374385834,71.672356,37.373737,91.12965,82.274445,79.434166,65.073105,78.32922,71.933334,84.09091,51.98968,1262.9352,0.5376748,0.85099024,0.6516077,6745.7
Z-All,RandomSearch,23,0,1e-06,0.01,400,13542.036602354048,72.35495,36.868687,92.191055,82.20474,78.726875,66.98725,77.646034,76.46667,88.3871,55.30741,1276.745,0.15685442,1.4125835,0.61348313,13541.9
Z-All,RandomSearch,24,0,8e-07,0.01,400,13718.40244731903,72.26962,38.38384,91.887794,82.19478,78.99891,66.17178,86.947075,76.9,86.77419,56.37547,1304.2491,0.53719836,1.5435038,0.9031276,13718.3
Z-All,TPE,0,0,2e-06,0.02,200,6745.804812288285,71.672356,37.373737,91.12965,82.274445,79.434166,65.073105,78.32922,71.933334,84.09091,51.98968,1262.9352,0.5376748,0.85099024,0.6516077,6745.7
Z-All,TPE,1,0,2e-06,0.01,200,6789.502262926102,72.01365,36.868687,91.96361,82.23461,78.67247,66.43039,77.74721,77.1,85.80645,57.493683,1285.0702,0.36959657,1.5958072,0.8154914,6789.4
Z-All,TPE,2,1,8e-07,0.02,2000,68044.10222945214,72.61092,35.353535,91.73616,82.08524,79.05332,66.77147,87.37422,69.9,85.06493,46.758167,1281.046,0.29354438,1.113948,0.59187293,68044.0
Z-All,TPE,3,1,4e-06,0.02,200,6764.00295124054,72.61092,37.373737,91.43291,82.13503,78.23721,68.20614,78.7239,72.96667,83.552635,50.026516,1262.8114,0.53581864,0.8386434,0.6459367,6763.9
Z-All,TPE,4,1,8e-07,0.01,400,13718.402386999129,72.26962,38.38384,91.887794,82.19478,78.99891,66.17178,86.947075,76.9,86.77419,56.37547,1304.2491,0.53719836,1.5435038,0.9031276,13718.3
Z-All,TPE,5,2,4e-06,0.02,200,75339.82962141038,72.61092,37.373737,91.43291,82.13503,78.23721,68.20614,78.7239,72.96667,83.552635,50.026516,1262.8114,0.53581864,0.8386434,0.6459367,6763.9
Z-All,TPE,6,1,4e-06,0.02,200,6764.001985645295,72.61092,37.373737,91.43291,82.13503,78.23721,68.20614,78.7239,72.96667,83.552635,50.026516,1262.8114,0.53581864,0.8386434,0.6459367,6763.9
Z-All,TPE,7,2,4e-06,0.02,200,75524.81891260148,72.61092,37.373737,91.43291,82.13503,78.23721,68.20614,78.7239,72.96667,83.552635,50.026516,1262.8114,0.53581864,0.8386434,0.6459367,6763.9
Z-All,TPE,8,2,4e-06,0.01,200,75480.52199110985,74.06143,36.363636,90.59894,82.25453,77.14908,69.228386,79.03363,70.8,86.451614,53.84435,1268.0673,0.21358284,0.9746647,0.49033988,6759.6
Z-All,TPE,9,2,4e-06,0.02,200,75409.8158472538,72.61092,37.373737,91.43291,82.13503,78.23721,68.20614,78.7239,72.96667,83.552635,50.026516,1262.8114,0.53581864,0.8386434,0.6459367,6763.9
Z-All,TPE,10,1,4e-06,0.02,200,6764.004818058014,72.61092,37.373737,91.43291,82.13503,78.23721,68.20614,78.7239,72.96667,83.552635,50.026516,1262.8114,0.53581864,0.8386434,0.6459367,6763.9
Z-All,TPE,11,1,4e-06,0.01,200,6759.702634668351,74.06143,36.363636,90.59894,82.25453,77.14908,69.228386,79.03363,70.8,86.451614,53.84435,1268.0673,0.21358284,0.9746647,0.49033988,6759.6
Z-All,TPE,12,1,1e-06,0.02,1200,40782.00135693551,72.44027,36.363636,91.50872,82.18482,79.37976,66.88289,78.193085,70.066666,85.25641,46.885223,1264.299,0.21437767,0.78964967,0.4235675,40781.9
Z-All,TPE,13,2,2e-06,0.02,200,75436.61593136788,71.672356,37.373737,91.12965,82.274445,79.434166,65.073105,78.32922,71.933334,84.09091,51.98968,1262.9352,0.5376748,0.85099024,0.6516077,6745.7
Z-All,TPE,14,1,8e-07,0.01,400,13718.401917791363,72.26962,38.38384,91.887794,82.19478,78.99891,66.17178,86.947075,76.9,86.77419,56.37547,1304.2491,0.53719836,1.5435038,0.9031276,13718.3
Z-All,TPE,15,1,4e-06,0.01,200,6759.703308200837,74.06143,36.363636,90.59894,82.25453,77.14908,69.228386,79.03363,70.8,86.451614,53.84435,1268.0673,0.21358284,0.9746647,0.49033988,6759.6
Z-All,TPE,16,0,4e-06,0.02,200,6764.002580738068,72.61092,37.373737,91.43291,82.13503,78.23721,68.20614,78.7239,72.96667,83.552635,50.026516,1262.8114,0.53581864,0.8386434,0.6459367,6763.9
Z-All,TPE,17,0,1e-06,0.01,400,13542.003688907622,72.35495,36.868687,92.191055,82.20474,78.726875,66.98725,77.646034,76.46667,88.3871,55.30741,1276.745,0.15685442,1.4125835,0.61348313,13541.9
Z-All,TPE,18,1,2e-06,0.02,200,6745.803700304032,71.672356,37.373737,91.12965,82.274445,79.434166,65.073105,78.32922,71.933334,84.09091,51.98968,1262.9352,0.5376748,0.85099024,0.6516077,6745.7
Z-All,TPE,19,2,4e-06,0.02,200,75339.81492528916,72.61092,37.373737,91.43291,82.13503,78.23721,68.20614,78.7239,72.96667,83.552635,50.026516,1262.8114,0.53581864,0.8386434,0.6459367,6763.9
Z-All,TPE,20,1,2e-06,0.01,200,6789.504280662537,72.01365,36.868687,91.96361,82.23461,78.67247,66.43039,77.74721,77.1,85.80645,57.493683,1285.0702,0.36959657,1.5958072,0.8154914,6789.4
Z-All,TPE,21,2,2e-06,0.01,200,75435.31897387505,72.01365,36.868687,91.96361,82.23461,78.67247,66.43039,77.74721,77.1,85.80645,57.493683,1285.0702,0.36959657,1.5958072,0.8154914,6789.4
Z-All,TPE,22,1,2e-06,0.01,200,6789.505282258988,72.01365,36.868687,91.96361,82.23461,78.67247,66.43039,77.74721,77.1,85.80645,57.493683,1285.0702,0.36959657,1.5958072,0.8154914,6789.4
Z-All,TPE,23,0,8e-07,0.01,400,13718.406250572203,72.26962,38.38384,91.887794,82.19478,78.99891,66.17178,86.947075,76.9,86.77419,56.37547,1304.2491,0.53719836,1.5435038,0.9031276,13718.3
Z-All,TPE,24,1,1e-06,0.01,400,13542.003403520584,72.35495,36.868687,92.191055,82.20474,78.726875,66.98725,77.646034,76.46667,88.3871,55.30741,1276.745,0.15685442,1.4125835,0.61348313,13541.9
