search_objective,optimizer,seed,trial_id,lr,beta,dpo_step,st_tuner_time,ARC-C,GPQA,GSM8K,HellaSwag,PIQA,TruthfulQA,IFEval,Arena-Hard,MT-Bench,AlpacaEval,ELO,Z-Static,Z-Dynamic,Z-All,elapsed_time_sec
AlpacaEval,ASHA,0,1,2e-06,0.01,400,1376.0020633697509,71.331055,36.868687,89.23427,79.89444,79.27095,64.27732,78.29675,66.6,80.844154,42.603886,1186.545,1.21158,0.9853325,1.1293082,1375.9
AlpacaEval,ASHA,1,1,1e-06,0.01,400,5804.802032089234,70.392494,36.868687,87.56634,79.02808,78.618065,64.40122,78.557785,77.3,85.29412,42.326344,1193.4058,0.58802354,1.390024,0.87966,5804.7
AlpacaEval,ASHA,2,1,2e-06,0.01,400,1376.0017026424407,71.331055,36.868687,89.23427,79.89444,79.27095,64.27732,78.29675,66.6,80.844154,42.603886,1186.545,1.21158,0.9853325,1.1293082,1375.9
AlpacaEval,ASHA,3,0,4e-06,0.01,400,739.0018383026122,70.98976,37.373737,80.43973,80.233025,78.67247,64.63595,77.167694,52.2,81.543625,44.36437,1128.9755,0.8210733,0.5435017,0.72013813,738.9
AlpacaEval,ASHA,4,1,8e-06,0.02,200,2902.402631855012,70.22184,29.79798,74.29871,79.974106,78.9445,65.496,69.201775,36.533333,76.51007,42.196144,1168.2336,0.47191596,-0.21303637,0.22284238,2902.3
AlpacaEval,ASHA,5,1,8e-06,0.02,200,2902.4021712303165,70.22184,29.79798,74.29871,79.974106,78.9445,65.496,69.201775,36.533333,76.51007,42.196144,1168.2336,0.47191596,-0.21303637,0.22284238,2902.3
AlpacaEval,ASHA,6,1,8e-06,0.01,200,2914.8019460201267,70.819115,28.787878,88.24867,80.37244,78.23721,67.70955,67.91785,34.866665,80.74324,43.70177,1120.0913,0.29275292,-0.22961499,0.10280094,2914.7
AlpacaEval,ASHA,7,0,8e-06,0.01,200,2914.801993942261,70.819115,28.787878,88.24867,80.37244,78.23721,67.70955,67.91785,34.866665,80.74324,43.70177,1120.0913,0.29275292,-0.22961499,0.10280094,2914.7
AlpacaEval,ASHA,8,0,8e-06,0.01,200,2914.825462198258,70.819115,28.787878,88.24867,80.37244,78.23721,67.70955,67.91785,34.866665,80.74324,43.70177,1120.0913,0.29275292,-0.22961499,0.10280094,2914.7
AlpacaEval,ASHA,9,0,4e-06,0.01,400,739.0027562141418,70.98976,37.373737,80.43973,80.233025,78.67247,64.63595,77.167694,52.2,81.543625,44.36437,1128.9755,0.8210733,0.5435017,0.72013813,738.9
AlpacaEval,ASHA,10,3,8e-06,0.01,200,9954.900428152085,70.819115,28.787878,88.24867,80.37244,78.23721,67.70955,67.91785,34.866665,80.74324,43.70177,1120.0913,0.29275292,-0.22961499,0.10280094,2914.7
AlpacaEval,ASHA,11,3,2e-06,0.01,400,8401.097960567473,71.331055,36.868687,89.23427,79.89444,79.27095,64.27732,78.29675,66.6,80.844154,42.603886,1186.545,1.21158,0.9853325,1.1293082,1375.9
AlpacaEval,ASHA,12,1,4e-06,0.02,400,5827.404763555527,70.22184,33.838383,85.291885,79.39654,78.67247,64.6535,73.00363,49.966667,76.64474,41.00121,1105.864,0.21224084,0.07080421,0.16080934,5827.3
AlpacaEval,ASHA,13,0,4e-06,0.01,400,739.001646375656,70.98976,37.373737,80.43973,80.233025,78.67247,64.63595,77.167694,52.2,81.543625,44.36437,1128.9755,0.8210733,0.5435017,0.72013813,738.9
AlpacaEval,ASHA,14,0,8e-06,0.01,200,2914.801654672623,70.819115,28.787878,88.24867,80.37244,78.23721,67.70955,67.91785,34.866665,80.74324,43.70177,1120.0913,0.29275292,-0.22961499,0.10280094,2914.7
AlpacaEval,ASHA,15,0,1e-06,0.02,400,5804.801870441437,69.7099,35.858585,86.125854,78.56005,78.40044,64.35173,78.14687,69.4,88.63636,37.674797,1177.7887,0.14950725,1.1195248,0.5022409,5804.7
AlpacaEval,ASHA,16,4,8e-06,0.01,200,10279.9918247242,70.819115,28.787878,88.24867,80.37244,78.23721,67.70955,67.91785,34.866665,80.74324,43.70177,1120.0913,0.29275292,-0.22961499,0.10280094,2914.7
AlpacaEval,ASHA,17,0,8e-06,0.02,200,2902.4029806613926,70.22184,29.79798,74.29871,79.974106,78.9445,65.496,69.201775,36.533333,76.51007,42.196144,1168.2336,0.47191596,-0.21303637,0.22284238,2902.3
AlpacaEval,ASHA,18,1,1e-06,0.02,400,5804.805065965653,69.7099,35.858585,86.125854,78.56005,78.40044,64.35173,78.14687,69.4,88.63636,37.674797,1177.7887,0.14950725,1.1195248,0.5022409,5804.7
AlpacaEval,ASHA,19,5,4e-06,0.02,400,18622.756641010285,70.22184,33.838383,85.291885,79.39654,78.67247,64.6535,73.00363,49.966667,76.64474,41.00121,1105.864,0.21224084,0.07080421,0.16080934,5827.3
AlpacaEval,ASHA,20,0,8e-06,0.04,400,6483.324093914032,67.49147,32.32323,62.699013,78.54013,78.9445,62.442657,61.269596,35.1,64.569534,35.90913,1017.0386,-1.4832577,-1.2950695,-1.4148256,6483.2
AlpacaEval,ASHA,21,1,1e-06,0.01,400,5804.802549219132,70.392494,36.868687,87.56634,79.02808,78.618065,64.40122,78.557785,77.3,85.29412,42.326344,1193.4058,0.58802354,1.390024,0.87966,5804.7
AlpacaEval,ASHA,22,0,2e-06,0.01,400,1376.0020817279817,71.331055,36.868687,89.23427,79.89444,79.27095,64.27732,78.29675,66.6,80.844154,42.603886,1186.545,1.21158,0.9853325,1.1293082,1375.9
AlpacaEval,ASHA,23,1,1e-06,0.02,400,5804.803749418259,69.7099,35.858585,86.125854,78.56005,78.40044,64.35173,78.14687,69.4,88.63636,37.674797,1177.7887,0.14950725,1.1195248,0.5022409,5804.7
AlpacaEval,ASHA,24,3,2e-06,0.01,400,15441.174242830277,71.331055,36.868687,89.23427,79.89444,79.27095,64.27732,78.29675,66.6,80.844154,42.603886,1186.545,1.21158,0.9853325,1.1293082,1375.9
AlpacaEval,BOHB,0,1,2e-06,0.01,400,1376.0017992019652,71.331055,36.868687,89.23427,79.89444,79.27095,64.27732,78.29675,66.6,80.844154,42.603886,1186.545,1.21158,0.9853325,1.1293082,1375.9
AlpacaEval,BOHB,1,1,1e-06,0.01,400,5804.802202081681,70.392494,36.868687,87.56634,79.02808,78.618065,64.40122,78.557785,77.3,85.29412,42.326344,1193.4058,0.58802354,1.390024,0.87966,5804.7
AlpacaEval,BOHB,2,1,2e-06,0.01,400,1376.0021813869475,71.331055,36.868687,89.23427,79.89444,79.27095,64.27732,78.29675,66.6,80.844154,42.603886,1186.545,1.21158,0.9853325,1.1293082,1375.9
AlpacaEval,BOHB,3,0,4e-06,0.01,400,739.0070210456847,70.98976,37.373737,80.43973,80.233025,78.67247,64.63595,77.167694,52.2,81.543625,44.36437,1128.9755,0.8210733,0.5435017,0.72013813,738.9
AlpacaEval,BOHB,4,1,8e-06,0.02,200,2902.4018715381626,70.22184,29.79798,74.29871,79.974106,78.9445,65.496,69.201775,36.533333,76.51007,42.196144,1168.2336,0.47191596,-0.21303637,0.22284238,2902.3
AlpacaEval,BOHB,5,1,8e-06,0.02,200,2902.4019208908085,70.22184,29.79798,74.29871,79.974106,78.9445,65.496,69.201775,36.533333,76.51007,42.196144,1168.2336,0.47191596,-0.21303637,0.22284238,2902.3
AlpacaEval,BOHB,6,1,8e-06,0.01,200,2914.801991081238,70.819115,28.787878,88.24867,80.37244,78.23721,67.70955,67.91785,34.866665,80.74324,43.70177,1120.0913,0.29275292,-0.22961499,0.10280094,2914.7
AlpacaEval,BOHB,7,0,8e-06,0.01,200,2914.8016923427585,70.819115,28.787878,88.24867,80.37244,78.23721,67.70955,67.91785,34.866665,80.74324,43.70177,1120.0913,0.29275292,-0.22961499,0.10280094,2914.7
AlpacaEval,BOHB,8,0,8e-06,0.01,200,2914.8020468711857,70.819115,28.787878,88.24867,80.37244,78.23721,67.70955,67.91785,34.866665,80.74324,43.70177,1120.0913,0.29275292,-0.22961499,0.10280094,2914.7
AlpacaEval,BOHB,9,0,4e-06,0.01,400,739.001959657669,70.98976,37.373737,80.43973,80.233025,78.67247,64.63595,77.167694,52.2,81.543625,44.36437,1128.9755,0.8210733,0.5435017,0.72013813,738.9
AlpacaEval,BOHB,10,3,8e-06,0.01,200,9954.884960746764,70.819115,28.787878,88.24867,80.37244,78.23721,67.70955,67.91785,34.866665,80.74324,43.70177,1120.0913,0.29275292,-0.22961499,0.10280094,2914.7
AlpacaEval,BOHB,11,3,2e-06,0.01,400,8401.085897541045,71.331055,36.868687,89.23427,79.89444,79.27095,64.27732,78.29675,66.6,80.844154,42.603886,1186.545,1.21158,0.9853325,1.1293082,1375.9
AlpacaEval,BOHB,12,1,4e-06,0.02,400,5827.403247451783,70.22184,33.838383,85.291885,79.39654,78.67247,64.6535,73.00363,49.966667,76.64474,41.00121,1105.864,0.21224084,0.07080421,0.16080934,5827.3
AlpacaEval,BOHB,13,0,4e-06,0.01,400,739.0020218849181,70.98976,37.373737,80.43973,80.233025,78.67247,64.63595,77.167694,52.2,81.543625,44.36437,1128.9755,0.8210733,0.5435017,0.72013813,738.9
AlpacaEval,BOHB,14,0,8e-06,0.01,200,2914.801870679856,70.819115,28.787878,88.24867,80.37244,78.23721,67.70955,67.91785,34.866665,80.74324,43.70177,1120.0913,0.29275292,-0.22961499,0.10280094,2914.7
AlpacaEval,BOHB,15,0,1e-06,0.02,400,5804.818144893647,69.7099,35.858585,86.125854,78.56005,78.40044,64.35173,78.14687,69.4,88.63636,37.674797,1177.7887,0.14950725,1.1195248,0.5022409,5804.7
AlpacaEval,BOHB,16,4,8e-06,0.01,200,10279.991128303527,70.819115,28.787878,88.24867,80.37244,78.23721,67.70955,67.91785,34.866665,80.74324,43.70177,1120.0913,0.29275292,-0.22961499,0.10280094,2914.7
AlpacaEval,BOHB,17,0,8e-06,0.02,200,2902.4018813133243,70.22184,29.79798,74.29871,79.974106,78.9445,65.496,69.201775,36.533333,76.51007,42.196144,1168.2336,0.47191596,-0.21303637,0.22284238,2902.3
AlpacaEval,BOHB,18,1,1e-06,0.02,400,5804.802782154084,69.7099,35.858585,86.125854,78.56005,78.40044,64.35173,78.14687,69.4,88.63636,37.674797,1177.7887,0.14950725,1.1195248,0.5022409,5804.7
AlpacaEval,BOHB,19,5,1e-06,0.01,400,18600.157316545487,70.392494,36.868687,87.56634,79.02808,78.618065,64.40122,78.557785,77.3,85.29412,42.326344,1193.4058,0.58802354,1.390024,0.87966,5804.7
AlpacaEval,BOHB,20,0,8e-06,0.04,400,6483.302136516571,67.49147,32.32323,62.699013,78.54013,78.9445,62.442657,61.269596,35.1,64.569534,35.90913,1017.0386,-1.4832577,-1.2950695,-1.4148256,6483.2
AlpacaEval,BOHB,21,1,1e-06,0.01,400,5804.802306032181,70.392494,36.868687,87.56634,79.02808,78.618065,64.40122,78.557785,77.3,85.29412,42.326344,1193.4058,0.58802354,1.390024,0.87966,5804.7
AlpacaEval,BOHB,22,0,2e-06,0.01,400,1376.0018840789794,71.331055,36.868687,89.23427,79.89444,79.27095,64.27732,78.29675,66.6,80.844154,42.603886,1186.545,1.21158,0.9853325,1.1293082,1375.9
AlpacaEval,BOHB,23,1,1e-06,0.02,400,5804.80228266716,69.7099,35.858585,86.125854,78.56005,78.40044,64.35173,78.14687,69.4,88.63636,37.674797,1177.7887,0.14950725,1.1195248,0.5022409,5804.7
AlpacaEval,BOHB,24,3,2e-06,0.01,400,15441.17007241249,71.331055,36.868687,89.23427,79.89444,79.27095,64.27732,78.29675,66.6,80.844154,42.603886,1186.545,1.21158,0.9853325,1.1293082,1375.9
AlpacaEval,BOTorch,0,3,4e-06,0.01,400,7779.084519243241,70.98976,37.373737,80.43973,80.233025,78.67247,64.63595,77.167694,52.2,81.543625,44.36437,1128.9755,0.8210733,0.5435017,0.72013813,738.9
AlpacaEval,BOTorch,1,0,4e-06,0.01,400,739.0066224098205,70.98976,37.373737,80.43973,80.233025,78.67247,64.63595,77.167694,52.2,81.543625,44.36437,1128.9755,0.8210733,0.5435017,0.72013813,738.9
AlpacaEval,BOTorch,2,1,4e-06,0.01,400,739.0016954898833,70.98976,37.373737,80.43973,80.233025,78.67247,64.63595,77.167694,52.2,81.543625,44.36437,1128.9755,0.8210733,0.5435017,0.72013813,738.9
AlpacaEval,BOTorch,3,0,1e-06,0.04,200,2902.402067995072,66.894196,35.353535,87.26308,77.534355,78.34603,59.770714,71.84958,64.666664,82.432434,31.489351,1189.4938,-0.45450985,0.44467175,-0.12753473,2902.3
AlpacaEval,BOTorch,4,2,1e-06,0.02,400,12794.886107063292,69.7099,35.858585,86.125854,78.56005,78.40044,64.35173,78.14687,69.4,88.63636,37.674797,1177.7887,0.14950725,1.1195248,0.5022409,5804.7
AlpacaEval,BOTorch,5,1,4e-06,0.04,400,5828.102475738526,70.05119,34.343433,76.269905,78.49034,78.618065,64.82638,72.02695,49.3,77.92208,34.703785,1125.9131,-0.14584614,-0.045184813,-0.10924202,5828.0
AlpacaEval,BOTorch,6,0,8e-06,0.01,200,2914.801925039292,70.819115,28.787878,88.24867,80.37244,78.23721,67.70955,67.91785,34.866665,80.74324,43.70177,1120.0913,0.29275292,-0.22961499,0.10280094,2914.7
AlpacaEval,BOTorch,7,0,8e-06,0.01,200,2914.801796293259,70.819115,28.787878,88.24867,80.37244,78.23721,67.70955,67.91785,34.866665,80.74324,43.70177,1120.0913,0.29275292,-0.22961499,0.10280094,2914.7
AlpacaEval,BOTorch,8,1,2e-06,0.01,400,1376.0033994674682,71.331055,36.868687,89.23427,79.89444,79.27095,64.27732,78.29675,66.6,80.844154,42.603886,1186.545,1.21158,0.9853325,1.1293082,1375.9
AlpacaEval,BOTorch,9,2,1e-06,0.02,400,12829.894676065443,69.7099,35.858585,86.125854,78.56005,78.40044,64.35173,78.14687,69.4,88.63636,37.674797,1177.7887,0.14950725,1.1195248,0.5022409,5804.7
AlpacaEval,BOTorch,10,1,2e-06,0.01,400,1376.0016363620755,71.331055,36.868687,89.23427,79.89444,79.27095,64.27732,78.29675,66.6,80.844154,42.603886,1186.545,1.21158,0.9853325,1.1293082,1375.9
AlpacaEval,BOTorch,11,1,1e-06,0.04,200,2902.402067995072,66.894196,35.353535,87.26308,77.534355,78.34603,59.770714,71.84958,64.666664,82.432434,31.489351,1189.4938,-0.45450985,0.44467175,-0.12753473,2902.3
AlpacaEval,BOTorch,12,1,1e-06,0.01,400,5804.803624010086,70.392494,36.868687,87.56634,79.02808,78.618065,64.40122,78.557785,77.3,85.29412,42.326344,1193.4058,0.58802354,1.390024,0.87966,5804.7
AlpacaEval,BOTorch,13,0,4e-06,0.02,400,5827.40264544487,70.22184,33.838383,85.291885,79.39654,78.67247,64.6535,73.00363,49.966667,76.64474,41.00121,1105.864,0.21224084,0.07080421,0.16080934,5827.3
AlpacaEval,BOTorch,14,1,1e-06,0.02,400,5804.812671518326,69.7099,35.858585,86.125854,78.56005,78.40044,64.35173,78.14687,69.4,88.63636,37.674797,1177.7887,0.14950725,1.1195248,0.5022409,5804.7
AlpacaEval,BOTorch,15,2,4e-06,0.02,400,12817.485202646254,70.22184,33.838383,85.291885,79.39654,78.67247,64.6535,73.00363,49.966667,76.64474,41.00121,1105.864,0.21224084,0.07080421,0.16080934,5827.3
AlpacaEval,BOTorch,16,0,8e-06,0.01,200,2914.801893091202,70.819115,28.787878,88.24867,80.37244,78.23721,67.70955,67.91785,34.866665,80.74324,43.70177,1120.0913,0.29275292,-0.22961499,0.10280094,2914.7
AlpacaEval,BOTorch,17,0,8e-06,0.04,400,6483.302686548233,67.49147,32.32323,62.699013,78.54013,78.9445,62.442657,61.269596,35.1,64.569534,35.90913,1017.0386,-1.4832577,-1.2950695,-1.4148256,6483.2
AlpacaEval,BOTorch,18,0,4e-06,0.01,400,739.0054677486419,70.98976,37.373737,80.43973,80.233025,78.67247,64.63595,77.167694,52.2,81.543625,44.36437,1128.9755,0.8210733,0.5435017,0.72013813,738.9
AlpacaEval,BOTorch,19,1,8e-06,0.01,200,2914.8017717361454,70.819115,28.787878,88.24867,80.37244,78.23721,67.70955,67.91785,34.866665,80.74324,43.70177,1120.0913,0.29275292,-0.22961499,0.10280094,2914.7
AlpacaEval,BOTorch,20,2,8e-06,0.01,200,9939.8850651741,70.819115,28.787878,88.24867,80.37244,78.23721,67.70955,67.91785,34.866665,80.74324,43.70177,1120.0913,0.29275292,-0.22961499,0.10280094,2914.7
AlpacaEval,BOTorch,21,0,8e-06,0.04,400,6483.307412481308,67.49147,32.32323,62.699013,78.54013,78.9445,62.442657,61.269596,35.1,64.569534,35.90913,1017.0386,-1.4832577,-1.2950695,-1.4148256,6483.2
AlpacaEval,BOTorch,22,1,4e-06,0.04,400,5828.101890897751,70.05119,34.343433,76.269905,78.49034,78.618065,64.82638,72.02695,49.3,77.92208,34.703785,1125.9131,-0.14584614,-0.045184813,-0.10924202,5828.0
AlpacaEval,BOTorch,23,1,8e-06,0.02,200,2902.402011728287,70.22184,29.79798,74.29871,79.974106,78.9445,65.496,69.201775,36.533333,76.51007,42.196144,1168.2336,0.47191596,-0.21303637,0.22284238,2902.3
AlpacaEval,BOTorch,24,0,8e-06,0.01,200,2914.801640844345,70.819115,28.787878,88.24867,80.37244,78.23721,67.70955,67.91785,34.866665,80.74324,43.70177,1120.0913,0.29275292,-0.22961499,0.10280094,2914.7
AlpacaEval,CQR,0,1,2e-06,0.01,400,1376.0030208587646,71.331055,36.868687,89.23427,79.89444,79.27095,64.27732,78.29675,66.6,80.844154,42.603886,1186.545,1.21158,0.9853325,1.1293082,1375.9
AlpacaEval,CQR,1,1,1e-06,0.01,400,5804.8136461734775,70.392494,36.868687,87.56634,79.02808,78.618065,64.40122,78.557785,77.3,85.29412,42.326344,1193.4058,0.58802354,1.390024,0.87966,5804.7
AlpacaEval,CQR,2,1,2e-06,0.01,400,1376.0058218002318,71.331055,36.868687,89.23427,79.89444,79.27095,64.27732,78.29675,66.6,80.844154,42.603886,1186.545,1.21158,0.9853325,1.1293082,1375.9
AlpacaEval,CQR,3,0,4e-06,0.01,400,739.0030055999755,70.98976,37.373737,80.43973,80.233025,78.67247,64.63595,77.167694,52.2,81.543625,44.36437,1128.9755,0.8210733,0.5435017,0.72013813,738.9
AlpacaEval,CQR,4,1,8e-06,0.02,200,2902.405384874344,70.22184,29.79798,74.29871,79.974106,78.9445,65.496,69.201775,36.533333,76.51007,42.196144,1168.2336,0.47191596,-0.21303637,0.22284238,2902.3
AlpacaEval,CQR,5,1,8e-06,0.02,200,2902.4035948276523,70.22184,29.79798,74.29871,79.974106,78.9445,65.496,69.201775,36.533333,76.51007,42.196144,1168.2336,0.47191596,-0.21303637,0.22284238,2902.3
AlpacaEval,CQR,6,1,8e-06,0.01,200,2914.8027363777164,70.819115,28.787878,88.24867,80.37244,78.23721,67.70955,67.91785,34.866665,80.74324,43.70177,1120.0913,0.29275292,-0.22961499,0.10280094,2914.7
AlpacaEval,CQR,7,0,8e-06,0.01,200,2914.802057123185,70.819115,28.787878,88.24867,80.37244,78.23721,67.70955,67.91785,34.866665,80.74324,43.70177,1120.0913,0.29275292,-0.22961499,0.10280094,2914.7
AlpacaEval,CQR,8,0,8e-06,0.01,200,2914.802218294144,70.819115,28.787878,88.24867,80.37244,78.23721,67.70955,67.91785,34.866665,80.74324,43.70177,1120.0913,0.29275292,-0.22961499,0.10280094,2914.7
AlpacaEval,CQR,9,0,4e-06,0.01,400,739.0019837379455,70.98976,37.373737,80.43973,80.233025,78.67247,64.63595,77.167694,52.2,81.543625,44.36437,1128.9755,0.8210733,0.5435017,0.72013813,738.9
AlpacaEval,CQR,10,3,8e-06,0.01,200,9954.88758239746,70.819115,28.787878,88.24867,80.37244,78.23721,67.70955,67.91785,34.866665,80.74324,43.70177,1120.0913,0.29275292,-0.22961499,0.10280094,2914.7
AlpacaEval,CQR,11,5,4e-06,0.01,400,12139.13888273239,70.98976,37.373737,80.43973,80.233025,78.67247,64.63595,77.167694,52.2,81.543625,44.36437,1128.9755,0.8210733,0.5435017,0.72013813,738.9
AlpacaEval,CQR,12,1,4e-06,0.02,400,5827.402287578583,70.22184,33.838383,85.291885,79.39654,78.67247,64.6535,73.00363,49.966667,76.64474,41.00121,1105.864,0.21224084,0.07080421,0.16080934,5827.3
AlpacaEval,CQR,13,0,4e-06,0.01,400,739.001938676834,70.98976,37.373737,80.43973,80.233025,78.67247,64.63595,77.167694,52.2,81.543625,44.36437,1128.9755,0.8210733,0.5435017,0.72013813,738.9
AlpacaEval,CQR,14,0,8e-06,0.01,200,2914.802553033829,70.819115,28.787878,88.24867,80.37244,78.23721,67.70955,67.91785,34.866665,80.74324,43.70177,1120.0913,0.29275292,-0.22961499,0.10280094,2914.7
AlpacaEval,CQR,15,0,1e-06,0.02,400,5804.8021925449375,69.7099,35.858585,86.125854,78.56005,78.40044,64.35173,78.14687,69.4,88.63636,37.674797,1177.7887,0.14950725,1.1195248,0.5022409,5804.7
AlpacaEval,CQR,16,4,8e-06,0.01,200,13704.930431699751,70.819115,28.787878,88.24867,80.37244,78.23721,67.70955,67.91785,34.866665,80.74324,43.70177,1120.0913,0.29275292,-0.22961499,0.10280094,2914.7
AlpacaEval,CQR,17,0,8e-06,0.02,200,2902.401983594895,70.22184,29.79798,74.29871,79.974106,78.9445,65.496,69.201775,36.533333,76.51007,42.196144,1168.2336,0.47191596,-0.21303637,0.22284238,2902.3
AlpacaEval,CQR,18,1,1e-06,0.02,400,5804.80203948021,69.7099,35.858585,86.125854,78.56005,78.40044,64.35173,78.14687,69.4,88.63636,37.674797,1177.7887,0.14950725,1.1195248,0.5022409,5804.7
AlpacaEval,CQR,19,4,8e-06,0.04,400,20498.465909099577,67.49147,32.32323,62.699013,78.54013,78.9445,62.442657,61.269596,35.1,64.569534,35.90913,1017.0386,-1.4832577,-1.2950695,-1.4148256,6483.2
AlpacaEval,CQR,20,0,8e-06,0.04,400,6483.302424049378,67.49147,32.32323,62.699013,78.54013,78.9445,62.442657,61.269596,35.1,64.569534,35.90913,1017.0386,-1.4832577,-1.2950695,-1.4148256,6483.2
AlpacaEval,CQR,21,1,1e-06,0.01,400,5804.802016830445,70.392494,36.868687,87.56634,79.02808,78.618065,64.40122,78.557785,77.3,85.29412,42.326344,1193.4058,0.58802354,1.390024,0.87966,5804.7
AlpacaEval,CQR,22,0,2e-06,0.01,400,1376.0034247398376,71.331055,36.868687,89.23427,79.89444,79.27095,64.27732,78.29675,66.6,80.844154,42.603886,1186.545,1.21158,0.9853325,1.1293082,1375.9
AlpacaEval,CQR,23,1,1e-06,0.02,400,5804.802175140381,69.7099,35.858585,86.125854,78.56005,78.40044,64.35173,78.14687,69.4,88.63636,37.674797,1177.7887,0.14950725,1.1195248,0.5022409,5804.7
AlpacaEval,CQR,24,3,2e-06,0.01,400,15441.1678691864,71.331055,36.868687,89.23427,79.89444,79.27095,64.27732,78.29675,66.6,80.844154,42.603886,1186.545,1.21158,0.9853325,1.1293082,1375.9
AlpacaEval,RandomSearch,0,1,8e-06,0.02,200,2902.401660299301,70.22184,29.79798,74.29871,79.974106,78.9445,65.496,69.201775,36.533333,76.51007,42.196144,1168.2336,0.47191596,-0.21303637,0.22284238,2902.3
AlpacaEval,RandomSearch,1,1,1e-06,0.04,200,2902.40281829834,66.894196,35.353535,87.26308,77.534355,78.34603,59.770714,71.84958,64.666664,82.432434,31.489351,1189.4938,-0.45450985,0.44467175,-0.12753473,2902.3
AlpacaEval,RandomSearch,2,1,8e-06,0.01,200,2914.8022221088413,70.819115,28.787878,88.24867,80.37244,78.23721,67.70955,67.91785,34.866665,80.74324,43.70177,1120.0913,0.29275292,-0.22961499,0.10280094,2914.7
AlpacaEval,RandomSearch,3,2,2e-06,0.01,400,8416.08430252075,71.331055,36.868687,89.23427,79.89444,79.27095,64.27732,78.29675,66.6,80.844154,42.603886,1186.545,1.21158,0.9853325,1.1293082,1375.9
AlpacaEval,RandomSearch,4,3,4e-06,0.02,400,16652.529345846175,70.22184,33.838383,85.291885,79.39654,78.67247,64.6535,73.00363,49.966667,76.64474,41.00121,1105.864,0.21224084,0.07080421,0.16080934,5827.3
AlpacaEval,RandomSearch,5,0,1e-06,0.01,400,5804.802639579773,70.392494,36.868687,87.56634,79.02808,78.618065,64.40122,78.557785,77.3,85.29412,42.326344,1193.4058,0.58802354,1.390024,0.87966,5804.7
AlpacaEval,RandomSearch,6,1,8e-06,0.04,400,6483.302061891556,67.49147,32.32323,62.699013,78.54013,78.9445,62.442657,61.269596,35.1,64.569534,35.90913,1017.0386,-1.4832577,-1.2950695,-1.4148256,6483.2
AlpacaEval,RandomSearch,7,0,8e-06,0.04,400,6483.302440738678,67.49147,32.32323,62.699013,78.54013,78.9445,62.442657,61.269596,35.1,64.569534,35.90913,1017.0386,-1.4832577,-1.2950695,-1.4148256,6483.2
AlpacaEval,RandomSearch,8,0,2e-06,0.01,400,1376.0018709659576,71.331055,36.868687,89.23427,79.89444,79.27095,64.27732,78.29675,66.6,80.844154,42.603886,1186.545,1.21158,0.9853325,1.1293082,1375.9
AlpacaEval,RandomSearch,9,3,8e-06,0.01,200,16944.97373137474,70.819115,28.787878,88.24867,80.37244,78.23721,67.70955,67.91785,34.866665,80.74324,43.70177,1120.0913,0.29275292,-0.22961499,0.10280094,2914.7
AlpacaEval,RandomSearch,10,0,1e-06,0.02,400,5804.802032327652,69.7099,35.858585,86.125854,78.56005,78.40044,64.35173,78.14687,69.4,88.63636,37.674797,1177.7887,0.14950725,1.1195248,0.5022409,5804.7
AlpacaEval,RandomSearch,11,2,8e-06,0.02,200,9927.484106159209,70.22184,29.79798,74.29871,79.974106,78.9445,65.496,69.201775,36.533333,76.51007,42.196144,1168.2336,0.47191596,-0.21303637,0.22284238,2902.3
AlpacaEval,RandomSearch,12,1,8e-06,0.02,200,2902.4019368648533,70.22184,29.79798,74.29871,79.974106,78.9445,65.496,69.201775,36.533333,76.51007,42.196144,1168.2336,0.47191596,-0.21303637,0.22284238,2902.3
AlpacaEval,RandomSearch,13,1,4e-06,0.01,400,739.0021658897399,70.98976,37.373737,80.43973,80.233025,78.67247,64.63595,77.167694,52.2,81.543625,44.36437,1128.9755,0.8210733,0.5435017,0.72013813,738.9
AlpacaEval,RandomSearch,14,0,2e-06,0.01,400,1376.0016458988189,71.331055,36.868687,89.23427,79.89444,79.27095,64.27732,78.29675,66.6,80.844154,42.603886,1186.545,1.21158,0.9853325,1.1293082,1375.9
AlpacaEval,RandomSearch,15,1,1e-06,0.01,400,5804.802016592026,70.392494,36.868687,87.56634,79.02808,78.618065,64.40122,78.557785,77.3,85.29412,42.326344,1193.4058,0.58802354,1.390024,0.87966,5804.7
AlpacaEval,RandomSearch,16,2,8e-06,0.02,200,9927.483548021317,70.22184,29.79798,74.29871,79.974106,78.9445,65.496,69.201775,36.533333,76.51007,42.196144,1168.2336,0.47191596,-0.21303637,0.22284238,2902.3
AlpacaEval,RandomSearch,17,1,2e-06,0.04,200,688.2017217636107,68.34471,35.858585,89.08264,78.00239,78.34603,62.65436,76.79673,60.566666,83.333336,30.749954,1171.565,0.1447051,0.28504464,0.19573766,688.1
AlpacaEval,RandomSearch,18,1,8e-06,0.01,200,2914.801931715012,70.819115,28.787878,88.24867,80.37244,78.23721,67.70955,67.91785,34.866665,80.74324,43.70177,1120.0913,0.29275292,-0.22961499,0.10280094,2914.7
AlpacaEval,RandomSearch,19,1,4e-06,0.04,400,5828.1019094944,70.05119,34.343433,76.269905,78.49034,78.618065,64.82638,72.02695,49.3,77.92208,34.703785,1125.9131,-0.14584614,-0.045184813,-0.10924202,5828.0
AlpacaEval,RandomSearch,20,0,4e-06,0.04,400,5828.101949548722,70.05119,34.343433,76.269905,78.49034,78.618065,64.82638,72.02695,49.3,77.92208,34.703785,1125.9131,-0.14584614,-0.045184813,-0.10924202,5828.0
AlpacaEval,RandomSearch,21,1,4e-06,0.01,400,739.0021244049071,70.98976,37.373737,80.43973,80.233025,78.67247,64.63595,77.167694,52.2,81.543625,44.36437,1128.9755,0.8210733,0.5435017,0.72013813,738.9
AlpacaEval,RandomSearch,22,4,8e-06,0.02,200,20732.61194500923,70.22184,29.79798,74.29871,79.974106,78.9445,65.496,69.201775,36.533333,76.51007,42.196144,1168.2336,0.47191596,-0.21303637,0.22284238,2902.3
AlpacaEval,RandomSearch,23,0,2e-06,0.01,400,1376.0019269943236,71.331055,36.868687,89.23427,79.89444,79.27095,64.27732,78.29675,66.6,80.844154,42.603886,1186.545,1.21158,0.9853325,1.1293082,1375.9
AlpacaEval,RandomSearch,24,0,2e-06,0.01,400,1376.006904220581,71.331055,36.868687,89.23427,79.89444,79.27095,64.27732,78.29675,66.6,80.844154,42.603886,1186.545,1.21158,0.9853325,1.1293082,1375.9
AlpacaEval,TPE,0,1,4e-06,0.02,400,5827.401749229432,70.22184,33.838383,85.291885,79.39654,78.67247,64.6535,73.00363,49.966667,76.64474,41.00121,1105.864,0.21224084,0.07080421,0.16080934,5827.3
AlpacaEval,TPE,1,0,8e-06,0.02,200,2902.4018295764927,70.22184,29.79798,74.29871,79.974106,78.9445,65.496,69.201775,36.533333,76.51007,42.196144,1168.2336,0.47191596,-0.21303637,0.22284238,2902.3
AlpacaEval,TPE,2,1,8e-06,0.02,200,2902.402365779877,70.22184,29.79798,74.29871,79.974106,78.9445,65.496,69.201775,36.533333,76.51007,42.196144,1168.2336,0.47191596,-0.21303637,0.22284238,2902.3
AlpacaEval,TPE,3,0,2e-06,0.02,200,693.0019320011138,68.686005,36.868687,89.158455,78.3808,78.56366,63.142937,75.42039,62.766666,87.0,36.82783,1189.3018,0.4344415,0.8680046,0.5921008,692.9
AlpacaEval,TPE,4,1,4e-06,0.04,400,5828.102373695374,70.05119,34.343433,76.269905,78.49034,78.618065,64.82638,72.02695,49.3,77.92208,34.703785,1125.9131,-0.14584614,-0.045184813,-0.10924202,5828.0
AlpacaEval,TPE,5,1,4e-06,0.02,400,5827.402485227585,70.22184,33.838383,85.291885,79.39654,78.67247,64.6535,73.00363,49.966667,76.64474,41.00121,1105.864,0.21224084,0.07080421,0.16080934,5827.3
AlpacaEval,TPE,6,1,1e-06,0.01,400,5804.801766967774,70.392494,36.868687,87.56634,79.02808,78.618065,64.40122,78.557785,77.3,85.29412,42.326344,1193.4058,0.58802354,1.390024,0.87966,5804.7
AlpacaEval,TPE,7,0,8e-06,0.02,200,2902.404499149323,70.22184,29.79798,74.29871,79.974106,78.9445,65.496,69.201775,36.533333,76.51007,42.196144,1168.2336,0.47191596,-0.21303637,0.22284238,2902.3
AlpacaEval,TPE,8,3,8e-06,0.01,200,9904.88801345825,70.819115,28.787878,88.24867,80.37244,78.23721,67.70955,67.91785,34.866665,80.74324,43.70177,1120.0913,0.29275292,-0.22961499,0.10280094,2914.7
AlpacaEval,TPE,9,1,8e-06,0.04,400,6483.302495336533,67.49147,32.32323,62.699013,78.54013,78.9445,62.442657,61.269596,35.1,64.569534,35.90913,1017.0386,-1.4832577,-1.2950695,-1.4148256,6483.2
AlpacaEval,TPE,10,1,2e-06,0.01,400,1376.0020431041717,71.331055,36.868687,89.23427,79.89444,79.27095,64.27732,78.29675,66.6,80.844154,42.603886,1186.545,1.21158,0.9853325,1.1293082,1375.9
AlpacaEval,TPE,11,1,4e-06,0.01,400,739.001861667633,70.98976,37.373737,80.43973,80.233025,78.67247,64.63595,77.167694,52.2,81.543625,44.36437,1128.9755,0.8210733,0.5435017,0.72013813,738.9
AlpacaEval,TPE,12,1,2e-06,0.01,400,1376.003379678726,71.331055,36.868687,89.23427,79.89444,79.27095,64.27732,78.29675,66.6,80.844154,42.603886,1186.545,1.21158,0.9853325,1.1293082,1375.9
AlpacaEval,TPE,13,1,4e-06,0.01,400,739.0016382694243,70.98976,37.373737,80.43973,80.233025,78.67247,64.63595,77.167694,52.2,81.543625,44.36437,1128.9755,0.8210733,0.5435017,0.72013813,738.9
AlpacaEval,TPE,14,1,8e-06,0.01,200,2914.801983690262,70.819115,28.787878,88.24867,80.37244,78.23721,67.70955,67.91785,34.866665,80.74324,43.70177,1120.0913,0.29275292,-0.22961499,0.10280094,2914.7
AlpacaEval,TPE,15,1,8e-06,0.02,200,2902.406831121445,70.22184,29.79798,74.29871,79.974106,78.9445,65.496,69.201775,36.533333,76.51007,42.196144,1168.2336,0.47191596,-0.21303637,0.22284238,2902.3
AlpacaEval,TPE,16,0,8e-06,0.02,200,2902.4017327785496,70.22184,29.79798,74.29871,79.974106,78.9445,65.496,69.201775,36.533333,76.51007,42.196144,1168.2336,0.47191596,-0.21303637,0.22284238,2902.3
AlpacaEval,TPE,17,1,8e-06,0.01,200,2914.801761722565,70.819115,28.787878,88.24867,80.37244,78.23721,67.70955,67.91785,34.866665,80.74324,43.70177,1120.0913,0.29275292,-0.22961499,0.10280094,2914.7
AlpacaEval,TPE,18,1,2e-06,0.02,200,693.001913166046,68.686005,36.868687,89.158455,78.3808,78.56366,63.142937,75.42039,62.766666,87.0,36.82783,1189.3018,0.4344415,0.8680046,0.5921008,692.9
AlpacaEval,TPE,19,0,4e-06,0.02,400,5827.402139043808,70.22184,33.838383,85.291885,79.39654,78.67247,64.6535,73.00363,49.966667,76.64474,41.00121,1105.864,0.21224084,0.07080421,0.16080934,5827.3
AlpacaEval,TPE,20,2,8e-06,0.02,200,9927.483870124815,70.22184,29.79798,74.29871,79.974106,78.9445,65.496,69.201775,36.533333,76.51007,42.196144,1168.2336,0.47191596,-0.21303637,0.22284238,2902.3
AlpacaEval,TPE,21,1,4e-06,0.01,400,739.0018557071685,70.98976,37.373737,80.43973,80.233025,78.67247,64.63595,77.167694,52.2,81.543625,44.36437,1128.9755,0.8210733,0.5435017,0.72013813,738.9
AlpacaEval,TPE,22,3,8e-06,0.01,200,9939.889056777953,70.819115,28.787878,88.24867,80.37244,78.23721,67.70955,67.91785,34.866665,80.74324,43.70177,1120.0913,0.29275292,-0.22961499,0.10280094,2914.7
AlpacaEval,TPE,23,4,8e-06,0.04,400,20498.46897420883,67.49147,32.32323,62.699013,78.54013,78.9445,62.442657,61.269596,35.1,64.569534,35.90913,1017.0386,-1.4832577,-1.2950695,-1.4148256,6483.2
AlpacaEval,TPE,24,0,4e-06,0.04,400,5828.101566171647,70.05119,34.343433,76.269905,78.49034,78.618065,64.82638,72.02695,49.3,77.92208,34.703785,1125.9131,-0.14584614,-0.045184813,-0.10924202,5828.0
Arena-Hard,ASHA,0,1,2e-06,0.01,200,688.0020738601684,68.85666,36.868687,88.324486,78.838875,78.618065,63.704185,78.30174,66.6,83.98693,41.610497,1196.2502,0.6736109,0.96957046,0.7812326,687.9
Arena-Hard,ASHA,1,1,1e-06,0.01,200,2902.4024528026584,67.06485,34.848484,86.732376,77.82314,78.07399,60.518658,75.3442,77.3,86.21795,38.53362,1210.0366,-0.4538255,1.2876754,0.17944755,2902.3
Arena-Hard,ASHA,2,6,1e-06,0.01,200,18682.89771996116,67.06485,34.848484,86.732376,77.82314,78.07399,60.518658,75.3442,77.3,86.21795,38.53362,1210.0366,-0.4538255,1.2876754,0.17944755,2902.3
Arena-Hard,ASHA,3,2,1e-06,0.01,200,6657.446698999405,67.06485,34.848484,86.732376,77.82314,78.07399,60.518658,75.3442,77.3,86.21795,38.53362,1210.0366,-0.4538255,1.2876754,0.17944755,2902.3
Arena-Hard,ASHA,4,0,4e-06,0.04,200,2914.1032644271854,69.79522,33.838383,69.21911,78.56005,78.726875,63.830074,71.74093,49.3,78.75817,30.636005,1128.614,0.24913828,-0.4733157,-0.013572253,2914.0
Arena-Hard,ASHA,5,1,8e-06,0.02,200,2902.401811218262,70.22184,29.79798,74.29871,79.974106,78.9445,65.496,69.201775,36.533333,76.51007,42.196144,1168.2336,0.47191596,-0.21303637,0.22284238,2902.3
Arena-Hard,ASHA,6,0,4e-06,0.02,200,2913.8022564411167,69.88055,35.353535,81.12206,78.94842,78.618065,64.89841,71.93702,49.966667,81.6129,37.829903,1116.9609,0.51933646,-0.10825351,0.2911219,2913.7
Arena-Hard,ASHA,7,1,2e-06,0.04,200,688.2018524169921,68.34471,35.858585,89.08264,78.00239,78.34603,62.65436,76.79673,60.566666,83.333336,30.749954,1171.565,0.1447051,0.28504464,0.19573766,688.1
Arena-Hard,ASHA,8,8,1e-06,0.01,200,28577.90994606399,67.06485,34.848484,86.732376,77.82314,78.07399,60.518658,75.3442,77.3,86.21795,38.53362,1210.0366,-0.4538255,1.2876754,0.17944755,2902.3
Arena-Hard,ASHA,9,5,1e-06,0.08,200,9767.013642887114,66.894196,33.333332,84.38211,77.2854,78.23721,58.805683,72.63267,65.13333,82.46753,23.049362,1108.7236,-0.7474388,-0.32800683,-0.5949181,691.6
Arena-Hard,ASHA,10,2,1e-06,0.02,200,9927.511573171614,67.40614,36.868687,86.959816,77.61402,78.29162,60.46324,74.22511,69.4,86.18421,36.236164,1187.1586,-0.21528699,0.9137773,0.19528183,2902.3
Arena-Hard,ASHA,11,6,1e-06,0.01,200,16917.57177505493,67.06485,34.848484,86.732376,77.82314,78.07399,60.518658,75.3442,77.3,86.21795,38.53362,1210.0366,-0.4538255,1.2876754,0.17944755,2902.3
Arena-Hard,ASHA,12,1,4e-06,0.02,200,2913.8025091648105,69.88055,35.353535,81.12206,78.94842,78.618065,64.89841,71.93702,49.966667,81.6129,37.829903,1116.9609,0.51933646,-0.10825351,0.2911219,2913.7
Arena-Hard,ASHA,13,3,1e-06,0.02,200,6657.446655845642,67.40614,36.868687,86.959816,77.61402,78.29162,60.46324,74.22511,69.4,86.18421,36.236164,1187.1586,-0.21528699,0.9137773,0.19528183,2902.3
Arena-Hard,ASHA,14,1,1e-06,0.04,200,2902.403462982178,66.894196,35.353535,87.26308,77.534355,78.34603,59.770714,71.84958,64.666664,82.432434,31.489351,1189.4938,-0.45450985,0.44467175,-0.12753473,2902.3
Arena-Hard,ASHA,15,0,1e-06,0.02,200,2902.407481050492,67.40614,36.868687,86.959816,77.61402,78.29162,60.46324,74.22511,69.4,86.18421,36.236164,1187.1586,-0.21528699,0.9137773,0.19528183,2902.3
Arena-Hard,ASHA,16,3,1e-06,0.02,200,9942.487499332428,67.40614,36.868687,86.959816,77.61402,78.29162,60.46324,74.22511,69.4,86.18421,36.236164,1187.1586,-0.21528699,0.9137773,0.19528183,2902.3
Arena-Hard,ASHA,17,0,8e-06,0.02,200,2902.401872968674,70.22184,29.79798,74.29871,79.974106,78.9445,65.496,69.201775,36.533333,76.51007,42.196144,1168.2336,0.47191596,-0.21303637,0.22284238,2902.3
Arena-Hard,ASHA,18,1,1e-06,0.02,200,2902.402186250687,67.40614,36.868687,86.959816,77.61402,78.29162,60.46324,74.22511,69.4,86.18421,36.236164,1187.1586,-0.21528699,0.9137773,0.19528183,2902.3
Arena-Hard,ASHA,19,5,1e-06,0.02,200,20162.712492086408,67.40614,36.868687,86.959816,77.61402,78.29162,60.46324,74.22511,69.4,86.18421,36.236164,1187.1586,-0.21528699,0.9137773,0.19528183,2902.3
Arena-Hard,ASHA,20,1,8e-06,0.08,200,3222.00178012848,68.686005,31.818182,23.351023,78.480385,78.29162,62.828693,62.098896,37.1,76.797386,26.292469,1107.1268,-1.0674891,-1.1095511,-1.0827844,3221.9
Arena-Hard,ASHA,21,1,1e-06,0.01,200,2902.4022065162662,67.06485,34.848484,86.732376,77.82314,78.07399,60.518658,75.3442,77.3,86.21795,38.53362,1210.0366,-0.4538255,1.2876754,0.17944755,2902.3
Arena-Hard,ASHA,22,1,1e-06,0.01,200,2902.40199289322,67.06485,34.848484,86.732376,77.82314,78.07399,60.518658,75.3442,77.3,86.21795,38.53362,1210.0366,-0.4538255,1.2876754,0.17944755,2902.3
Arena-Hard,ASHA,23,1,1e-06,0.02,200,2902.402555561066,67.40614,36.868687,86.959816,77.61402,78.29162,60.46324,74.22511,69.4,86.18421,36.236164,1187.1586,-0.21528699,0.9137773,0.19528183,2902.3
Arena-Hard,ASHA,24,3,2e-06,0.01,200,12388.243969537732,68.85666,36.868687,88.324486,78.838875,78.618065,63.704185,78.30174,66.6,83.98693,41.610497,1196.2502,0.6736109,0.96957046,0.7812326,687.9
Arena-Hard,BOHB,0,5,1e-06,0.02,200,13867.736016372675,67.40614,36.868687,86.959816,77.61402,78.29162,60.46324,74.22511,69.4,86.18421,36.236164,1187.1586,-0.21528699,0.9137773,0.19528183,2902.3
Arena-Hard,BOHB,1,1,1e-06,0.01,200,2902.414538240433,67.06485,34.848484,86.732376,77.82314,78.07399,60.518658,75.3442,77.3,86.21795,38.53362,1210.0366,-0.4538255,1.2876754,0.17944755,2902.3
Arena-Hard,BOHB,2,6,1e-06,0.02,200,19842.80866704368,67.40614,36.868687,86.959816,77.61402,78.29162,60.46324,74.22511,69.4,86.18421,36.236164,1187.1586,-0.21528699,0.9137773,0.19528183,2902.3
Arena-Hard,BOHB,3,2,1e-06,0.01,200,6657.448176956177,67.06485,34.848484,86.732376,77.82314,78.07399,60.518658,75.3442,77.3,86.21795,38.53362,1210.0366,-0.4538255,1.2876754,0.17944755,2902.3
Arena-Hard,BOHB,4,0,4e-06,0.04,200,2914.1017716884617,69.79522,33.838383,69.21911,78.56005,78.726875,63.830074,71.74093,49.3,78.75817,30.636005,1128.614,0.24913828,-0.4733157,-0.013572253,2914.0
Arena-Hard,BOHB,5,1,8e-06,0.02,200,2902.4053727149967,70.22184,29.79798,74.29871,79.974106,78.9445,65.496,69.201775,36.533333,76.51007,42.196144,1168.2336,0.47191596,-0.21303637,0.22284238,2902.3
Arena-Hard,BOHB,6,0,4e-06,0.02,200,2913.801788902283,69.88055,35.353535,81.12206,78.94842,78.618065,64.89841,71.93702,49.966667,81.6129,37.829903,1116.9609,0.51933646,-0.10825351,0.2911219,2913.7
Arena-Hard,BOHB,7,1,2e-06,0.04,200,688.2027092933654,68.34471,35.858585,89.08264,78.00239,78.34603,62.65436,76.79673,60.566666,83.333336,30.749954,1171.565,0.1447051,0.28504464,0.19573766,688.1
Arena-Hard,BOHB,8,9,1e-06,0.02,200,28578.016215425487,67.40614,36.868687,86.959816,77.61402,78.29162,60.46324,74.22511,69.4,86.18421,36.236164,1187.1586,-0.21528699,0.9137773,0.19528183,2902.3
Arena-Hard,BOHB,9,6,1e-06,0.02,200,17452.781810382843,67.40614,36.868687,86.959816,77.61402,78.29162,60.46324,74.22511,69.4,86.18421,36.236164,1187.1586,-0.21528699,0.9137773,0.19528183,2902.3
Arena-Hard,BOHB,10,2,1e-06,0.02,200,9927.48581061363,67.40614,36.868687,86.959816,77.61402,78.29162,60.46324,74.22511,69.4,86.18421,36.236164,1187.1586,-0.21528699,0.9137773,0.19528183,2902.3
Arena-Hard,BOHB,11,9,1e-06,0.02,200,23907.76288685989,67.40614,36.868687,86.959816,77.61402,78.29162,60.46324,74.22511,69.4,86.18421,36.236164,1187.1586,-0.21528699,0.9137773,0.19528183,2902.3
Arena-Hard,BOHB,12,1,4e-06,0.02,200,2913.802661752701,69.88055,35.353535,81.12206,78.94842,78.618065,64.89841,71.93702,49.966667,81.6129,37.829903,1116.9609,0.51933646,-0.10825351,0.2911219,2913.7
Arena-Hard,BOHB,13,3,1e-06,0.02,200,6657.448025798798,67.40614,36.868687,86.959816,77.61402,78.29162,60.46324,74.22511,69.4,86.18421,36.236164,1187.1586,-0.21528699,0.9137773,0.19528183,2902.3
Arena-Hard,BOHB,14,1,1e-06,0.04,200,2902.4061053752903,66.894196,35.353535,87.26308,77.534355,78.34603,59.770714,71.84958,64.666664,82.432434,31.489351,1189.4938,-0.45450985,0.44467175,-0.12753473,2902.3
Arena-Hard,BOHB,15,0,1e-06,0.02,200,2902.4016655445103,67.40614,36.868687,86.959816,77.61402,78.29162,60.46324,74.22511,69.4,86.18421,36.236164,1187.1586,-0.21528699,0.9137773,0.19528183,2902.3
Arena-Hard,BOHB,16,3,1e-06,0.02,200,9942.485150671004,67.40614,36.868687,86.959816,77.61402,78.29162,60.46324,74.22511,69.4,86.18421,36.236164,1187.1586,-0.21528699,0.9137773,0.19528183,2902.3
Arena-Hard,BOHB,17,0,8e-06,0.02,200,2902.4020513057712,70.22184,29.79798,74.29871,79.974106,78.9445,65.496,69.201775,36.533333,76.51007,42.196144,1168.2336,0.47191596,-0.21303637,0.22284238,2902.3
Arena-Hard,BOHB,18,1,1e-06,0.02,200,2902.4079061508182,67.40614,36.868687,86.959816,77.61402,78.29162,60.46324,74.22511,69.4,86.18421,36.236164,1187.1586,-0.21528699,0.9137773,0.19528183,2902.3
Arena-Hard,BOHB,19,2,1e-06,0.08,200,7681.78521976471,66.894196,33.333332,84.38211,77.2854,78.23721,58.805683,72.63267,65.13333,82.46753,23.049362,1108.7236,-0.7474388,-0.32800683,-0.5949181,691.6
Arena-Hard,BOHB,20,1,8e-06,0.08,200,3222.001922464371,68.686005,31.818182,23.351023,78.480385,78.29162,62.828693,62.098896,37.1,76.797386,26.292469,1107.1268,-1.0674891,-1.1095511,-1.0827844,3221.9
Arena-Hard,BOHB,21,1,1e-06,0.01,200,2902.4019809722904,67.06485,34.848484,86.732376,77.82314,78.07399,60.518658,75.3442,77.3,86.21795,38.53362,1210.0366,-0.4538255,1.2876754,0.17944755,2902.3
Arena-Hard,BOHB,22,1,1e-06,0.01,200,2902.4018841743477,67.06485,34.848484,86.732376,77.82314,78.07399,60.518658,75.3442,77.3,86.21795,38.53362,1210.0366,-0.4538255,1.2876754,0.17944755,2902.3
Arena-Hard,BOHB,23,1,1e-06,0.02,200,2902.412077999116,67.40614,36.868687,86.959816,77.61402,78.29162,60.46324,74.22511,69.4,86.18421,36.236164,1187.1586,-0.21528699,0.9137773,0.19528183,2902.3
Arena-Hard,BOHB,24,6,1e-06,0.01,200,21592.82841143989,67.06485,34.848484,86.732376,77.82314,78.07399,60.518658,75.3442,77.3,86.21795,38.53362,1210.0366,-0.4538255,1.2876754,0.17944755,2902.3
Arena-Hard,BOTorch,0,2,1e-06,0.01,200,9942.484608507157,67.06485,34.848484,86.732376,77.82314,78.07399,60.518658,75.3442,77.3,86.21795,38.53362,1210.0366,-0.4538255,1.2876754,0.17944755,2902.3
Arena-Hard,BOTorch,1,1,2e-06,0.01,200,688.0019095897674,68.85666,36.868687,88.324486,78.838875,78.618065,63.704185,78.30174,66.6,83.98693,41.610497,1196.2502,0.6736109,0.96957046,0.7812326,687.9
Arena-Hard,BOTorch,2,2,1e-06,0.01,200,9942.483939266203,67.06485,34.848484,86.732376,77.82314,78.07399,60.518658,75.3442,77.3,86.21795,38.53362,1210.0366,-0.4538255,1.2876754,0.17944755,2902.3
Arena-Hard,BOTorch,3,3,2e-06,0.02,200,4448.0487221241,68.686005,36.868687,89.158455,78.3808,78.56366,63.142937,75.42039,62.766666,87.0,36.82783,1189.3018,0.4344415,0.8680046,0.5921008,692.9
Arena-Hard,BOTorch,4,0,1e-06,0.02,200,2902.4017356395725,67.40614,36.868687,86.959816,77.61402,78.29162,60.46324,74.22511,69.4,86.18421,36.236164,1187.1586,-0.21528699,0.9137773,0.19528183,2902.3
Arena-Hard,BOTorch,5,1,2e-06,0.02,200,693.0015932083129,68.686005,36.868687,89.158455,78.3808,78.56366,63.142937,75.42039,62.766666,87.0,36.82783,1189.3018,0.4344415,0.8680046,0.5921008,692.9
Arena-Hard,BOTorch,6,1,2e-06,0.02,200,693.0020347595214,68.686005,36.868687,89.158455,78.3808,78.56366,63.142937,75.42039,62.766666,87.0,36.82783,1189.3018,0.4344415,0.8680046,0.5921008,692.9
Arena-Hard,BOTorch,7,0,2e-06,0.01,200,688.0018850326537,68.85666,36.868687,88.324486,78.838875,78.618065,63.704185,78.30174,66.6,83.98693,41.610497,1196.2502,0.6736109,0.96957046,0.7812326,687.9
Arena-Hard,BOTorch,8,1,1e-06,0.01,200,2902.402035093308,67.06485,34.848484,86.732376,77.82314,78.07399,60.518658,75.3442,77.3,86.21795,38.53362,1210.0366,-0.4538255,1.2876754,0.17944755,2902.3
Arena-Hard,BOTorch,9,3,1e-06,0.04,200,10457.508384561535,66.894196,35.353535,87.26308,77.534355,78.34603,59.770714,71.84958,64.666664,82.432434,31.489351,1189.4938,-0.45450985,0.44467175,-0.12753473,2902.3
Arena-Hard,BOTorch,10,1,1e-06,0.08,200,691.7016504764556,66.894196,33.333332,84.38211,77.2854,78.23721,58.805683,72.63267,65.13333,82.46753,23.049362,1108.7236,-0.7474388,-0.32800683,-0.5949181,691.6
Arena-Hard,BOTorch,11,0,2e-06,0.08,200,374.101638174057,67.74744,34.343433,86.429115,77.51444,78.34603,60.961716,73.55816,56.4,79.03226,22.582516,1132.1141,-0.31326205,-0.57872474,-0.40979394,374.0
Arena-Hard,BOTorch,12,0,1e-06,0.02,200,2902.4017027378086,67.40614,36.868687,86.959816,77.61402,78.29162,60.46324,74.22511,69.4,86.18421,36.236164,1187.1586,-0.21528699,0.9137773,0.19528183,2902.3
Arena-Hard,BOTorch,13,0,2e-06,0.01,200,688.0016430377959,68.85666,36.868687,88.324486,78.838875,78.618065,63.704185,78.30174,66.6,83.98693,41.610497,1196.2502,0.6736109,0.96957046,0.7812326,687.9
Arena-Hard,BOTorch,14,0,1e-06,0.02,200,2902.401931142808,67.40614,36.868687,86.959816,77.61402,78.29162,60.46324,74.22511,69.4,86.18421,36.236164,1187.1586,-0.21528699,0.9137773,0.19528183,2902.3
Arena-Hard,BOTorch,15,0,8e-06,0.08,200,3222.001804685593,68.686005,31.818182,23.351023,78.480385,78.29162,62.828693,62.098896,37.1,76.797386,26.292469,1107.1268,-1.0674891,-1.1095511,-1.0827844,3221.9
Arena-Hard,BOTorch,16,0,4e-06,0.01,200,369.5031322002411,70.47781,33.838383,85.74678,79.715195,78.34603,68.34778,74.34252,52.2,82.781456,44.243477,1192.2385,0.7447111,0.68534195,0.7231223,369.4
Arena-Hard,BOTorch,17,2,1e-06,0.01,200,9927.48451051712,67.06485,34.848484,86.732376,77.82314,78.07399,60.518658,75.3442,77.3,86.21795,38.53362,1210.0366,-0.4538255,1.2876754,0.17944755,2902.3
Arena-Hard,BOTorch,18,1,2e-06,0.02,200,693.0027183055877,68.686005,36.868687,89.158455,78.3808,78.56366,63.142937,75.42039,62.766666,87.0,36.82783,1189.3018,0.4344415,0.8680046,0.5921008,692.9
Arena-Hard,BOTorch,19,1,1e-06,0.01,200,2902.4021464347843,67.06485,34.848484,86.732376,77.82314,78.07399,60.518658,75.3442,77.3,86.21795,38.53362,1210.0366,-0.4538255,1.2876754,0.17944755,2902.3
Arena-Hard,BOTorch,20,0,1e-06,0.01,200,2902.40166053772,67.06485,34.848484,86.732376,77.82314,78.07399,60.518658,75.3442,77.3,86.21795,38.53362,1210.0366,-0.4538255,1.2876754,0.17944755,2902.3
Arena-Hard,BOTorch,21,1,1e-06,0.01,200,2902.4028514385227,67.06485,34.848484,86.732376,77.82314,78.07399,60.518658,75.3442,77.3,86.21795,38.53362,1210.0366,-0.4538255,1.2876754,0.17944755,2902.3
Arena-Hard,BOTorch,22,0,1e-06,0.02,200,2902.4051371574405,67.40614,36.868687,86.959816,77.61402,78.29162,60.46324,74.22511,69.4,86.18421,36.236164,1187.1586,-0.21528699,0.9137773,0.19528183,2902.3
Arena-Hard,BOTorch,23,0,4e-06,0.01,200,369.5015238285065,70.47781,33.838383,85.74678,79.715195,78.34603,68.34778,74.34252,52.2,82.781456,44.243477,1192.2385,0.7447111,0.68534195,0.7231223,369.4
Arena-Hard,BOTorch,24,1,1e-06,0.02,200,2902.402157640457,67.40614,36.868687,86.959816,77.61402,78.29162,60.46324,74.22511,69.4,86.18421,36.236164,1187.1586,-0.21528699,0.9137773,0.19528183,2902.3
Arena-Hard,CQR,0,1,2e-06,0.01,200,688.0019453525542,68.85666,36.868687,88.324486,78.838875,78.618065,63.704185,78.30174,66.6,83.98693,41.610497,1196.2502,0.6736109,0.96957046,0.7812326,687.9
Arena-Hard,CQR,1,1,1e-06,0.01,200,2902.401894187928,67.06485,34.848484,86.732376,77.82314,78.07399,60.518658,75.3442,77.3,86.21795,38.53362,1210.0366,-0.4538255,1.2876754,0.17944755,2902.3
Arena-Hard,CQR,2,1,2e-06,0.01,200,688.0017457962035,68.85666,36.868687,88.324486,78.838875,78.618065,63.704185,78.30174,66.6,83.98693,41.610497,1196.2502,0.6736109,0.96957046,0.7812326,687.9
Arena-Hard,CQR,3,2,1e-06,0.01,200,6657.449071502686,67.06485,34.848484,86.732376,77.82314,78.07399,60.518658,75.3442,77.3,86.21795,38.53362,1210.0366,-0.4538255,1.2876754,0.17944755,2902.3
Arena-Hard,CQR,4,0,4e-06,0.04,200,2914.101982688904,69.79522,33.838383,69.21911,78.56005,78.726875,63.830074,71.74093,49.3,78.75817,30.636005,1128.614,0.24913828,-0.4733157,-0.013572253,2914.0
Arena-Hard,CQR,5,1,8e-06,0.02,200,2902.402783489228,70.22184,29.79798,74.29871,79.974106,78.9445,65.496,69.201775,36.533333,76.51007,42.196144,1168.2336,0.47191596,-0.21303637,0.22284238,2902.3
Arena-Hard,CQR,6,0,4e-06,0.02,200,2913.802268838883,69.88055,35.353535,81.12206,78.94842,78.618065,64.89841,71.93702,49.966667,81.6129,37.829903,1116.9609,0.51933646,-0.10825351,0.2911219,2913.7
Arena-Hard,CQR,7,1,2e-06,0.04,200,688.2018075942992,68.34471,35.858585,89.08264,78.00239,78.34603,62.65436,76.79673,60.566666,83.333336,30.749954,1171.565,0.1447051,0.28504464,0.19573766,688.1
Arena-Hard,CQR,8,3,1e-06,0.08,200,14721.86717686653,66.894196,33.333332,84.38211,77.2854,78.23721,58.805683,72.63267,65.13333,82.46753,23.049362,1108.7236,-0.7474388,-0.32800683,-0.5949181,691.6
Arena-Hard,CQR,9,0,4e-06,0.01,200,369.5018020629883,70.47781,33.838383,85.74678,79.715195,78.34603,68.34778,74.34252,52.2,82.781456,44.243477,1192.2385,0.7447111,0.68534195,0.7231223,369.4
Arena-Hard,CQR,10,2,1e-06,0.02,200,9927.493880367278,67.40614,36.868687,86.959816,77.61402,78.29162,60.46324,74.22511,69.4,86.18421,36.236164,1187.1586,-0.21528699,0.9137773,0.19528183,2902.3
Arena-Hard,CQR,11,3,2e-06,0.01,200,7713.103211736679,68.85666,36.868687,88.324486,78.838875,78.618065,63.704185,78.30174,66.6,83.98693,41.610497,1196.2502,0.6736109,0.96957046,0.7812326,687.9
Arena-Hard,CQR,12,1,4e-06,0.02,200,2913.8043304443363,69.88055,35.353535,81.12206,78.94842,78.618065,64.89841,71.93702,49.966667,81.6129,37.829903,1116.9609,0.51933646,-0.10825351,0.2911219,2913.7
Arena-Hard,CQR,13,3,1e-06,0.02,200,6657.452959632874,67.40614,36.868687,86.959816,77.61402,78.29162,60.46324,74.22511,69.4,86.18421,36.236164,1187.1586,-0.21528699,0.9137773,0.19528183,2902.3
Arena-Hard,CQR,14,1,1e-06,0.04,200,2902.4018591403965,66.894196,35.353535,87.26308,77.534355,78.34603,59.770714,71.84958,64.666664,82.432434,31.489351,1189.4938,-0.45450985,0.44467175,-0.12753473,2902.3
Arena-Hard,CQR,15,0,1e-06,0.02,200,2902.4019084930424,67.40614,36.868687,86.959816,77.61402,78.29162,60.46324,74.22511,69.4,86.18421,36.236164,1187.1586,-0.21528699,0.9137773,0.19528183,2902.3
Arena-Hard,CQR,16,3,1e-06,0.02,200,9942.48558268547,67.40614,36.868687,86.959816,77.61402,78.29162,60.46324,74.22511,69.4,86.18421,36.236164,1187.1586,-0.21528699,0.9137773,0.19528183,2902.3
Arena-Hard,CQR,17,0,8e-06,0.02,200,2902.4024289608005,70.22184,29.79798,74.29871,79.974106,78.9445,65.496,69.201775,36.533333,76.51007,42.196144,1168.2336,0.47191596,-0.21303637,0.22284238,2902.3
Arena-Hard,CQR,18,1,1e-06,0.02,200,2902.40249619484,67.40614,36.868687,86.959816,77.61402,78.29162,60.46324,74.22511,69.4,86.18421,36.236164,1187.1586,-0.21528699,0.9137773,0.19528183,2902.3
Arena-Hard,CQR,19,2,1e-06,0.08,200,7681.79511127472,66.894196,33.333332,84.38211,77.2854,78.23721,58.805683,72.63267,65.13333,82.46753,23.049362,1108.7236,-0.7474388,-0.32800683,-0.5949181,691.6
Arena-Hard,CQR,20,1,8e-06,0.08,200,3222.0016685485843,68.686005,31.818182,23.351023,78.480385,78.29162,62.828693,62.098896,37.1,76.797386,26.292469,1107.1268,-1.0674891,-1.1095511,-1.0827844,3221.9
Arena-Hard,CQR,21,1,1e-06,0.01,200,2902.401832437516,67.06485,34.848484,86.732376,77.82314,78.07399,60.518658,75.3442,77.3,86.21795,38.53362,1210.0366,-0.4538255,1.2876754,0.17944755,2902.3
Arena-Hard,CQR,22,1,1e-06,0.01,200,2902.401753282548,67.06485,34.848484,86.732376,77.82314,78.07399,60.518658,75.3442,77.3,86.21795,38.53362,1210.0366,-0.4538255,1.2876754,0.17944755,2902.3
Arena-Hard,CQR,23,1,1e-06,0.02,200,2902.402658796311,67.40614,36.868687,86.959816,77.61402,78.29162,60.46324,74.22511,69.4,86.18421,36.236164,1187.1586,-0.21528699,0.9137773,0.19528183,2902.3
Arena-Hard,CQR,24,3,2e-06,0.01,200,14753.167125558852,68.85666,36.868687,88.324486,78.838875,78.618065,63.704185,78.30174,66.6,83.98693,41.610497,1196.2502,0.6736109,0.96957046,0.7812326,687.9
Arena-Hard,RandomSearch,0,2,1e-06,0.01,200,6657.445998048783,67.06485,34.848484,86.732376,77.82314,78.07399,60.518658,75.3442,77.3,86.21795,38.53362,1210.0366,-0.4538255,1.2876754,0.17944755,2902.3
Arena-Hard,RandomSearch,1,0,1e-06,0.02,200,2902.401996469498,67.40614,36.868687,86.959816,77.61402,78.29162,60.46324,74.22511,69.4,86.18421,36.236164,1187.1586,-0.21528699,0.9137773,0.19528183,2902.3
Arena-Hard,RandomSearch,2,2,1e-06,0.04,200,9892.485723114012,66.894196,35.353535,87.26308,77.534355,78.34603,59.770714,71.84958,64.666664,82.432434,31.489351,1189.4938,-0.45450985,0.44467175,-0.12753473,2902.3
Arena-Hard,RandomSearch,3,0,8e-06,0.01,200,2914.8018878459934,70.819115,28.787878,88.24867,80.37244,78.23721,67.70955,67.91785,34.866665,80.74324,43.70177,1120.0913,0.29275292,-0.22961499,0.10280094,2914.7
Arena-Hard,RandomSearch,4,4,2e-06,0.01,200,21743.249366378783,68.85666,36.868687,88.324486,78.838875,78.618065,63.704185,78.30174,66.6,83.98693,41.610497,1196.2502,0.6736109,0.96957046,0.7812326,687.9
Arena-Hard,RandomSearch,5,2,1e-06,0.04,200,9892.48331580162,66.894196,35.353535,87.26308,77.534355,78.34603,59.770714,71.84958,64.666664,82.432434,31.489351,1189.4938,-0.45450985,0.44467175,-0.12753473,2902.3
Arena-Hard,RandomSearch,6,1,4e-06,0.02,200,2913.803571557999,69.88055,35.353535,81.12206,78.94842,78.618065,64.89841,71.93702,49.966667,81.6129,37.829903,1116.9609,0.51933646,-0.10825351,0.2911219,2913.7
Arena-Hard,RandomSearch,7,0,2e-06,0.01,200,688.0018335342406,68.85666,36.868687,88.324486,78.838875,78.618065,63.704185,78.30174,66.6,83.98693,41.610497,1196.2502,0.6736109,0.96957046,0.7812326,687.9
Arena-Hard,RandomSearch,8,1,4e-06,0.04,200,2914.102153158188,69.79522,33.838383,69.21911,78.56005,78.726875,63.830074,71.74093,49.3,78.75817,30.636005,1128.614,0.24913828,-0.4733157,-0.013572253,2914.0
Arena-Hard,RandomSearch,9,1,2e-06,0.04,200,688.202047920227,68.34471,35.858585,89.08264,78.00239,78.34603,62.65436,76.79673,60.566666,83.333336,30.749954,1171.565,0.1447051,0.28504464,0.19573766,688.1
Arena-Hard,RandomSearch,10,0,1e-06,0.08,200,691.7030938625335,66.894196,33.333332,84.38211,77.2854,78.23721,58.805683,72.63267,65.13333,82.46753,23.049362,1108.7236,-0.7474388,-0.32800683,-0.5949181,691.6
Arena-Hard,RandomSearch,11,0,4e-06,0.04,200,2914.1030162334446,69.79522,33.838383,69.21911,78.56005,78.726875,63.830074,71.74093,49.3,78.75817,30.636005,1128.614,0.24913828,-0.4733157,-0.013572253,2914.0
Arena-Hard,RandomSearch,12,1,1e-06,0.04,200,2902.4032326698307,66.894196,35.353535,87.26308,77.534355,78.34603,59.770714,71.84958,64.666664,82.432434,31.489351,1189.4938,-0.45450985,0.44467175,-0.12753473,2902.3
Arena-Hard,RandomSearch,13,1,8e-06,0.08,200,3222.0018385410312,68.686005,31.818182,23.351023,78.480385,78.29162,62.828693,62.098896,37.1,76.797386,26.292469,1107.1268,-1.0674891,-1.1095511,-1.0827844,3221.9
Arena-Hard,RandomSearch,14,0,4e-06,0.08,200,2924.902081346512,68.85666,33.838383,82.48673,77.843056,78.56366,63.636555,66.91866,51.4,76.82119,23.38517,1096.6315,-0.115222685,-0.99596804,-0.4354937,2924.8
Arena-Hard,RandomSearch,15,0,1e-06,0.02,200,2902.403963184357,67.40614,36.868687,86.959816,77.61402,78.29162,60.46324,74.22511,69.4,86.18421,36.236164,1187.1586,-0.21528699,0.9137773,0.19528183,2902.3
Arena-Hard,RandomSearch,16,0,1e-06,0.02,200,2902.403071498871,67.40614,36.868687,86.959816,77.61402,78.29162,60.46324,74.22511,69.4,86.18421,36.236164,1187.1586,-0.21528699,0.9137773,0.19528183,2902.3
Arena-Hard,RandomSearch,17,1,1e-06,0.02,200,2902.401987171173,67.40614,36.868687,86.959816,77.61402,78.29162,60.46324,74.22511,69.4,86.18421,36.236164,1187.1586,-0.21528699,0.9137773,0.19528183,2902.3
Arena-Hard,RandomSearch,18,3,1e-06,0.02,200,16882.564455366133,67.40614,36.868687,86.959816,77.61402,78.29162,60.46324,74.22511,69.4,86.18421,36.236164,1187.1586,-0.21528699,0.9137773,0.19528183,2902.3
Arena-Hard,RandomSearch,19,1,4e-06,0.08,200,2924.90196762085,68.85666,33.838383,82.48673,77.843056,78.56366,63.636555,66.91866,51.4,76.82119,23.38517,1096.6315,-0.115222685,-0.99596804,-0.4354937,2924.8
Arena-Hard,RandomSearch,20,1,4e-06,0.02,200,2913.802068090439,69.88055,35.353535,81.12206,78.94842,78.618065,64.89841,71.93702,49.966667,81.6129,37.829903,1116.9609,0.51933646,-0.10825351,0.2911219,2913.7
Arena-Hard,RandomSearch,21,2,2e-06,0.04,200,4488.257311916352,68.34471,35.858585,89.08264,78.00239,78.34603,62.65436,76.79673,60.566666,83.333336,30.749954,1171.565,0.1447051,0.28504464,0.19573766,688.1
Arena-Hard,RandomSearch,22,3,1e-06,0.02,200,6657.447018003464,67.40614,36.868687,86.959816,77.61402,78.29162,60.46324,74.22511,69.4,86.18421,36.236164,1187.1586,-0.21528699,0.9137773,0.19528183,2902.3
Arena-Hard,RandomSearch,23,1,8e-06,0.08,200,3222.001797294617,68.686005,31.818182,23.351023,78.480385,78.29162,62.828693,62.098896,37.1,76.797386,26.292469,1107.1268,-1.0674891,-1.1095511,-1.0827844,3221.9
Arena-Hard,RandomSearch,24,0,1e-06,0.04,200,2902.4029398918155,66.894196,35.353535,87.26308,77.534355,78.34603,59.770714,71.84958,64.666664,82.432434,31.489351,1189.4938,-0.45450985,0.44467175,-0.12753473,2902.3
Arena-Hard,TPE,0,0,4e-06,0.08,200,2924.907651519776,68.85666,33.838383,82.48673,77.843056,78.56366,63.636555,66.91866,51.4,76.82119,23.38517,1096.6315,-0.115222685,-0.99596804,-0.4354937,2924.8
Arena-Hard,TPE,1,1,1e-06,0.04,200,2902.402091598511,66.894196,35.353535,87.26308,77.534355,78.34603,59.770714,71.84958,64.666664,82.432434,31.489351,1189.4938,-0.45450985,0.44467175,-0.12753473,2902.3
Arena-Hard,TPE,2,0,1e-06,0.02,200,2902.40210852623,67.40614,36.868687,86.959816,77.61402,78.29162,60.46324,74.22511,69.4,86.18421,36.236164,1187.1586,-0.21528699,0.9137773,0.19528183,2902.3
Arena-Hard,TPE,3,0,1e-06,0.01,200,2902.401704883576,67.06485,34.848484,86.732376,77.82314,78.07399,60.518658,75.3442,77.3,86.21795,38.53362,1210.0366,-0.4538255,1.2876754,0.17944755,2902.3
Arena-Hard,TPE,4,2,1e-06,0.02,200,9892.48914132118,67.40614,36.868687,86.959816,77.61402,78.29162,60.46324,74.22511,69.4,86.18421,36.236164,1187.1586,-0.21528699,0.9137773,0.19528183,2902.3
Arena-Hard,TPE,5,1,2e-06,0.01,200,688.0029328823089,68.85666,36.868687,88.324486,78.838875,78.618065,63.704185,78.30174,66.6,83.98693,41.610497,1196.2502,0.6736109,0.96957046,0.7812326,687.9
Arena-Hard,TPE,6,1,4e-06,0.02,200,2913.8017796039585,69.88055,35.353535,81.12206,78.94842,78.618065,64.89841,71.93702,49.966667,81.6129,37.829903,1116.9609,0.51933646,-0.10825351,0.2911219,2913.7
Arena-Hard,TPE,7,2,1e-06,0.02,200,6702.446199035645,67.40614,36.868687,86.959816,77.61402,78.29162,60.46324,74.22511,69.4,86.18421,36.236164,1187.1586,-0.21528699,0.9137773,0.19528183,2902.3
Arena-Hard,TPE,8,0,2e-06,0.04,200,688.2020367145537,68.34471,35.858585,89.08264,78.00239,78.34603,62.65436,76.79673,60.566666,83.333336,30.749954,1171.565,0.1447051,0.28504464,0.19573766,688.1
Arena-Hard,TPE,9,0,2e-06,0.02,200,693.0017295837401,68.686005,36.868687,89.158455,78.3808,78.56366,63.142937,75.42039,62.766666,87.0,36.82783,1189.3018,0.4344415,0.8680046,0.5921008,692.9
Arena-Hard,TPE,10,3,1e-06,0.01,200,16917.567980861662,67.06485,34.848484,86.732376,77.82314,78.07399,60.518658,75.3442,77.3,86.21795,38.53362,1210.0366,-0.4538255,1.2876754,0.17944755,2902.3
Arena-Hard,TPE,11,2,2e-06,0.01,200,7678.106077766419,68.85666,36.868687,88.324486,78.838875,78.618065,63.704185,78.30174,66.6,83.98693,41.610497,1196.2502,0.6736109,0.96957046,0.7812326,687.9
Arena-Hard,TPE,12,1,1e-06,0.01,200,2902.405991172791,67.06485,34.848484,86.732376,77.82314,78.07399,60.518658,75.3442,77.3,86.21795,38.53362,1210.0366,-0.4538255,1.2876754,0.17944755,2902.3
Arena-Hard,TPE,13,0,4e-06,0.04,200,2914.1023994445804,69.79522,33.838383,69.21911,78.56005,78.726875,63.830074,71.74093,49.3,78.75817,30.636005,1128.614,0.24913828,-0.4733157,-0.013572253,2914.0
Arena-Hard,TPE,14,0,1e-06,0.08,200,691.7032540798186,66.894196,33.333332,84.38211,77.2854,78.23721,58.805683,72.63267,65.13333,82.46753,23.049362,1108.7236,-0.7474388,-0.32800683,-0.5949181,691.6
Arena-Hard,TPE,15,1,4e-06,0.02,200,2913.8027420997623,69.88055,35.353535,81.12206,78.94842,78.618065,64.89841,71.93702,49.966667,81.6129,37.829903,1116.9609,0.51933646,-0.10825351,0.2911219,2913.7
Arena-Hard,TPE,16,0,8e-06,0.02,200,2902.4021564483646,70.22184,29.79798,74.29871,79.974106,78.9445,65.496,69.201775,36.533333,76.51007,42.196144,1168.2336,0.47191596,-0.21303637,0.22284238,2902.3
Arena-Hard,TPE,17,0,1e-06,0.04,200,2902.402028656006,66.894196,35.353535,87.26308,77.534355,78.34603,59.770714,71.84958,64.666664,82.432434,31.489351,1189.4938,-0.45450985,0.44467175,-0.12753473,2902.3
Arena-Hard,TPE,18,1,4e-06,0.08,200,2924.902119016648,68.85666,33.838383,82.48673,77.843056,78.56366,63.636555,66.91866,51.4,76.82119,23.38517,1096.6315,-0.115222685,-0.99596804,-0.4354937,2924.8
Arena-Hard,TPE,19,1,4e-06,0.04,200,2914.102048492432,69.79522,33.838383,69.21911,78.56005,78.726875,63.830074,71.74093,49.3,78.75817,30.636005,1128.614,0.24913828,-0.4733157,-0.013572253,2914.0
Arena-Hard,TPE,20,1,4e-06,0.08,200,2924.902280187607,68.85666,33.838383,82.48673,77.843056,78.56366,63.636555,66.91866,51.4,76.82119,23.38517,1096.6315,-0.115222685,-0.99596804,-0.4354937,2924.8
Arena-Hard,TPE,21,0,2e-06,0.04,200,688.2026854515075,68.34471,35.858585,89.08264,78.00239,78.34603,62.65436,76.79673,60.566666,83.333336,30.749954,1171.565,0.1447051,0.28504464,0.19573766,688.1
Arena-Hard,TPE,22,0,2e-06,0.04,200,688.2019747257232,68.34471,35.858585,89.08264,78.00239,78.34603,62.65436,76.79673,60.566666,83.333336,30.749954,1171.565,0.1447051,0.28504464,0.19573766,688.1
Arena-Hard,TPE,23,1,1e-06,0.01,200,2902.4026046752933,67.06485,34.848484,86.732376,77.82314,78.07399,60.518658,75.3442,77.3,86.21795,38.53362,1210.0366,-0.4538255,1.2876754,0.17944755,2902.3
Arena-Hard,TPE,24,2,1e-06,0.01,200,9892.508997535704,67.06485,34.848484,86.732376,77.82314,78.07399,60.518658,75.3442,77.3,86.21795,38.53362,1210.0366,-0.4538255,1.2876754,0.17944755,2902.3
ELO,ASHA,0,1,2e-06,0.01,200,688.0018397331237,68.85666,36.868687,88.324486,78.838875,78.618065,63.704185,78.30174,66.6,83.98693,41.610497,1196.2502,0.6736109,0.96957046,0.7812326,687.9
ELO,ASHA,1,1,1e-06,0.01,200,2902.401893949509,67.06485,34.848484,86.732376,77.82314,78.07399,60.518658,75.3442,77.3,86.21795,38.53362,1210.0366,-0.4538255,1.2876754,0.17944755,2902.3
ELO,ASHA,2,1,2e-06,0.01,200,688.0107000827788,68.85666,36.868687,88.324486,78.838875,78.618065,63.704185,78.30174,66.6,83.98693,41.610497,1196.2502,0.6736109,0.96957046,0.7812326,687.9
ELO,ASHA,3,2,1e-06,0.01,200,6657.446724271775,67.06485,34.848484,86.732376,77.82314,78.07399,60.518658,75.3442,77.3,86.21795,38.53362,1210.0366,-0.4538255,1.2876754,0.17944755,2902.3
ELO,ASHA,4,1,8e-06,0.02,200,2902.40170750618,70.22184,29.79798,74.29871,79.974106,78.9445,65.496,69.201775,36.533333,76.51007,42.196144,1168.2336,0.47191596,-0.21303637,0.22284238,2902.3
ELO,ASHA,5,1,8e-06,0.02,200,2902.4021349906925,70.22184,29.79798,74.29871,79.974106,78.9445,65.496,69.201775,36.533333,76.51007,42.196144,1168.2336,0.47191596,-0.21303637,0.22284238,2902.3
ELO,ASHA,6,1,8e-06,0.01,200,2914.802641248704,70.819115,28.787878,88.24867,80.37244,78.23721,67.70955,67.91785,34.866665,80.74324,43.70177,1120.0913,0.29275292,-0.22961499,0.10280094,2914.7
ELO,ASHA,7,4,1e-06,0.02,200,19562.802953342434,67.40614,36.868687,86.959816,77.61402,78.29162,60.46324,74.22511,69.4,86.18421,36.236164,1187.1586,-0.21528699,0.9137773,0.19528183,2902.3
ELO,ASHA,8,9,2e-06,0.01,200,21003.855381357185,68.85666,36.868687,88.324486,78.838875,78.618065,63.704185,78.30174,66.6,83.98693,41.610497,1196.2502,0.6736109,0.96957046,0.7812326,687.9
ELO,ASHA,9,9,1e-06,0.01,200,21763.137814626687,67.06485,34.848484,86.732376,77.82314,78.07399,60.518658,75.3442,77.3,86.21795,38.53362,1210.0366,-0.4538255,1.2876754,0.17944755,2902.3
ELO,ASHA,10,5,1e-06,0.04,200,22812.737071372983,66.894196,35.353535,87.26308,77.534355,78.34603,59.770714,71.84958,64.666664,82.432434,31.489351,1189.4938,-0.45450985,0.44467175,-0.12753473,2902.3
ELO,ASHA,11,3,2e-06,0.01,200,7713.085123634339,68.85666,36.868687,88.324486,78.838875,78.618065,63.704185,78.30174,66.6,83.98693,41.610497,1196.2502,0.6736109,0.96957046,0.7812326,687.9
ELO,ASHA,12,1,4e-06,0.02,200,2913.804070091248,69.88055,35.353535,81.12206,78.94842,78.618065,64.89841,71.93702,49.966667,81.6129,37.829903,1116.9609,0.51933646,-0.10825351,0.2911219,2913.7
ELO,ASHA,13,7,2e-06,0.01,200,10978.532055004118,68.85666,36.868687,88.324486,78.838875,78.618065,63.704185,78.30174,66.6,83.98693,41.610497,1196.2502,0.6736109,0.96957046,0.7812326,687.9
ELO,ASHA,14,1,1e-06,0.04,200,2902.4018443584446,66.894196,35.353535,87.26308,77.534355,78.34603,59.770714,71.84958,64.666664,82.432434,31.489351,1189.4938,-0.45450985,0.44467175,-0.12753473,2902.3
ELO,ASHA,15,0,1e-06,0.02,200,2902.401999807358,67.40614,36.868687,86.959816,77.61402,78.29162,60.46324,74.22511,69.4,86.18421,36.236164,1187.1586,-0.21528699,0.9137773,0.19528183,2902.3
ELO,ASHA,16,6,4e-06,0.01,200,17689.91052041435,70.47781,33.838383,85.74678,79.715195,78.34603,68.34778,74.34252,52.2,82.781456,44.243477,1192.2385,0.7447111,0.68534195,0.7231223,369.4
ELO,ASHA,17,0,8e-06,0.02,200,2902.4017816543583,70.22184,29.79798,74.29871,79.974106,78.9445,65.496,69.201775,36.533333,76.51007,42.196144,1168.2336,0.47191596,-0.21303637,0.22284238,2902.3
ELO,ASHA,18,1,1e-06,0.02,200,2902.401997661591,67.40614,36.868687,86.959816,77.61402,78.29162,60.46324,74.22511,69.4,86.18421,36.236164,1187.1586,-0.21528699,0.9137773,0.19528183,2902.3
ELO,ASHA,19,5,4e-06,0.01,200,11299.834428647991,70.47781,33.838383,85.74678,79.715195,78.34603,68.34778,74.34252,52.2,82.781456,44.243477,1192.2385,0.7447111,0.68534195,0.7231223,369.4
ELO,ASHA,20,1,8e-06,0.08,200,3222.002021169663,68.686005,31.818182,23.351023,78.480385,78.29162,62.828693,62.098896,37.1,76.797386,26.292469,1107.1268,-1.0674891,-1.1095511,-1.0827844,3221.9
ELO,ASHA,21,1,1e-06,0.01,200,2902.402028656006,67.06485,34.848484,86.732376,77.82314,78.07399,60.518658,75.3442,77.3,86.21795,38.53362,1210.0366,-0.4538255,1.2876754,0.17944755,2902.3
ELO,ASHA,22,1,1e-06,0.01,200,2902.402023172379,67.06485,34.848484,86.732376,77.82314,78.07399,60.518658,75.3442,77.3,86.21795,38.53362,1210.0366,-0.4538255,1.2876754,0.17944755,2902.3
ELO,ASHA,23,1,1e-06,0.02,200,2902.401959753037,67.40614,36.868687,86.959816,77.61402,78.29162,60.46324,74.22511,69.4,86.18421,36.236164,1187.1586,-0.21528699,0.9137773,0.19528183,2902.3
ELO,ASHA,24,3,2e-06,0.01,200,12388.240263797758,68.85666,36.868687,88.324486,78.838875,78.618065,63.704185,78.30174,66.6,83.98693,41.610497,1196.2502,0.6736109,0.96957046,0.7812326,687.9
ELO,BOHB,0,1,2e-06,0.01,200,688.0019944667815,68.85666,36.868687,88.324486,78.838875,78.618065,63.704185,78.30174,66.6,83.98693,41.610497,1196.2502,0.6736109,0.96957046,0.7812326,687.9
ELO,BOHB,1,1,1e-06,0.01,200,2902.4056941032413,67.06485,34.848484,86.732376,77.82314,78.07399,60.518658,75.3442,77.3,86.21795,38.53362,1210.0366,-0.4538255,1.2876754,0.17944755,2902.3
ELO,BOHB,2,5,1e-06,0.01,200,15777.757742265698,67.06485,34.848484,86.732376,77.82314,78.07399,60.518658,75.3442,77.3,86.21795,38.53362,1210.0366,-0.4538255,1.2876754,0.17944755,2902.3
ELO,BOHB,3,2,1e-06,0.01,200,6657.44685254097,67.06485,34.848484,86.732376,77.82314,78.07399,60.518658,75.3442,77.3,86.21795,38.53362,1210.0366,-0.4538255,1.2876754,0.17944755,2902.3
ELO,BOHB,4,1,8e-06,0.02,200,2902.4017640113834,70.22184,29.79798,74.29871,79.974106,78.9445,65.496,69.201775,36.533333,76.51007,42.196144,1168.2336,0.47191596,-0.21303637,0.22284238,2902.3
ELO,BOHB,5,1,8e-06,0.02,200,2902.4021605014805,70.22184,29.79798,74.29871,79.974106,78.9445,65.496,69.201775,36.533333,76.51007,42.196144,1168.2336,0.47191596,-0.21303637,0.22284238,2902.3
ELO,BOHB,6,1,8e-06,0.01,200,2914.805070495606,70.819115,28.787878,88.24867,80.37244,78.23721,67.70955,67.91785,34.866665,80.74324,43.70177,1120.0913,0.29275292,-0.22961499,0.10280094,2914.7
ELO,BOHB,7,4,1e-06,0.02,200,19562.801476816174,67.40614,36.868687,86.959816,77.61402,78.29162,60.46324,74.22511,69.4,86.18421,36.236164,1187.1586,-0.21528699,0.9137773,0.19528183,2902.3
ELO,BOHB,8,8,4e-06,0.01,200,21390.05797134017,70.47781,33.838383,85.74678,79.715195,78.34603,68.34778,74.34252,52.2,82.781456,44.243477,1192.2385,0.7447111,0.68534195,0.7231223,369.4
ELO,BOHB,9,0,4e-06,0.01,200,369.5028513431549,70.47781,33.838383,85.74678,79.715195,78.34603,68.34778,74.34252,52.2,82.781456,44.243477,1192.2385,0.7447111,0.68534195,0.7231223,369.4
ELO,BOHB,10,0,2e-06,0.02,200,693.0025077819823,68.686005,36.868687,89.158455,78.3808,78.56366,63.142937,75.42039,62.766666,87.0,36.82783,1189.3018,0.4344415,0.8680046,0.5921008,692.9
ELO,BOHB,11,10,1e-06,0.01,200,24537.96763525581,67.06485,34.848484,86.732376,77.82314,78.07399,60.518658,75.3442,77.3,86.21795,38.53362,1210.0366,-0.4538255,1.2876754,0.17944755,2902.3
ELO,BOHB,12,1,4e-06,0.02,200,2913.8029685974125,69.88055,35.353535,81.12206,78.94842,78.618065,64.89841,71.93702,49.966667,81.6129,37.829903,1116.9609,0.51933646,-0.10825351,0.2911219,2913.7
ELO,BOHB,13,7,2e-06,0.01,200,13153.55946384239,68.85666,36.868687,88.324486,78.838875,78.618065,63.704185,78.30174,66.6,83.98693,41.610497,1196.2502,0.6736109,0.96957046,0.7812326,687.9
ELO,BOHB,14,1,1e-06,0.04,200,2902.401807403565,66.894196,35.353535,87.26308,77.534355,78.34603,59.770714,71.84958,64.666664,82.432434,31.489351,1189.4938,-0.45450985,0.44467175,-0.12753473,2902.3
ELO,BOHB,15,0,1e-06,0.02,200,2902.402024126053,67.40614,36.868687,86.959816,77.61402,78.29162,60.46324,74.22511,69.4,86.18421,36.236164,1187.1586,-0.21528699,0.9137773,0.19528183,2902.3
ELO,BOHB,16,6,1e-06,0.04,200,16107.863821369168,66.894196,35.353535,87.26308,77.534355,78.34603,59.770714,71.84958,64.666664,82.432434,31.489351,1189.4938,-0.45450985,0.44467175,-0.12753473,2902.3
ELO,BOHB,17,0,8e-06,0.02,200,2902.4018870353702,70.22184,29.79798,74.29871,79.974106,78.9445,65.496,69.201775,36.533333,76.51007,42.196144,1168.2336,0.47191596,-0.21303637,0.22284238,2902.3
ELO,BOHB,18,1,1e-06,0.02,200,2902.4022863864902,67.40614,36.868687,86.959816,77.61402,78.29162,60.46324,74.22511,69.4,86.18421,36.236164,1187.1586,-0.21528699,0.9137773,0.19528183,2902.3
ELO,BOHB,19,6,4e-06,0.01,200,13164.963023286817,70.47781,33.838383,85.74678,79.715195,78.34603,68.34778,74.34252,52.2,82.781456,44.243477,1192.2385,0.7447111,0.68534195,0.7231223,369.4
ELO,BOHB,20,1,8e-06,0.08,200,3222.001957035065,68.686005,31.818182,23.351023,78.480385,78.29162,62.828693,62.098896,37.1,76.797386,26.292469,1107.1268,-1.0674891,-1.1095511,-1.0827844,3221.9
ELO,BOHB,21,1,1e-06,0.01,200,2902.425098752976,67.06485,34.848484,86.732376,77.82314,78.07399,60.518658,75.3442,77.3,86.21795,38.53362,1210.0366,-0.4538255,1.2876754,0.17944755,2902.3
ELO,BOHB,22,1,1e-06,0.01,200,2902.4018307685856,67.06485,34.848484,86.732376,77.82314,78.07399,60.518658,75.3442,77.3,86.21795,38.53362,1210.0366,-0.4538255,1.2876754,0.17944755,2902.3
ELO,BOHB,23,1,1e-06,0.02,200,2902.4021910190586,67.40614,36.868687,86.959816,77.61402,78.29162,60.46324,74.22511,69.4,86.18421,36.236164,1187.1586,-0.21528699,0.9137773,0.19528183,2902.3
ELO,BOHB,24,3,2e-06,0.01,200,12388.242673255918,68.85666,36.868687,88.324486,78.838875,78.618065,63.704185,78.30174,66.6,83.98693,41.610497,1196.2502,0.6736109,0.96957046,0.7812326,687.9
ELO,BOTorch,0,0,1e-06,0.04,200,2902.4020966053013,66.894196,35.353535,87.26308,77.534355,78.34603,59.770714,71.84958,64.666664,82.432434,31.489351,1189.4938,-0.45450985,0.44467175,-0.12753473,2902.3
ELO,BOTorch,1,0,4e-06,0.01,200,369.50183687210085,70.47781,33.838383,85.74678,79.715195,78.34603,68.34778,74.34252,52.2,82.781456,44.243477,1192.2385,0.7447111,0.68534195,0.7231223,369.4
ELO,BOTorch,2,0,1e-06,0.04,200,2902.4021180629734,66.894196,35.353535,87.26308,77.534355,78.34603,59.770714,71.84958,64.666664,82.432434,31.489351,1189.4938,-0.45450985,0.44467175,-0.12753473,2902.3
ELO,BOTorch,3,2,2e-06,0.01,200,7678.084496116639,68.85666,36.868687,88.324486,78.838875,78.618065,63.704185,78.30174,66.6,83.98693,41.610497,1196.2502,0.6736109,0.96957046,0.7812326,687.9
ELO,BOTorch,4,0,2e-06,0.02,200,693.002114868164,68.686005,36.868687,89.158455,78.3808,78.56366,63.142937,75.42039,62.766666,87.0,36.82783,1189.3018,0.4344415,0.8680046,0.5921008,692.9
ELO,BOTorch,5,0,2e-06,0.02,200,693.0018003940581,68.686005,36.868687,89.158455,78.3808,78.56366,63.142937,75.42039,62.766666,87.0,36.82783,1189.3018,0.4344415,0.8680046,0.5921008,692.9
ELO,BOTorch,6,1,2e-06,0.04,200,688.201945400238,68.34471,35.858585,89.08264,78.00239,78.34603,62.65436,76.79673,60.566666,83.333336,30.749954,1171.565,0.1447051,0.28504464,0.19573766,688.1
ELO,BOTorch,7,0,1e-06,0.02,200,2902.4017129898075,67.40614,36.868687,86.959816,77.61402,78.29162,60.46324,74.22511,69.4,86.18421,36.236164,1187.1586,-0.21528699,0.9137773,0.19528183,2902.3
ELO,BOTorch,8,1,1e-06,0.01,200,2902.4021070957187,67.06485,34.848484,86.732376,77.82314,78.07399,60.518658,75.3442,77.3,86.21795,38.53362,1210.0366,-0.4538255,1.2876754,0.17944755,2902.3
ELO,BOTorch,9,1,2e-06,0.02,200,693.0016728401183,68.686005,36.868687,89.158455,78.3808,78.56366,63.142937,75.42039,62.766666,87.0,36.82783,1189.3018,0.4344415,0.8680046,0.5921008,692.9
ELO,BOTorch,10,0,1e-06,0.01,200,2902.401775455475,67.06485,34.848484,86.732376,77.82314,78.07399,60.518658,75.3442,77.3,86.21795,38.53362,1210.0366,-0.4538255,1.2876754,0.17944755,2902.3
ELO,BOTorch,11,1,8e-06,0.02,200,2902.407191371918,70.22184,29.79798,74.29871,79.974106,78.9445,65.496,69.201775,36.533333,76.51007,42.196144,1168.2336,0.47191596,-0.21303637,0.22284238,2902.3
ELO,BOTorch,12,0,1e-06,0.04,200,2902.40223107338,66.894196,35.353535,87.26308,77.534355,78.34603,59.770714,71.84958,64.666664,82.432434,31.489351,1189.4938,-0.45450985,0.44467175,-0.12753473,2902.3
ELO,BOTorch,13,0,2e-06,0.01,200,688.0019486904143,68.85666,36.868687,88.324486,78.838875,78.618065,63.704185,78.30174,66.6,83.98693,41.610497,1196.2502,0.6736109,0.96957046,0.7812326,687.9
ELO,BOTorch,14,2,1e-06,0.01,200,9942.489885425566,67.06485,34.848484,86.732376,77.82314,78.07399,60.518658,75.3442,77.3,86.21795,38.53362,1210.0366,-0.4538255,1.2876754,0.17944755,2902.3
ELO,BOTorch,15,0,1e-06,0.02,200,2902.4030974864963,67.40614,36.868687,86.959816,77.61402,78.29162,60.46324,74.22511,69.4,86.18421,36.236164,1187.1586,-0.21528699,0.9137773,0.19528183,2902.3
ELO,BOTorch,16,0,1e-06,0.04,200,2902.4023886680607,66.894196,35.353535,87.26308,77.534355,78.34603,59.770714,71.84958,64.666664,82.432434,31.489351,1189.4938,-0.45450985,0.44467175,-0.12753473,2902.3
ELO,BOTorch,17,1,8e-06,0.01,200,2914.801579093933,70.819115,28.787878,88.24867,80.37244,78.23721,67.70955,67.91785,34.866665,80.74324,43.70177,1120.0913,0.29275292,-0.22961499,0.10280094,2914.7
ELO,BOTorch,18,0,4e-06,0.08,400,5849.60239777565,69.112625,35.858585,74.45034,78.42063,78.618065,64.465576,67.91408,51.4,75.0,28.153963,1121.2599,-0.35452715,-0.39569005,-0.36949548,5849.5
ELO,BOTorch,19,1,2e-06,0.01,200,688.0024956226348,68.85666,36.868687,88.324486,78.838875,78.618065,63.704185,78.30174,66.6,83.98693,41.610497,1196.2502,0.6736109,0.96957046,0.7812326,687.9
ELO,BOTorch,20,2,2e-06,0.01,200,7728.084207391739,68.85666,36.868687,88.324486,78.838875,78.618065,63.704185,78.30174,66.6,83.98693,41.610497,1196.2502,0.6736109,0.96957046,0.7812326,687.9
ELO,BOTorch,21,2,4e-06,0.01,200,4169.547227478028,70.47781,33.838383,85.74678,79.715195,78.34603,68.34778,74.34252,52.2,82.781456,44.243477,1192.2385,0.7447111,0.68534195,0.7231223,369.4
ELO,BOTorch,22,2,1e-06,0.01,200,6657.446525907517,67.06485,34.848484,86.732376,77.82314,78.07399,60.518658,75.3442,77.3,86.21795,38.53362,1210.0366,-0.4538255,1.2876754,0.17944755,2902.3
ELO,BOTorch,23,0,4e-06,0.01,200,369.5018092155457,70.47781,33.838383,85.74678,79.715195,78.34603,68.34778,74.34252,52.2,82.781456,44.243477,1192.2385,0.7447111,0.68534195,0.7231223,369.4
ELO,BOTorch,24,0,4e-06,0.04,200,2914.101702308655,69.79522,33.838383,69.21911,78.56005,78.726875,63.830074,71.74093,49.3,78.75817,30.636005,1128.614,0.24913828,-0.4733157,-0.013572253,2914.0
ELO,CQR,0,1,2e-06,0.01,200,688.0021458625793,68.85666,36.868687,88.324486,78.838875,78.618065,63.704185,78.30174,66.6,83.98693,41.610497,1196.2502,0.6736109,0.96957046,0.7812326,687.9
ELO,CQR,1,1,1e-06,0.01,200,2902.416235303879,67.06485,34.848484,86.732376,77.82314,78.07399,60.518658,75.3442,77.3,86.21795,38.53362,1210.0366,-0.4538255,1.2876754,0.17944755,2902.3
ELO,CQR,2,1,2e-06,0.01,200,688.0016873836516,68.85666,36.868687,88.324486,78.838875,78.618065,63.704185,78.30174,66.6,83.98693,41.610497,1196.2502,0.6736109,0.96957046,0.7812326,687.9
ELO,CQR,3,2,1e-06,0.01,200,6657.447212553025,67.06485,34.848484,86.732376,77.82314,78.07399,60.518658,75.3442,77.3,86.21795,38.53362,1210.0366,-0.4538255,1.2876754,0.17944755,2902.3
ELO,CQR,4,1,8e-06,0.02,200,2902.4019213676456,70.22184,29.79798,74.29871,79.974106,78.9445,65.496,69.201775,36.533333,76.51007,42.196144,1168.2336,0.47191596,-0.21303637,0.22284238,2902.3
ELO,CQR,5,1,8e-06,0.02,200,2902.402875041962,70.22184,29.79798,74.29871,79.974106,78.9445,65.496,69.201775,36.533333,76.51007,42.196144,1168.2336,0.47191596,-0.21303637,0.22284238,2902.3
ELO,CQR,6,1,8e-06,0.01,200,2914.802051877976,70.819115,28.787878,88.24867,80.37244,78.23721,67.70955,67.91785,34.866665,80.74324,43.70177,1120.0913,0.29275292,-0.22961499,0.10280094,2914.7
ELO,CQR,7,1,2e-06,0.04,200,688.2022653579711,68.34471,35.858585,89.08264,78.00239,78.34603,62.65436,76.79673,60.566666,83.333336,30.749954,1171.565,0.1447051,0.28504464,0.19573766,688.1
ELO,CQR,8,1,2e-06,0.02,200,693.0020640850066,68.686005,36.868687,89.158455,78.3808,78.56366,63.142937,75.42039,62.766666,87.0,36.82783,1189.3018,0.4344415,0.8680046,0.5921008,692.9
ELO,CQR,9,0,4e-06,0.01,200,369.50199780464175,70.47781,33.838383,85.74678,79.715195,78.34603,68.34778,74.34252,52.2,82.781456,44.243477,1192.2385,0.7447111,0.68534195,0.7231223,369.4
ELO,CQR,10,0,2e-06,0.02,200,693.0020023345946,68.686005,36.868687,89.158455,78.3808,78.56366,63.142937,75.42039,62.766666,87.0,36.82783,1189.3018,0.4344415,0.8680046,0.5921008,692.9
ELO,CQR,11,3,2e-06,0.01,200,7713.085267400742,68.85666,36.868687,88.324486,78.838875,78.618065,63.704185,78.30174,66.6,83.98693,41.610497,1196.2502,0.6736109,0.96957046,0.7812326,687.9
ELO,CQR,12,1,4e-06,0.02,200,2913.80194721222,69.88055,35.353535,81.12206,78.94842,78.618065,64.89841,71.93702,49.966667,81.6129,37.829903,1116.9609,0.51933646,-0.10825351,0.2911219,2913.7
ELO,CQR,13,0,4e-06,0.01,200,369.5016001224518,70.47781,33.838383,85.74678,79.715195,78.34603,68.34778,74.34252,52.2,82.781456,44.243477,1192.2385,0.7447111,0.68534195,0.7231223,369.4
ELO,CQR,14,1,1e-06,0.04,200,2902.418558454514,66.894196,35.353535,87.26308,77.534355,78.34603,59.770714,71.84958,64.666664,82.432434,31.489351,1189.4938,-0.45450985,0.44467175,-0.12753473,2902.3
ELO,CQR,15,0,1e-06,0.02,200,2902.4057179450992,67.40614,36.868687,86.959816,77.61402,78.29162,60.46324,74.22511,69.4,86.18421,36.236164,1187.1586,-0.21528699,0.9137773,0.19528183,2902.3
ELO,CQR,16,1,2e-06,0.02,200,693.001983976364,68.686005,36.868687,89.158455,78.3808,78.56366,63.142937,75.42039,62.766666,87.0,36.82783,1189.3018,0.4344415,0.8680046,0.5921008,692.9
ELO,CQR,17,0,8e-06,0.02,200,2902.4022353649143,70.22184,29.79798,74.29871,79.974106,78.9445,65.496,69.201775,36.533333,76.51007,42.196144,1168.2336,0.47191596,-0.21303637,0.22284238,2902.3
ELO,CQR,18,1,1e-06,0.02,200,2902.402870750428,67.40614,36.868687,86.959816,77.61402,78.29162,60.46324,74.22511,69.4,86.18421,36.236164,1187.1586,-0.21528699,0.9137773,0.19528183,2902.3
ELO,CQR,19,3,1e-06,0.04,200,9892.484236574172,66.894196,35.353535,87.26308,77.534355,78.34603,59.770714,71.84958,64.666664,82.432434,31.489351,1189.4938,-0.45450985,0.44467175,-0.12753473,2902.3
ELO,CQR,20,1,8e-06,0.08,200,3222.003678178788,68.686005,31.818182,23.351023,78.480385,78.29162,62.828693,62.098896,37.1,76.797386,26.292469,1107.1268,-1.0674891,-1.1095511,-1.0827844,3221.9
ELO,CQR,21,1,1e-06,0.01,200,2902.406166648865,67.06485,34.848484,86.732376,77.82314,78.07399,60.518658,75.3442,77.3,86.21795,38.53362,1210.0366,-0.4538255,1.2876754,0.17944755,2902.3
ELO,CQR,22,1,1e-06,0.01,200,2902.402352905274,67.06485,34.848484,86.732376,77.82314,78.07399,60.518658,75.3442,77.3,86.21795,38.53362,1210.0366,-0.4538255,1.2876754,0.17944755,2902.3
ELO,CQR,23,1,1e-06,0.02,200,2902.4019428253177,67.40614,36.868687,86.959816,77.61402,78.29162,60.46324,74.22511,69.4,86.18421,36.236164,1187.1586,-0.21528699,0.9137773,0.19528183,2902.3
ELO,CQR,24,3,2e-06,0.01,200,14753.186072444914,68.85666,36.868687,88.324486,78.838875,78.618065,63.704185,78.30174,66.6,83.98693,41.610497,1196.2502,0.6736109,0.96957046,0.7812326,687.9
ELO,RandomSearch,0,1,1e-06,0.08,400,1383.4027973175048,68.600685,36.868687,88.24867,77.6439,78.56366,62.025967,74.7372,65.13333,77.27273,24.810251,1128.4648,-0.4013403,-0.13624163,-0.3049408,1383.3
ELO,RandomSearch,1,1,4e-06,0.01,200,369.50219736099245,70.47781,33.838383,85.74678,79.715195,78.34603,68.34778,74.34252,52.2,82.781456,44.243477,1192.2385,0.7447111,0.68534195,0.7231223,369.4
ELO,RandomSearch,2,0,1e-06,0.08,400,1383.4016269207,68.600685,36.868687,88.24867,77.6439,78.56366,62.025967,74.7372,65.13333,77.27273,24.810251,1128.4648,-0.4013403,-0.13624163,-0.3049408,1383.3
ELO,RandomSearch,3,0,1e-06,0.04,200,2902.402540302277,66.894196,35.353535,87.26308,77.534355,78.34603,59.770714,71.84958,64.666664,82.432434,31.489351,1189.4938,-0.45450985,0.44467175,-0.12753473,2902.3
ELO,RandomSearch,4,0,2e-06,0.02,200,693.0020979404449,68.686005,36.868687,89.158455,78.3808,78.56366,63.142937,75.42039,62.766666,87.0,36.82783,1189.3018,0.4344415,0.8680046,0.5921008,692.9
ELO,RandomSearch,5,4,1e-06,0.01,200,16882.566122627257,67.06485,34.848484,86.732376,77.82314,78.07399,60.518658,75.3442,77.3,86.21795,38.53362,1210.0366,-0.4538255,1.2876754,0.17944755,2902.3
ELO,RandomSearch,6,0,2e-06,0.02,200,693.001837825775,68.686005,36.868687,89.158455,78.3808,78.56366,63.142937,75.42039,62.766666,87.0,36.82783,1189.3018,0.4344415,0.8680046,0.5921008,692.9
ELO,RandomSearch,7,2,1e-06,0.01,200,9927.483583784102,67.06485,34.848484,86.732376,77.82314,78.07399,60.518658,75.3442,77.3,86.21795,38.53362,1210.0366,-0.4538255,1.2876754,0.17944755,2902.3
ELO,RandomSearch,8,0,1e-06,0.01,200,2902.402148342133,67.06485,34.848484,86.732376,77.82314,78.07399,60.518658,75.3442,77.3,86.21795,38.53362,1210.0366,-0.4538255,1.2876754,0.17944755,2902.3
ELO,RandomSearch,9,2,1e-06,0.04,200,9927.48984107971,66.894196,35.353535,87.26308,77.534355,78.34603,59.770714,71.84958,64.666664,82.432434,31.489351,1189.4938,-0.45450985,0.44467175,-0.12753473,2902.3
ELO,RandomSearch,10,1,1e-06,0.01,200,2902.402652359009,67.06485,34.848484,86.732376,77.82314,78.07399,60.518658,75.3442,77.3,86.21795,38.53362,1210.0366,-0.4538255,1.2876754,0.17944755,2902.3
ELO,RandomSearch,11,1,1e-06,0.04,200,2902.402616834641,66.894196,35.353535,87.26308,77.534355,78.34603,59.770714,71.84958,64.666664,82.432434,31.489351,1189.4938,-0.45450985,0.44467175,-0.12753473,2902.3
ELO,RandomSearch,12,2,2e-06,0.01,200,7713.108317470551,68.85666,36.868687,88.324486,78.838875,78.618065,63.704185,78.30174,66.6,83.98693,41.610497,1196.2502,0.6736109,0.96957046,0.7812326,687.9
ELO,RandomSearch,13,2,2e-06,0.01,200,4488.046880102158,68.85666,36.868687,88.324486,78.838875,78.618065,63.704185,78.30174,66.6,83.98693,41.610497,1196.2502,0.6736109,0.96957046,0.7812326,687.9
ELO,RandomSearch,14,0,1e-06,0.04,200,2902.401821470261,66.894196,35.353535,87.26308,77.534355,78.34603,59.770714,71.84958,64.666664,82.432434,31.489351,1189.4938,-0.45450985,0.44467175,-0.12753473,2902.3
ELO,RandomSearch,15,0,1e-06,0.08,400,1383.4019652366635,68.600685,36.868687,88.24867,77.6439,78.56366,62.025967,74.7372,65.13333,77.27273,24.810251,1128.4648,-0.4013403,-0.13624163,-0.3049408,1383.3
ELO,RandomSearch,16,0,8e-06,0.02,200,2902.402139520645,70.22184,29.79798,74.29871,79.974106,78.9445,65.496,69.201775,36.533333,76.51007,42.196144,1168.2336,0.47191596,-0.21303637,0.22284238,2902.3
ELO,RandomSearch,17,1,1e-06,0.01,200,2902.4019521236423,67.06485,34.848484,86.732376,77.82314,78.07399,60.518658,75.3442,77.3,86.21795,38.53362,1210.0366,-0.4538255,1.2876754,0.17944755,2902.3
ELO,RandomSearch,18,0,4e-06,0.08,400,5849.601835107804,69.112625,35.858585,74.45034,78.42063,78.618065,64.465576,67.91408,51.4,75.0,28.153963,1121.2599,-0.35452715,-0.39569005,-0.36949548,5849.5
ELO,RandomSearch,19,2,1e-06,0.01,200,9892.483658647536,67.06485,34.848484,86.732376,77.82314,78.07399,60.518658,75.3442,77.3,86.21795,38.53362,1210.0366,-0.4538255,1.2876754,0.17944755,2902.3
ELO,RandomSearch,20,0,1e-06,0.04,200,2902.401655292512,66.894196,35.353535,87.26308,77.534355,78.34603,59.770714,71.84958,64.666664,82.432434,31.489351,1189.4938,-0.45450985,0.44467175,-0.12753473,2902.3
ELO,RandomSearch,21,0,4e-06,0.01,200,369.5016423225403,70.47781,33.838383,85.74678,79.715195,78.34603,68.34778,74.34252,52.2,82.781456,44.243477,1192.2385,0.7447111,0.68534195,0.7231223,369.4
ELO,RandomSearch,22,1,1e-06,0.08,400,1383.4023495674132,68.600685,36.868687,88.24867,77.6439,78.56366,62.025967,74.7372,65.13333,77.27273,24.810251,1128.4648,-0.4013403,-0.13624163,-0.3049408,1383.3
ELO,RandomSearch,23,1,1e-06,0.04,200,2902.402703380585,66.894196,35.353535,87.26308,77.534355,78.34603,59.770714,71.84958,64.666664,82.432434,31.489351,1189.4938,-0.45450985,0.44467175,-0.12753473,2902.3
ELO,RandomSearch,24,4,2e-06,0.01,200,14718.16635570526,68.85666,36.868687,88.324486,78.838875,78.618065,63.704185,78.30174,66.6,83.98693,41.610497,1196.2502,0.6736109,0.96957046,0.7812326,687.9
ELO,TPE,0,1,1e-06,0.01,200,2902.401931858063,67.06485,34.848484,86.732376,77.82314,78.07399,60.518658,75.3442,77.3,86.21795,38.53362,1210.0366,-0.4538255,1.2876754,0.17944755,2902.3
ELO,TPE,1,0,1e-06,0.02,200,2902.402662849426,67.40614,36.868687,86.959816,77.61402,78.29162,60.46324,74.22511,69.4,86.18421,36.236164,1187.1586,-0.21528699,0.9137773,0.19528183,2902.3
ELO,TPE,2,6,1e-06,0.01,200,28242.70136127472,67.06485,34.848484,86.732376,77.82314,78.07399,60.518658,75.3442,77.3,86.21795,38.53362,1210.0366,-0.4538255,1.2876754,0.17944755,2902.3
ELO,TPE,3,1,4e-06,0.01,200,369.5018623828888,70.47781,33.838383,85.74678,79.715195,78.34603,68.34778,74.34252,52.2,82.781456,44.243477,1192.2385,0.7447111,0.68534195,0.7231223,369.4
ELO,TPE,4,0,1e-06,0.04,200,2902.401996469498,66.894196,35.353535,87.26308,77.534355,78.34603,59.770714,71.84958,64.666664,82.432434,31.489351,1189.4938,-0.45450985,0.44467175,-0.12753473,2902.3
ELO,TPE,5,1,4e-06,0.08,400,5849.601880407334,69.112625,35.858585,74.45034,78.42063,78.618065,64.465576,67.91408,51.4,75.0,28.153963,1121.2599,-0.35452715,-0.39569005,-0.36949548,5849.5
ELO,TPE,6,0,4e-06,0.01,200,369.5021518230439,70.47781,33.838383,85.74678,79.715195,78.34603,68.34778,74.34252,52.2,82.781456,44.243477,1192.2385,0.7447111,0.68534195,0.7231223,369.4
ELO,TPE,7,3,1e-06,0.01,200,10457.490846729275,67.06485,34.848484,86.732376,77.82314,78.07399,60.518658,75.3442,77.3,86.21795,38.53362,1210.0366,-0.4538255,1.2876754,0.17944755,2902.3
ELO,TPE,8,1,8e-06,0.02,200,2902.401926374436,70.22184,29.79798,74.29871,79.974106,78.9445,65.496,69.201775,36.533333,76.51007,42.196144,1168.2336,0.47191596,-0.21303637,0.22284238,2902.3
ELO,TPE,9,0,4e-06,0.02,200,2913.801662540436,69.88055,35.353535,81.12206,78.94842,78.618065,64.89841,71.93702,49.966667,81.6129,37.829903,1116.9609,0.51933646,-0.10825351,0.2911219,2913.7
ELO,TPE,10,3,1e-06,0.01,200,9892.488167381283,67.06485,34.848484,86.732376,77.82314,78.07399,60.518658,75.3442,77.3,86.21795,38.53362,1210.0366,-0.4538255,1.2876754,0.17944755,2902.3
ELO,TPE,11,1,2e-06,0.08,200,374.1017330646515,67.74744,34.343433,86.429115,77.51444,78.34603,60.961716,73.55816,56.4,79.03226,22.582516,1132.1141,-0.31326205,-0.57872474,-0.40979394,374.0
ELO,TPE,12,0,2e-06,0.01,200,688.0022936820983,68.85666,36.868687,88.324486,78.838875,78.618065,63.704185,78.30174,66.6,83.98693,41.610497,1196.2502,0.6736109,0.96957046,0.7812326,687.9
ELO,TPE,13,1,8e-06,0.02,200,2902.401874399185,70.22184,29.79798,74.29871,79.974106,78.9445,65.496,69.201775,36.533333,76.51007,42.196144,1168.2336,0.47191596,-0.21303637,0.22284238,2902.3
ELO,TPE,14,0,1e-06,0.04,200,2902.401896333695,66.894196,35.353535,87.26308,77.534355,78.34603,59.770714,71.84958,64.666664,82.432434,31.489351,1189.4938,-0.45450985,0.44467175,-0.12753473,2902.3
ELO,TPE,15,0,4e-06,0.04,200,2914.101895427704,69.79522,33.838383,69.21911,78.56005,78.726875,63.830074,71.74093,49.3,78.75817,30.636005,1128.614,0.24913828,-0.4733157,-0.013572253,2914.0
ELO,TPE,16,1,1e-06,0.02,200,2902.4022124767307,67.40614,36.868687,86.959816,77.61402,78.29162,60.46324,74.22511,69.4,86.18421,36.236164,1187.1586,-0.21528699,0.9137773,0.19528183,2902.3
ELO,TPE,17,1,1e-06,0.01,200,2902.4017063140877,67.06485,34.848484,86.732376,77.82314,78.07399,60.518658,75.3442,77.3,86.21795,38.53362,1210.0366,-0.4538255,1.2876754,0.17944755,2902.3
ELO,TPE,18,0,2e-06,0.01,200,688.0020369052886,68.85666,36.868687,88.324486,78.838875,78.618065,63.704185,78.30174,66.6,83.98693,41.610497,1196.2502,0.6736109,0.96957046,0.7812326,687.9
ELO,TPE,19,0,1e-06,0.02,200,2902.4019294738773,67.40614,36.868687,86.959816,77.61402,78.29162,60.46324,74.22511,69.4,86.18421,36.236164,1187.1586,-0.21528699,0.9137773,0.19528183,2902.3
ELO,TPE,20,2,1e-06,0.02,200,9927.48390445709,67.40614,36.868687,86.959816,77.61402,78.29162,60.46324,74.22511,69.4,86.18421,36.236164,1187.1586,-0.21528699,0.9137773,0.19528183,2902.3
ELO,TPE,21,1,2e-06,0.04,200,688.2041510105132,68.34471,35.858585,89.08264,78.00239,78.34603,62.65436,76.79673,60.566666,83.333336,30.749954,1171.565,0.1447051,0.28504464,0.19573766,688.1
ELO,TPE,22,0,1e-06,0.08,400,1383.4018054962155,68.600685,36.868687,88.24867,77.6439,78.56366,62.025967,74.7372,65.13333,77.27273,24.810251,1128.4648,-0.4013403,-0.13624163,-0.3049408,1383.3
ELO,TPE,23,1,8e-06,0.02,200,2902.4018155097965,70.22184,29.79798,74.29871,79.974106,78.9445,65.496,69.201775,36.533333,76.51007,42.196144,1168.2336,0.47191596,-0.21303637,0.22284238,2902.3
ELO,TPE,24,2,1e-06,0.02,200,9892.48430905342,67.40614,36.868687,86.959816,77.61402,78.29162,60.46324,74.22511,69.4,86.18421,36.236164,1187.1586,-0.21528699,0.9137773,0.19528183,2902.3
IFEval,ASHA,0,1,2e-06,0.01,600,2063.9020584583286,71.58703,37.373737,89.53753,80.34256,79.05332,66.72491,79.79301,66.6,83.22369,42.558533,1159.0001,1.1256351,1.1313796,1.127724,2063.8
IFEval,ASHA,1,1,1e-06,0.01,600,8707.102061128615,70.73379,38.88889,84.00303,79.45628,78.8901,65.39375,79.46953,77.3,84.31373,40.73275,1171.577,0.65280855,1.3502373,0.906419,8707.0
IFEval,ASHA,2,1,2e-06,0.01,600,2063.9019456863407,71.58703,37.373737,89.53753,80.34256,79.05332,66.72491,79.79301,66.6,83.22369,42.558533,1159.0001,1.1256351,1.1313796,1.127724,2063.8
IFEval,ASHA,3,2,1e-06,0.01,600,12462.146227693556,70.73379,38.88889,84.00303,79.45628,78.8901,65.39375,79.46953,77.3,84.31373,40.73275,1171.577,0.65280855,1.3502373,0.906419,8707.0
IFEval,ASHA,4,0,4e-06,0.04,400,5828.102646684647,70.05119,34.343433,76.269905,78.49034,78.618065,64.82638,72.02695,49.3,77.92208,34.703785,1125.9131,-0.14584614,-0.045184813,-0.10924202,5828.0
IFEval,ASHA,5,1,8e-06,0.02,200,2902.4021819591526,70.22184,29.79798,74.29871,79.974106,78.9445,65.496,69.201775,36.533333,76.51007,42.196144,1168.2336,0.47191596,-0.21303637,0.22284238,2902.3
IFEval,ASHA,6,0,4e-06,0.02,400,5827.401706552506,70.22184,33.838383,85.291885,79.39654,78.67247,64.6535,73.00363,49.966667,76.64474,41.00121,1105.864,0.21224084,0.07080421,0.16080934,5827.3
IFEval,ASHA,7,4,1e-06,0.02,400,22465.212895015717,69.7099,35.858585,86.125854,78.56005,78.40044,64.35173,78.14687,69.4,88.63636,37.674797,1177.7887,0.14950725,1.1195248,0.5022409,5804.7
IFEval,ASHA,8,3,1e-06,0.08,1000,15118.459062435148,69.3686,36.868687,76.95224,77.843056,78.83569,63.935234,78.63148,65.13333,73.202614,20.638,1046.8523,-0.36452207,0.2649832,-0.13561107,3458.1
IFEval,ASHA,9,11,1e-06,0.02,400,26845.76379286193,69.7099,35.858585,86.125854,78.56005,78.40044,64.35173,78.14687,69.4,88.63636,37.674797,1177.7887,0.14950725,1.1195248,0.5022409,5804.7
IFEval,ASHA,10,6,2e-06,0.01,600,21984.339901546475,71.58703,37.373737,89.53753,80.34256,79.05332,66.72491,79.79301,66.6,83.22369,42.558533,1159.0001,1.1256351,1.1313796,1.127724,2063.8
IFEval,ASHA,11,3,2e-06,0.01,600,9088.986526823042,71.58703,37.373737,89.53753,80.34256,79.05332,66.72491,79.79301,66.6,83.22369,42.558533,1159.0001,1.1256351,1.1313796,1.127724,2063.8
IFEval,ASHA,12,1,4e-06,0.02,400,5827.403661108017,70.22184,33.838383,85.291885,79.39654,78.67247,64.6535,73.00363,49.966667,76.64474,41.00121,1105.864,0.21224084,0.07080421,0.16080934,5827.3
IFEval,ASHA,13,10,1e-06,0.01,600,25337.925993310924,70.73379,38.88889,84.00303,79.45628,78.8901,65.39375,79.46953,77.3,84.31373,40.73275,1171.577,0.65280855,1.3502373,0.906419,8707.0
IFEval,ASHA,14,1,1e-06,0.04,1000,14511.70158085823,70.05119,35.353535,78.31691,78.3808,79.10773,65.31389,78.93871,64.666664,75.6579,28.473303,1071.834,-0.03311885,0.63503754,0.20984711,14511.6
IFEval,ASHA,15,0,1e-06,0.02,2031,29473.20175776481,70.73379,37.878788,83.093254,79.13762,79.16213,65.93633,78.68267,69.4,80.645164,33.21044,1142.9513,0.57226336,1.250046,0.8187298,29473.1
IFEval,ASHA,16,3,1e-06,0.02,1200,24454.185251808165,70.64846,36.868687,80.894615,79.286995,79.16213,65.46947,78.34795,69.4,82.026146,36.98232,1146.4395,0.43345913,1.177945,0.70418125,17414.0
IFEval,ASHA,17,0,8e-06,0.02,200,2902.4019328117374,70.22184,29.79798,74.29871,79.974106,78.9445,65.496,69.201775,36.533333,76.51007,42.196144,1168.2336,0.47191596,-0.21303637,0.22284238,2902.3
IFEval,ASHA,18,1,1e-06,0.02,2031,29473.20171508789,70.73379,37.878788,83.093254,79.13762,79.16213,65.93633,78.68267,69.4,80.645164,33.21044,1142.9513,0.57226336,1.250046,0.8187298,29473.1
IFEval,ASHA,19,5,1e-06,0.04,1000,24407.02408323669,70.05119,35.353535,78.31691,78.3808,79.10773,65.31389,78.93871,64.666664,75.6579,28.473303,1071.834,-0.03311885,0.63503754,0.20984711,14511.6
IFEval,ASHA,20,1,8e-06,0.08,1000,16109.502675390242,68.51536,37.373737,70.204704,77.31528,78.29162,63.773033,69.2942,37.1,67.53247,15.506269,1018.56885,-1.0211488,-0.66206497,-0.89057285,16109.4
IFEval,ASHA,21,1,1e-06,0.01,600,8707.101874446867,70.73379,38.88889,84.00303,79.45628,78.8901,65.39375,79.46953,77.3,84.31373,40.73275,1171.577,0.65280855,1.3502373,0.906419,8707.0
IFEval,ASHA,22,0,2e-06,0.01,600,2063.9019204139718,71.58703,37.373737,89.53753,80.34256,79.05332,66.72491,79.79301,66.6,83.22369,42.558533,1159.0001,1.1256351,1.1313796,1.127724,2063.8
IFEval,ASHA,23,1,1e-06,0.02,2031,29473.20272407532,70.73379,37.878788,83.093254,79.13762,79.16213,65.93633,78.68267,69.4,80.645164,33.21044,1142.9513,0.57226336,1.250046,0.8187298,29473.1
IFEval,ASHA,24,3,2e-06,0.01,600,13764.144530393598,71.58703,37.373737,89.53753,80.34256,79.05332,66.72491,79.79301,66.6,83.22369,42.558533,1159.0001,1.1256351,1.1313796,1.127724,2063.8
IFEval,BOHB,0,1,2e-06,0.01,600,2063.902488088608,71.58703,37.373737,89.53753,80.34256,79.05332,66.72491,79.79301,66.6,83.22369,42.558533,1159.0001,1.1256351,1.1313796,1.127724,2063.8
IFEval,BOHB,1,1,1e-06,0.01,600,8707.102069473265,70.73379,38.88889,84.00303,79.45628,78.8901,65.39375,79.46953,77.3,84.31373,40.73275,1171.577,0.65280855,1.3502373,0.906419,8707.0
IFEval,BOHB,2,1,2e-06,0.01,600,2063.9020031452183,71.58703,37.373737,89.53753,80.34256,79.05332,66.72491,79.79301,66.6,83.22369,42.558533,1159.0001,1.1256351,1.1313796,1.127724,2063.8
IFEval,BOHB,3,2,1e-06,0.01,600,12462.152198171614,70.73379,38.88889,84.00303,79.45628,78.8901,65.39375,79.46953,77.3,84.31373,40.73275,1171.577,0.65280855,1.3502373,0.906419,8707.0
IFEval,BOHB,4,0,4e-06,0.04,400,5828.1016279220585,70.05119,34.343433,76.269905,78.49034,78.618065,64.82638,72.02695,49.3,77.92208,34.703785,1125.9131,-0.14584614,-0.045184813,-0.10924202,5828.0
IFEval,BOHB,5,1,8e-06,0.02,200,2902.402623510361,70.22184,29.79798,74.29871,79.974106,78.9445,65.496,69.201775,36.533333,76.51007,42.196144,1168.2336,0.47191596,-0.21303637,0.22284238,2902.3
IFEval,BOHB,6,0,4e-06,0.02,400,5827.401691532135,70.22184,33.838383,85.291885,79.39654,78.67247,64.6535,73.00363,49.966667,76.64474,41.00121,1105.864,0.21224084,0.07080421,0.16080934,5827.3
IFEval,BOHB,7,4,1e-06,0.02,400,22465.21085510635,69.7099,35.858585,86.125854,78.56005,78.40044,64.35173,78.14687,69.4,88.63636,37.674797,1177.7887,0.14950725,1.1195248,0.5022409,5804.7
IFEval,BOHB,8,8,2e-06,0.01,600,26294.50211344337,71.58703,37.373737,89.53753,80.34256,79.05332,66.72491,79.79301,66.6,83.22369,42.558533,1159.0001,1.1256351,1.1313796,1.127724,2063.8
IFEval,BOHB,9,4,2e-06,0.02,600,9589.095351316451,70.73379,37.373737,82.71418,79.38657,78.83569,65.456764,77.27136,62.766666,81.818184,35.765232,1160.59,0.38749722,0.76192176,0.5236516,2078.8
IFEval,BOHB,10,5,2e-06,0.01,600,19059.204790689462,71.58703,37.373737,89.53753,80.34256,79.05332,66.72491,79.79301,66.6,83.22369,42.558533,1159.0001,1.1256351,1.1313796,1.127724,2063.8
IFEval,BOHB,11,3,2e-06,0.01,600,9088.986430740357,71.58703,37.373737,89.53753,80.34256,79.05332,66.72491,79.79301,66.6,83.22369,42.558533,1159.0001,1.1256351,1.1313796,1.127724,2063.8
IFEval,BOHB,12,1,4e-06,0.02,400,5827.401579713822,70.22184,33.838383,85.291885,79.39654,78.67247,64.6535,73.00363,49.966667,76.64474,41.00121,1105.864,0.21224084,0.07080421,0.16080934,5827.3
IFEval,BOHB,13,11,1e-06,0.02,400,21410.81001912689,69.7099,35.858585,86.125854,78.56005,78.40044,64.35173,78.14687,69.4,88.63636,37.674797,1177.7887,0.14950725,1.1195248,0.5022409,5804.7
IFEval,BOHB,14,1,1e-06,0.04,1000,14511.70257411003,70.05119,35.353535,78.31691,78.3808,79.10773,65.31389,78.93871,64.666664,75.6579,28.473303,1071.834,-0.03311885,0.63503754,0.20984711,14511.6
IFEval,BOHB,15,0,1e-06,0.02,2031,29473.201657390597,70.73379,37.878788,83.093254,79.13762,79.16213,65.93633,78.68267,69.4,80.645164,33.21044,1142.9513,0.57226336,1.250046,0.8187298,29473.1
IFEval,BOHB,16,10,2e-06,0.01,600,28744.832423316948,71.58703,37.373737,89.53753,80.34256,79.05332,66.72491,79.79301,66.6,83.22369,42.558533,1159.0001,1.1256351,1.1313796,1.127724,2063.8
IFEval,BOHB,17,0,8e-06,0.02,200,2902.4019611835483,70.22184,29.79798,74.29871,79.974106,78.9445,65.496,69.201775,36.533333,76.51007,42.196144,1168.2336,0.47191596,-0.21303637,0.22284238,2902.3
IFEval,BOHB,18,1,1e-06,0.02,2031,29473.203188753127,70.73379,37.878788,83.093254,79.13762,79.16213,65.93633,78.68267,69.4,80.645164,33.21044,1142.9513,0.57226336,1.250046,0.8187298,29473.1
IFEval,BOHB,19,5,1e-06,0.04,1000,24407.022785762787,70.05119,35.353535,78.31691,78.3808,79.10773,65.31389,78.93871,64.666664,75.6579,28.473303,1071.834,-0.03311885,0.63503754,0.20984711,14511.6
IFEval,BOHB,20,1,8e-06,0.08,1000,16109.502673244477,68.51536,37.373737,70.204704,77.31528,78.29162,63.773033,69.2942,37.1,67.53247,15.506269,1018.56885,-1.0211488,-0.66206497,-0.89057285,16109.4
IFEval,BOHB,21,1,1e-06,0.01,600,8707.106382942198,70.73379,38.88889,84.00303,79.45628,78.8901,65.39375,79.46953,77.3,84.31373,40.73275,1171.577,0.65280855,1.3502373,0.906419,8707.0
IFEval,BOHB,22,0,2e-06,0.01,600,2063.903131103516,71.58703,37.373737,89.53753,80.34256,79.05332,66.72491,79.79301,66.6,83.22369,42.558533,1159.0001,1.1256351,1.1313796,1.127724,2063.8
IFEval,BOHB,23,1,1e-06,0.02,2031,29473.207422828676,70.73379,37.878788,83.093254,79.13762,79.16213,65.93633,78.68267,69.4,80.645164,33.21044,1142.9513,0.57226336,1.250046,0.8187298,29473.1
IFEval,BOHB,24,3,2e-06,0.01,600,13764.142760612483,71.58703,37.373737,89.53753,80.34256,79.05332,66.72491,79.79301,66.6,83.22369,42.558533,1159.0001,1.1256351,1.1313796,1.127724,2063.8
IFEval,BOTorch,0,0,4e-06,0.01,400,739.0023716449737,70.98976,37.373737,80.43973,80.233025,78.67247,64.63595,77.167694,52.2,81.543625,44.36437,1128.9755,0.8210733,0.5435017,0.72013813,738.9
IFEval,BOTorch,1,0,2e-06,0.08,1000,1869.9035995960237,69.539246,35.353535,75.28431,77.97252,79.651794,65.17276,77.24261,56.4,73.84106,18.7852,1041.2288,-0.04520309,0.03749392,-0.015131448,1869.8
IFEval,BOTorch,2,1,1e-06,0.01,600,8707.102755165099,70.73379,38.88889,84.00303,79.45628,78.8901,65.39375,79.46953,77.3,84.31373,40.73275,1171.577,0.65280855,1.3502373,0.906419,8707.0
IFEval,BOTorch,3,0,2e-06,0.01,600,2063.9018822669987,71.58703,37.373737,89.53753,80.34256,79.05332,66.72491,79.79301,66.6,83.22369,42.558533,1159.0001,1.1256351,1.1313796,1.127724,2063.8
IFEval,BOTorch,4,2,2e-06,0.08,1000,5624.946368312836,69.539246,35.353535,75.28431,77.97252,79.651794,65.17276,77.24261,56.4,73.84106,18.7852,1041.2288,-0.04520309,0.03749392,-0.015131448,1869.8
IFEval,BOTorch,5,1,1e-06,0.02,2031,29473.219681358336,70.73379,37.878788,83.093254,79.13762,79.16213,65.93633,78.68267,69.4,80.645164,33.21044,1142.9513,0.57226336,1.250046,0.8187298,29473.1
IFEval,BOTorch,6,0,4e-06,0.08,1000,14624.00205669403,69.28328,36.868687,80.97043,78.06214,78.9445,65.02755,74.434944,51.4,63.57616,15.45886,1010.16956,-0.18898071,-0.50938433,-0.30549112,14623.9
IFEval,BOTorch,7,1,8e-06,0.02,200,2902.4017368316654,70.22184,29.79798,74.29871,79.974106,78.9445,65.496,69.201775,36.533333,76.51007,42.196144,1168.2336,0.47191596,-0.21303637,0.22284238,2902.3
IFEval,BOTorch,8,1,2e-06,0.02,600,2078.901894426346,70.73379,37.373737,82.71418,79.38657,78.83569,65.456764,77.27136,62.766666,81.818184,35.765232,1160.59,0.38749722,0.76192176,0.5236516,2078.8
IFEval,BOTorch,9,0,2e-06,0.02,600,2078.9018341064457,70.73379,37.373737,82.71418,79.38657,78.83569,65.456764,77.27136,62.766666,81.818184,35.765232,1160.59,0.38749722,0.76192176,0.5236516,2078.8
IFEval,BOTorch,10,0,2e-06,0.02,600,2078.902013635636,70.73379,37.373737,82.71418,79.38657,78.83569,65.456764,77.27136,62.766666,81.818184,35.765232,1160.59,0.38749722,0.76192176,0.5236516,2078.8
IFEval,BOTorch,11,0,8e-06,0.01,400,5829.402402019501,70.392494,36.363636,79.37832,80.27286,78.78128,63.2753,70.15475,34.866665,72.666664,41.78116,1072.2059,0.28706953,-0.50138533,0.00035867892,5829.3
IFEval,BOTorch,12,1,1e-06,0.04,1000,14511.703810071944,70.05119,35.353535,78.31691,78.3808,79.10773,65.31389,78.93871,64.666664,75.6579,28.473303,1071.834,-0.03311885,0.63503754,0.20984711,14511.6
IFEval,BOTorch,13,0,1e-06,0.04,1000,14511.701735830306,70.05119,35.353535,78.31691,78.3808,79.10773,65.31389,78.93871,64.666664,75.6579,28.473303,1071.834,-0.03311885,0.63503754,0.20984711,14511.6
IFEval,BOTorch,14,2,1e-06,0.01,600,12462.146981096266,70.73379,38.88889,84.00303,79.45628,78.8901,65.39375,79.46953,77.3,84.31373,40.73275,1171.577,0.65280855,1.3502373,0.906419,8707.0
IFEval,BOTorch,15,0,1e-06,0.01,600,8707.101888036726,70.73379,38.88889,84.00303,79.45628,78.8901,65.39375,79.46953,77.3,84.31373,40.73275,1171.577,0.65280855,1.3502373,0.906419,8707.0
IFEval,BOTorch,16,0,1e-06,0.02,2031,29473.20119724273,70.73379,37.878788,83.093254,79.13762,79.16213,65.93633,78.68267,69.4,80.645164,33.21044,1142.9513,0.57226336,1.250046,0.8187298,29473.1
IFEval,BOTorch,17,0,4e-06,0.02,400,5827.4089873790745,70.22184,33.838383,85.291885,79.39654,78.67247,64.6535,73.00363,49.966667,76.64474,41.00121,1105.864,0.21224084,0.07080421,0.16080934,5827.3
IFEval,BOTorch,18,1,1e-06,0.02,2031,29473.201483821867,70.73379,37.878788,83.093254,79.13762,79.16213,65.93633,78.68267,69.4,80.645164,33.21044,1142.9513,0.57226336,1.250046,0.8187298,29473.1
IFEval,BOTorch,19,2,1e-06,0.02,1200,24404.185432529448,70.64846,36.868687,80.894615,79.286995,79.16213,65.46947,78.34795,69.4,82.026146,36.98232,1146.4395,0.43345913,1.177945,0.70418125,17414.0
IFEval,BOTorch,20,0,4e-06,0.04,400,5828.103161430359,70.05119,34.343433,76.269905,78.49034,78.618065,64.82638,72.02695,49.3,77.92208,34.703785,1125.9131,-0.14584614,-0.045184813,-0.10924202,5828.0
IFEval,BOTorch,21,1,1e-06,0.04,1000,14511.701589918135,70.05119,35.353535,78.31691,78.3808,79.10773,65.31389,78.93871,64.666664,75.6579,28.473303,1071.834,-0.03311885,0.63503754,0.20984711,14511.6
IFEval,BOTorch,22,0,4e-06,0.04,400,5828.102216815949,70.05119,34.343433,76.269905,78.49034,78.618065,64.82638,72.02695,49.3,77.92208,34.703785,1125.9131,-0.14584614,-0.045184813,-0.10924202,5828.0
IFEval,BOTorch,23,0,1e-06,0.01,600,8707.101972675322,70.73379,38.88889,84.00303,79.45628,78.8901,65.39375,79.46953,77.3,84.31373,40.73275,1171.577,0.65280855,1.3502373,0.906419,8707.0
IFEval,BOTorch,24,0,1e-06,0.01,600,8707.101901149748,70.73379,38.88889,84.00303,79.45628,78.8901,65.39375,79.46953,77.3,84.31373,40.73275,1171.577,0.65280855,1.3502373,0.906419,8707.0
IFEval,CQR,0,1,2e-06,0.01,600,2063.902085161209,71.58703,37.373737,89.53753,80.34256,79.05332,66.72491,79.79301,66.6,83.22369,42.558533,1159.0001,1.1256351,1.1313796,1.127724,2063.8
IFEval,CQR,1,1,1e-06,0.01,600,8707.102068281172,70.73379,38.88889,84.00303,79.45628,78.8901,65.39375,79.46953,77.3,84.31373,40.73275,1171.577,0.65280855,1.3502373,0.906419,8707.0
IFEval,CQR,2,1,2e-06,0.01,600,2063.901877975464,71.58703,37.373737,89.53753,80.34256,79.05332,66.72491,79.79301,66.6,83.22369,42.558533,1159.0001,1.1256351,1.1313796,1.127724,2063.8
IFEval,CQR,3,2,1e-06,0.01,600,12462.146942234038,70.73379,38.88889,84.00303,79.45628,78.8901,65.39375,79.46953,77.3,84.31373,40.73275,1171.577,0.65280855,1.3502373,0.906419,8707.0
IFEval,CQR,4,0,4e-06,0.04,400,5828.101920938492,70.05119,34.343433,76.269905,78.49034,78.618065,64.82638,72.02695,49.3,77.92208,34.703785,1125.9131,-0.14584614,-0.045184813,-0.10924202,5828.0
IFEval,CQR,5,1,8e-06,0.02,200,2902.403922176361,70.22184,29.79798,74.29871,79.974106,78.9445,65.496,69.201775,36.533333,76.51007,42.196144,1168.2336,0.47191596,-0.21303637,0.22284238,2902.3
IFEval,CQR,6,0,4e-06,0.02,400,5827.4015141487125,70.22184,33.838383,85.291885,79.39654,78.67247,64.6535,73.00363,49.966667,76.64474,41.00121,1105.864,0.21224084,0.07080421,0.16080934,5827.3
IFEval,CQR,7,1,2e-06,0.04,200,688.2413028240203,68.34471,35.858585,89.08264,78.00239,78.34603,62.65436,76.79673,60.566666,83.333336,30.749954,1171.565,0.1447051,0.28504464,0.19573766,688.1
IFEval,CQR,8,3,1e-06,0.08,1000,17488.366812086104,69.3686,36.868687,76.95224,77.843056,78.83569,63.935234,78.63148,65.13333,73.202614,20.638,1046.8523,-0.36452207,0.2649832,-0.13561107,3458.1
IFEval,CQR,9,0,4e-06,0.01,400,739.0019491672515,70.98976,37.373737,80.43973,80.233025,78.67247,64.63595,77.167694,52.2,81.543625,44.36437,1128.9755,0.8210733,0.5435017,0.72013813,738.9
IFEval,CQR,10,1,1e-06,0.08,1000,3458.20172200203,69.3686,36.868687,76.95224,77.843056,78.83569,63.935234,78.63148,65.13333,73.202614,20.638,1046.8523,-0.36452207,0.2649832,-0.13561107,3458.1
IFEval,CQR,11,3,2e-06,0.01,600,9088.986041402815,71.58703,37.373737,89.53753,80.34256,79.05332,66.72491,79.79301,66.6,83.22369,42.558533,1159.0001,1.1256351,1.1313796,1.127724,2063.8
IFEval,CQR,12,1,4e-06,0.02,400,5827.401695108414,70.22184,33.838383,85.291885,79.39654,78.67247,64.6535,73.00363,49.966667,76.64474,41.00121,1105.864,0.21224084,0.07080421,0.16080934,5827.3
IFEval,CQR,13,3,1e-06,0.02,1200,21169.146345710757,70.64846,36.868687,80.894615,79.286995,79.16213,65.46947,78.34795,69.4,82.026146,36.98232,1146.4395,0.43345913,1.177945,0.70418125,17414.0
IFEval,CQR,14,1,1e-06,0.04,1000,14511.701603984831,70.05119,35.353535,78.31691,78.3808,79.10773,65.31389,78.93871,64.666664,75.6579,28.473303,1071.834,-0.03311885,0.63503754,0.20984711,14511.6
IFEval,CQR,15,0,1e-06,0.02,2031,29473.20267615318,70.73379,37.878788,83.093254,79.13762,79.16213,65.93633,78.68267,69.4,80.645164,33.21044,1142.9513,0.57226336,1.250046,0.8187298,29473.1
IFEval,CQR,16,3,1e-06,0.02,1200,24454.196195459364,70.64846,36.868687,80.894615,79.286995,79.16213,65.46947,78.34795,69.4,82.026146,36.98232,1146.4395,0.43345913,1.177945,0.70418125,17414.0
IFEval,CQR,17,0,8e-06,0.02,200,2902.4019373416904,70.22184,29.79798,74.29871,79.974106,78.9445,65.496,69.201775,36.533333,76.51007,42.196144,1168.2336,0.47191596,-0.21303637,0.22284238,2902.3
IFEval,CQR,18,1,1e-06,0.02,2031,29473.201514816283,70.73379,37.878788,83.093254,79.13762,79.16213,65.93633,78.68267,69.4,80.645164,33.21044,1142.9513,0.57226336,1.250046,0.8187298,29473.1
IFEval,CQR,19,3,1e-06,0.04,1000,21501.784220552443,70.05119,35.353535,78.31691,78.3808,79.10773,65.31389,78.93871,64.666664,75.6579,28.473303,1071.834,-0.03311885,0.63503754,0.20984711,14511.6
IFEval,CQR,20,1,8e-06,0.08,1000,16109.502303934096,68.51536,37.373737,70.204704,77.31528,78.29162,63.773033,69.2942,37.1,67.53247,15.506269,1018.56885,-1.0211488,-0.66206497,-0.89057285,16109.4
IFEval,CQR,21,1,1e-06,0.01,600,8707.101832723616,70.73379,38.88889,84.00303,79.45628,78.8901,65.39375,79.46953,77.3,84.31373,40.73275,1171.577,0.65280855,1.3502373,0.906419,8707.0
IFEval,CQR,22,0,2e-06,0.01,600,2063.9019185066227,71.58703,37.373737,89.53753,80.34256,79.05332,66.72491,79.79301,66.6,83.22369,42.558533,1159.0001,1.1256351,1.1313796,1.127724,2063.8
IFEval,CQR,23,1,1e-06,0.02,2031,29473.20138916969,70.73379,37.878788,83.093254,79.13762,79.16213,65.93633,78.68267,69.4,80.645164,33.21044,1142.9513,0.57226336,1.250046,0.8187298,29473.1
IFEval,CQR,24,3,2e-06,0.01,600,16129.066723442076,71.58703,37.373737,89.53753,80.34256,79.05332,66.72491,79.79301,66.6,83.22369,42.558533,1159.0001,1.1256351,1.1313796,1.127724,2063.8
IFEval,RandomSearch,0,0,2e-06,0.01,600,2063.9148615360264,71.58703,37.373737,89.53753,80.34256,79.05332,66.72491,79.79301,66.6,83.22369,42.558533,1159.0001,1.1256351,1.1313796,1.127724,2063.8
IFEval,RandomSearch,1,2,2e-06,0.01,600,9103.991662120818,71.58703,37.373737,89.53753,80.34256,79.05332,66.72491,79.79301,66.6,83.22369,42.558533,1159.0001,1.1256351,1.1313796,1.127724,2063.8
IFEval,RandomSearch,2,1,2e-06,0.01,600,2063.9016846179966,71.58703,37.373737,89.53753,80.34256,79.05332,66.72491,79.79301,66.6,83.22369,42.558533,1159.0001,1.1256351,1.1313796,1.127724,2063.8
IFEval,RandomSearch,3,1,4e-06,0.08,1000,14624.00371251106,69.28328,36.868687,80.97043,78.06214,78.9445,65.02755,74.434944,51.4,63.57616,15.45886,1010.16956,-0.18898071,-0.50938433,-0.30549112,14623.9
IFEval,RandomSearch,4,1,8e-06,0.01,400,5829.401458358765,70.392494,36.363636,79.37832,80.27286,78.78128,63.2753,70.15475,34.866665,72.666664,41.78116,1072.2059,0.28706953,-0.50138533,0.00035867892,5829.3
IFEval,RandomSearch,5,0,2e-06,0.01,600,2063.901958560944,71.58703,37.373737,89.53753,80.34256,79.05332,66.72491,79.79301,66.6,83.22369,42.558533,1159.0001,1.1256351,1.1313796,1.127724,2063.8
IFEval,RandomSearch,6,1,1e-06,0.08,1000,3458.2018738746647,69.3686,36.868687,76.95224,77.843056,78.83569,63.935234,78.63148,65.13333,73.202614,20.638,1046.8523,-0.36452207,0.2649832,-0.13561107,3458.1
IFEval,RandomSearch,7,2,1e-06,0.01,600,12507.166901445387,70.73379,38.88889,84.00303,79.45628,78.8901,65.39375,79.46953,77.3,84.31373,40.73275,1171.577,0.65280855,1.3502373,0.906419,8707.0
IFEval,RandomSearch,8,2,1e-06,0.08,1000,7258.246453619004,69.3686,36.868687,76.95224,77.843056,78.83569,63.935234,78.63148,65.13333,73.202614,20.638,1046.8523,-0.36452207,0.2649832,-0.13561107,3458.1
IFEval,RandomSearch,9,1,2e-06,0.01,600,2063.9024878501896,71.58703,37.373737,89.53753,80.34256,79.05332,66.72491,79.79301,66.6,83.22369,42.558533,1159.0001,1.1256351,1.1313796,1.127724,2063.8
IFEval,RandomSearch,10,0,2e-06,0.01,600,2063.902016019821,71.58703,37.373737,89.53753,80.34256,79.05332,66.72491,79.79301,66.6,83.22369,42.558533,1159.0001,1.1256351,1.1313796,1.127724,2063.8
IFEval,RandomSearch,11,1,2e-06,0.08,1000,1869.9019309043883,69.539246,35.353535,75.28431,77.97252,79.651794,65.17276,77.24261,56.4,73.84106,18.7852,1041.2288,-0.04520309,0.03749392,-0.015131448,1869.8
IFEval,RandomSearch,12,4,1e-06,0.01,600,19532.229927158354,70.73379,38.88889,84.00303,79.45628,78.8901,65.39375,79.46953,77.3,84.31373,40.73275,1171.577,0.65280855,1.3502373,0.906419,8707.0
IFEval,RandomSearch,13,1,2e-06,0.02,600,2078.9016047477726,70.73379,37.373737,82.71418,79.38657,78.83569,65.456764,77.27136,62.766666,81.818184,35.765232,1160.59,0.38749722,0.76192176,0.5236516,2078.8
IFEval,RandomSearch,14,1,1e-06,0.02,2031,29473.20139799118,70.73379,37.878788,83.093254,79.13762,79.16213,65.93633,78.68267,69.4,80.645164,33.21044,1142.9513,0.57226336,1.250046,0.8187298,29473.1
IFEval,RandomSearch,15,0,2e-06,0.01,600,2063.901909208298,71.58703,37.373737,89.53753,80.34256,79.05332,66.72491,79.79301,66.6,83.22369,42.558533,1159.0001,1.1256351,1.1313796,1.127724,2063.8
IFEval,RandomSearch,16,1,2e-06,0.04,200,688.2034312248229,68.34471,35.858585,89.08264,78.00239,78.34603,62.65436,76.79673,60.566666,83.333336,30.749954,1171.565,0.1447051,0.28504464,0.19573766,688.1
IFEval,RandomSearch,17,1,2e-06,0.01,600,2063.9090305328373,71.58703,37.373737,89.53753,80.34256,79.05332,66.72491,79.79301,66.6,83.22369,42.558533,1159.0001,1.1256351,1.1313796,1.127724,2063.8
IFEval,RandomSearch,18,1,2e-06,0.02,600,2078.920683717728,70.73379,37.373737,82.71418,79.38657,78.83569,65.456764,77.27136,62.766666,81.818184,35.765232,1160.59,0.38749722,0.76192176,0.5236516,2078.8
IFEval,RandomSearch,19,1,1e-06,0.02,2031,29473.20118126869,70.73379,37.878788,83.093254,79.13762,79.16213,65.93633,78.68267,69.4,80.645164,33.21044,1142.9513,0.57226336,1.250046,0.8187298,29473.1
IFEval,RandomSearch,20,1,1e-06,0.02,2031,29473.20157585144,70.73379,37.878788,83.093254,79.13762,79.16213,65.93633,78.68267,69.4,80.645164,33.21044,1142.9513,0.57226336,1.250046,0.8187298,29473.1
IFEval,RandomSearch,21,2,2e-06,0.01,600,5863.948496198655,71.58703,37.373737,89.53753,80.34256,79.05332,66.72491,79.79301,66.6,83.22369,42.558533,1159.0001,1.1256351,1.1313796,1.127724,2063.8
IFEval,RandomSearch,22,0,1e-06,0.02,2031,29473.2136431694,70.73379,37.878788,83.093254,79.13762,79.16213,65.93633,78.68267,69.4,80.645164,33.21044,1142.9513,0.57226336,1.250046,0.8187298,29473.1
IFEval,RandomSearch,23,0,4e-06,0.08,1000,14624.007722234724,69.28328,36.868687,80.97043,78.06214,78.9445,65.02755,74.434944,51.4,63.57616,15.45886,1010.16956,-0.18898071,-0.50938433,-0.30549112,14623.9
IFEval,RandomSearch,24,1,2e-06,0.01,600,2063.903066015244,71.58703,37.373737,89.53753,80.34256,79.05332,66.72491,79.79301,66.6,83.22369,42.558533,1159.0001,1.1256351,1.1313796,1.127724,2063.8
IFEval,TPE,0,2,2e-06,0.02,600,5878.946400737763,70.73379,37.373737,82.71418,79.38657,78.83569,65.456764,77.27136,62.766666,81.818184,35.765232,1160.59,0.38749722,0.76192176,0.5236516,2078.8
IFEval,TPE,1,1,1e-06,0.02,2031,29473.201717710494,70.73379,37.878788,83.093254,79.13762,79.16213,65.93633,78.68267,69.4,80.645164,33.21044,1142.9513,0.57226336,1.250046,0.8187298,29473.1
IFEval,TPE,2,1,1e-06,0.02,2031,29473.20159039497,70.73379,37.878788,83.093254,79.13762,79.16213,65.93633,78.68267,69.4,80.645164,33.21044,1142.9513,0.57226336,1.250046,0.8187298,29473.1
IFEval,TPE,3,2,1e-06,0.01,600,15732.188512659071,70.73379,38.88889,84.00303,79.45628,78.8901,65.39375,79.46953,77.3,84.31373,40.73275,1171.577,0.65280855,1.3502373,0.906419,8707.0
IFEval,TPE,4,1,4e-06,0.01,400,739.0017913341521,70.98976,37.373737,80.43973,80.233025,78.67247,64.63595,77.167694,52.2,81.543625,44.36437,1128.9755,0.8210733,0.5435017,0.72013813,738.9
IFEval,TPE,5,1,1e-06,0.04,1000,14511.701400375365,70.05119,35.353535,78.31691,78.3808,79.10773,65.31389,78.93871,64.666664,75.6579,28.473303,1071.834,-0.03311885,0.63503754,0.20984711,14511.6
IFEval,TPE,6,1,4e-06,0.08,1000,14624.002170896529,69.28328,36.868687,80.97043,78.06214,78.9445,65.02755,74.434944,51.4,63.57616,15.45886,1010.16956,-0.18898071,-0.50938433,-0.30549112,14623.9
IFEval,TPE,7,0,8e-06,0.08,1000,16109.502488708496,68.51536,37.373737,70.204704,77.31528,78.29162,63.773033,69.2942,37.1,67.53247,15.506269,1018.56885,-1.0211488,-0.66206497,-0.89057285,16109.4
IFEval,TPE,8,0,2e-06,0.01,600,2063.90197095871,71.58703,37.373737,89.53753,80.34256,79.05332,66.72491,79.79301,66.6,83.22369,42.558533,1159.0001,1.1256351,1.1313796,1.127724,2063.8
IFEval,TPE,9,0,1e-06,0.02,2031,29473.202160692214,70.73379,37.878788,83.093254,79.13762,79.16213,65.93633,78.68267,69.4,80.645164,33.21044,1142.9513,0.57226336,1.250046,0.8187298,29473.1
IFEval,TPE,10,0,4e-06,0.02,400,5827.401326036454,70.22184,33.838383,85.291885,79.39654,78.67247,64.6535,73.00363,49.966667,76.64474,41.00121,1105.864,0.21224084,0.07080421,0.16080934,5827.3
IFEval,TPE,11,1,1e-06,0.04,1000,14511.702509260176,70.05119,35.353535,78.31691,78.3808,79.10773,65.31389,78.93871,64.666664,75.6579,28.473303,1071.834,-0.03311885,0.63503754,0.20984711,14511.6
IFEval,TPE,12,1,1e-06,0.04,1000,14511.70149335861,70.05119,35.353535,78.31691,78.3808,79.10773,65.31389,78.93871,64.666664,75.6579,28.473303,1071.834,-0.03311885,0.63503754,0.20984711,14511.6
IFEval,TPE,13,1,1e-06,0.01,600,8707.101982212065,70.73379,38.88889,84.00303,79.45628,78.8901,65.39375,79.46953,77.3,84.31373,40.73275,1171.577,0.65280855,1.3502373,0.906419,8707.0
IFEval,TPE,14,0,2e-06,0.01,600,2063.90219078064,71.58703,37.373737,89.53753,80.34256,79.05332,66.72491,79.79301,66.6,83.22369,42.558533,1159.0001,1.1256351,1.1313796,1.127724,2063.8
IFEval,TPE,15,2,2e-06,0.08,1000,8859.984531021117,69.539246,35.353535,75.28431,77.97252,79.651794,65.17276,77.24261,56.4,73.84106,18.7852,1041.2288,-0.04520309,0.03749392,-0.015131448,1869.8
IFEval,TPE,16,0,8e-06,0.04,200,3241.709735488892,68.08874,33.838383,83.16907,78.58992,78.67247,63.74415,61.59058,35.1,71.052635,33.644764,1077.5269,-0.1635772,-1.4176149,-0.61959094,3241.6
IFEval,TPE,17,1,1e-06,0.01,600,8707.101729249953,70.73379,38.88889,84.00303,79.45628,78.8901,65.39375,79.46953,77.3,84.31373,40.73275,1171.577,0.65280855,1.3502373,0.906419,8707.0
IFEval,TPE,18,0,8e-06,0.01,400,5829.401899671555,70.392494,36.363636,79.37832,80.27286,78.78128,63.2753,70.15475,34.866665,72.666664,41.78116,1072.2059,0.28706953,-0.50138533,0.00035867892,5829.3
IFEval,TPE,19,1,4e-06,0.02,400,5827.40170583725,70.22184,33.838383,85.291885,79.39654,78.67247,64.6535,73.00363,49.966667,76.64474,41.00121,1105.864,0.21224084,0.07080421,0.16080934,5827.3
IFEval,TPE,20,2,1e-06,0.04,1000,21501.79098639488,70.05119,35.353535,78.31691,78.3808,79.10773,65.31389,78.93871,64.666664,75.6579,28.473303,1071.834,-0.03311885,0.63503754,0.20984711,14511.6
IFEval,TPE,21,2,1e-06,0.02,1200,24404.18423256874,70.64846,36.868687,80.894615,79.286995,79.16213,65.46947,78.34795,69.4,82.026146,36.98232,1146.4395,0.43345913,1.177945,0.70418125,17414.0
IFEval,TPE,22,0,1e-06,0.02,2031,29473.201188421248,70.73379,37.878788,83.093254,79.13762,79.16213,65.93633,78.68267,69.4,80.645164,33.21044,1142.9513,0.57226336,1.250046,0.8187298,29473.1
IFEval,TPE,23,1,1e-06,0.01,600,8707.101522541045,70.73379,38.88889,84.00303,79.45628,78.8901,65.39375,79.46953,77.3,84.31373,40.73275,1171.577,0.65280855,1.3502373,0.906419,8707.0
IFEval,TPE,24,1,2e-06,0.04,200,688.2023340225219,68.34471,35.858585,89.08264,78.00239,78.34603,62.65436,76.79673,60.566666,83.333336,30.749954,1171.565,0.1447051,0.28504464,0.19573766,688.1
MT-Bench,ASHA,0,8,1e-06,0.01,200,24878.078976495737,67.06485,34.848484,86.732376,77.82314,78.07399,60.518658,75.3442,77.3,86.21795,38.53362,1210.0366,-0.4538255,1.2876754,0.17944755,2902.3
MT-Bench,ASHA,1,1,1e-06,0.01,1200,17414.10461244583,71.16041,37.373737,87.41471,79.764984,79.27095,65.4207,78.620224,77.3,86.36364,40.54258,1171.1312,0.81957835,1.706428,1.1420691,17414.0
MT-Bench,ASHA,2,12,1e-06,0.01,200,27303.51963650321,67.06485,34.848484,86.732376,77.82314,78.07399,60.518658,75.3442,77.3,86.21795,38.53362,1210.0366,-0.4538255,1.2876754,0.17944755,2902.3
MT-Bench,ASHA,3,3,1e-06,0.02,400,9604.848292446137,69.7099,35.858585,86.125854,78.56005,78.40044,64.35173,78.14687,69.4,88.63636,37.674797,1177.7887,0.14950725,1.1195248,0.5022409,5804.7
MT-Bench,ASHA,4,0,4e-06,0.04,200,2914.1185992717747,69.79522,33.838383,69.21911,78.56005,78.726875,63.830074,71.74093,49.3,78.75817,30.636005,1128.614,0.24913828,-0.4733157,-0.013572253,2914.0
MT-Bench,ASHA,5,1,8e-06,0.02,200,2902.402906751633,70.22184,29.79798,74.29871,79.974106,78.9445,65.496,69.201775,36.533333,76.51007,42.196144,1168.2336,0.47191596,-0.21303637,0.22284238,2902.3
MT-Bench,ASHA,6,0,4e-06,0.02,200,2913.801886892319,69.88055,35.353535,81.12206,78.94842,78.618065,64.89841,71.93702,49.966667,81.6129,37.829903,1116.9609,0.51933646,-0.10825351,0.2911219,2913.7
MT-Bench,ASHA,7,1,2e-06,0.04,200,688.2049604415893,68.34471,35.858585,89.08264,78.00239,78.34603,62.65436,76.79673,60.566666,83.333336,30.749954,1171.565,0.1447051,0.28504464,0.19573766,688.1
MT-Bench,ASHA,8,1,2e-06,0.02,200,693.0021670818328,68.686005,36.868687,89.158455,78.3808,78.56366,63.142937,75.42039,62.766666,87.0,36.82783,1189.3018,0.4344415,0.8680046,0.5921008,692.9
MT-Bench,ASHA,9,11,1e-06,0.02,400,26055.86047231292,69.7099,35.858585,86.125854,78.56005,78.40044,64.35173,78.14687,69.4,88.63636,37.674797,1177.7887,0.14950725,1.1195248,0.5022409,5804.7
MT-Bench,ASHA,10,2,1e-06,0.02,400,12829.886101341246,69.7099,35.858585,86.125854,78.56005,78.40044,64.35173,78.14687,69.4,88.63636,37.674797,1177.7887,0.14950725,1.1195248,0.5022409,5804.7
MT-Bench,ASHA,11,13,1e-06,0.01,200,28898.3395961399,67.06485,34.848484,86.732376,77.82314,78.07399,60.518658,75.3442,77.3,86.21795,38.53362,1210.0366,-0.4538255,1.2876754,0.17944755,2902.3
MT-Bench,ASHA,12,1,4e-06,0.02,200,2913.8019262313846,69.88055,35.353535,81.12206,78.94842,78.618065,64.89841,71.93702,49.966667,81.6129,37.829903,1116.9609,0.51933646,-0.10825351,0.2911219,2913.7
MT-Bench,ASHA,13,3,1e-06,0.02,400,9559.847156381606,69.7099,35.858585,86.125854,78.56005,78.40044,64.35173,78.14687,69.4,88.63636,37.674797,1177.7887,0.14950725,1.1195248,0.5022409,5804.7
MT-Bench,ASHA,14,1,1e-06,0.04,200,2902.4021910190586,66.894196,35.353535,87.26308,77.534355,78.34603,59.770714,71.84958,64.666664,82.432434,31.489351,1189.4938,-0.45450985,0.44467175,-0.12753473,2902.3
MT-Bench,ASHA,15,0,1e-06,0.02,400,5804.801986551285,69.7099,35.858585,86.125854,78.56005,78.40044,64.35173,78.14687,69.4,88.63636,37.674797,1177.7887,0.14950725,1.1195248,0.5022409,5804.7
MT-Bench,ASHA,16,3,1e-06,0.02,400,12844.88595304489,69.7099,35.858585,86.125854,78.56005,78.40044,64.35173,78.14687,69.4,88.63636,37.674797,1177.7887,0.14950725,1.1195248,0.5022409,5804.7
MT-Bench,ASHA,17,0,8e-06,0.02,200,2902.406231737137,70.22184,29.79798,74.29871,79.974106,78.9445,65.496,69.201775,36.533333,76.51007,42.196144,1168.2336,0.47191596,-0.21303637,0.22284238,2902.3
MT-Bench,ASHA,18,1,1e-06,0.02,400,5804.802336311341,69.7099,35.858585,86.125854,78.56005,78.40044,64.35173,78.14687,69.4,88.63636,37.674797,1177.7887,0.14950725,1.1195248,0.5022409,5804.7
MT-Bench,ASHA,19,0,2e-06,0.04,200,688.202133989334,68.34471,35.858585,89.08264,78.00239,78.34603,62.65436,76.79673,60.566666,83.333336,30.749954,1171.565,0.1447051,0.28504464,0.19573766,688.1
MT-Bench,ASHA,20,1,8e-06,0.08,200,3222.002218341828,68.686005,31.818182,23.351023,78.480385,78.29162,62.828693,62.098896,37.1,76.797386,26.292469,1107.1268,-1.0674891,-1.1095511,-1.0827844,3221.9
MT-Bench,ASHA,21,1,1e-06,0.01,1200,17414.101785993575,71.16041,37.373737,87.41471,79.764984,79.27095,65.4207,78.620224,77.3,86.36364,40.54258,1171.1312,0.81957835,1.706428,1.1420691,17414.0
MT-Bench,ASHA,22,1,1e-06,0.01,1200,17414.1017516613,71.16041,37.373737,87.41471,79.764984,79.27095,65.4207,78.620224,77.3,86.36364,40.54258,1171.1312,0.81957835,1.706428,1.1420691,17414.0
MT-Bench,ASHA,23,1,1e-06,0.02,400,5804.802410936356,69.7099,35.858585,86.125854,78.56005,78.40044,64.35173,78.14687,69.4,88.63636,37.674797,1177.7887,0.14950725,1.1195248,0.5022409,5804.7
MT-Bench,ASHA,24,5,1e-06,0.02,400,23095.21725497627,69.7099,35.858585,86.125854,78.56005,78.40044,64.35173,78.14687,69.4,88.63636,37.674797,1177.7887,0.14950725,1.1195248,0.5022409,5804.7
MT-Bench,BOHB,0,10,1e-06,0.02,400,30375.714099037163,69.7099,35.858585,86.125854,78.56005,78.40044,64.35173,78.14687,69.4,88.63636,37.674797,1177.7887,0.14950725,1.1195248,0.5022409,5804.7
MT-Bench,BOHB,1,5,2e-06,0.02,200,24863.593433242797,68.686005,36.868687,89.158455,78.3808,78.56366,63.142937,75.42039,62.766666,87.0,36.82783,1189.3018,0.4344415,0.8680046,0.5921008,692.9
MT-Bench,BOHB,2,8,1e-06,0.01,200,27387.99719558334,67.06485,34.848484,86.732376,77.82314,78.07399,60.518658,75.3442,77.3,86.21795,38.53362,1210.0366,-0.4538255,1.2876754,0.17944755,2902.3
MT-Bench,BOHB,3,3,1e-06,0.02,400,9604.847779607771,69.7099,35.858585,86.125854,78.56005,78.40044,64.35173,78.14687,69.4,88.63636,37.674797,1177.7887,0.14950725,1.1195248,0.5022409,5804.7
MT-Bench,BOHB,4,0,4e-06,0.04,200,2914.1081937313083,69.79522,33.838383,69.21911,78.56005,78.726875,63.830074,71.74093,49.3,78.75817,30.636005,1128.614,0.24913828,-0.4733157,-0.013572253,2914.0
MT-Bench,BOHB,5,1,8e-06,0.02,200,2902.4017277717594,70.22184,29.79798,74.29871,79.974106,78.9445,65.496,69.201775,36.533333,76.51007,42.196144,1168.2336,0.47191596,-0.21303637,0.22284238,2902.3
MT-Bench,BOHB,6,0,4e-06,0.02,200,2913.802161550522,69.88055,35.353535,81.12206,78.94842,78.618065,64.89841,71.93702,49.966667,81.6129,37.829903,1116.9609,0.51933646,-0.10825351,0.2911219,2913.7
MT-Bench,BOHB,7,1,2e-06,0.04,200,688.2019728183745,68.34471,35.858585,89.08264,78.00239,78.34603,62.65436,76.79673,60.566666,83.333336,30.749954,1171.565,0.1447051,0.28504464,0.19573766,688.1
MT-Bench,BOHB,8,1,2e-06,0.02,200,693.0017615318297,68.686005,36.868687,89.158455,78.3808,78.56366,63.142937,75.42039,62.766666,87.0,36.82783,1189.3018,0.4344415,0.8680046,0.5921008,692.9
MT-Bench,BOHB,9,8,1e-06,0.02,400,18860.468168840405,69.7099,35.858585,86.125854,78.56005,78.40044,64.35173,78.14687,69.4,88.63636,37.674797,1177.7887,0.14950725,1.1195248,0.5022409,5804.7
MT-Bench,BOHB,10,2,1e-06,0.02,400,12829.884811019896,69.7099,35.858585,86.125854,78.56005,78.40044,64.35173,78.14687,69.4,88.63636,37.674797,1177.7887,0.14950725,1.1195248,0.5022409,5804.7
MT-Bench,BOHB,11,6,1e-06,0.02,400,19819.97245559692,69.7099,35.858585,86.125854,78.56005,78.40044,64.35173,78.14687,69.4,88.63636,37.674797,1177.7887,0.14950725,1.1195248,0.5022409,5804.7
MT-Bench,BOHB,12,1,4e-06,0.02,200,2913.802196836472,69.88055,35.353535,81.12206,78.94842,78.618065,64.89841,71.93702,49.966667,81.6129,37.829903,1116.9609,0.51933646,-0.10825351,0.2911219,2913.7
MT-Bench,BOHB,13,3,1e-06,0.02,400,9559.84724960327,69.7099,35.858585,86.125854,78.56005,78.40044,64.35173,78.14687,69.4,88.63636,37.674797,1177.7887,0.14950725,1.1195248,0.5022409,5804.7
MT-Bench,BOHB,14,1,1e-06,0.04,200,2902.4035306930546,66.894196,35.353535,87.26308,77.534355,78.34603,59.770714,71.84958,64.666664,82.432434,31.489351,1189.4938,-0.45450985,0.44467175,-0.12753473,2902.3
MT-Bench,BOHB,15,0,1e-06,0.02,400,5804.828954792023,69.7099,35.858585,86.125854,78.56005,78.40044,64.35173,78.14687,69.4,88.63636,37.674797,1177.7887,0.14950725,1.1195248,0.5022409,5804.7
MT-Bench,BOHB,16,3,1e-06,0.02,400,12844.885049915312,69.7099,35.858585,86.125854,78.56005,78.40044,64.35173,78.14687,69.4,88.63636,37.674797,1177.7887,0.14950725,1.1195248,0.5022409,5804.7
MT-Bench,BOHB,17,0,8e-06,0.02,200,2902.401850557328,70.22184,29.79798,74.29871,79.974106,78.9445,65.496,69.201775,36.533333,76.51007,42.196144,1168.2336,0.47191596,-0.21303637,0.22284238,2902.3
MT-Bench,BOHB,18,1,1e-06,0.02,400,5804.803217744828,69.7099,35.858585,86.125854,78.56005,78.40044,64.35173,78.14687,69.4,88.63636,37.674797,1177.7887,0.14950725,1.1195248,0.5022409,5804.7
MT-Bench,BOHB,19,10,2e-06,0.02,200,21538.889215576164,68.686005,36.868687,89.158455,78.3808,78.56366,63.142937,75.42039,62.766666,87.0,36.82783,1189.3018,0.4344415,0.8680046,0.5921008,692.9
MT-Bench,BOHB,20,1,8e-06,0.08,200,3222.001908874512,68.686005,31.818182,23.351023,78.480385,78.29162,62.828693,62.098896,37.1,76.797386,26.292469,1107.1268,-1.0674891,-1.1095511,-1.0827844,3221.9
MT-Bench,BOHB,21,1,1e-06,0.01,1200,17414.10195598602,71.16041,37.373737,87.41471,79.764984,79.27095,65.4207,78.620224,77.3,86.36364,40.54258,1171.1312,0.81957835,1.706428,1.1420691,17414.0
MT-Bench,BOHB,22,1,1e-06,0.01,1200,17414.101942157744,71.16041,37.373737,87.41471,79.764984,79.27095,65.4207,78.620224,77.3,86.36364,40.54258,1171.1312,0.81957835,1.706428,1.1420691,17414.0
MT-Bench,BOHB,23,1,1e-06,0.02,400,5804.806140756607,69.7099,35.858585,86.125854,78.56005,78.40044,64.35173,78.14687,69.4,88.63636,37.674797,1177.7887,0.14950725,1.1195248,0.5022409,5804.7
MT-Bench,BOHB,24,2,2e-06,0.02,200,7718.084421730042,68.686005,36.868687,89.158455,78.3808,78.56366,63.142937,75.42039,62.766666,87.0,36.82783,1189.3018,0.4344415,0.8680046,0.5921008,692.9
MT-Bench,BOTorch,0,1,4e-06,0.02,200,2913.808028316498,69.88055,35.353535,81.12206,78.94842,78.618065,64.89841,71.93702,49.966667,81.6129,37.829903,1116.9609,0.51933646,-0.10825351,0.2911219,2913.7
MT-Bench,BOTorch,1,4,2e-06,0.01,200,11953.25243577957,68.85666,36.868687,88.324486,78.838875,78.618065,63.704185,78.30174,66.6,83.98693,41.610497,1196.2502,0.6736109,0.96957046,0.7812326,687.9
MT-Bench,BOTorch,2,1,1e-06,0.02,400,5804.80204615593,69.7099,35.858585,86.125854,78.56005,78.40044,64.35173,78.14687,69.4,88.63636,37.674797,1177.7887,0.14950725,1.1195248,0.5022409,5804.7
MT-Bench,BOTorch,3,1,1e-06,0.02,400,5804.8025873661045,69.7099,35.858585,86.125854,78.56005,78.40044,64.35173,78.14687,69.4,88.63636,37.674797,1177.7887,0.14950725,1.1195248,0.5022409,5804.7
MT-Bench,BOTorch,4,0,1e-06,0.01,1200,17414.103056287764,71.16041,37.373737,87.41471,79.764984,79.27095,65.4207,78.620224,77.3,86.36364,40.54258,1171.1312,0.81957835,1.706428,1.1420691,17414.0
MT-Bench,BOTorch,5,0,8e-06,0.08,200,3222.0021477699283,68.686005,31.818182,23.351023,78.480385,78.29162,62.828693,62.098896,37.1,76.797386,26.292469,1107.1268,-1.0674891,-1.1095511,-1.0827844,3221.9
MT-Bench,BOTorch,6,0,1e-06,0.02,400,5804.803312635422,69.7099,35.858585,86.125854,78.56005,78.40044,64.35173,78.14687,69.4,88.63636,37.674797,1177.7887,0.14950725,1.1195248,0.5022409,5804.7
MT-Bench,BOTorch,7,1,1e-06,0.04,200,2902.401961660385,66.894196,35.353535,87.26308,77.534355,78.34603,59.770714,71.84958,64.666664,82.432434,31.489351,1189.4938,-0.45450985,0.44467175,-0.12753473,2902.3
MT-Bench,BOTorch,8,0,2e-06,0.02,200,693.0054379463195,68.686005,36.868687,89.158455,78.3808,78.56366,63.142937,75.42039,62.766666,87.0,36.82783,1189.3018,0.4344415,0.8680046,0.5921008,692.9
MT-Bench,BOTorch,9,1,2e-06,0.02,200,693.0017717838286,68.686005,36.868687,89.158455,78.3808,78.56366,63.142937,75.42039,62.766666,87.0,36.82783,1189.3018,0.4344415,0.8680046,0.5921008,692.9
MT-Bench,BOTorch,10,2,2e-06,0.01,200,4443.046503400803,68.85666,36.868687,88.324486,78.838875,78.618065,63.704185,78.30174,66.6,83.98693,41.610497,1196.2502,0.6736109,0.96957046,0.7812326,687.9
MT-Bench,BOTorch,11,0,1e-06,0.08,200,691.7016283035277,66.894196,33.333332,84.38211,77.2854,78.23721,58.805683,72.63267,65.13333,82.46753,23.049362,1108.7236,-0.7474388,-0.32800683,-0.5949181,691.6
MT-Bench,BOTorch,12,2,2e-06,0.01,200,4488.04704079628,68.85666,36.868687,88.324486,78.838875,78.618065,63.704185,78.30174,66.6,83.98693,41.610497,1196.2502,0.6736109,0.96957046,0.7812326,687.9
MT-Bench,BOTorch,13,1,8e-06,0.08,200,3222.002004241944,68.686005,31.818182,23.351023,78.480385,78.29162,62.828693,62.098896,37.1,76.797386,26.292469,1107.1268,-1.0674891,-1.1095511,-1.0827844,3221.9
MT-Bench,BOTorch,14,1,2e-06,0.01,200,688.0017028808593,68.85666,36.868687,88.324486,78.838875,78.618065,63.704185,78.30174,66.6,83.98693,41.610497,1196.2502,0.6736109,0.96957046,0.7812326,687.9
MT-Bench,BOTorch,15,1,4e-06,0.02,200,2913.801667308808,69.88055,35.353535,81.12206,78.94842,78.618065,64.89841,71.93702,49.966667,81.6129,37.829903,1116.9609,0.51933646,-0.10825351,0.2911219,2913.7
MT-Bench,BOTorch,16,0,4e-06,0.02,200,2913.815252876282,69.88055,35.353535,81.12206,78.94842,78.618065,64.89841,71.93702,49.966667,81.6129,37.829903,1116.9609,0.51933646,-0.10825351,0.2911219,2913.7
MT-Bench,BOTorch,17,1,1e-06,0.04,200,2902.4019464015964,66.894196,35.353535,87.26308,77.534355,78.34603,59.770714,71.84958,64.666664,82.432434,31.489351,1189.4938,-0.45450985,0.44467175,-0.12753473,2902.3
MT-Bench,BOTorch,18,2,2e-06,0.04,200,7713.299209928513,68.34471,35.858585,89.08264,78.00239,78.34603,62.65436,76.79673,60.566666,83.333336,30.749954,1171.565,0.1447051,0.28504464,0.19573766,688.1
MT-Bench,BOTorch,19,0,2e-06,0.02,200,693.0049267768859,68.686005,36.868687,89.158455,78.3808,78.56366,63.142937,75.42039,62.766666,87.0,36.82783,1189.3018,0.4344415,0.8680046,0.5921008,692.9
MT-Bench,BOTorch,20,0,1e-06,0.01,1200,17414.102196788786,71.16041,37.373737,87.41471,79.764984,79.27095,65.4207,78.620224,77.3,86.36364,40.54258,1171.1312,0.81957835,1.706428,1.1420691,17414.0
MT-Bench,BOTorch,21,1,1e-06,0.02,400,5804.802363967896,69.7099,35.858585,86.125854,78.56005,78.40044,64.35173,78.14687,69.4,88.63636,37.674797,1177.7887,0.14950725,1.1195248,0.5022409,5804.7
MT-Bench,BOTorch,22,0,8e-06,0.01,200,2914.8018768787388,70.819115,28.787878,88.24867,80.37244,78.23721,67.70955,67.91785,34.866665,80.74324,43.70177,1120.0913,0.29275292,-0.22961499,0.10280094,2914.7
MT-Bench,BOTorch,23,0,2e-06,0.01,200,688.003038740158,68.85666,36.868687,88.324486,78.838875,78.618065,63.704185,78.30174,66.6,83.98693,41.610497,1196.2502,0.6736109,0.96957046,0.7812326,687.9
MT-Bench,BOTorch,24,0,1e-06,0.02,400,5804.801895236969,69.7099,35.858585,86.125854,78.56005,78.40044,64.35173,78.14687,69.4,88.63636,37.674797,1177.7887,0.14950725,1.1195248,0.5022409,5804.7
MT-Bench,CQR,0,1,2e-06,0.01,200,688.0019012451171,68.85666,36.868687,88.324486,78.838875,78.618065,63.704185,78.30174,66.6,83.98693,41.610497,1196.2502,0.6736109,0.96957046,0.7812326,687.9
MT-Bench,CQR,1,1,1e-06,0.01,1200,17414.102125263213,71.16041,37.373737,87.41471,79.764984,79.27095,65.4207,78.620224,77.3,86.36364,40.54258,1171.1312,0.81957835,1.706428,1.1420691,17414.0
MT-Bench,CQR,2,1,2e-06,0.01,200,688.0019851684569,68.85666,36.868687,88.324486,78.838875,78.618065,63.704185,78.30174,66.6,83.98693,41.610497,1196.2502,0.6736109,0.96957046,0.7812326,687.9
MT-Bench,CQR,3,3,1e-06,0.02,400,9604.855002260208,69.7099,35.858585,86.125854,78.56005,78.40044,64.35173,78.14687,69.4,88.63636,37.674797,1177.7887,0.14950725,1.1195248,0.5022409,5804.7
MT-Bench,CQR,4,0,4e-06,0.04,200,2914.102130508423,69.79522,33.838383,69.21911,78.56005,78.726875,63.830074,71.74093,49.3,78.75817,30.636005,1128.614,0.24913828,-0.4733157,-0.013572253,2914.0
MT-Bench,CQR,5,1,8e-06,0.02,200,2902.401976680756,70.22184,29.79798,74.29871,79.974106,78.9445,65.496,69.201775,36.533333,76.51007,42.196144,1168.2336,0.47191596,-0.21303637,0.22284238,2902.3
MT-Bench,CQR,6,0,4e-06,0.02,200,2913.802359437943,69.88055,35.353535,81.12206,78.94842,78.618065,64.89841,71.93702,49.966667,81.6129,37.829903,1116.9609,0.51933646,-0.10825351,0.2911219,2913.7
MT-Bench,CQR,7,1,2e-06,0.04,200,688.2026549339294,68.34471,35.858585,89.08264,78.00239,78.34603,62.65436,76.79673,60.566666,83.333336,30.749954,1171.565,0.1447051,0.28504464,0.19573766,688.1
MT-Bench,CQR,8,1,2e-06,0.02,200,693.0025647640227,68.686005,36.868687,89.158455,78.3808,78.56366,63.142937,75.42039,62.766666,87.0,36.82783,1189.3018,0.4344415,0.8680046,0.5921008,692.9
MT-Bench,CQR,9,0,4e-06,0.01,200,369.5019665718079,70.47781,33.838383,85.74678,79.715195,78.34603,68.34778,74.34252,52.2,82.781456,44.243477,1192.2385,0.7447111,0.68534195,0.7231223,369.4
MT-Bench,CQR,10,2,1e-06,0.02,400,12829.884924030302,69.7099,35.858585,86.125854,78.56005,78.40044,64.35173,78.14687,69.4,88.63636,37.674797,1177.7887,0.14950725,1.1195248,0.5022409,5804.7
MT-Bench,CQR,11,6,1e-06,0.02,400,19820.24365816116,69.7099,35.858585,86.125854,78.56005,78.40044,64.35173,78.14687,69.4,88.63636,37.674797,1177.7887,0.14950725,1.1195248,0.5022409,5804.7
MT-Bench,CQR,12,1,4e-06,0.02,200,2913.803018188477,69.88055,35.353535,81.12206,78.94842,78.618065,64.89841,71.93702,49.966667,81.6129,37.829903,1116.9609,0.51933646,-0.10825351,0.2911219,2913.7
MT-Bench,CQR,13,3,1e-06,0.02,400,9559.846995925902,69.7099,35.858585,86.125854,78.56005,78.40044,64.35173,78.14687,69.4,88.63636,37.674797,1177.7887,0.14950725,1.1195248,0.5022409,5804.7
MT-Bench,CQR,14,1,1e-06,0.04,200,2902.404321527481,66.894196,35.353535,87.26308,77.534355,78.34603,59.770714,71.84958,64.666664,82.432434,31.489351,1189.4938,-0.45450985,0.44467175,-0.12753473,2902.3
MT-Bench,CQR,15,0,1e-06,0.02,400,5804.802620506287,69.7099,35.858585,86.125854,78.56005,78.40044,64.35173,78.14687,69.4,88.63636,37.674797,1177.7887,0.14950725,1.1195248,0.5022409,5804.7
MT-Bench,CQR,16,3,1e-06,0.02,400,12844.886535739895,69.7099,35.858585,86.125854,78.56005,78.40044,64.35173,78.14687,69.4,88.63636,37.674797,1177.7887,0.14950725,1.1195248,0.5022409,5804.7
MT-Bench,CQR,17,0,8e-06,0.02,200,2902.4020024299625,70.22184,29.79798,74.29871,79.974106,78.9445,65.496,69.201775,36.533333,76.51007,42.196144,1168.2336,0.47191596,-0.21303637,0.22284238,2902.3
MT-Bench,CQR,18,1,1e-06,0.02,400,5804.80299077034,69.7099,35.858585,86.125854,78.56005,78.40044,64.35173,78.14687,69.4,88.63636,37.674797,1177.7887,0.14950725,1.1195248,0.5022409,5804.7
MT-Bench,CQR,19,0,2e-06,0.04,200,688.2019341945647,68.34471,35.858585,89.08264,78.00239,78.34603,62.65436,76.79673,60.566666,83.333336,30.749954,1171.565,0.1447051,0.28504464,0.19573766,688.1
MT-Bench,CQR,20,1,8e-06,0.08,200,3222.0019510746006,68.686005,31.818182,23.351023,78.480385,78.29162,62.828693,62.098896,37.1,76.797386,26.292469,1107.1268,-1.0674891,-1.1095511,-1.0827844,3221.9
MT-Bench,CQR,21,1,1e-06,0.01,1200,17414.10214076042,71.16041,37.373737,87.41471,79.764984,79.27095,65.4207,78.620224,77.3,86.36364,40.54258,1171.1312,0.81957835,1.706428,1.1420691,17414.0
MT-Bench,CQR,22,1,1e-06,0.01,1200,17414.102576828,71.16041,37.373737,87.41471,79.764984,79.27095,65.4207,78.620224,77.3,86.36364,40.54258,1171.1312,0.81957835,1.706428,1.1420691,17414.0
MT-Bench,CQR,23,1,1e-06,0.02,400,5804.80236992836,69.7099,35.858585,86.125854,78.56005,78.40044,64.35173,78.14687,69.4,88.63636,37.674797,1177.7887,0.14950725,1.1195248,0.5022409,5804.7
MT-Bench,CQR,24,2,2e-06,0.02,200,7718.085350370407,68.686005,36.868687,89.158455,78.3808,78.56366,63.142937,75.42039,62.766666,87.0,36.82783,1189.3018,0.4344415,0.8680046,0.5921008,692.9
MT-Bench,RandomSearch,0,1,1e-06,0.02,400,5804.802154397965,69.7099,35.858585,86.125854,78.56005,78.40044,64.35173,78.14687,69.4,88.63636,37.674797,1177.7887,0.14950725,1.1195248,0.5022409,5804.7
MT-Bench,RandomSearch,1,0,8e-06,0.08,200,3222.0021279811863,68.686005,31.818182,23.351023,78.480385,78.29162,62.828693,62.098896,37.1,76.797386,26.292469,1107.1268,-1.0674891,-1.1095511,-1.0827844,3221.9
MT-Bench,RandomSearch,2,0,1e-06,0.08,200,691.7021399497985,66.894196,33.333332,84.38211,77.2854,78.23721,58.805683,72.63267,65.13333,82.46753,23.049362,1108.7236,-0.7474388,-0.32800683,-0.5949181,691.6
MT-Bench,RandomSearch,3,1,1e-06,0.02,400,5804.802673435212,69.7099,35.858585,86.125854,78.56005,78.40044,64.35173,78.14687,69.4,88.63636,37.674797,1177.7887,0.14950725,1.1195248,0.5022409,5804.7
MT-Bench,RandomSearch,4,1,1e-06,0.02,400,5804.8019891738895,69.7099,35.858585,86.125854,78.56005,78.40044,64.35173,78.14687,69.4,88.63636,37.674797,1177.7887,0.14950725,1.1195248,0.5022409,5804.7
MT-Bench,RandomSearch,5,0,4e-06,0.01,200,369.50223836898806,70.47781,33.838383,85.74678,79.715195,78.34603,68.34778,74.34252,52.2,82.781456,44.243477,1192.2385,0.7447111,0.68534195,0.7231223,369.4
MT-Bench,RandomSearch,6,0,2e-06,0.01,200,688.0017519950866,68.85666,36.868687,88.324486,78.838875,78.618065,63.704185,78.30174,66.6,83.98693,41.610497,1196.2502,0.6736109,0.96957046,0.7812326,687.9
MT-Bench,RandomSearch,7,0,1e-06,0.02,400,5804.808439826966,69.7099,35.858585,86.125854,78.56005,78.40044,64.35173,78.14687,69.4,88.63636,37.674797,1177.7887,0.14950725,1.1195248,0.5022409,5804.7
MT-Bench,RandomSearch,8,1,1e-06,0.02,400,5804.801781272889,69.7099,35.858585,86.125854,78.56005,78.40044,64.35173,78.14687,69.4,88.63636,37.674797,1177.7887,0.14950725,1.1195248,0.5022409,5804.7
MT-Bench,RandomSearch,9,2,1e-06,0.02,400,12794.88411245346,69.7099,35.858585,86.125854,78.56005,78.40044,64.35173,78.14687,69.4,88.63636,37.674797,1177.7887,0.14950725,1.1195248,0.5022409,5804.7
MT-Bench,RandomSearch,10,1,4e-06,0.04,200,2914.1032014846805,69.79522,33.838383,69.21911,78.56005,78.726875,63.830074,71.74093,49.3,78.75817,30.636005,1128.614,0.24913828,-0.4733157,-0.013572253,2914.0
MT-Bench,RandomSearch,11,0,2e-06,0.04,200,688.2015455722808,68.34471,35.858585,89.08264,78.00239,78.34603,62.65436,76.79673,60.566666,83.333336,30.749954,1171.565,0.1447051,0.28504464,0.19573766,688.1
MT-Bench,RandomSearch,12,2,2e-06,0.02,200,7683.084599113465,68.686005,36.868687,89.158455,78.3808,78.56366,63.142937,75.42039,62.766666,87.0,36.82783,1189.3018,0.4344415,0.8680046,0.5921008,692.9
MT-Bench,RandomSearch,13,0,8e-06,0.08,200,3222.0016833305363,68.686005,31.818182,23.351023,78.480385,78.29162,62.828693,62.098896,37.1,76.797386,26.292469,1107.1268,-1.0674891,-1.1095511,-1.0827844,3221.9
MT-Bench,RandomSearch,14,1,2e-06,0.01,200,688.0017915725707,68.85666,36.868687,88.324486,78.838875,78.618065,63.704185,78.30174,66.6,83.98693,41.610497,1196.2502,0.6736109,0.96957046,0.7812326,687.9
MT-Bench,RandomSearch,15,1,1e-06,0.08,200,691.7023330688476,66.894196,33.333332,84.38211,77.2854,78.23721,58.805683,72.63267,65.13333,82.46753,23.049362,1108.7236,-0.7474388,-0.32800683,-0.5949181,691.6
MT-Bench,RandomSearch,16,3,1e-06,0.02,400,16629.93243060112,69.7099,35.858585,86.125854,78.56005,78.40044,64.35173,78.14687,69.4,88.63636,37.674797,1177.7887,0.14950725,1.1195248,0.5022409,5804.7
MT-Bench,RandomSearch,17,1,4e-06,0.04,200,2914.102129077912,69.79522,33.838383,69.21911,78.56005,78.726875,63.830074,71.74093,49.3,78.75817,30.636005,1128.614,0.24913828,-0.4733157,-0.013572253,2914.0
MT-Bench,RandomSearch,18,1,4e-06,0.02,200,2913.8018225193027,69.88055,35.353535,81.12206,78.94842,78.618065,64.89841,71.93702,49.966667,81.6129,37.829903,1116.9609,0.51933646,-0.10825351,0.2911219,2913.7
MT-Bench,RandomSearch,19,1,1e-06,0.01,1200,17414.102018690108,71.16041,37.373737,87.41471,79.764984,79.27095,65.4207,78.620224,77.3,86.36364,40.54258,1171.1312,0.81957835,1.706428,1.1420691,17414.0
MT-Bench,RandomSearch,20,1,1e-06,0.02,400,5804.8019484043125,69.7099,35.858585,86.125854,78.56005,78.40044,64.35173,78.14687,69.4,88.63636,37.674797,1177.7887,0.14950725,1.1195248,0.5022409,5804.7
MT-Bench,RandomSearch,21,0,4e-06,0.04,200,2914.101651287079,69.79522,33.838383,69.21911,78.56005,78.726875,63.830074,71.74093,49.3,78.75817,30.636005,1128.614,0.24913828,-0.4733157,-0.013572253,2914.0
MT-Bench,RandomSearch,22,1,4e-06,0.01,200,369.503003692627,70.47781,33.838383,85.74678,79.715195,78.34603,68.34778,74.34252,52.2,82.781456,44.243477,1192.2385,0.7447111,0.68534195,0.7231223,369.4
MT-Bench,RandomSearch,23,0,2e-06,0.02,200,693.0022166728972,68.686005,36.868687,89.158455,78.3808,78.56366,63.142937,75.42039,62.766666,87.0,36.82783,1189.3018,0.4344415,0.8680046,0.5921008,692.9
MT-Bench,RandomSearch,24,0,1e-06,0.02,400,5804.802303647995,69.7099,35.858585,86.125854,78.56005,78.40044,64.35173,78.14687,69.4,88.63636,37.674797,1177.7887,0.14950725,1.1195248,0.5022409,5804.7
MT-Bench,TPE,0,1,2e-06,0.02,200,693.0020056724547,68.686005,36.868687,89.158455,78.3808,78.56366,63.142937,75.42039,62.766666,87.0,36.82783,1189.3018,0.4344415,0.8680046,0.5921008,692.9
MT-Bench,TPE,1,2,2e-06,0.02,200,4493.052716350556,68.686005,36.868687,89.158455,78.3808,78.56366,63.142937,75.42039,62.766666,87.0,36.82783,1189.3018,0.4344415,0.8680046,0.5921008,692.9
MT-Bench,TPE,2,1,2e-06,0.08,200,374.1019071102143,67.74744,34.343433,86.429115,77.51444,78.34603,60.961716,73.55816,56.4,79.03226,22.582516,1132.1141,-0.31326205,-0.57872474,-0.40979394,374.0
MT-Bench,TPE,3,0,8e-06,0.02,200,2902.401994800568,70.22184,29.79798,74.29871,79.974106,78.9445,65.496,69.201775,36.533333,76.51007,42.196144,1168.2336,0.47191596,-0.21303637,0.22284238,2902.3
MT-Bench,TPE,4,1,8e-06,0.01,200,2914.802302694321,70.819115,28.787878,88.24867,80.37244,78.23721,67.70955,67.91785,34.866665,80.74324,43.70177,1120.0913,0.29275292,-0.22961499,0.10280094,2914.7
MT-Bench,TPE,5,0,1e-06,0.02,400,5804.80227098465,69.7099,35.858585,86.125854,78.56005,78.40044,64.35173,78.14687,69.4,88.63636,37.674797,1177.7887,0.14950725,1.1195248,0.5022409,5804.7
MT-Bench,TPE,6,1,1e-06,0.08,200,691.7025114059447,66.894196,33.333332,84.38211,77.2854,78.23721,58.805683,72.63267,65.13333,82.46753,23.049362,1108.7236,-0.7474388,-0.32800683,-0.5949181,691.6
MT-Bench,TPE,7,2,1e-06,0.02,400,12829.884745454789,69.7099,35.858585,86.125854,78.56005,78.40044,64.35173,78.14687,69.4,88.63636,37.674797,1177.7887,0.14950725,1.1195248,0.5022409,5804.7
MT-Bench,TPE,8,3,2e-06,0.02,200,7718.084809160233,68.686005,36.868687,89.158455,78.3808,78.56366,63.142937,75.42039,62.766666,87.0,36.82783,1189.3018,0.4344415,0.8680046,0.5921008,692.9
MT-Bench,TPE,9,1,8e-06,0.08,200,3222.0024455547336,68.686005,31.818182,23.351023,78.480385,78.29162,62.828693,62.098896,37.1,76.797386,26.292469,1107.1268,-1.0674891,-1.1095511,-1.0827844,3221.9
MT-Bench,TPE,10,0,4e-06,0.04,200,2914.1025858879093,69.79522,33.838383,69.21911,78.56005,78.726875,63.830074,71.74093,49.3,78.75817,30.636005,1128.614,0.24913828,-0.4733157,-0.013572253,2914.0
MT-Bench,TPE,11,1,2e-06,0.02,200,693.0020187854766,68.686005,36.868687,89.158455,78.3808,78.56366,63.142937,75.42039,62.766666,87.0,36.82783,1189.3018,0.4344415,0.8680046,0.5921008,692.9
MT-Bench,TPE,12,1,1e-06,0.04,200,2902.401738739014,66.894196,35.353535,87.26308,77.534355,78.34603,59.770714,71.84958,64.666664,82.432434,31.489351,1189.4938,-0.45450985,0.44467175,-0.12753473,2902.3
MT-Bench,TPE,13,1,1e-06,0.04,200,2902.401929712296,66.894196,35.353535,87.26308,77.534355,78.34603,59.770714,71.84958,64.666664,82.432434,31.489351,1189.4938,-0.45450985,0.44467175,-0.12753473,2902.3
MT-Bench,TPE,14,1,1e-06,0.02,400,5804.803313350678,69.7099,35.858585,86.125854,78.56005,78.40044,64.35173,78.14687,69.4,88.63636,37.674797,1177.7887,0.14950725,1.1195248,0.5022409,5804.7
MT-Bench,TPE,15,0,8e-06,0.01,200,2914.8018334865574,70.819115,28.787878,88.24867,80.37244,78.23721,67.70955,67.91785,34.866665,80.74324,43.70177,1120.0913,0.29275292,-0.22961499,0.10280094,2914.7
MT-Bench,TPE,16,3,1e-06,0.02,400,16584.93295226097,69.7099,35.858585,86.125854,78.56005,78.40044,64.35173,78.14687,69.4,88.63636,37.674797,1177.7887,0.14950725,1.1195248,0.5022409,5804.7
MT-Bench,TPE,17,0,2e-06,0.01,200,688.0016158580779,68.85666,36.868687,88.324486,78.838875,78.618065,63.704185,78.30174,66.6,83.98693,41.610497,1196.2502,0.6736109,0.96957046,0.7812326,687.9
MT-Bench,TPE,18,3,2e-06,0.02,200,11438.129371976853,68.686005,36.868687,89.158455,78.3808,78.56366,63.142937,75.42039,62.766666,87.0,36.82783,1189.3018,0.4344415,0.8680046,0.5921008,692.9
MT-Bench,TPE,19,0,2e-06,0.02,200,693.0111559391021,68.686005,36.868687,89.158455,78.3808,78.56366,63.142937,75.42039,62.766666,87.0,36.82783,1189.3018,0.4344415,0.8680046,0.5921008,692.9
MT-Bench,TPE,20,0,1e-06,0.02,400,5804.802189207077,69.7099,35.858585,86.125854,78.56005,78.40044,64.35173,78.14687,69.4,88.63636,37.674797,1177.7887,0.14950725,1.1195248,0.5022409,5804.7
MT-Bench,TPE,21,1,1e-06,0.02,400,5804.801925754548,69.7099,35.858585,86.125854,78.56005,78.40044,64.35173,78.14687,69.4,88.63636,37.674797,1177.7887,0.14950725,1.1195248,0.5022409,5804.7
MT-Bench,TPE,22,0,4e-06,0.08,200,2924.90170249939,68.85666,33.838383,82.48673,77.843056,78.56366,63.636555,66.91866,51.4,76.82119,23.38517,1096.6315,-0.115222685,-0.99596804,-0.4354937,2924.8
MT-Bench,TPE,23,1,8e-06,0.08,200,3222.0015767574314,68.686005,31.818182,23.351023,78.480385,78.29162,62.828693,62.098896,37.1,76.797386,26.292469,1107.1268,-1.0674891,-1.1095511,-1.0827844,3221.9
MT-Bench,TPE,24,0,1e-06,0.01,1200,17414.101885414122,71.16041,37.373737,87.41471,79.764984,79.27095,65.4207,78.620224,77.3,86.36364,40.54258,1171.1312,0.81957835,1.706428,1.1420691,17414.0
Z-All,ASHA,0,6,1e-06,0.01,1200,30884.56621060943,71.16041,37.373737,87.41471,79.764984,79.27095,65.4207,78.620224,77.3,86.36364,40.54258,1171.1312,0.81957835,1.706428,1.1420691,17414.0
Z-All,ASHA,1,1,1e-06,0.01,1200,17414.106362199782,71.16041,37.373737,87.41471,79.764984,79.27095,65.4207,78.620224,77.3,86.36364,40.54258,1171.1312,0.81957835,1.706428,1.1420691,17414.0
Z-All,ASHA,2,1,2e-06,0.01,400,1376.0020810127255,71.331055,36.868687,89.23427,79.89444,79.27095,64.27732,78.29675,66.6,80.844154,42.603886,1186.545,1.21158,0.9853325,1.1293082,1375.9
Z-All,ASHA,3,2,1e-06,0.01,1200,21169.14648280144,71.16041,37.373737,87.41471,79.764984,79.27095,65.4207,78.620224,77.3,86.36364,40.54258,1171.1312,0.81957835,1.706428,1.1420691,17414.0
Z-All,ASHA,4,1,8e-06,0.02,200,2902.4018488883976,70.22184,29.79798,74.29871,79.974106,78.9445,65.496,69.201775,36.533333,76.51007,42.196144,1168.2336,0.47191596,-0.21303637,0.22284238,2902.3
Z-All,ASHA,5,1,8e-06,0.02,200,2902.4020398616794,70.22184,29.79798,74.29871,79.974106,78.9445,65.496,69.201775,36.533333,76.51007,42.196144,1168.2336,0.47191596,-0.21303637,0.22284238,2902.3
Z-All,ASHA,6,0,4e-06,0.02,200,2913.802124834061,69.88055,35.353535,81.12206,78.94842,78.618065,64.89841,71.93702,49.966667,81.6129,37.829903,1116.9609,0.51933646,-0.10825351,0.2911219,2913.7
Z-All,ASHA,7,4,1e-06,0.02,600,25367.500736812588,70.13652,38.88889,81.728584,78.87871,79.27095,65.23599,77.89958,69.4,85.197365,33.967716,1135.0472,0.54603136,0.82033956,0.6457798,8707.0
Z-All,ASHA,8,7,2e-06,0.01,400,17331.598840101236,71.331055,36.868687,89.23427,79.89444,79.27095,64.27732,78.29675,66.6,80.844154,42.603886,1186.545,1.21158,0.9853325,1.1293082,1375.9
Z-All,ASHA,9,5,2e-06,0.01,400,10451.312804082869,71.331055,36.868687,89.23427,79.89444,79.27095,64.27732,78.29675,66.6,80.844154,42.603886,1186.545,1.21158,0.9853325,1.1293082,1375.9
Z-All,ASHA,10,0,2e-06,0.02,1600,5543.602283096314,70.904434,38.88889,86.656555,79.13762,79.27095,66.7157,73.00613,62.766666,73.7013,35.482777,1059.6884,0.84389,0.59147424,0.75210243,5543.5
Z-All,ASHA,11,3,2e-06,0.01,400,8401.085842466353,71.331055,36.868687,89.23427,79.89444,79.27095,64.27732,78.29675,66.6,80.844154,42.603886,1186.545,1.21158,0.9853325,1.1293082,1375.9
Z-All,ASHA,12,1,4e-06,0.02,200,2913.8020192146305,69.88055,35.353535,81.12206,78.94842,78.618065,64.89841,71.93702,49.966667,81.6129,37.829903,1116.9609,0.51933646,-0.10825351,0.2911219,2913.7
Z-All,ASHA,13,11,1e-06,0.01,1200,32010.09033571815,71.16041,37.373737,87.41471,79.764984,79.27095,65.4207,78.620224,77.3,86.36364,40.54258,1171.1312,0.81957835,1.706428,1.1420691,17414.0
Z-All,ASHA,14,1,1e-06,0.04,2031,29473.2015625,70.05119,36.868687,79.37832,78.57001,78.78128,65.525185,77.23762,64.666664,79.60526,27.714512,1082.3938,-0.04366943,0.7544575,0.24655853,29473.1
Z-All,ASHA,15,0,1e-06,0.02,1800,26121.11554083824,70.64846,37.878788,83.24488,79.29695,79.21654,65.78827,77.705986,69.4,83.333336,36.08847,1127.4045,0.6308379,1.3184335,0.88087267,26121.0
Z-All,ASHA,16,1,2e-06,0.02,1600,5543.603639221192,70.904434,38.88889,86.656555,79.13762,79.27095,66.7157,73.00613,62.766666,73.7013,35.482777,1059.6884,0.84389,0.59147424,0.75210243,5543.5
Z-All,ASHA,17,0,8e-06,0.02,200,2902.402206277848,70.22184,29.79798,74.29871,79.974106,78.9445,65.496,69.201775,36.533333,76.51007,42.196144,1168.2336,0.47191596,-0.21303637,0.22284238,2902.3
Z-All,ASHA,18,1,1e-06,0.02,1800,26121.107979631422,70.64846,37.878788,83.24488,79.29695,79.21654,65.78827,77.705986,69.4,83.333336,36.08847,1127.4045,0.6308379,1.3184335,0.88087267,26121.0
Z-All,ASHA,19,5,2e-06,0.01,400,12306.34092102432,71.331055,36.868687,89.23427,79.89444,79.27095,64.27732,78.29675,66.6,80.844154,42.603886,1186.545,1.21158,0.9853325,1.1293082,1375.9
Z-All,ASHA,20,0,8e-06,0.04,200,3241.702021694184,68.08874,33.838383,83.16907,78.58992,78.67247,63.74415,61.59058,35.1,71.052635,33.644764,1077.5269,-0.1635772,-1.4176149,-0.61959094,3241.6
Z-All,ASHA,21,1,1e-06,0.01,1200,17414.101943826674,71.16041,37.373737,87.41471,79.764984,79.27095,65.4207,78.620224,77.3,86.36364,40.54258,1171.1312,0.81957835,1.706428,1.1420691,17414.0
Z-All,ASHA,22,1,1e-06,0.01,1200,17414.101995325087,71.16041,37.373737,87.41471,79.764984,79.27095,65.4207,78.620224,77.3,86.36364,40.54258,1171.1312,0.81957835,1.706428,1.1420691,17414.0
Z-All,ASHA,23,1,1e-06,0.02,1800,26121.101658678053,70.64846,37.878788,83.24488,79.29695,79.21654,65.78827,77.705986,69.4,83.333336,36.08847,1127.4045,0.6308379,1.3184335,0.88087267,26121.0
Z-All,ASHA,24,3,2e-06,0.01,400,13076.241546251294,71.331055,36.868687,89.23427,79.89444,79.27095,64.27732,78.29675,66.6,80.844154,42.603886,1186.545,1.21158,0.9853325,1.1293082,1375.9
Z-All,BOHB,0,1,2e-06,0.01,400,1376.0026837348937,71.331055,36.868687,89.23427,79.89444,79.27095,64.27732,78.29675,66.6,80.844154,42.603886,1186.545,1.21158,0.9853325,1.1293082,1375.9
Z-All,BOHB,1,1,1e-06,0.01,1200,17414.10515937805,71.16041,37.373737,87.41471,79.764984,79.27095,65.4207,78.620224,77.3,86.36364,40.54258,1171.1312,0.81957835,1.706428,1.1420691,17414.0
Z-All,BOHB,2,1,2e-06,0.01,400,1376.004427289963,71.331055,36.868687,89.23427,79.89444,79.27095,64.27732,78.29675,66.6,80.844154,42.603886,1186.545,1.21158,0.9853325,1.1293082,1375.9
Z-All,BOHB,3,2,1e-06,0.01,1200,21169.146687364577,71.16041,37.373737,87.41471,79.764984,79.27095,65.4207,78.620224,77.3,86.36364,40.54258,1171.1312,0.81957835,1.706428,1.1420691,17414.0
Z-All,BOHB,4,1,8e-06,0.02,200,2902.401978826523,70.22184,29.79798,74.29871,79.974106,78.9445,65.496,69.201775,36.533333,76.51007,42.196144,1168.2336,0.47191596,-0.21303637,0.22284238,2902.3
Z-All,BOHB,5,1,8e-06,0.02,200,2902.402175998688,70.22184,29.79798,74.29871,79.974106,78.9445,65.496,69.201775,36.533333,76.51007,42.196144,1168.2336,0.47191596,-0.21303637,0.22284238,2902.3
Z-All,BOHB,6,0,4e-06,0.02,200,2913.8015094757084,69.88055,35.353535,81.12206,78.94842,78.618065,64.89841,71.93702,49.966667,81.6129,37.829903,1116.9609,0.51933646,-0.10825351,0.2911219,2913.7
Z-All,BOHB,7,4,1e-06,0.02,600,25367.50265775108,70.13652,38.88889,81.728584,78.87871,79.27095,65.23599,77.89958,69.4,85.197365,33.967716,1135.0472,0.54603136,0.82033956,0.6457798,8707.0
Z-All,BOHB,8,1,2e-06,0.02,1600,5543.604212856293,70.904434,38.88889,86.656555,79.13762,79.27095,66.7157,73.00613,62.766666,73.7013,35.482777,1059.6884,0.84389,0.59147424,0.75210243,5543.5
Z-All,BOHB,9,6,2e-06,0.01,400,14206.358146051403,71.331055,36.868687,89.23427,79.89444,79.27095,64.27732,78.29675,66.6,80.844154,42.603886,1186.545,1.21158,0.9853325,1.1293082,1375.9
Z-All,BOHB,10,0,2e-06,0.02,1600,5543.602190351487,70.904434,38.88889,86.656555,79.13762,79.27095,66.7157,73.00613,62.766666,73.7013,35.482777,1059.6884,0.84389,0.59147424,0.75210243,5543.5
Z-All,BOHB,11,3,2e-06,0.01,400,8401.088472700118,71.331055,36.868687,89.23427,79.89444,79.27095,64.27732,78.29675,66.6,80.844154,42.603886,1186.545,1.21158,0.9853325,1.1293082,1375.9
Z-All,BOHB,12,1,4e-06,0.02,200,2913.8021262645725,69.88055,35.353535,81.12206,78.94842,78.618065,64.89841,71.93702,49.966667,81.6129,37.829903,1116.9609,0.51933646,-0.10825351,0.2911219,2913.7
Z-All,BOHB,13,0,4e-06,0.01,200,369.501828289032,70.47781,33.838383,85.74678,79.715195,78.34603,68.34778,74.34252,52.2,82.781456,44.243477,1192.2385,0.7447111,0.68534195,0.7231223,369.4
Z-All,BOHB,14,1,1e-06,0.04,2031,29473.20169291496,70.05119,36.868687,79.37832,78.57001,78.78128,65.525185,77.23762,64.666664,79.60526,27.714512,1082.3938,-0.04366943,0.7544575,0.24655853,29473.1
Z-All,BOHB,15,0,1e-06,0.02,1800,26121.10219917297,70.64846,37.878788,83.24488,79.29695,79.21654,65.78827,77.705986,69.4,83.333336,36.08847,1127.4045,0.6308379,1.3184335,0.88087267,26121.0
Z-All,BOHB,16,1,2e-06,0.02,1600,5543.6040602684025,70.904434,38.88889,86.656555,79.13762,79.27095,66.7157,73.00613,62.766666,73.7013,35.482777,1059.6884,0.84389,0.59147424,0.75210243,5543.5
Z-All,BOHB,17,0,8e-06,0.02,200,2902.4018159866337,70.22184,29.79798,74.29871,79.974106,78.9445,65.496,69.201775,36.533333,76.51007,42.196144,1168.2336,0.47191596,-0.21303637,0.22284238,2902.3
Z-All,BOHB,18,1,1e-06,0.02,1800,26121.101787185667,70.64846,37.878788,83.24488,79.29695,79.21654,65.78827,77.705986,69.4,83.333336,36.08847,1127.4045,0.6308379,1.3184335,0.88087267,26121.0
Z-All,BOHB,19,10,2e-06,0.01,400,28026.830497608174,71.331055,36.868687,89.23427,79.89444,79.27095,64.27732,78.29675,66.6,80.844154,42.603886,1186.545,1.21158,0.9853325,1.1293082,1375.9
Z-All,BOHB,20,0,8e-06,0.04,200,3241.701655006409,68.08874,33.838383,83.16907,78.58992,78.67247,63.74415,61.59058,35.1,71.052635,33.644764,1077.5269,-0.1635772,-1.4176149,-0.61959094,3241.6
Z-All,BOHB,21,1,1e-06,0.01,1200,17414.102248525618,71.16041,37.373737,87.41471,79.764984,79.27095,65.4207,78.620224,77.3,86.36364,40.54258,1171.1312,0.81957835,1.706428,1.1420691,17414.0
Z-All,BOHB,22,1,1e-06,0.01,1200,17414.102062320708,71.16041,37.373737,87.41471,79.764984,79.27095,65.4207,78.620224,77.3,86.36364,40.54258,1171.1312,0.81957835,1.706428,1.1420691,17414.0
Z-All,BOHB,23,1,1e-06,0.02,1800,26121.10191926956,70.64846,37.878788,83.24488,79.29695,79.21654,65.78827,77.705986,69.4,83.333336,36.08847,1127.4045,0.6308379,1.3184335,0.88087267,26121.0
Z-All,BOHB,24,3,2e-06,0.01,400,13076.242688514709,71.331055,36.868687,89.23427,79.89444,79.27095,64.27732,78.29675,66.6,80.844154,42.603886,1186.545,1.21158,0.9853325,1.1293082,1375.9
Z-All,BOTorch,0,2,2e-06,0.01,400,8401.084500169753,71.331055,36.868687,89.23427,79.89444,79.27095,64.27732,78.29675,66.6,80.844154,42.603886,1186.545,1.21158,0.9853325,1.1293082,1375.9
Z-All,BOTorch,1,1,8e-06,0.02,200,2902.4035268783573,70.22184,29.79798,74.29871,79.974106,78.9445,65.496,69.201775,36.533333,76.51007,42.196144,1168.2336,0.47191596,-0.21303637,0.22284238,2902.3
Z-All,BOTorch,2,1,2e-06,0.02,1600,5543.601759290696,70.904434,38.88889,86.656555,79.13762,79.27095,66.7157,73.00613,62.766666,73.7013,35.482777,1059.6884,0.84389,0.59147424,0.75210243,5543.5
Z-All,BOTorch,3,0,4e-06,0.04,2031,29591.80099520683,69.453926,36.363636,82.94162,78.42063,79.651794,66.96343,66.15181,49.3,69.73684,24.579556,1013.246,0.3273237,-0.12791218,0.16178338,29591.7
Z-All,BOTorch,4,2,2e-06,0.01,400,8366.092707967757,71.331055,36.868687,89.23427,79.89444,79.27095,64.27732,78.29675,66.6,80.844154,42.603886,1186.545,1.21158,0.9853325,1.1293082,1375.9
Z-All,BOTorch,5,3,2e-06,0.01,400,12216.128888463973,71.331055,36.868687,89.23427,79.89444,79.27095,64.27732,78.29675,66.6,80.844154,42.603886,1186.545,1.21158,0.9853325,1.1293082,1375.9
Z-All,BOTorch,6,1,1e-06,0.01,1200,17414.102509593962,71.16041,37.373737,87.41471,79.764984,79.27095,65.4207,78.620224,77.3,86.36364,40.54258,1171.1312,0.81957835,1.706428,1.1420691,17414.0
Z-All,BOTorch,7,1,4e-06,0.01,200,369.5031755924225,70.47781,33.838383,85.74678,79.715195,78.34603,68.34778,74.34252,52.2,82.781456,44.243477,1192.2385,0.7447111,0.68534195,0.7231223,369.4
Z-All,BOTorch,8,0,1e-06,0.02,1800,26121.1020403862,70.64846,37.878788,83.24488,79.29695,79.21654,65.78827,77.705986,69.4,83.333336,36.08847,1127.4045,0.6308379,1.3184335,0.88087267,26121.0
Z-All,BOTorch,9,0,8e-06,0.01,200,2914.8022728919987,70.819115,28.787878,88.24867,80.37244,78.23721,67.70955,67.91785,34.866665,80.74324,43.70177,1120.0913,0.29275292,-0.22961499,0.10280094,2914.7
Z-All,BOTorch,10,0,2e-06,0.01,400,1376.0028718471526,71.331055,36.868687,89.23427,79.89444,79.27095,64.27732,78.29675,66.6,80.844154,42.603886,1186.545,1.21158,0.9853325,1.1293082,1375.9
Z-All,BOTorch,11,0,1e-06,0.01,1200,17414.10183558464,71.16041,37.373737,87.41471,79.764984,79.27095,65.4207,78.620224,77.3,86.36364,40.54258,1171.1312,0.81957835,1.706428,1.1420691,17414.0
Z-All,BOTorch,12,1,2e-06,0.04,1600,5504.911579465866,70.30717,38.38384,82.031845,78.291176,79.325356,65.48581,73.624374,60.566666,73.35526,23.906565,1064.3693,0.41627815,0.16719285,0.32570168,5504.8
Z-All,BOTorch,13,2,2e-06,0.01,400,5176.04699215889,71.331055,36.868687,89.23427,79.89444,79.27095,64.27732,78.29675,66.6,80.844154,42.603886,1186.545,1.21158,0.9853325,1.1293082,1375.9
Z-All,BOTorch,14,0,4e-06,0.01,200,369.50227150917055,70.47781,33.838383,85.74678,79.715195,78.34603,68.34778,74.34252,52.2,82.781456,44.243477,1192.2385,0.7447111,0.68534195,0.7231223,369.4
Z-All,BOTorch,15,2,2e-06,0.01,400,5176.046827650071,71.331055,36.868687,89.23427,79.89444,79.27095,64.27732,78.29675,66.6,80.844154,42.603886,1186.545,1.21158,0.9853325,1.1293082,1375.9
Z-All,BOTorch,16,0,1e-06,0.02,1800,26121.1018761158,70.64846,37.878788,83.24488,79.29695,79.21654,65.78827,77.705986,69.4,83.333336,36.08847,1127.4045,0.6308379,1.3184335,0.88087267,26121.0
Z-All,BOTorch,17,2,1e-06,0.02,1200,24439.185139751437,70.64846,36.868687,80.894615,79.286995,79.16213,65.46947,78.34795,69.4,82.026146,36.98232,1146.4395,0.43345913,1.177945,0.70418125,17414.0
Z-All,BOTorch,18,0,2e-06,0.02,1600,5543.601933813096,70.904434,38.88889,86.656555,79.13762,79.27095,66.7157,73.00613,62.766666,73.7013,35.482777,1059.6884,0.84389,0.59147424,0.75210243,5543.5
Z-All,BOTorch,19,2,2e-06,0.02,1600,9343.648249721526,70.904434,38.88889,86.656555,79.13762,79.27095,66.7157,73.00613,62.766666,73.7013,35.482777,1059.6884,0.84389,0.59147424,0.75210243,5543.5
Z-All,BOTorch,20,0,2e-06,0.04,1600,5504.901685094834,70.30717,38.38384,82.031845,78.291176,79.325356,65.48581,73.624374,60.566666,73.35526,23.906565,1064.3693,0.41627815,0.16719285,0.32570168,5504.8
Z-All,BOTorch,21,0,8e-06,0.02,200,2902.4027672767643,70.22184,29.79798,74.29871,79.974106,78.9445,65.496,69.201775,36.533333,76.51007,42.196144,1168.2336,0.47191596,-0.21303637,0.22284238,2902.3
Z-All,BOTorch,22,1,1e-06,0.02,1800,26121.10203871727,70.64846,37.878788,83.24488,79.29695,79.21654,65.78827,77.705986,69.4,83.333336,36.08847,1127.4045,0.6308379,1.3184335,0.88087267,26121.0
Z-All,BOTorch,23,0,8e-06,0.01,200,2914.8119972705845,70.819115,28.787878,88.24867,80.37244,78.23721,67.70955,67.91785,34.866665,80.74324,43.70177,1120.0913,0.29275292,-0.22961499,0.10280094,2914.7
Z-All,BOTorch,24,2,1e-06,0.04,1200,21214.14665231705,70.05119,36.868687,75.89082,78.44055,79.16213,64.93823,78.13563,64.666664,79.80132,29.329292,1112.8108,0.036382824,0.580711,0.23432034,17414.0
Z-All,CQR,0,1,2e-06,0.01,400,1376.002048587799,71.331055,36.868687,89.23427,79.89444,79.27095,64.27732,78.29675,66.6,80.844154,42.603886,1186.545,1.21158,0.9853325,1.1293082,1375.9
Z-All,CQR,1,1,1e-06,0.01,1200,17414.10227189064,71.16041,37.373737,87.41471,79.764984,79.27095,65.4207,78.620224,77.3,86.36364,40.54258,1171.1312,0.81957835,1.706428,1.1420691,17414.0
Z-All,CQR,2,1,2e-06,0.01,400,1376.001783466339,71.331055,36.868687,89.23427,79.89444,79.27095,64.27732,78.29675,66.6,80.844154,42.603886,1186.545,1.21158,0.9853325,1.1293082,1375.9
Z-All,CQR,3,2,1e-06,0.01,1200,21169.147159433363,71.16041,37.373737,87.41471,79.764984,79.27095,65.4207,78.620224,77.3,86.36364,40.54258,1171.1312,0.81957835,1.706428,1.1420691,17414.0
Z-All,CQR,4,1,8e-06,0.02,200,2902.4017735481266,70.22184,29.79798,74.29871,79.974106,78.9445,65.496,69.201775,36.533333,76.51007,42.196144,1168.2336,0.47191596,-0.21303637,0.22284238,2902.3
Z-All,CQR,5,1,8e-06,0.02,200,2902.4019328117374,70.22184,29.79798,74.29871,79.974106,78.9445,65.496,69.201775,36.533333,76.51007,42.196144,1168.2336,0.47191596,-0.21303637,0.22284238,2902.3
Z-All,CQR,6,0,4e-06,0.02,200,2913.8040879726414,69.88055,35.353535,81.12206,78.94842,78.618065,64.89841,71.93702,49.966667,81.6129,37.829903,1116.9609,0.51933646,-0.10825351,0.2911219,2913.7
Z-All,CQR,7,1,2e-06,0.04,1600,5504.903001403809,70.30717,38.38384,82.031845,78.291176,79.325356,65.48581,73.624374,60.566666,73.35526,23.906565,1064.3693,0.41627815,0.16719285,0.32570168,5504.8
Z-All,CQR,8,1,2e-06,0.02,1600,5543.60185251236,70.904434,38.88889,86.656555,79.13762,79.27095,66.7157,73.00613,62.766666,73.7013,35.482777,1059.6884,0.84389,0.59147424,0.75210243,5543.5
Z-All,CQR,9,0,4e-06,0.01,200,369.5020648002625,70.47781,33.838383,85.74678,79.715195,78.34603,68.34778,74.34252,52.2,82.781456,44.243477,1192.2385,0.7447111,0.68534195,0.7231223,369.4
Z-All,CQR,10,0,2e-06,0.02,1600,5543.601878023148,70.904434,38.88889,86.656555,79.13762,79.27095,66.7157,73.00613,62.766666,73.7013,35.482777,1059.6884,0.84389,0.59147424,0.75210243,5543.5
Z-All,CQR,11,3,2e-06,0.01,400,8401.086696004866,71.331055,36.868687,89.23427,79.89444,79.27095,64.27732,78.29675,66.6,80.844154,42.603886,1186.545,1.21158,0.9853325,1.1293082,1375.9
Z-All,CQR,12,1,4e-06,0.02,200,2913.8019381523136,69.88055,35.353535,81.12206,78.94842,78.618065,64.89841,71.93702,49.966667,81.6129,37.829903,1116.9609,0.51933646,-0.10825351,0.2911219,2913.7
Z-All,CQR,13,3,1e-06,0.02,1800,29876.146761751173,70.64846,37.878788,83.24488,79.29695,79.21654,65.78827,77.705986,69.4,83.333336,36.08847,1127.4045,0.6308379,1.3184335,0.88087267,26121.0
Z-All,CQR,14,1,1e-06,0.04,2031,29473.201521492003,70.05119,36.868687,79.37832,78.57001,78.78128,65.525185,77.23762,64.666664,79.60526,27.714512,1082.3938,-0.04366943,0.7544575,0.24655853,29473.1
Z-All,CQR,15,0,1e-06,0.02,1800,26121.10204086304,70.64846,37.878788,83.24488,79.29695,79.21654,65.78827,77.705986,69.4,83.333336,36.08847,1127.4045,0.6308379,1.3184335,0.88087267,26121.0
Z-All,CQR,16,1,2e-06,0.02,1600,5543.602057313919,70.904434,38.88889,86.656555,79.13762,79.27095,66.7157,73.00613,62.766666,73.7013,35.482777,1059.6884,0.84389,0.59147424,0.75210243,5543.5
Z-All,CQR,17,0,8e-06,0.02,200,2902.402455186844,70.22184,29.79798,74.29871,79.974106,78.9445,65.496,69.201775,36.533333,76.51007,42.196144,1168.2336,0.47191596,-0.21303637,0.22284238,2902.3
Z-All,CQR,18,1,1e-06,0.02,1800,26121.10163435936,70.64846,37.878788,83.24488,79.29695,79.21654,65.78827,77.705986,69.4,83.333336,36.08847,1127.4045,0.6308379,1.3184335,0.88087267,26121.0
Z-All,CQR,19,0,2e-06,0.04,1600,5504.901674842835,70.30717,38.38384,82.031845,78.291176,79.325356,65.48581,73.624374,60.566666,73.35526,23.906565,1064.3693,0.41627815,0.16719285,0.32570168,5504.8
Z-All,CQR,20,0,8e-06,0.04,200,3241.7021652221683,68.08874,33.838383,83.16907,78.58992,78.67247,63.74415,61.59058,35.1,71.052635,33.644764,1077.5269,-0.1635772,-1.4176149,-0.61959094,3241.6
Z-All,CQR,21,1,1e-06,0.01,1200,17414.102059221266,71.16041,37.373737,87.41471,79.764984,79.27095,65.4207,78.620224,77.3,86.36364,40.54258,1171.1312,0.81957835,1.706428,1.1420691,17414.0
Z-All,CQR,22,1,1e-06,0.01,1200,17414.10315952301,71.16041,37.373737,87.41471,79.764984,79.27095,65.4207,78.620224,77.3,86.36364,40.54258,1171.1312,0.81957835,1.706428,1.1420691,17414.0
Z-All,CQR,23,1,1e-06,0.02,1800,26121.106376504897,70.64846,37.878788,83.24488,79.29695,79.21654,65.78827,77.705986,69.4,83.333336,36.08847,1127.4045,0.6308379,1.3184335,0.88087267,26121.0
Z-All,CQR,24,3,2e-06,0.01,400,15441.166423416136,71.331055,36.868687,89.23427,79.89444,79.27095,64.27732,78.29675,66.6,80.844154,42.603886,1186.545,1.21158,0.9853325,1.1293082,1375.9
Z-All,RandomSearch,0,0,1e-06,0.04,2031,29473.20244965553,70.05119,36.868687,79.37832,78.57001,78.78128,65.525185,77.23762,64.666664,79.60526,27.714512,1082.3938,-0.04366943,0.7544575,0.24655853,29473.1
Z-All,RandomSearch,1,1,4e-06,0.04,2031,29591.80307445526,69.453926,36.363636,82.94162,78.42063,79.651794,66.96343,66.15181,49.3,69.73684,24.579556,1013.246,0.3273237,-0.12791218,0.16178338,29591.7
Z-All,RandomSearch,2,1,2e-06,0.01,400,1376.0018115997314,71.331055,36.868687,89.23427,79.89444,79.27095,64.27732,78.29675,66.6,80.844154,42.603886,1186.545,1.21158,0.9853325,1.1293082,1375.9
Z-All,RandomSearch,3,2,1e-06,0.04,1200,21214.1494890213,70.05119,36.868687,75.89082,78.44055,79.16213,64.93823,78.13563,64.666664,79.80132,29.329292,1112.8108,0.036382824,0.580711,0.23432034,17414.0
Z-All,RandomSearch,4,0,1e-06,0.01,1200,17414.107385015486,71.16041,37.373737,87.41471,79.764984,79.27095,65.4207,78.620224,77.3,86.36364,40.54258,1171.1312,0.81957835,1.706428,1.1420691,17414.0
Z-All,RandomSearch,5,0,4e-06,0.08,800,11699.204691267012,69.62457,38.88889,80.21228,78.20155,78.67247,64.695885,72.11936,51.4,68.21192,23.90799,1037.6603,-0.090459034,-0.3290862,-0.17723255,11699.1
Z-All,RandomSearch,6,0,2e-06,0.02,1600,5543.603774404526,70.904434,38.88889,86.656555,79.13762,79.27095,66.7157,73.00613,62.766666,73.7013,35.482777,1059.6884,0.84389,0.59147424,0.75210243,5543.5
Z-All,RandomSearch,7,0,1e-06,0.02,1800,26121.10168681145,70.64846,37.878788,83.24488,79.29695,79.21654,65.78827,77.705986,69.4,83.333336,36.08847,1127.4045,0.6308379,1.3184335,0.88087267,26121.0
Z-All,RandomSearch,8,1,1e-06,0.01,1200,17414.10347661972,71.16041,37.373737,87.41471,79.764984,79.27095,65.4207,78.620224,77.3,86.36364,40.54258,1171.1312,0.81957835,1.706428,1.1420691,17414.0
Z-All,RandomSearch,9,0,8e-06,0.02,200,2902.4090484142307,70.22184,29.79798,74.29871,79.974106,78.9445,65.496,69.201775,36.533333,76.51007,42.196144,1168.2336,0.47191596,-0.21303637,0.22284238,2902.3
Z-All,RandomSearch,10,2,2e-06,0.01,400,5176.047134494782,71.331055,36.868687,89.23427,79.89444,79.27095,64.27732,78.29675,66.6,80.844154,42.603886,1186.545,1.21158,0.9853325,1.1293082,1375.9
Z-All,RandomSearch,11,1,2e-06,0.01,400,1376.0044713973998,71.331055,36.868687,89.23427,79.89444,79.27095,64.27732,78.29675,66.6,80.844154,42.603886,1186.545,1.21158,0.9853325,1.1293082,1375.9
Z-All,RandomSearch,12,2,1e-06,0.02,1200,24404.18367276192,70.64846,36.868687,80.894615,79.286995,79.16213,65.46947,78.34795,69.4,82.026146,36.98232,1146.4395,0.43345913,1.177945,0.70418125,17414.0
Z-All,RandomSearch,13,3,1e-06,0.01,1200,24439.19327054024,71.16041,37.373737,87.41471,79.764984,79.27095,65.4207,78.620224,77.3,86.36364,40.54258,1171.1312,0.81957835,1.706428,1.1420691,17414.0
Z-All,RandomSearch,14,1,2e-06,0.02,1600,5543.602152681351,70.904434,38.88889,86.656555,79.13762,79.27095,66.7157,73.00613,62.766666,73.7013,35.482777,1059.6884,0.84389,0.59147424,0.75210243,5543.5
Z-All,RandomSearch,15,0,4e-06,0.08,800,11699.2082201004,69.62457,38.88889,80.21228,78.20155,78.67247,64.695885,72.11936,51.4,68.21192,23.90799,1037.6603,-0.090459034,-0.3290862,-0.17723255,11699.1
Z-All,RandomSearch,16,0,4e-06,0.08,800,11699.201707935332,69.62457,38.88889,80.21228,78.20155,78.67247,64.695885,72.11936,51.4,68.21192,23.90799,1037.6603,-0.090459034,-0.3290862,-0.17723255,11699.1
Z-All,RandomSearch,17,1,2e-06,0.01,400,1376.0025275707244,71.331055,36.868687,89.23427,79.89444,79.27095,64.27732,78.29675,66.6,80.844154,42.603886,1186.545,1.21158,0.9853325,1.1293082,1375.9
Z-All,RandomSearch,18,4,2e-06,0.01,400,12156.129322862624,71.331055,36.868687,89.23427,79.89444,79.27095,64.27732,78.29675,66.6,80.844154,42.603886,1186.545,1.21158,0.9853325,1.1293082,1375.9
Z-All,RandomSearch,19,1,1e-06,0.02,1800,26121.10321435928,70.64846,37.878788,83.24488,79.29695,79.21654,65.78827,77.705986,69.4,83.333336,36.08847,1127.4045,0.6308379,1.3184335,0.88087267,26121.0
Z-All,RandomSearch,20,2,4e-06,0.02,200,6713.846367454529,69.88055,35.353535,81.12206,78.94842,78.618065,64.89841,71.93702,49.966667,81.6129,37.829903,1116.9609,0.51933646,-0.10825351,0.2911219,2913.7
Z-All,RandomSearch,21,0,4e-06,0.01,200,369.5168770313263,70.47781,33.838383,85.74678,79.715195,78.34603,68.34778,74.34252,52.2,82.781456,44.243477,1192.2385,0.7447111,0.68534195,0.7231223,369.4
Z-All,RandomSearch,22,1,2e-06,0.02,1600,5543.602048015595,70.904434,38.88889,86.656555,79.13762,79.27095,66.7157,73.00613,62.766666,73.7013,35.482777,1059.6884,0.84389,0.59147424,0.75210243,5543.5
Z-All,RandomSearch,23,0,8e-06,0.01,200,2914.8018640041355,70.819115,28.787878,88.24867,80.37244,78.23721,67.70955,67.91785,34.866665,80.74324,43.70177,1120.0913,0.29275292,-0.22961499,0.10280094,2914.7
Z-All,RandomSearch,24,0,2e-06,0.01,400,1376.00429520607,71.331055,36.868687,89.23427,79.89444,79.27095,64.27732,78.29675,66.6,80.844154,42.603886,1186.545,1.21158,0.9853325,1.1293082,1375.9
Z-All,TPE,0,0,1e-06,0.01,1200,17414.101970529555,71.16041,37.373737,87.41471,79.764984,79.27095,65.4207,78.620224,77.3,86.36364,40.54258,1171.1312,0.81957835,1.706428,1.1420691,17414.0
Z-All,TPE,1,2,1e-06,0.01,1200,24454.184607124327,71.16041,37.373737,87.41471,79.764984,79.27095,65.4207,78.620224,77.3,86.36364,40.54258,1171.1312,0.81957835,1.706428,1.1420691,17414.0
Z-All,TPE,2,1,4e-06,0.01,200,369.502227640152,70.47781,33.838383,85.74678,79.715195,78.34603,68.34778,74.34252,52.2,82.781456,44.243477,1192.2385,0.7447111,0.68534195,0.7231223,369.4
Z-All,TPE,3,3,1e-06,0.02,1800,29921.14706096649,70.64846,37.878788,83.24488,79.29695,79.21654,65.78827,77.705986,69.4,83.333336,36.08847,1127.4045,0.6308379,1.3184335,0.88087267,26121.0
Z-All,TPE,4,2,8e-06,0.01,200,9939.883942699433,70.819115,28.787878,88.24867,80.37244,78.23721,67.70955,67.91785,34.866665,80.74324,43.70177,1120.0913,0.29275292,-0.22961499,0.10280094,2914.7
Z-All,TPE,5,2,4e-06,0.01,200,4169.54712305069,70.47781,33.838383,85.74678,79.715195,78.34603,68.34778,74.34252,52.2,82.781456,44.243477,1192.2385,0.7447111,0.68534195,0.7231223,369.4
Z-All,TPE,6,5,2e-06,0.01,400,22381.24885807037,71.331055,36.868687,89.23427,79.89444,79.27095,64.27732,78.29675,66.6,80.844154,42.603886,1186.545,1.21158,0.9853325,1.1293082,1375.9
Z-All,TPE,7,0,4e-06,0.04,2031,29591.80117402077,69.453926,36.363636,82.94162,78.42063,79.651794,66.96343,66.15181,49.3,69.73684,24.579556,1013.246,0.3273237,-0.12791218,0.16178338,29591.7
Z-All,TPE,8,0,2e-06,0.02,1600,5543.601931190491,70.904434,38.88889,86.656555,79.13762,79.27095,66.7157,73.00613,62.766666,73.7013,35.482777,1059.6884,0.84389,0.59147424,0.75210243,5543.5
Z-All,TPE,9,0,1e-06,0.01,1200,17414.101933097838,71.16041,37.373737,87.41471,79.764984,79.27095,65.4207,78.620224,77.3,86.36364,40.54258,1171.1312,0.81957835,1.706428,1.1420691,17414.0
Z-All,TPE,10,2,4e-06,0.01,200,4169.5466526508335,70.47781,33.838383,85.74678,79.715195,78.34603,68.34778,74.34252,52.2,82.781456,44.243477,1192.2385,0.7447111,0.68534195,0.7231223,369.4
Z-All,TPE,11,0,1e-06,0.01,1200,17414.10191259384,71.16041,37.373737,87.41471,79.764984,79.27095,65.4207,78.620224,77.3,86.36364,40.54258,1171.1312,0.81957835,1.706428,1.1420691,17414.0
Z-All,TPE,12,1,2e-06,0.02,1600,5543.602056360245,70.904434,38.88889,86.656555,79.13762,79.27095,66.7157,73.00613,62.766666,73.7013,35.482777,1059.6884,0.84389,0.59147424,0.75210243,5543.5
Z-All,TPE,13,0,2e-06,0.02,1600,5543.601971006394,70.904434,38.88889,86.656555,79.13762,79.27095,66.7157,73.00613,62.766666,73.7013,35.482777,1059.6884,0.84389,0.59147424,0.75210243,5543.5
Z-All,TPE,14,1,4e-06,0.01,200,369.50172624588015,70.47781,33.838383,85.74678,79.715195,78.34603,68.34778,74.34252,52.2,82.781456,44.243477,1192.2385,0.7447111,0.68534195,0.7231223,369.4
Z-All,TPE,15,2,1e-06,0.04,1200,24439.18389115333,70.05119,36.868687,75.89082,78.44055,79.16213,64.93823,78.13563,64.666664,79.80132,29.329292,1112.8108,0.036382824,0.580711,0.23432034,17414.0
Z-All,TPE,16,0,2e-06,0.01,400,1376.0019830226895,71.331055,36.868687,89.23427,79.89444,79.27095,64.27732,78.29675,66.6,80.844154,42.603886,1186.545,1.21158,0.9853325,1.1293082,1375.9
Z-All,TPE,17,0,4e-06,0.04,2031,29591.801150655745,69.453926,36.363636,82.94162,78.42063,79.651794,66.96343,66.15181,49.3,69.73684,24.579556,1013.246,0.3273237,-0.12791218,0.16178338,29591.7
Z-All,TPE,18,1,4e-06,0.02,200,2913.802162265778,69.88055,35.353535,81.12206,78.94842,78.618065,64.89841,71.93702,49.966667,81.6129,37.829903,1116.9609,0.51933646,-0.10825351,0.2911219,2913.7
Z-All,TPE,19,1,4e-06,0.04,2031,29591.801460599894,69.453926,36.363636,82.94162,78.42063,79.651794,66.96343,66.15181,49.3,69.73684,24.579556,1013.246,0.3273237,-0.12791218,0.16178338,29591.7
Z-All,TPE,20,0,4e-06,0.02,200,2913.8024123668674,69.88055,35.353535,81.12206,78.94842,78.618065,64.89841,71.93702,49.966667,81.6129,37.829903,1116.9609,0.51933646,-0.10825351,0.2911219,2913.7
Z-All,TPE,21,1,4e-06,0.01,200,369.5020981788636,70.47781,33.838383,85.74678,79.715195,78.34603,68.34778,74.34252,52.2,82.781456,44.243477,1192.2385,0.7447111,0.68534195,0.7231223,369.4
Z-All,TPE,22,1,2e-06,0.01,400,1376.0024715423583,71.331055,36.868687,89.23427,79.89444,79.27095,64.27732,78.29675,66.6,80.844154,42.603886,1186.545,1.21158,0.9853325,1.1293082,1375.9
Z-All,TPE,23,0,2e-06,0.01,400,1376.002405977249,71.331055,36.868687,89.23427,79.89444,79.27095,64.27732,78.29675,66.6,80.844154,42.603886,1186.545,1.21158,0.9853325,1.1293082,1375.9
Z-All,TPE,24,2,2e-06,0.04,1600,12529.983856773377,70.30717,38.38384,82.031845,78.291176,79.325356,65.48581,73.624374,60.566666,73.35526,23.906565,1064.3693,0.41627815,0.16719285,0.32570168,5504.8
